account_id,customer_id,product_code,opened_at,credit_limit,annual_fee,annual_fee_posting_month,statement_closing_day,status,purchase_apr,rewards_balance,rewards_unit,available_at
ACC-00001,CUS-00001,EVERYDAY_CASH,2012-11-26,2300,0.00,,3,open,24.49,279,cash_back,2012-11-26T15:00:00Z
ACC-00002,CUS-00002,EVERYDAY_CASH,2026-08-29,11500,0.00,,12,open,24.49,168,cash_back,2026-08-29T14:00:00Z
ACC-00003,CUS-00003,VOYAGER,2005-05-16,7200,95.00,5,25,open,24.49,11027,miles,2005-05-16T14:00:00Z
ACC-00004,CUS-00004,FOUNDATION,2023-11-12,1200,0.00,,25,open,28.49,436,cash_back,2023-11-12T15:00:00Z
ACC-00005,CUS-00005,EVERYDAY_CASH,2017-02-06,7000,0.00,,8,open,24.49,160,cash_back,2017-02-06T15:00:00Z
ACC-00006,CUS-00006,VOYAGER,2023-11-13,8400,95.00,11,17,open,24.49,46431,miles,2023-11-13T15:00:00Z
ACC-00007,CUS-00007,SUMMIT,2010-07-18,22500,450.00,7,20,open,25.99,81655,miles,2010-07-18T14:00:00Z
ACC-00008,CUS-00008,EVERYDAY_CASH,2026-09-01,3200,0.00,,20,open,24.49,64,cash_back,2026-09-01T14:00:00Z
ACC-00009,CUS-00009,VOYAGER,2019-11-25,14700,95.00,11,12,open,24.49,36940,miles,2019-11-25T15:00:00Z
ACC-00010,CUS-00010,FOUNDATION,2015-11-10,1300,0.00,,17,open,28.49,554,cash_back,2015-11-10T15:00:00Z
ACC-00011,CUS-00011,FOUNDATION,2000-10-29,400,0.00,,8,open,28.49,296,cash_back,2000-10-29T15:00:00Z
ACC-00012,CUS-00012,VOYAGER,1999-02-06,13700,95.00,2,8,open,24.49,81815,miles,1999-02-06T15:00:00Z
ACC-00013,CUS-00013,EVERYDAY_CASH,2000-11-09,7100,0.00,,3,open,24.49,137,cash_back,2000-11-09T15:00:00Z
ACC-00014,CUS-00014,VOYAGER,2013-02-19,13900,95.00,2,3,open,24.49,3438,miles,2013-02-19T15:00:00Z
ACC-00015,CUS-00015,EVERYDAY_CASH,2007-12-25,1700,0.00,,20,open,24.49,87,cash_back,2007-12-25T15:00:00Z
ACC-00016,CUS-00016,EVERYDAY_CASH,2009-10-12,9300,0.00,,25,open,24.49,416,cash_back,2009-10-12T14:00:00Z
ACC-00017,CUS-00017,VOYAGER,2021-03-06,11600,95.00,3,8,open,24.49,15186,miles,2021-03-06T15:00:00Z
ACC-00018,CUS-00018,VOYAGER,2026-08-17,7300,95.00,8,3,open,24.49,24063,miles,2026-08-17T14:00:00Z
ACC-00019,CUS-00019,EVERYDAY_CASH,2021-03-20,8500,0.00,,25,open,24.49,183,cash_back,2021-03-20T14:00:00Z
ACC-00020,CUS-00020,VOYAGER,2022-12-09,19100,95.00,12,8,open,24.49,67647,miles,2022-12-09T15:00:00Z
ACC-00021,CUS-00021,VOYAGER,2011-08-01,19800,95.00,8,20,open,24.49,29441,miles,2011-08-01T14:00:00Z
ACC-00022,CUS-00022,EVERYDAY_CASH,2018-07-08,3800,0.00,,25,open,24.49,307,cash_back,2018-07-08T14:00:00Z
ACC-00023,CUS-00023,EVERYDAY_CASH,2026-01-29,2600,0.00,,17,open,24.49,578,cash_back,2026-01-29T15:00:00Z
ACC-00024,CUS-00024,EVERYDAY_CASH,2010-02-02,9500,0.00,,12,open,24.49,384,cash_back,2010-02-02T15:00:00Z
ACC-00025,CUS-00025,EVERYDAY_CASH,2026-08-12,6500,0.00,,25,open,24.49,49,cash_back,2026-08-12T14:00:00Z
ACC-00026,CUS-00026,EVERYDAY_CASH,2010-11-14,5800,0.00,,17,open,24.49,377,cash_back,2010-11-14T15:00:00Z
ACC-00027,CUS-00027,VOYAGER,2006-08-01,4800,95.00,8,8,open,24.49,51714,miles,2006-08-01T14:00:00Z
ACC-00028,CUS-00028,SUMMIT,2004-01-28,29200,450.00,1,12,open,25.99,22625,miles,2004-01-28T15:00:00Z
ACC-00029,CUS-00029,EVERYDAY_CASH,2017-05-04,9200,0.00,,8,open,24.49,442,cash_back,2017-05-04T14:00:00Z
ACC-00030,CUS-00030,EVERYDAY_CASH,2001-01-31,5600,0.00,,3,open,24.49,97,cash_back,2001-01-31T15:00:00Z
ACC-00031,CUS-00031,EVERYDAY_CASH,2025-12-24,11600,0.00,,12,open,24.49,146,cash_back,2025-12-24T15:00:00Z
ACC-00032,CUS-00032,EVERYDAY_CASH,2022-08-31,11200,0.00,,20,open,24.49,445,cash_back,2022-08-31T14:00:00Z
ACC-00033,CUS-00033,VOYAGER,2025-12-07,18200,95.00,12,12,open,24.49,41971,miles,2025-12-07T15:00:00Z
ACC-00034,CUS-00034,EVERYDAY_CASH,2008-03-16,10600,0.00,,8,open,24.49,479,cash_back,2008-03-16T14:00:00Z
ACC-00035,CUS-00035,EVERYDAY_CASH,2023-05-15,1700,0.00,,20,open,24.49,4,cash_back,2023-05-15T14:00:00Z
ACC-00036,CUS-00036,EVERYDAY_CASH,2026-08-23,2800,0.00,,25,open,24.49,4,cash_back,2026-08-23T14:00:00Z
ACC-00037,CUS-00037,EVERYDAY_CASH,2018-03-03,10400,0.00,,12,open,24.49,581,cash_back,2018-03-03T15:00:00Z
ACC-00038,CUS-00038,VOYAGER,2018-04-29,7900,95.00,4,3,open,24.49,76325,miles,2018-04-29T14:00:00Z
ACC-00039,CUS-00039,FOUNDATION,2014-09-10,500,0.00,,12,open,28.49,217,cash_back,2014-09-10T14:00:00Z
ACC-00040,CUS-00040,VOYAGER,2026-06-06,5700,95.00,6,20,open,24.49,71445,miles,2026-06-06T14:00:00Z
ACC-00041,CUS-00041,FOUNDATION,2019-11-08,400,0.00,,12,open,28.49,390,cash_back,2019-11-08T15:00:00Z
ACC-00042,CUS-00042,FOUNDATION,2020-07-08,400,0.00,,12,open,28.49,462,cash_back,2020-07-08T14:00:00Z
ACC-00043,CUS-00043,VOYAGER,2005-04-01,14300,95.00,4,3,open,24.49,77106,miles,2005-04-01T15:00:00Z
ACC-00044,CUS-00044,VOYAGER,2018-10-05,6800,95.00,10,12,open,24.49,13979,miles,2018-10-05T14:00:00Z
ACC-00045,CUS-00045,EVERYDAY_CASH,2011-07-09,6100,0.00,,8,open,24.49,543,cash_back,2011-07-09T14:00:00Z
ACC-00046,CUS-00046,EVERYDAY_CASH,2011-06-03,4700,0.00,,20,open,24.49,163,cash_back,2011-06-03T14:00:00Z
ACC-00047,CUS-00047,VOYAGER,2003-04-01,9100,95.00,4,8,open,24.49,75000,miles,2003-04-01T15:00:00Z
ACC-00048,CUS-00048,VOYAGER,1999-10-22,9400,95.00,10,12,open,24.49,18393,miles,1999-10-22T14:00:00Z
ACC-00049,CUS-00049,VOYAGER,2017-08-22,16400,95.00,8,3,open,24.49,36065,miles,2017-08-22T14:00:00Z
ACC-00050,CUS-00050,EVERYDAY_CASH,2026-03-13,10000,0.00,,3,open,24.49,214,cash_back,2026-03-13T14:00:00Z
ACC-00051,CUS-00051,EVERYDAY_CASH,2011-04-09,3700,0.00,,12,open,24.49,334,cash_back,2011-04-09T14:00:00Z
ACC-00052,CUS-00052,EVERYDAY_CASH,2000-06-20,5200,0.00,,17,open,24.49,237,cash_back,2000-06-20T14:00:00Z
ACC-00053,CUS-00053,VOYAGER,2005-03-17,11400,95.00,3,12,open,24.49,81449,miles,2005-03-17T15:00:00Z
ACC-00054,CUS-00054,FOUNDATION,2015-06-29,900,0.00,,20,open,28.49,365,cash_back,2015-06-29T14:00:00Z
ACC-00055,CUS-00055,EVERYDAY_CASH,2004-03-09,5000,0.00,,25,open,24.49,529,cash_back,2004-03-09T15:00:00Z
ACC-00056,CUS-00056,FOUNDATION,2020-04-04,1300,0.00,,17,open,28.49,426,cash_back,2020-04-04T14:00:00Z
ACC-00057,CUS-00057,FOUNDATION,2019-12-11,1200,0.00,,12,open,28.49,387,cash_back,2019-12-11T15:00:00Z
ACC-00058,CUS-00058,EVERYDAY_CASH,2003-01-15,3300,0.00,,17,open,24.49,264,cash_back,2003-01-15T15:00:00Z
ACC-00059,CUS-00059,VOYAGER,2010-03-03,18000,95.00,3,17,open,24.49,376,miles,2010-03-03T15:00:00Z
ACC-00060,CUS-00060,EVERYDAY_CASH,2012-05-12,10900,0.00,,25,open,24.49,127,cash_back,2012-05-12T14:00:00Z
ACC-00061,CUS-00061,FOUNDATION,2024-09-28,500,0.00,,25,open,28.49,223,cash_back,2024-09-28T14:00:00Z
ACC-00062,CUS-00062,VOYAGER,2000-11-04,16700,95.00,11,17,open,24.49,42236,miles,2000-11-04T15:00:00Z
ACC-00063,CUS-00063,EVERYDAY_CASH,2017-06-17,3200,0.00,,25,open,24.49,363,cash_back,2017-06-17T14:00:00Z
ACC-00064,CUS-00064,VOYAGER,2011-01-09,4300,95.00,1,8,open,24.49,32548,miles,2011-01-09T15:00:00Z
ACC-00065,CUS-00065,SUMMIT,2014-01-04,12300,450.00,1,3,open,25.99,85332,miles,2014-01-04T15:00:00Z
ACC-00066,CUS-00066,SUMMIT,2013-10-18,32900,450.00,10,12,open,25.99,28977,miles,2013-10-18T14:00:00Z
ACC-00067,CUS-00067,FOUNDATION,2008-05-06,400,0.00,,20,open,28.49,183,cash_back,2008-05-06T14:00:00Z
ACC-00068,CUS-00068,SUMMIT,2019-08-06,14500,450.00,8,8,open,25.99,54906,miles,2019-08-06T14:00:00Z
ACC-00069,CUS-00069,VOYAGER,2000-08-01,16000,95.00,8,25,open,24.49,32625,miles,2000-08-01T14:00:00Z
ACC-00070,CUS-00070,FOUNDATION,2019-05-01,300,0.00,,12,open,28.49,382,cash_back,2019-05-01T14:00:00Z
ACC-00071,CUS-00071,VOYAGER,2018-12-27,10400,95.00,12,12,open,24.49,74283,miles,2018-12-27T15:00:00Z
ACC-00072,CUS-00072,FOUNDATION,2005-01-29,700,0.00,,25,open,28.49,189,cash_back,2005-01-29T15:00:00Z
ACC-00073,CUS-00073,VOYAGER,2007-06-08,5100,95.00,6,20,open,24.49,39255,miles,2007-06-08T14:00:00Z
ACC-00074,CUS-00074,SUMMIT,2003-02-02,29400,450.00,2,20,open,25.99,65327,miles,2003-02-02T15:00:00Z
ACC-00075,CUS-00075,SUMMIT,2004-05-31,31300,450.00,5,25,open,25.99,57849,miles,2004-05-31T14:00:00Z
ACC-00076,CUS-00076,VOYAGER,2013-03-24,15400,95.00,3,17,open,24.49,32548,miles,2013-03-24T14:00:00Z
ACC-00077,CUS-00077,VOYAGER,2007-09-10,8100,95.00,9,17,open,24.49,52827,miles,2007-09-10T14:00:00Z
ACC-00078,CUS-00078,FOUNDATION,2025-12-19,400,0.00,,25,open,28.49,532,cash_back,2025-12-19T15:00:00Z
ACC-00079,CUS-00079,EVERYDAY_CASH,2026-04-18,1800,0.00,,8,open,24.49,595,cash_back,2026-04-18T14:00:00Z
ACC-00080,CUS-00080,VOYAGER,2013-10-23,7100,95.00,10,20,open,24.49,26680,miles,2013-10-23T14:00:00Z
ACC-00081,CUS-00081,EVERYDAY_CASH,2013-02-23,3800,0.00,,12,open,24.49,250,cash_back,2013-02-23T15:00:00Z
ACC-00082,CUS-00082,EVERYDAY_CASH,2000-01-18,11500,0.00,,20,open,24.49,550,cash_back,2000-01-18T15:00:00Z
ACC-00083,CUS-00083,EVERYDAY_CASH,2004-12-24,11100,0.00,,3,open,24.49,428,cash_back,2004-12-24T15:00:00Z
ACC-00084,CUS-00084,FOUNDATION,2008-07-03,500,0.00,,8,open,28.49,428,cash_back,2008-07-03T14:00:00Z
ACC-00085,CUS-00085,VOYAGER,2011-09-14,17600,95.00,9,20,open,24.49,6031,miles,2011-09-14T14:00:00Z
ACC-00086,CUS-00086,EVERYDAY_CASH,2006-07-09,4000,0.00,,3,open,24.49,197,cash_back,2006-07-09T14:00:00Z
ACC-00087,CUS-00087,VOYAGER,2009-03-19,11500,95.00,3,17,open,24.49,75198,miles,2009-03-19T14:00:00Z
ACC-00088,CUS-00088,VOYAGER,2013-10-06,14300,95.00,10,17,open,24.49,6538,miles,2013-10-06T14:00:00Z
ACC-00089,CUS-00089,FOUNDATION,2021-01-07,300,0.00,,17,open,28.49,296,cash_back,2021-01-07T15:00:00Z
ACC-00090,CUS-00090,EVERYDAY_CASH,2022-11-16,7400,0.00,,12,open,24.49,162,cash_back,2022-11-16T15:00:00Z
ACC-00091,CUS-00091,VOYAGER,1999-09-18,9900,95.00,9,20,open,24.49,30383,miles,1999-09-18T14:00:00Z
ACC-00092,CUS-00092,VOYAGER,2018-05-30,6000,95.00,5,17,open,24.49,40586,miles,2018-05-30T14:00:00Z
ACC-00093,CUS-00093,VOYAGER,2013-11-04,11700,95.00,11,3,open,24.49,18842,miles,2013-11-04T15:00:00Z
ACC-00094,CUS-00094,VOYAGER,2018-05-29,6300,95.00,5,12,open,24.49,81032,miles,2018-05-29T14:00:00Z
ACC-00095,CUS-00095,SUMMIT,2019-09-05,14700,450.00,9,25,open,25.99,79959,miles,2019-09-05T14:00:00Z
ACC-00096,CUS-00096,VOYAGER,2020-10-07,11900,95.00,10,3,open,24.49,63994,miles,2020-10-07T14:00:00Z
ACC-00097,CUS-00097,EVERYDAY_CASH,2013-01-28,4200,0.00,,20,open,24.49,376,cash_back,2013-01-28T15:00:00Z
ACC-00098,CUS-00098,EVERYDAY_CASH,2021-05-02,7400,0.00,,17,open,24.49,320,cash_back,2021-05-02T14:00:00Z
ACC-00099,CUS-00099,FOUNDATION,2007-11-21,1400,0.00,,17,open,28.49,347,cash_back,2007-11-21T15:00:00Z
ACC-00100,CUS-00100,FOUNDATION,2018-07-30,900,0.00,,20,open,28.49,224,cash_back,2018-07-30T14:00:00Z
ACC-00101,CUS-00101,FOUNDATION,2015-02-03,1000,0.00,,12,open,28.49,44,cash_back,2015-02-03T15:00:00Z
ACC-00102,CUS-00102,VOYAGER,2000-04-30,11500,95.00,4,20,open,24.49,950,miles,2000-04-30T14:00:00Z
ACC-00103,CUS-00103,EVERYDAY_CASH,2014-12-09,3000,0.00,,17,open,24.49,239,cash_back,2014-12-09T15:00:00Z
ACC-00104,CUS-00104,VOYAGER,2012-05-28,12100,95.00,5,20,open,24.49,54756,miles,2012-05-28T14:00:00Z
ACC-00105,CUS-00105,VOYAGER,2006-03-15,5300,95.00,3,8,open,24.49,81156,miles,2006-03-15T15:00:00Z
ACC-00106,CUS-00106,VOYAGER,2001-10-30,5400,95.00,10,20,open,24.49,27522,miles,2001-10-30T15:00:00Z
ACC-00107,CUS-00107,SUMMIT,2000-03-16,10900,450.00,3,25,open,25.99,28879,miles,2000-03-16T15:00:00Z
ACC-00108,CUS-00108,EVERYDAY_CASH,2015-05-13,4000,0.00,,17,open,24.49,547,cash_back,2015-05-13T14:00:00Z
ACC-00109,CUS-00109,EVERYDAY_CASH,2002-01-19,7000,0.00,,25,open,24.49,542,cash_back,2002-01-19T15:00:00Z
ACC-00110,CUS-00110,VOYAGER,2015-07-22,4500,95.00,7,12,open,24.49,10336,miles,2015-07-22T14:00:00Z
ACC-00111,CUS-00111,EVERYDAY_CASH,2023-10-11,7200,0.00,,25,open,24.49,21,cash_back,2023-10-11T14:00:00Z
ACC-00112,CUS-00112,EVERYDAY_CASH,2016-09-03,8900,0.00,,20,open,24.49,165,cash_back,2016-09-03T14:00:00Z
ACC-00113,CUS-00113,EVERYDAY_CASH,2003-07-22,2500,0.00,,17,open,24.49,272,cash_back,2003-07-22T14:00:00Z
ACC-00114,CUS-00114,EVERYDAY_CASH,2026-02-21,4500,0.00,,20,open,24.49,600,cash_back,2026-02-21T15:00:00Z
ACC-00115,CUS-00115,FOUNDATION,2020-05-03,400,0.00,,25,open,28.49,526,cash_back,2020-05-03T14:00:00Z
ACC-00116,CUS-00116,EVERYDAY_CASH,2011-07-21,6400,0.00,,8,open,24.49,289,cash_back,2011-07-21T14:00:00Z
ACC-00117,CUS-00117,FOUNDATION,2005-11-21,900,0.00,,20,open,28.49,299,cash_back,2005-11-21T15:00:00Z
ACC-00118,CUS-00118,FOUNDATION,2023-04-22,1200,0.00,,17,open,28.49,266,cash_back,2023-04-22T14:00:00Z
ACC-00119,CUS-00119,FOUNDATION,2001-05-10,1100,0.00,,25,open,28.49,462,cash_back,2001-05-10T14:00:00Z
ACC-00120,CUS-00120,EVERYDAY_CASH,2020-12-05,11400,0.00,,17,open,24.49,52,cash_back,2020-12-05T15:00:00Z
ACC-00121,CUS-00121,VOYAGER,2022-12-13,14600,95.00,12,17,open,24.49,3112,miles,2022-12-13T15:00:00Z
ACC-00122,CUS-00122,EVERYDAY_CASH,2008-01-26,5600,0.00,,12,open,24.49,99,cash_back,2008-01-26T15:00:00Z
ACC-00123,CUS-00123,EVERYDAY_CASH,2017-09-22,10600,0.00,,17,open,24.49,243,cash_back,2017-09-22T14:00:00Z
ACC-00124,CUS-00124,EVERYDAY_CASH,2023-03-20,9900,0.00,,17,open,24.49,186,cash_back,2023-03-20T14:00:00Z
ACC-00125,CUS-00125,EVERYDAY_CASH,2009-11-26,9500,0.00,,20,open,24.49,507,cash_back,2009-11-26T15:00:00Z
ACC-00126,CUS-00126,FOUNDATION,2005-02-21,1300,0.00,,3,open,28.49,505,cash_back,2005-02-21T15:00:00Z
ACC-00127,CUS-00127,EVERYDAY_CASH,2016-03-20,5600,0.00,,20,open,24.49,251,cash_back,2016-03-20T14:00:00Z
ACC-00128,CUS-00128,VOYAGER,2020-07-07,12700,95.00,7,8,open,24.49,14427,miles,2020-07-07T14:00:00Z
ACC-00129,CUS-00129,EVERYDAY_CASH,2016-06-05,6900,0.00,,3,open,24.49,205,cash_back,2016-06-05T14:00:00Z
ACC-00130,CUS-00130,EVERYDAY_CASH,2015-01-10,8200,0.00,,12,open,24.49,219,cash_back,2015-01-10T15:00:00Z
ACC-00131,CUS-00131,FOUNDATION,2017-03-02,900,0.00,,20,open,28.49,250,cash_back,2017-03-02T15:00:00Z
ACC-00132,CUS-00132,EVERYDAY_CASH,2026-01-13,10200,0.00,,17,open,24.49,594,cash_back,2026-01-13T15:00:00Z
ACC-00133,CUS-00133,SUMMIT,2002-02-27,33600,450.00,2,3,open,25.99,54294,miles,2002-02-27T15:00:00Z
ACC-00134,CUS-00134,EVERYDAY_CASH,2007-07-14,5500,0.00,,3,open,24.49,250,cash_back,2007-07-14T14:00:00Z
ACC-00135,CUS-00135,EVERYDAY_CASH,2022-06-25,8300,0.00,,12,open,24.49,535,cash_back,2022-06-25T14:00:00Z
ACC-00136,CUS-00136,FOUNDATION,2008-06-16,400,0.00,,8,open,28.49,463,cash_back,2008-06-16T14:00:00Z
ACC-00137,CUS-00137,EVERYDAY_CASH,2024-01-02,8300,0.00,,12,open,24.49,262,cash_back,2024-01-02T15:00:00Z
ACC-00138,CUS-00138,EVERYDAY_CASH,2024-06-20,7500,0.00,,25,open,24.49,571,cash_back,2024-06-20T14:00:00Z
ACC-00139,CUS-00139,VOYAGER,2003-09-16,5900,95.00,9,8,open,24.49,49683,miles,2003-09-16T14:00:00Z
ACC-00140,CUS-00140,EVERYDAY_CASH,2009-09-09,10500,0.00,,17,open,24.49,264,cash_back,2009-09-09T14:00:00Z
ACC-00141,CUS-00141,VOYAGER,2002-05-17,16400,95.00,5,17,open,24.49,40790,miles,2002-05-17T14:00:00Z
ACC-00142,CUS-00142,VOYAGER,2008-12-22,14700,95.00,12,25,open,24.49,28567,miles,2008-12-22T15:00:00Z
ACC-00143,CUS-00143,EVERYDAY_CASH,2014-03-02,5600,0.00,,8,open,24.49,275,cash_back,2014-03-02T15:00:00Z
ACC-00144,CUS-00144,VOYAGER,2019-03-25,17700,95.00,3,17,open,24.49,1730,miles,2019-03-25T14:00:00Z
ACC-00145,CUS-00145,SUMMIT,2016-11-15,28100,450.00,11,12,open,25.99,10398,miles,2016-11-15T15:00:00Z
ACC-00146,CUS-00146,EVERYDAY_CASH,2022-04-09,6500,0.00,,8,open,24.49,421,cash_back,2022-04-09T14:00:00Z
ACC-00147,CUS-00147,SUMMIT,2013-04-17,30200,450.00,4,20,open,25.99,14199,miles,2013-04-17T14:00:00Z
ACC-00148,CUS-00148,VOYAGER,2021-06-02,6100,95.00,6,25,open,24.49,30133,miles,2021-06-02T14:00:00Z
ACC-00149,CUS-00149,FOUNDATION,2018-11-29,1200,0.00,,25,open,28.49,558,cash_back,2018-11-29T15:00:00Z
ACC-00150,CUS-00150,EVERYDAY_CASH,2021-12-07,10100,0.00,,12,open,24.49,287,cash_back,2021-12-07T15:00:00Z
ACC-00151,CUS-00151,FOUNDATION,2009-01-27,600,0.00,,25,open,28.49,136,cash_back,2009-01-27T15:00:00Z
ACC-00152,CUS-00152,SUMMIT,2002-09-14,30600,450.00,9,3,open,25.99,82484,miles,2002-09-14T14:00:00Z
ACC-00153,CUS-00153,EVERYDAY_CASH,2023-03-27,7900,0.00,,3,open,24.49,390,cash_back,2023-03-27T14:00:00Z
ACC-00154,CUS-00154,FOUNDATION,2026-01-29,400,0.00,,12,open,28.49,544,cash_back,2026-01-29T15:00:00Z
ACC-00155,CUS-00155,FOUNDATION,2007-12-23,300,0.00,,3,open,28.49,254,cash_back,2007-12-23T15:00:00Z
ACC-00156,CUS-00156,EVERYDAY_CASH,2013-04-04,4600,0.00,,8,open,24.49,259,cash_back,2013-04-04T14:00:00Z
ACC-00157,CUS-00157,FOUNDATION,2018-12-22,500,0.00,,25,open,28.49,572,cash_back,2018-12-22T15:00:00Z
ACC-00158,CUS-00158,EVERYDAY_CASH,2016-01-22,9700,0.00,,12,open,24.49,594,cash_back,2016-01-22T15:00:00Z
ACC-00159,CUS-00159,EVERYDAY_CASH,2006-08-12,9400,0.00,,20,open,24.49,478,cash_back,2006-08-12T14:00:00Z
ACC-00160,CUS-00160,EVERYDAY_CASH,2009-04-24,6100,0.00,,8,open,24.49,70,cash_back,2009-04-24T14:00:00Z
ACC-00161,CUS-00161,EVERYDAY_CASH,2021-11-08,10100,0.00,,8,open,24.49,117,cash_back,2021-11-08T15:00:00Z
ACC-00162,CUS-00162,FOUNDATION,2023-11-06,1200,0.00,,8,open,28.49,393,cash_back,2023-11-06T15:00:00Z
ACC-00163,CUS-00163,EVERYDAY_CASH,2004-10-01,7300,0.00,,17,open,24.49,424,cash_back,2004-10-01T14:00:00Z
ACC-00164,CUS-00164,FOUNDATION,2006-03-06,700,0.00,,17,open,28.49,525,cash_back,2006-03-06T15:00:00Z
ACC-00165,CUS-00165,EVERYDAY_CASH,2005-01-04,5900,0.00,,17,open,24.49,49,cash_back,2005-01-04T15:00:00Z
ACC-00166,CUS-00166,SUMMIT,2026-02-02,32500,450.00,2,25,open,25.99,15005,miles,2026-02-02T15:00:00Z
ACC-00167,CUS-00167,FOUNDATION,2024-04-28,800,0.00,,3,open,28.49,125,cash_back,2024-04-28T14:00:00Z
ACC-00168,CUS-00168,VOYAGER,2011-04-01,17300,95.00,4,25,open,24.49,54072,miles,2011-04-01T14:00:00Z
ACC-00169,CUS-00169,FOUNDATION,2017-12-21,400,0.00,,12,open,28.49,17,cash_back,2017-12-21T15:00:00Z
ACC-00170,CUS-00170,EVERYDAY_CASH,2005-08-25,4200,0.00,,8,open,24.49,289,cash_back,2005-08-25T14:00:00Z
ACC-00171,CUS-00171,VOYAGER,2025-12-03,16400,95.00,12,3,open,24.49,78871,miles,2025-12-03T15:00:00Z
ACC-00172,CUS-00172,VOYAGER,2007-04-29,19300,95.00,4,12,open,24.49,853,miles,2007-04-29T14:00:00Z
ACC-00173,CUS-00173,EVERYDAY_CASH,2020-01-28,2500,0.00,,8,open,24.49,473,cash_back,2020-01-28T15:00:00Z
ACC-00174,CUS-00174,EVERYDAY_CASH,2019-07-17,8400,0.00,,25,open,24.49,221,cash_back,2019-07-17T14:00:00Z
ACC-00175,CUS-00175,EVERYDAY_CASH,2021-06-05,4100,0.00,,25,open,24.49,422,cash_back,2021-06-05T14:00:00Z
ACC-00176,CUS-00176,VOYAGER,2012-05-10,9900,95.00,5,20,open,24.49,3802,miles,2012-05-10T14:00:00Z
ACC-00177,CUS-00177,EVERYDAY_CASH,2026-05-18,4100,0.00,,25,open,24.49,557,cash_back,2026-05-18T14:00:00Z
ACC-00178,CUS-00178,EVERYDAY_CASH,2000-06-21,6800,0.00,,8,open,24.49,395,cash_back,2000-06-21T14:00:00Z
ACC-00179,CUS-00179,EVERYDAY_CASH,2011-01-29,5700,0.00,,17,open,24.49,577,cash_back,2011-01-29T15:00:00Z
ACC-00180,CUS-00180,VOYAGER,2001-03-04,7100,95.00,3,12,open,24.49,73781,miles,2001-03-04T15:00:00Z
ACC-00181,CUS-00181,VOYAGER,2026-07-11,10200,95.00,7,12,open,24.49,35263,miles,2026-07-11T14:00:00Z
ACC-00182,CUS-00182,EVERYDAY_CASH,2001-12-23,3100,0.00,,20,open,24.49,596,cash_back,2001-12-23T15:00:00Z
ACC-00183,CUS-00183,VOYAGER,2026-02-14,19300,95.00,2,12,open,24.49,11489,miles,2026-02-14T15:00:00Z
ACC-00184,CUS-00184,EVERYDAY_CASH,2003-12-26,11000,0.00,,12,open,24.49,204,cash_back,2003-12-26T15:00:00Z
ACC-00185,CUS-00185,EVERYDAY_CASH,2026-05-04,2400,0.00,,3,open,24.49,517,cash_back,2026-05-04T14:00:00Z
ACC-00186,CUS-00186,VOYAGER,2006-11-26,8700,95.00,11,8,open,24.49,51179,miles,2006-11-26T15:00:00Z
ACC-00187,CUS-00187,VOYAGER,2026-06-11,15000,95.00,6,3,open,24.49,13595,miles,2026-06-11T14:00:00Z
ACC-00188,CUS-00188,EVERYDAY_CASH,2008-06-02,11300,0.00,,8,open,24.49,4,cash_back,2008-06-02T14:00:00Z
ACC-00189,CUS-00189,SUMMIT,2026-04-24,10000,450.00,4,3,open,25.99,83796,miles,2026-04-24T14:00:00Z
ACC-00190,CUS-00190,EVERYDAY_CASH,2000-06-22,9000,0.00,,17,open,24.49,298,cash_back,2000-06-22T14:00:00Z
ACC-00191,CUS-00191,EVERYDAY_CASH,2011-07-12,7400,0.00,,8,open,24.49,323,cash_back,2011-07-12T14:00:00Z
ACC-00192,CUS-00192,VOYAGER,2003-05-13,10100,95.00,5,20,open,24.49,79761,miles,2003-05-13T14:00:00Z
ACC-00193,CUS-00193,VOYAGER,2011-07-27,10100,95.00,7,25,open,24.49,42435,miles,2011-07-27T14:00:00Z
ACC-00194,CUS-00194,FOUNDATION,2014-05-20,300,0.00,,8,open,28.49,452,cash_back,2014-05-20T14:00:00Z
ACC-00195,CUS-00195,EVERYDAY_CASH,2026-01-29,4500,0.00,,3,open,24.49,46,cash_back,2026-01-29T15:00:00Z
ACC-00196,CUS-00196,VOYAGER,2004-02-04,12800,95.00,2,8,open,24.49,23223,miles,2004-02-04T15:00:00Z
ACC-00197,CUS-00197,FOUNDATION,2009-12-06,1300,0.00,,25,open,28.49,245,cash_back,2009-12-06T15:00:00Z
ACC-00198,CUS-00198,SUMMIT,2026-03-21,15200,450.00,3,25,open,25.99,10562,miles,2026-03-21T14:00:00Z
ACC-00199,CUS-00199,VOYAGER,2026-02-04,18900,95.00,2,3,open,24.49,419,miles,2026-02-04T15:00:00Z
ACC-00200,CUS-00200,VOYAGER,2026-06-20,18100,95.00,6,3,open,24.49,55619,miles,2026-06-20T14:00:00Z
ACC-00201,CUS-00201,EVERYDAY_CASH,2007-08-02,3800,0.00,,8,open,24.49,328,cash_back,2007-08-02T14:00:00Z
ACC-00202,CUS-00202,EVERYDAY_CASH,2003-08-21,2600,0.00,,12,open,24.49,313,cash_back,2003-08-21T14:00:00Z
ACC-00203,CUS-00203,EVERYDAY_CASH,2008-07-18,4800,0.00,,12,open,24.49,314,cash_back,2008-07-18T14:00:00Z
ACC-00204,CUS-00204,VOYAGER,2004-12-04,15900,95.00,12,8,open,24.49,26367,miles,2004-12-04T15:00:00Z
ACC-00205,CUS-00205,SUMMIT,2001-05-25,11300,450.00,5,3,open,25.99,14264,miles,2001-05-25T14:00:00Z
ACC-00206,CUS-00206,FOUNDATION,2013-08-17,1100,0.00,,20,open,28.49,345,cash_back,2013-08-17T14:00:00Z
ACC-00207,CUS-00207,FOUNDATION,2004-01-10,1400,0.00,,3,open,28.49,549,cash_back,2004-01-10T15:00:00Z
ACC-00208,CUS-00208,EVERYDAY_CASH,2000-02-28,10300,0.00,,3,open,24.49,84,cash_back,2000-02-28T15:00:00Z
ACC-00209,CUS-00209,VOYAGER,2002-06-16,4200,95.00,6,8,open,24.49,53642,miles,2002-06-16T14:00:00Z
ACC-00210,CUS-00210,EVERYDAY_CASH,2015-12-08,1900,0.00,,8,open,24.49,398,cash_back,2015-12-08T15:00:00Z
ACC-00211,CUS-00211,EVERYDAY_CASH,2015-03-16,6400,0.00,,8,open,24.49,380,cash_back,2015-03-16T14:00:00Z
ACC-00212,CUS-00212,VOYAGER,2013-10-14,15800,95.00,10,20,open,24.49,8157,miles,2013-10-14T14:00:00Z
ACC-00213,CUS-00213,FOUNDATION,2025-12-02,400,0.00,,20,open,28.49,379,cash_back,2025-12-02T15:00:00Z
ACC-00214,CUS-00214,VOYAGER,2016-07-14,8000,95.00,7,17,open,24.49,66013,miles,2016-07-14T14:00:00Z
ACC-00215,CUS-00215,SUMMIT,2013-02-17,31000,450.00,2,20,open,25.99,49619,miles,2013-02-17T15:00:00Z
ACC-00216,CUS-00216,VOYAGER,2026-04-28,9000,95.00,4,20,open,24.49,89752,miles,2026-04-28T14:00:00Z
ACC-00217,CUS-00217,VOYAGER,2009-05-08,7500,95.00,5,20,open,24.49,38788,miles,2009-05-08T14:00:00Z
ACC-00218,CUS-00218,FOUNDATION,2003-05-03,900,0.00,,20,open,28.49,506,cash_back,2003-05-03T14:00:00Z
ACC-00219,CUS-00219,EVERYDAY_CASH,2001-12-07,7700,0.00,,12,open,24.49,437,cash_back,2001-12-07T15:00:00Z
ACC-00220,CUS-00220,FOUNDATION,1999-10-21,1000,0.00,,25,open,28.49,120,cash_back,1999-10-21T14:00:00Z
ACC-00221,CUS-00221,EVERYDAY_CASH,2003-02-19,11200,0.00,,12,open,24.49,447,cash_back,2003-02-19T15:00:00Z
ACC-00222,CUS-00222,VOYAGER,2000-12-21,15500,95.00,12,20,open,24.49,86623,miles,2000-12-21T15:00:00Z
ACC-00223,CUS-00223,VOYAGER,2020-12-11,4600,95.00,12,3,open,24.49,5773,miles,2020-12-11T15:00:00Z
ACC-00224,CUS-00224,EVERYDAY_CASH,2023-09-19,1500,0.00,,20,open,24.49,434,cash_back,2023-09-19T14:00:00Z
ACC-00225,CUS-00225,FOUNDATION,2006-11-20,400,0.00,,17,open,28.49,367,cash_back,2006-11-20T15:00:00Z
ACC-00226,CUS-00226,EVERYDAY_CASH,2006-05-08,6400,0.00,,17,open,24.49,600,cash_back,2006-05-08T14:00:00Z
ACC-00227,CUS-00227,VOYAGER,2006-10-29,8200,95.00,10,3,open,24.49,9368,miles,2006-10-29T15:00:00Z
ACC-00228,CUS-00228,EVERYDAY_CASH,2015-11-09,1900,0.00,,25,open,24.49,598,cash_back,2015-11-09T15:00:00Z
ACC-00229,CUS-00229,FOUNDATION,2000-11-08,900,0.00,,8,open,28.49,204,cash_back,2000-11-08T15:00:00Z
ACC-00230,CUS-00230,VOYAGER,2015-10-28,5400,95.00,10,20,open,24.49,2496,miles,2015-10-28T14:00:00Z
ACC-00231,CUS-00231,EVERYDAY_CASH,2018-12-21,8400,0.00,,3,open,24.49,457,cash_back,2018-12-21T15:00:00Z
ACC-00232,CUS-00232,EVERYDAY_CASH,2008-11-22,9300,0.00,,8,open,24.49,187,cash_back,2008-11-22T15:00:00Z
ACC-00233,CUS-00233,EVERYDAY_CASH,2016-11-29,7800,0.00,,12,open,24.49,383,cash_back,2016-11-29T15:00:00Z
ACC-00234,CUS-00234,EVERYDAY_CASH,2010-08-07,6100,0.00,,12,open,24.49,220,cash_back,2010-08-07T14:00:00Z
ACC-00235,CUS-00235,EVERYDAY_CASH,2022-06-07,4700,0.00,,25,open,24.49,173,cash_back,2022-06-07T14:00:00Z
ACC-00236,CUS-00236,SUMMIT,2000-03-08,26200,450.00,3,3,open,25.99,16926,miles,2000-03-08T15:00:00Z
ACC-00237,CUS-00237,FOUNDATION,2008-11-12,500,0.00,,25,open,28.49,512,cash_back,2008-11-12T15:00:00Z
ACC-00238,CUS-00238,VOYAGER,2026-08-23,19700,95.00,8,25,open,24.49,19915,miles,2026-08-23T14:00:00Z
ACC-00239,CUS-00239,VOYAGER,2000-12-19,9800,95.00,12,17,open,24.49,16542,miles,2000-12-19T15:00:00Z
ACC-00240,CUS-00240,VOYAGER,2013-10-11,4600,95.00,10,3,open,24.49,52499,miles,2013-10-11T14:00:00Z
ACC-00241,CUS-00241,FOUNDATION,2026-04-19,400,0.00,,17,open,28.49,286,cash_back,2026-04-19T14:00:00Z
ACC-00242,CUS-00242,FOUNDATION,1999-10-11,800,0.00,,20,open,28.49,143,cash_back,1999-10-11T14:00:00Z
ACC-00243,CUS-00243,FOUNDATION,2024-01-23,400,0.00,,8,open,28.49,243,cash_back,2024-01-23T15:00:00Z
ACC-00244,CUS-00244,VOYAGER,2000-09-24,16500,95.00,9,3,open,24.49,37169,miles,2000-09-24T14:00:00Z
ACC-00245,CUS-00245,VOYAGER,2010-10-08,14000,95.00,10,3,open,24.49,44237,miles,2010-10-08T14:00:00Z
ACC-00246,CUS-00246,EVERYDAY_CASH,2022-02-20,7400,0.00,,3,open,24.49,72,cash_back,2022-02-20T15:00:00Z
ACC-00247,CUS-00247,EVERYDAY_CASH,2016-01-30,2500,0.00,,20,open,24.49,555,cash_back,2016-01-30T15:00:00Z
ACC-00248,CUS-00248,EVERYDAY_CASH,2018-10-02,6500,0.00,,12,open,24.49,65,cash_back,2018-10-02T14:00:00Z
ACC-00249,CUS-00249,SUMMIT,2018-05-18,31100,450.00,5,20,open,25.99,6399,miles,2018-05-18T14:00:00Z
ACC-00250,CUS-00250,VOYAGER,2025-12-23,11600,95.00,12,20,open,24.49,41693,miles,2025-12-23T15:00:00Z
ACC-00251,CUS-00251,VOYAGER,2008-11-20,19700,95.00,11,12,open,24.49,71344,miles,2008-11-20T15:00:00Z
ACC-00252,CUS-00252,VOYAGER,2015-05-23,12800,95.00,5,25,open,24.49,70344,miles,2015-05-23T14:00:00Z
ACC-00253,CUS-00253,EVERYDAY_CASH,2026-07-08,8900,0.00,,3,open,24.49,394,cash_back,2026-07-08T14:00:00Z
ACC-00254,CUS-00254,FOUNDATION,2020-11-12,300,0.00,,20,open,28.49,19,cash_back,2020-11-12T15:00:00Z
ACC-00255,CUS-00255,FOUNDATION,2004-02-02,1100,0.00,,20,open,28.49,164,cash_back,2004-02-02T15:00:00Z
ACC-00256,CUS-00256,VOYAGER,2006-08-15,6100,95.00,8,20,open,24.49,65580,miles,2006-08-15T14:00:00Z
ACC-00257,CUS-00257,EVERYDAY_CASH,2026-03-02,4800,0.00,,20,open,24.49,464,cash_back,2026-03-02T15:00:00Z
ACC-00258,CUS-00258,VOYAGER,2008-01-06,14500,95.00,1,25,open,24.49,27251,miles,2008-01-06T15:00:00Z
ACC-00259,CUS-00259,EVERYDAY_CASH,2017-10-25,7400,0.00,,3,open,24.49,547,cash_back,2017-10-25T14:00:00Z
ACC-00260,CUS-00260,VOYAGER,2012-11-11,13000,95.00,11,3,open,24.49,57874,miles,2012-11-11T15:00:00Z
ACC-00261,CUS-00261,EVERYDAY_CASH,2026-03-28,7900,0.00,,8,open,24.49,83,cash_back,2026-03-28T14:00:00Z
ACC-00262,CUS-00262,SUMMIT,2003-08-18,32000,450.00,8,8,open,25.99,39143,miles,2003-08-18T14:00:00Z
ACC-00263,CUS-00263,FOUNDATION,2009-05-16,1000,0.00,,25,open,28.49,198,cash_back,2009-05-16T14:00:00Z
ACC-00264,CUS-00264,FOUNDATION,2000-02-18,1400,0.00,,3,open,28.49,402,cash_back,2000-02-18T15:00:00Z
ACC-00265,CUS-00265,VOYAGER,2020-01-17,19800,95.00,1,8,open,24.49,81173,miles,2020-01-17T15:00:00Z
ACC-00266,CUS-00266,EVERYDAY_CASH,2009-04-05,5400,0.00,,12,open,24.49,260,cash_back,2009-04-05T14:00:00Z
ACC-00267,CUS-00267,EVERYDAY_CASH,2015-12-10,6600,0.00,,20,open,24.49,156,cash_back,2015-12-10T15:00:00Z
ACC-00268,CUS-00268,VOYAGER,2003-03-01,7900,95.00,3,8,open,24.49,50000,miles,2003-03-01T15:00:00Z
ACC-00269,CUS-00269,EVERYDAY_CASH,2019-08-11,8200,0.00,,25,open,24.49,85,cash_back,2019-08-11T14:00:00Z
ACC-00270,CUS-00270,EVERYDAY_CASH,2023-02-04,4700,0.00,,17,open,24.49,7,cash_back,2023-02-04T15:00:00Z
ACC-00271,CUS-00271,EVERYDAY_CASH,2005-03-01,6800,0.00,,8,open,24.49,64,cash_back,2005-03-01T15:00:00Z
ACC-00272,CUS-00272,VOYAGER,2019-12-19,18100,95.00,12,25,open,24.49,30297,miles,2019-12-19T15:00:00Z
ACC-00273,CUS-00273,FOUNDATION,2014-06-21,700,0.00,,20,open,28.49,128,cash_back,2014-06-21T14:00:00Z
ACC-00274,CUS-00274,VOYAGER,2008-10-02,17800,95.00,10,8,open,24.49,42615,miles,2008-10-02T14:00:00Z
ACC-00275,CUS-00275,VOYAGER,2016-11-18,18600,95.00,11,20,open,24.49,11029,miles,2016-11-18T15:00:00Z
ACC-00276,CUS-00276,EVERYDAY_CASH,2016-10-20,5800,0.00,,12,open,24.49,493,cash_back,2016-10-20T14:00:00Z
ACC-00277,CUS-00277,EVERYDAY_CASH,2016-05-04,1500,0.00,,3,open,24.49,138,cash_back,2016-05-04T14:00:00Z
ACC-00278,CUS-00278,VOYAGER,2005-10-26,4300,95.00,10,12,open,24.49,58013,miles,2005-10-26T14:00:00Z
ACC-00279,CUS-00279,VOYAGER,2012-01-24,15000,95.00,1,3,open,24.49,83455,miles,2012-01-24T15:00:00Z
ACC-00280,CUS-00280,FOUNDATION,2018-10-01,600,0.00,,12,open,28.49,535,cash_back,2018-10-01T14:00:00Z
ACC-00281,CUS-00281,EVERYDAY_CASH,2002-06-16,4600,0.00,,3,open,24.49,479,cash_back,2002-06-16T14:00:00Z
ACC-00282,CUS-00282,EVERYDAY_CASH,2023-03-09,8200,0.00,,12,open,24.49,29,cash_back,2023-03-09T15:00:00Z
ACC-00283,CUS-00283,SUMMIT,2015-10-23,15400,450.00,10,25,open,25.99,52666,miles,2015-10-23T14:00:00Z
ACC-00284,CUS-00284,VOYAGER,2002-12-31,18500,95.00,12,3,open,24.49,30,miles,2002-12-31T15:00:00Z
ACC-00285,CUS-00285,EVERYDAY_CASH,2016-10-20,1600,0.00,,17,open,24.49,376,cash_back,2016-10-20T14:00:00Z
ACC-00286,CUS-00286,FOUNDATION,2016-11-28,400,0.00,,17,open,28.49,210,cash_back,2016-11-28T15:00:00Z
ACC-00287,CUS-00287,VOYAGER,2006-09-08,13400,95.00,9,8,open,24.49,83649,miles,2006-09-08T14:00:00Z
ACC-00288,CUS-00288,EVERYDAY_CASH,2013-05-17,6900,0.00,,17,open,24.49,198,cash_back,2013-05-17T14:00:00Z
ACC-00289,CUS-00289,VOYAGER,2006-05-12,4700,95.00,5,8,open,24.49,53051,miles,2006-05-12T14:00:00Z
ACC-00290,CUS-00290,VOYAGER,2006-08-02,16400,95.00,8,20,open,24.49,76190,miles,2006-08-02T14:00:00Z
ACC-00291,CUS-00291,SUMMIT,2014-11-16,21700,450.00,11,8,open,25.99,78192,miles,2014-11-16T15:00:00Z
ACC-00292,CUS-00292,VOYAGER,2026-07-19,14700,95.00,7,8,open,24.49,42193,miles,2026-07-19T14:00:00Z
ACC-00293,CUS-00293,EVERYDAY_CASH,2023-03-31,6100,0.00,,20,open,24.49,191,cash_back,2023-03-31T14:00:00Z
ACC-00294,CUS-00294,VOYAGER,2022-11-07,15400,95.00,11,20,open,24.49,39775,miles,2022-11-07T15:00:00Z
ACC-00295,CUS-00295,FOUNDATION,2011-03-29,1000,0.00,,25,open,28.49,242,cash_back,2011-03-29T14:00:00Z
ACC-00296,CUS-00296,FOUNDATION,2017-05-25,1200,0.00,,25,open,28.49,221,cash_back,2017-05-25T14:00:00Z
ACC-00297,CUS-00297,EVERYDAY_CASH,2024-03-02,8800,0.00,,17,open,24.49,593,cash_back,2024-03-02T15:00:00Z
ACC-00298,CUS-00298,FOUNDATION,2024-03-03,500,0.00,,20,open,28.49,13,cash_back,2024-03-03T15:00:00Z
ACC-00299,CUS-00299,SUMMIT,2026-08-31,28400,450.00,8,20,open,25.99,58558,miles,2026-08-31T14:00:00Z
ACC-00300,CUS-00300,FOUNDATION,2003-03-01,1300,0.00,,8,open,28.49,202,cash_back,2003-03-01T15:00:00Z
ACC-00301,CUS-00301,VOYAGER,2000-03-02,13900,95.00,3,3,open,24.49,7627,miles,2000-03-02T15:00:00Z
ACC-00302,CUS-00302,FOUNDATION,2001-04-11,500,0.00,,12,open,28.49,33,cash_back,2001-04-11T14:00:00Z
ACC-00303,CUS-00303,EVERYDAY_CASH,2023-04-05,3700,0.00,,25,open,24.49,160,cash_back,2023-04-05T14:00:00Z
ACC-00304,CUS-00304,EVERYDAY_CASH,2003-11-21,3600,0.00,,8,open,24.49,150,cash_back,2003-11-21T15:00:00Z
ACC-00305,CUS-00305,FOUNDATION,2008-10-10,1300,0.00,,20,open,28.49,486,cash_back,2008-10-10T14:00:00Z
ACC-00306,CUS-00306,EVERYDAY_CASH,2021-11-23,5100,0.00,,8,open,24.49,74,cash_back,2021-11-23T15:00:00Z
ACC-00307,CUS-00307,FOUNDATION,2002-01-11,1300,0.00,,8,open,28.49,242,cash_back,2002-01-11T15:00:00Z
ACC-00308,CUS-00308,VOYAGER,2004-04-03,17400,95.00,4,20,open,24.49,20742,miles,2004-04-03T15:00:00Z
ACC-00309,CUS-00309,EVERYDAY_CASH,2021-10-17,5900,0.00,,20,open,24.49,489,cash_back,2021-10-17T14:00:00Z
ACC-00310,CUS-00310,EVERYDAY_CASH,2021-10-31,8200,0.00,,17,open,24.49,196,cash_back,2021-10-31T14:00:00Z
ACC-00311,CUS-00311,EVERYDAY_CASH,2010-05-28,4600,0.00,,12,open,24.49,413,cash_back,2010-05-28T14:00:00Z
ACC-00312,CUS-00312,VOYAGER,2011-08-15,13200,95.00,8,12,open,24.49,70584,miles,2011-08-15T14:00:00Z
ACC-00313,CUS-00313,EVERYDAY_CASH,2020-06-04,8100,0.00,,8,open,24.49,87,cash_back,2020-06-04T14:00:00Z
ACC-00314,CUS-00314,FOUNDATION,2018-09-15,400,0.00,,3,open,28.49,26,cash_back,2018-09-15T14:00:00Z
ACC-00315,CUS-00315,EVERYDAY_CASH,2020-11-08,4500,0.00,,12,open,24.49,313,cash_back,2020-11-08T15:00:00Z
ACC-00316,CUS-00316,EVERYDAY_CASH,2024-02-20,10200,0.00,,25,open,24.49,450,cash_back,2024-02-20T15:00:00Z
ACC-00317,CUS-00317,VOYAGER,2026-08-04,5900,95.00,8,3,open,24.49,7102,miles,2026-08-04T14:00:00Z
ACC-00318,CUS-00318,EVERYDAY_CASH,2022-04-03,7900,0.00,,25,open,24.49,545,cash_back,2022-04-03T14:00:00Z
ACC-00319,CUS-00319,EVERYDAY_CASH,2023-11-11,5600,0.00,,12,open,24.49,285,cash_back,2023-11-11T15:00:00Z
ACC-00320,CUS-00320,SUMMIT,2010-04-08,13600,450.00,4,25,open,25.99,40382,miles,2010-04-08T14:00:00Z
ACC-00321,CUS-00321,VOYAGER,2001-05-06,7500,95.00,5,17,open,24.49,2071,miles,2001-05-06T14:00:00Z
ACC-00322,CUS-00322,FOUNDATION,2012-04-08,700,0.00,,17,open,28.49,368,cash_back,2012-04-08T14:00:00Z
ACC-00323,CUS-00323,EVERYDAY_CASH,2026-08-30,10200,0.00,,17,open,24.49,279,cash_back,2026-08-30T14:00:00Z
ACC-00324,CUS-00324,FOUNDATION,1999-01-15,500,0.00,,12,open,28.49,283,cash_back,1999-01-15T15:00:00Z
ACC-00325,CUS-00325,EVERYDAY_CASH,2014-04-19,6900,0.00,,3,open,24.49,171,cash_back,2014-04-19T14:00:00Z
ACC-00326,CUS-00326,EVERYDAY_CASH,2007-02-19,11900,0.00,,25,open,24.49,589,cash_back,2007-02-19T15:00:00Z
ACC-00327,CUS-00327,EVERYDAY_CASH,2016-11-09,6700,0.00,,3,open,24.49,595,cash_back,2016-11-09T15:00:00Z
ACC-00328,CUS-00328,VOYAGER,2000-08-04,7900,95.00,8,3,open,24.49,27281,miles,2000-08-04T14:00:00Z
ACC-00329,CUS-00329,EVERYDAY_CASH,2026-07-12,2300,0.00,,20,open,24.49,126,cash_back,2026-07-12T14:00:00Z
ACC-00330,CUS-00330,EVERYDAY_CASH,2023-09-10,8000,0.00,,12,open,24.49,389,cash_back,2023-09-10T14:00:00Z
ACC-00331,CUS-00331,EVERYDAY_CASH,2023-09-15,6100,0.00,,17,open,24.49,371,cash_back,2023-09-15T14:00:00Z
ACC-00332,CUS-00332,FOUNDATION,2013-12-09,700,0.00,,3,open,28.49,147,cash_back,2013-12-09T15:00:00Z
ACC-00333,CUS-00333,EVERYDAY_CASH,2016-05-01,4700,0.00,,17,open,24.49,517,cash_back,2016-05-01T14:00:00Z
ACC-00334,CUS-00334,EVERYDAY_CASH,2003-09-21,7700,0.00,,3,open,24.49,547,cash_back,2003-09-21T14:00:00Z
ACC-00335,CUS-00335,EVERYDAY_CASH,2007-11-02,5400,0.00,,3,open,24.49,420,cash_back,2007-11-02T14:00:00Z
ACC-00336,CUS-00336,VOYAGER,2005-04-22,13200,95.00,4,8,open,24.49,20340,miles,2005-04-22T14:00:00Z
ACC-00337,CUS-00337,EVERYDAY_CASH,2002-10-26,3300,0.00,,8,open,24.49,369,cash_back,2002-10-26T14:00:00Z
ACC-00338,CUS-00338,SUMMIT,2012-04-13,18800,450.00,4,8,open,25.99,35797,miles,2012-04-13T14:00:00Z
ACC-00339,CUS-00339,EVERYDAY_CASH,2014-08-16,1800,0.00,,20,open,24.49,307,cash_back,2014-08-16T14:00:00Z
ACC-00340,CUS-00340,VOYAGER,2018-06-26,9600,95.00,6,17,open,24.49,56622,miles,2018-06-26T14:00:00Z
ACC-00341,CUS-00341,VOYAGER,2019-04-04,8700,95.00,4,25,open,24.49,7919,miles,2019-04-04T14:00:00Z
ACC-00342,CUS-00342,VOYAGER,2013-11-28,6900,95.00,11,25,open,24.49,35393,miles,2013-11-28T15:00:00Z
ACC-00343,CUS-00343,EVERYDAY_CASH,2020-10-24,10500,0.00,,8,open,24.49,433,cash_back,2020-10-24T14:00:00Z
ACC-00344,CUS-00344,EVERYDAY_CASH,2026-03-04,2000,0.00,,3,open,24.49,344,cash_back,2026-03-04T15:00:00Z
ACC-00345,CUS-00345,EVERYDAY_CASH,2007-05-28,7800,0.00,,20,open,24.49,122,cash_back,2007-05-28T14:00:00Z
ACC-00346,CUS-00346,FOUNDATION,2013-03-29,1200,0.00,,20,open,28.49,230,cash_back,2013-03-29T14:00:00Z
ACC-00347,CUS-00347,VOYAGER,2024-04-16,5700,95.00,4,17,open,24.49,32365,miles,2024-04-16T14:00:00Z
ACC-00348,CUS-00348,EVERYDAY_CASH,2013-06-16,4600,0.00,,25,open,24.49,324,cash_back,2013-06-16T14:00:00Z
ACC-00349,CUS-00349,VOYAGER,2015-06-03,10200,95.00,6,8,open,24.49,23098,miles,2015-06-03T14:00:00Z
ACC-00350,CUS-00350,VOYAGER,2019-07-08,6100,95.00,7,20,open,24.49,68386,miles,2019-07-08T14:00:00Z
ACC-00351,CUS-00351,EVERYDAY_CASH,2004-04-13,4000,0.00,,25,open,24.49,230,cash_back,2004-04-13T14:00:00Z
ACC-00352,CUS-00352,FOUNDATION,2018-03-02,300,0.00,,20,open,28.49,397,cash_back,2018-03-02T15:00:00Z
ACC-00353,CUS-00353,SUMMIT,2000-09-03,11500,450.00,9,25,open,25.99,55186,miles,2000-09-03T14:00:00Z
ACC-00354,CUS-00354,EVERYDAY_CASH,2009-12-27,3600,0.00,,8,open,24.49,476,cash_back,2009-12-27T15:00:00Z
ACC-00355,CUS-00355,FOUNDATION,2008-06-23,1200,0.00,,3,open,28.49,340,cash_back,2008-06-23T14:00:00Z
ACC-00356,CUS-00356,VOYAGER,2014-01-04,12800,95.00,1,8,open,24.49,4928,miles,2014-01-04T15:00:00Z
ACC-00357,CUS-00357,VOYAGER,2011-04-26,19800,95.00,4,3,open,24.49,3280,miles,2011-04-26T14:00:00Z
ACC-00358,CUS-00358,SUMMIT,2017-08-24,33200,450.00,8,17,open,25.99,66438,miles,2017-08-24T14:00:00Z
ACC-00359,CUS-00359,VOYAGER,2026-08-30,7400,95.00,8,20,open,24.49,37934,miles,2026-08-30T14:00:00Z
ACC-00360,CUS-00360,VOYAGER,2022-11-03,18600,95.00,11,25,open,24.49,37559,miles,2022-11-03T14:00:00Z
ACC-00361,CUS-00361,FOUNDATION,2021-06-11,600,0.00,,17,open,28.49,536,cash_back,2021-06-11T14:00:00Z
ACC-00362,CUS-00362,FOUNDATION,2001-05-09,900,0.00,,25,open,28.49,271,cash_back,2001-05-09T14:00:00Z
ACC-00363,CUS-00363,EVERYDAY_CASH,2024-06-05,10300,0.00,,12,open,24.49,291,cash_back,2024-06-05T14:00:00Z
ACC-00364,CUS-00364,VOYAGER,2022-08-16,17000,95.00,8,12,open,24.49,1539,miles,2022-08-16T14:00:00Z
ACC-00365,CUS-00365,SUMMIT,2007-07-04,33700,450.00,7,8,open,25.99,83805,miles,2007-07-04T14:00:00Z
ACC-00366,CUS-00366,EVERYDAY_CASH,2026-09-14,1500,0.00,,12,open,24.49,515,cash_back,2026-09-14T14:00:00Z
ACC-00367,CUS-00367,EVERYDAY_CASH,2007-12-08,7300,0.00,,20,open,24.49,168,cash_back,2007-12-08T15:00:00Z
ACC-00368,CUS-00368,VOYAGER,2009-05-15,19400,95.00,5,12,open,24.49,80523,miles,2009-05-15T14:00:00Z
ACC-00369,CUS-00369,VOYAGER,2005-07-06,17800,95.00,7,25,open,24.49,43581,miles,2005-07-06T14:00:00Z
ACC-00370,CUS-00370,EVERYDAY_CASH,2007-02-26,8800,0.00,,8,open,24.49,185,cash_back,2007-02-26T15:00:00Z
ACC-00371,CUS-00371,FOUNDATION,2022-11-18,400,0.00,,8,open,28.49,327,cash_back,2022-11-18T15:00:00Z
ACC-00372,CUS-00372,FOUNDATION,2001-03-22,1300,0.00,,8,open,28.49,331,cash_back,2001-03-22T15:00:00Z
ACC-00373,CUS-00373,VOYAGER,2025-11-26,7900,95.00,11,25,open,24.49,82692,miles,2025-11-26T15:00:00Z
ACC-00374,CUS-00374,EVERYDAY_CASH,2026-01-14,7000,0.00,,25,open,24.49,475,cash_back,2026-01-14T15:00:00Z
ACC-00375,CUS-00375,EVERYDAY_CASH,2017-02-22,2700,0.00,,25,open,24.49,12,cash_back,2017-02-22T15:00:00Z
ACC-00376,CUS-00376,EVERYDAY_CASH,2026-08-28,6500,0.00,,8,open,24.49,521,cash_back,2026-08-28T14:00:00Z
ACC-00377,CUS-00377,VOYAGER,2018-09-30,14400,95.00,9,3,open,24.49,57132,miles,2018-09-30T14:00:00Z
ACC-00378,CUS-00378,VOYAGER,2025-12-04,14400,95.00,12,8,open,24.49,73038,miles,2025-12-04T15:00:00Z
ACC-00379,CUS-00379,FOUNDATION,2022-01-10,1400,0.00,,12,open,28.49,58,cash_back,2022-01-10T15:00:00Z
ACC-00380,CUS-00380,VOYAGER,2005-07-06,6700,95.00,7,8,open,24.49,75650,miles,2005-07-06T14:00:00Z
ACC-00381,CUS-00381,EVERYDAY_CASH,2024-02-16,6100,0.00,,3,open,24.49,433,cash_back,2024-02-16T15:00:00Z
ACC-00382,CUS-00382,SUMMIT,2022-02-08,22200,450.00,2,25,open,25.99,64705,miles,2022-02-08T15:00:00Z
ACC-00383,CUS-00383,EVERYDAY_CASH,2013-07-07,5500,0.00,,3,open,24.49,258,cash_back,2013-07-07T14:00:00Z
ACC-00384,CUS-00384,VOYAGER,2008-03-11,7900,95.00,3,8,open,24.49,18100,miles,2008-03-11T14:00:00Z
ACC-00385,CUS-00385,EVERYDAY_CASH,2016-03-07,9600,0.00,,20,open,24.49,252,cash_back,2016-03-07T15:00:00Z
ACC-00386,CUS-00386,SUMMIT,2008-04-05,31700,450.00,4,3,open,25.99,83788,miles,2008-04-05T14:00:00Z
ACC-00387,CUS-00387,EVERYDAY_CASH,2024-08-16,11100,0.00,,25,open,24.49,421,cash_back,2024-08-16T14:00:00Z
ACC-00388,CUS-00388,EVERYDAY_CASH,2004-10-03,1500,0.00,,8,open,24.49,222,cash_back,2004-10-03T14:00:00Z
ACC-00389,CUS-00389,SUMMIT,2007-10-19,11400,450.00,10,8,open,25.99,80202,miles,2007-10-19T14:00:00Z
ACC-00390,CUS-00390,EVERYDAY_CASH,2010-06-19,4000,0.00,,25,open,24.49,530,cash_back,2010-06-19T14:00:00Z
ACC-00391,CUS-00391,EVERYDAY_CASH,2014-03-30,4200,0.00,,17,open,24.49,539,cash_back,2014-03-30T14:00:00Z
ACC-00392,CUS-00392,EVERYDAY_CASH,2016-06-14,4500,0.00,,3,open,24.49,477,cash_back,2016-06-14T14:00:00Z
ACC-00393,CUS-00393,VOYAGER,2021-07-24,10200,95.00,7,12,open,24.49,50303,miles,2021-07-24T14:00:00Z
ACC-00394,CUS-00394,VOYAGER,2013-03-21,5400,95.00,3,17,open,24.49,76407,miles,2013-03-21T14:00:00Z
ACC-00395,CUS-00395,VOYAGER,2011-12-26,7200,95.00,12,20,open,24.49,84613,miles,2011-12-26T15:00:00Z
ACC-00396,CUS-00396,EVERYDAY_CASH,2016-10-11,4800,0.00,,8,open,24.49,382,cash_back,2016-10-11T14:00:00Z
ACC-00397,CUS-00397,VOYAGER,2026-03-22,11300,95.00,3,12,open,24.49,71488,miles,2026-03-22T14:00:00Z
ACC-00398,CUS-00398,EVERYDAY_CASH,2026-02-04,8300,0.00,,3,open,24.49,307,cash_back,2026-02-04T15:00:00Z
ACC-00399,CUS-00399,SUMMIT,2021-08-25,28900,450.00,8,3,open,25.99,9138,miles,2021-08-25T14:00:00Z
ACC-00400,CUS-00400,EVERYDAY_CASH,2003-01-07,2500,0.00,,8,open,24.49,195,cash_back,2003-01-07T15:00:00Z
ACC-00401,CUS-00401,VOYAGER,2008-04-30,18500,95.00,4,25,open,24.49,1028,miles,2008-04-30T14:00:00Z
ACC-00402,CUS-00402,VOYAGER,2008-04-04,9800,95.00,4,12,open,24.49,58783,miles,2008-04-04T14:00:00Z
ACC-00403,CUS-00403,VOYAGER,2008-09-22,16200,95.00,9,3,open,24.49,60270,miles,2008-09-22T14:00:00Z
ACC-00404,CUS-00404,EVERYDAY_CASH,2026-01-09,5800,0.00,,25,open,24.49,250,cash_back,2026-01-09T15:00:00Z
ACC-00405,CUS-00405,EVERYDAY_CASH,2007-01-25,11900,0.00,,25,open,24.49,248,cash_back,2007-01-25T15:00:00Z
ACC-00406,CUS-00406,FOUNDATION,2013-06-17,600,0.00,,17,open,28.49,195,cash_back,2013-06-17T14:00:00Z
ACC-00407,CUS-00407,EVERYDAY_CASH,2021-11-26,6100,0.00,,25,open,24.49,25,cash_back,2021-11-26T15:00:00Z
ACC-00408,CUS-00408,EVERYDAY_CASH,2011-08-09,9300,0.00,,8,open,24.49,315,cash_back,2011-08-09T14:00:00Z
ACC-00409,CUS-00409,FOUNDATION,2006-03-28,800,0.00,,20,open,28.49,549,cash_back,2006-03-28T15:00:00Z
ACC-00410,CUS-00410,EVERYDAY_CASH,2000-08-17,2100,0.00,,8,open,24.49,75,cash_back,2000-08-17T14:00:00Z
ACC-00411,CUS-00411,EVERYDAY_CASH,2011-07-29,7600,0.00,,25,open,24.49,505,cash_back,2011-07-29T14:00:00Z
ACC-00412,CUS-00412,EVERYDAY_CASH,2016-04-01,8900,0.00,,20,open,24.49,538,cash_back,2016-04-01T14:00:00Z
ACC-00413,CUS-00413,EVERYDAY_CASH,2009-04-14,11000,0.00,,12,open,24.49,159,cash_back,2009-04-14T14:00:00Z
ACC-00414,CUS-00414,EVERYDAY_CASH,2007-08-16,11100,0.00,,25,open,24.49,535,cash_back,2007-08-16T14:00:00Z
ACC-00415,CUS-00415,FOUNDATION,2004-07-11,300,0.00,,25,open,28.49,237,cash_back,2004-07-11T14:00:00Z
ACC-00416,CUS-00416,VOYAGER,2017-05-24,14300,95.00,5,17,open,24.49,84979,miles,2017-05-24T14:00:00Z
ACC-00417,CUS-00417,SUMMIT,2024-05-13,33200,450.00,5,3,open,25.99,77250,miles,2024-05-13T14:00:00Z
ACC-00418,CUS-00418,VOYAGER,2012-07-13,4100,95.00,7,20,open,24.49,61364,miles,2012-07-13T14:00:00Z
ACC-00419,CUS-00419,FOUNDATION,2024-05-18,1200,0.00,,3,open,28.49,112,cash_back,2024-05-18T14:00:00Z
ACC-00420,CUS-00420,EVERYDAY_CASH,2002-07-08,8300,0.00,,25,open,24.49,75,cash_back,2002-07-08T14:00:00Z
ACC-00421,CUS-00421,VOYAGER,2007-02-18,8600,95.00,2,20,open,24.49,65034,miles,2007-02-18T15:00:00Z
ACC-00422,CUS-00422,EVERYDAY_CASH,2019-02-23,11500,0.00,,3,open,24.49,446,cash_back,2019-02-23T15:00:00Z
ACC-00423,CUS-00423,FOUNDATION,2017-05-14,1200,0.00,,25,open,28.49,180,cash_back,2017-05-14T14:00:00Z
ACC-00424,CUS-00424,EVERYDAY_CASH,2020-07-03,8300,0.00,,17,open,24.49,223,cash_back,2020-07-03T14:00:00Z
ACC-00425,CUS-00425,SUMMIT,2017-03-26,13900,450.00,3,12,open,25.99,76673,miles,2017-03-26T14:00:00Z
ACC-00426,CUS-00426,VOYAGER,2004-12-28,8200,95.00,12,3,open,24.49,81059,miles,2004-12-28T15:00:00Z
ACC-00427,CUS-00427,EVERYDAY_CASH,2022-10-04,11300,0.00,,3,open,24.49,293,cash_back,2022-10-04T14:00:00Z
ACC-00428,CUS-00428,FOUNDATION,2013-04-06,1400,0.00,,3,open,28.49,232,cash_back,2013-04-06T14:00:00Z
ACC-00429,CUS-00429,SUMMIT,2017-11-06,16800,450.00,11,8,open,25.99,74778,miles,2017-11-06T15:00:00Z
ACC-00430,CUS-00430,FOUNDATION,2010-05-11,500,0.00,,25,open,28.49,6,cash_back,2010-05-11T14:00:00Z
ACC-00431,CUS-00431,EVERYDAY_CASH,2014-05-19,10300,0.00,,25,open,24.49,100,cash_back,2014-05-19T14:00:00Z
ACC-00432,CUS-00432,FOUNDATION,1999-06-08,800,0.00,,12,open,28.49,221,cash_back,1999-06-08T14:00:00Z
ACC-00433,CUS-00433,EVERYDAY_CASH,2005-04-29,5700,0.00,,25,open,24.49,391,cash_back,2005-04-29T14:00:00Z
ACC-00434,CUS-00434,EVERYDAY_CASH,2001-11-12,4300,0.00,,25,open,24.49,281,cash_back,2001-11-12T15:00:00Z
ACC-00435,CUS-00435,EVERYDAY_CASH,2015-04-29,6400,0.00,,20,open,24.49,375,cash_back,2015-04-29T14:00:00Z
ACC-00436,CUS-00436,VOYAGER,2025-12-23,14700,95.00,12,17,open,24.49,32433,miles,2025-12-23T15:00:00Z
ACC-00437,CUS-00437,VOYAGER,2000-02-27,7300,95.00,2,12,open,24.49,14509,miles,2000-02-27T15:00:00Z
ACC-00438,CUS-00438,FOUNDATION,2011-04-27,1000,0.00,,20,open,28.49,558,cash_back,2011-04-27T14:00:00Z
ACC-00439,CUS-00439,VOYAGER,2018-03-08,15900,95.00,3,3,open,24.49,4228,miles,2018-03-08T15:00:00Z
ACC-00440,CUS-00440,VOYAGER,2012-08-11,11300,95.00,8,17,open,24.49,69313,miles,2012-08-11T14:00:00Z
ACC-00441,CUS-00441,FOUNDATION,2005-07-10,300,0.00,,3,open,28.49,578,cash_back,2005-07-10T14:00:00Z
ACC-00442,CUS-00442,VOYAGER,2008-03-01,13400,95.00,3,17,open,24.49,32748,miles,2008-03-01T15:00:00Z
ACC-00443,CUS-00443,FOUNDATION,2019-12-20,1000,0.00,,17,open,28.49,317,cash_back,2019-12-20T15:00:00Z
ACC-00444,CUS-00444,FOUNDATION,2019-12-04,500,0.00,,12,open,28.49,435,cash_back,2019-12-04T15:00:00Z
ACC-00445,CUS-00445,VOYAGER,2014-03-03,6000,95.00,3,20,open,24.49,31961,miles,2014-03-03T15:00:00Z
ACC-00446,CUS-00446,EVERYDAY_CASH,2016-12-20,7000,0.00,,12,open,24.49,105,cash_back,2016-12-20T15:00:00Z
ACC-00447,CUS-00447,VOYAGER,2003-04-16,14200,95.00,4,8,open,24.49,23772,miles,2003-04-16T14:00:00Z
ACC-00448,CUS-00448,FOUNDATION,2018-12-02,1400,0.00,,12,open,28.49,476,cash_back,2018-12-02T15:00:00Z
ACC-00449,CUS-00449,EVERYDAY_CASH,2018-10-25,4900,0.00,,17,open,24.49,340,cash_back,2018-10-25T14:00:00Z
ACC-00450,CUS-00450,EVERYDAY_CASH,2014-11-23,2600,0.00,,8,open,24.49,340,cash_back,2014-11-23T15:00:00Z
ACC-00451,CUS-00451,VOYAGER,2010-02-08,7700,95.00,2,3,open,24.49,5611,miles,2010-02-08T15:00:00Z
ACC-00452,CUS-00452,EVERYDAY_CASH,2001-07-14,9200,0.00,,3,open,24.49,166,cash_back,2001-07-14T14:00:00Z
ACC-00453,CUS-00453,VOYAGER,2015-08-25,13100,95.00,8,12,open,24.49,57910,miles,2015-08-25T14:00:00Z
ACC-00454,CUS-00454,VOYAGER,2013-02-06,5800,95.00,2,12,open,24.49,42756,miles,2013-02-06T15:00:00Z
ACC-00455,CUS-00455,EVERYDAY_CASH,2026-01-12,5400,0.00,,8,open,24.49,436,cash_back,2026-01-12T15:00:00Z
ACC-00456,CUS-00456,EVERYDAY_CASH,2023-11-16,2600,0.00,,8,open,24.49,449,cash_back,2023-11-16T15:00:00Z
ACC-00457,CUS-00457,FOUNDATION,1999-10-11,600,0.00,,3,open,28.49,220,cash_back,1999-10-11T14:00:00Z
ACC-00458,CUS-00458,VOYAGER,2023-05-09,12400,95.00,5,3,open,24.49,16998,miles,2023-05-09T14:00:00Z
ACC-00459,CUS-00459,FOUNDATION,2026-07-07,800,0.00,,3,open,28.49,88,cash_back,2026-07-07T14:00:00Z
ACC-00460,CUS-00460,VOYAGER,2017-06-08,15100,95.00,6,12,open,24.49,43446,miles,2017-06-08T14:00:00Z
ACC-00461,CUS-00461,VOYAGER,2017-06-16,8800,95.00,6,17,open,24.49,28268,miles,2017-06-16T14:00:00Z
ACC-00462,CUS-00462,VOYAGER,2019-02-08,9400,95.00,2,20,open,24.49,67180,miles,2019-02-08T15:00:00Z
ACC-00463,CUS-00463,FOUNDATION,2014-10-11,1000,0.00,,8,open,28.49,480,cash_back,2014-10-11T14:00:00Z
ACC-00464,CUS-00464,FOUNDATION,2002-03-30,500,0.00,,8,open,28.49,456,cash_back,2002-03-30T15:00:00Z
ACC-00465,CUS-00465,EVERYDAY_CASH,2005-09-13,8300,0.00,,8,open,24.49,492,cash_back,2005-09-13T14:00:00Z
ACC-00466,CUS-00466,SUMMIT,2004-06-08,13800,450.00,6,25,open,25.99,19761,miles,2004-06-08T14:00:00Z
ACC-00467,CUS-00467,VOYAGER,2024-05-15,12600,95.00,5,25,open,24.49,52600,miles,2024-05-15T14:00:00Z
ACC-00468,CUS-00468,EVERYDAY_CASH,1999-10-11,4300,0.00,,3,open,24.49,393,cash_back,1999-10-11T14:00:00Z
ACC-00469,CUS-00469,FOUNDATION,2021-07-20,1200,0.00,,25,open,28.49,448,cash_back,2021-07-20T14:00:00Z
ACC-00470,CUS-00470,FOUNDATION,2013-12-29,1300,0.00,,25,open,28.49,54,cash_back,2013-12-29T15:00:00Z
ACC-00471,CUS-00471,EVERYDAY_CASH,2020-11-18,11000,0.00,,3,open,24.49,381,cash_back,2020-11-18T15:00:00Z
ACC-00472,CUS-00472,FOUNDATION,2014-05-15,500,0.00,,17,open,28.49,224,cash_back,2014-05-15T14:00:00Z
ACC-00473,CUS-00473,EVERYDAY_CASH,2009-09-10,3500,0.00,,25,open,24.49,124,cash_back,2009-09-10T14:00:00Z
ACC-00474,CUS-00474,SUMMIT,2011-05-25,11400,450.00,5,20,open,25.99,6110,miles,2011-05-25T14:00:00Z
ACC-00475,CUS-00475,EVERYDAY_CASH,2022-08-23,10500,0.00,,20,open,24.49,232,cash_back,2022-08-23T14:00:00Z
ACC-00476,CUS-00476,EVERYDAY_CASH,2018-05-04,6100,0.00,,17,open,24.49,80,cash_back,2018-05-04T14:00:00Z
ACC-00477,CUS-00477,FOUNDATION,2021-01-02,1200,0.00,,12,open,28.49,415,cash_back,2021-01-02T15:00:00Z
ACC-00478,CUS-00478,VOYAGER,2019-02-15,9700,95.00,2,8,open,24.49,6293,miles,2019-02-15T15:00:00Z
ACC-00479,CUS-00479,SUMMIT,2026-04-17,20900,450.00,4,3,open,25.99,22091,miles,2026-04-17T14:00:00Z
ACC-00480,CUS-00480,EVERYDAY_CASH,2003-07-07,6200,0.00,,12,open,24.49,70,cash_back,2003-07-07T14:00:00Z
ACC-00481,CUS-00481,EVERYDAY_CASH,2006-06-05,5900,0.00,,17,open,24.49,49,cash_back,2006-06-05T14:00:00Z
ACC-00482,CUS-00482,EVERYDAY_CASH,2023-08-01,2700,0.00,,12,open,24.49,360,cash_back,2023-08-01T14:00:00Z
ACC-00483,CUS-00483,VOYAGER,2007-12-28,15700,95.00,12,20,open,24.49,49971,miles,2007-12-28T15:00:00Z
ACC-00484,CUS-00484,EVERYDAY_CASH,2018-09-27,8600,0.00,,12,open,24.49,584,cash_back,2018-09-27T14:00:00Z
ACC-00485,CUS-00485,EVERYDAY_CASH,2005-09-30,8700,0.00,,12,open,24.49,40,cash_back,2005-09-30T14:00:00Z
ACC-00486,CUS-00486,VOYAGER,2001-03-02,16200,95.00,3,12,open,24.49,67473,miles,2001-03-02T15:00:00Z
ACC-00487,CUS-00487,FOUNDATION,2015-08-22,800,0.00,,25,open,28.49,360,cash_back,2015-08-22T14:00:00Z
ACC-00488,CUS-00488,EVERYDAY_CASH,2022-03-22,9700,0.00,,25,open,24.49,446,cash_back,2022-03-22T14:00:00Z
ACC-00489,CUS-00489,EVERYDAY_CASH,2011-01-08,11700,0.00,,8,open,24.49,560,cash_back,2011-01-08T15:00:00Z
ACC-00490,CUS-00490,EVERYDAY_CASH,2006-05-01,9300,0.00,,17,open,24.49,343,cash_back,2006-05-01T14:00:00Z
ACC-00491,CUS-00491,SUMMIT,2026-07-15,27100,450.00,7,3,open,25.99,3025,miles,2026-07-15T14:00:00Z
ACC-00492,CUS-00492,FOUNDATION,2006-01-08,1300,0.00,,17,open,28.49,404,cash_back,2006-01-08T15:00:00Z
ACC-00493,CUS-00493,VOYAGER,2026-01-25,16000,95.00,1,17,open,24.49,43392,miles,2026-01-25T15:00:00Z
ACC-00494,CUS-00494,EVERYDAY_CASH,1999-10-16,5700,0.00,,17,open,24.49,367,cash_back,1999-10-16T14:00:00Z
ACC-00495,CUS-00495,EVERYDAY_CASH,2016-11-07,6000,0.00,,17,open,24.49,129,cash_back,2016-11-07T15:00:00Z
ACC-00496,CUS-00496,EVERYDAY_CASH,2009-04-07,9800,0.00,,3,open,24.49,178,cash_back,2009-04-07T14:00:00Z
ACC-00497,CUS-00497,VOYAGER,2017-02-25,14200,95.00,2,12,open,24.49,61053,miles,2017-02-25T15:00:00Z
ACC-00498,CUS-00498,SUMMIT,2015-08-08,31900,450.00,8,17,open,25.99,27307,miles,2015-08-08T14:00:00Z
ACC-00499,CUS-00499,VOYAGER,2012-07-04,18700,95.00,7,20,open,24.49,31398,miles,2012-07-04T14:00:00Z
ACC-00500,CUS-00500,FOUNDATION,2006-10-11,600,0.00,,25,open,28.49,360,cash_back,2006-10-11T14:00:00Z
ACC-00501,CUS-00501,EVERYDAY_CASH,2024-06-04,6900,0.00,,20,open,24.49,123,cash_back,2024-06-04T14:00:00Z
ACC-00502,CUS-00502,EVERYDAY_CASH,2018-09-12,4300,0.00,,8,open,24.49,238,cash_back,2018-09-12T14:00:00Z
ACC-00503,CUS-00503,EVERYDAY_CASH,2005-10-22,3300,0.00,,12,open,24.49,589,cash_back,2005-10-22T14:00:00Z
ACC-00504,CUS-00504,FOUNDATION,2019-08-05,600,0.00,,8,open,28.49,205,cash_back,2019-08-05T14:00:00Z
ACC-00505,CUS-00505,VOYAGER,2018-01-15,9000,95.00,1,17,open,24.49,20734,miles,2018-01-15T15:00:00Z
ACC-00506,CUS-00506,VOYAGER,2018-10-23,12600,95.00,10,17,open,24.49,15919,miles,2018-10-23T14:00:00Z
ACC-00507,CUS-00507,EVERYDAY_CASH,2014-09-18,5500,0.00,,3,open,24.49,467,cash_back,2014-09-18T14:00:00Z
ACC-00508,CUS-00508,FOUNDATION,2012-01-05,1100,0.00,,17,open,28.49,312,cash_back,2012-01-05T15:00:00Z
ACC-00509,CUS-00509,EVERYDAY_CASH,2005-05-07,6300,0.00,,17,open,24.49,196,cash_back,2005-05-07T14:00:00Z
ACC-00510,CUS-00510,EVERYDAY_CASH,2010-11-30,3200,0.00,,17,open,24.49,220,cash_back,2010-11-30T15:00:00Z
ACC-00511,CUS-00511,FOUNDATION,2017-03-28,1000,0.00,,12,open,28.49,64,cash_back,2017-03-28T14:00:00Z
ACC-00512,CUS-00512,EVERYDAY_CASH,2017-11-18,6000,0.00,,3,open,24.49,286,cash_back,2017-11-18T15:00:00Z
ACC-00513,CUS-00513,SUMMIT,2011-01-05,34600,450.00,1,3,open,25.99,37892,miles,2011-01-05T15:00:00Z
ACC-00514,CUS-00514,EVERYDAY_CASH,2015-12-21,11200,0.00,,20,open,24.49,600,cash_back,2015-12-21T15:00:00Z
ACC-00515,CUS-00515,EVERYDAY_CASH,2017-07-29,2300,0.00,,8,open,24.49,442,cash_back,2017-07-29T14:00:00Z
ACC-00516,CUS-00516,SUMMIT,2020-03-12,13900,450.00,3,8,open,25.99,74154,miles,2020-03-12T14:00:00Z
ACC-00517,CUS-00517,EVERYDAY_CASH,2010-07-31,5500,0.00,,25,open,24.49,532,cash_back,2010-07-31T14:00:00Z
ACC-00518,CUS-00518,SUMMIT,2026-02-26,27400,450.00,2,20,open,25.99,10825,miles,2026-02-26T15:00:00Z
ACC-00519,CUS-00519,VOYAGER,2009-09-06,9600,95.00,9,12,open,24.49,84554,miles,2009-09-06T14:00:00Z
ACC-00520,CUS-00520,VOYAGER,2016-01-27,18800,95.00,1,17,open,24.49,79941,miles,2016-01-27T15:00:00Z
ACC-00521,CUS-00521,EVERYDAY_CASH,2016-02-14,10200,0.00,,12,open,24.49,117,cash_back,2016-02-14T15:00:00Z
ACC-00522,CUS-00522,VOYAGER,2019-09-20,5800,95.00,9,12,open,24.49,89736,miles,2019-09-20T14:00:00Z
ACC-00523,CUS-00523,EVERYDAY_CASH,2013-03-04,1500,0.00,,8,open,24.49,245,cash_back,2013-03-04T15:00:00Z
ACC-00524,CUS-00524,VOYAGER,2022-05-05,15300,95.00,5,8,open,24.49,72363,miles,2022-05-05T14:00:00Z
ACC-00525,CUS-00525,EVERYDAY_CASH,2001-06-19,6100,0.00,,12,open,24.49,307,cash_back,2001-06-19T14:00:00Z
ACC-00526,CUS-00526,VOYAGER,2004-01-30,14100,95.00,1,17,open,24.49,55973,miles,2004-01-30T15:00:00Z
ACC-00527,CUS-00527,EVERYDAY_CASH,2011-01-22,3400,0.00,,8,open,24.49,567,cash_back,2011-01-22T15:00:00Z
ACC-00528,CUS-00528,FOUNDATION,2016-02-17,1100,0.00,,25,open,28.49,358,cash_back,2016-02-17T15:00:00Z
ACC-00529,CUS-00529,EVERYDAY_CASH,2017-08-16,4200,0.00,,25,open,24.49,409,cash_back,2017-08-16T14:00:00Z
ACC-00530,CUS-00530,EVERYDAY_CASH,2011-04-19,4700,0.00,,17,open,24.49,40,cash_back,2011-04-19T14:00:00Z
ACC-00531,CUS-00531,EVERYDAY_CASH,2001-10-26,8900,0.00,,12,open,24.49,141,cash_back,2001-10-26T14:00:00Z
ACC-00532,CUS-00532,VOYAGER,2020-06-15,14100,95.00,6,8,open,24.49,43945,miles,2020-06-15T14:00:00Z
ACC-00533,CUS-00533,VOYAGER,2020-01-03,4900,95.00,1,17,open,24.49,82536,miles,2020-01-03T15:00:00Z
ACC-00534,CUS-00534,EVERYDAY_CASH,2020-05-14,2000,0.00,,8,open,24.49,528,cash_back,2020-05-14T14:00:00Z
ACC-00535,CUS-00535,FOUNDATION,2025-12-17,1000,0.00,,20,open,28.49,493,cash_back,2025-12-17T15:00:00Z
ACC-00536,CUS-00536,EVERYDAY_CASH,2011-11-09,2200,0.00,,3,open,24.49,203,cash_back,2011-11-09T15:00:00Z
ACC-00537,CUS-00537,FOUNDATION,2010-11-27,800,0.00,,3,open,28.49,275,cash_back,2010-11-27T15:00:00Z
ACC-00538,CUS-00538,EVERYDAY_CASH,2009-09-16,6300,0.00,,12,open,24.49,226,cash_back,2009-09-16T14:00:00Z
ACC-00539,CUS-00539,EVERYDAY_CASH,2026-04-12,9900,0.00,,8,open,24.49,372,cash_back,2026-04-12T14:00:00Z
ACC-00540,CUS-00540,VOYAGER,2026-04-24,9800,95.00,4,3,open,24.49,25344,miles,2026-04-24T14:00:00Z
ACC-00541,CUS-00541,VOYAGER,2010-04-27,12400,95.00,4,25,open,24.49,34580,miles,2010-04-27T14:00:00Z
ACC-00542,CUS-00542,FOUNDATION,2006-03-23,1200,0.00,,3,open,28.49,278,cash_back,2006-03-23T15:00:00Z
ACC-00543,CUS-00543,VOYAGER,2009-09-21,12800,95.00,9,12,open,24.49,5053,miles,2009-09-21T14:00:00Z
ACC-00544,CUS-00544,VOYAGER,2010-10-08,10300,95.00,10,17,open,24.49,14592,miles,2010-10-08T14:00:00Z
ACC-00545,CUS-00545,VOYAGER,2010-09-17,16300,95.00,9,17,open,24.49,2606,miles,2010-09-17T14:00:00Z
ACC-00546,CUS-00546,VOYAGER,2000-02-15,19200,95.00,2,17,open,24.49,61726,miles,2000-02-15T15:00:00Z
ACC-00547,CUS-00547,EVERYDAY_CASH,2003-04-07,3200,0.00,,8,open,24.49,594,cash_back,2003-04-07T14:00:00Z
ACC-00548,CUS-00548,VOYAGER,2020-12-07,16400,95.00,12,3,open,24.49,67277,miles,2020-12-07T15:00:00Z
ACC-00549,CUS-00549,VOYAGER,2026-02-05,7300,95.00,2,8,open,24.49,64467,miles,2026-02-05T15:00:00Z
ACC-00550,CUS-00550,VOYAGER,2026-07-14,4000,95.00,7,12,open,24.49,13494,miles,2026-07-14T14:00:00Z
ACC-00551,CUS-00551,EVERYDAY_CASH,2001-01-31,10200,0.00,,8,open,24.49,380,cash_back,2001-01-31T15:00:00Z
ACC-00552,CUS-00552,FOUNDATION,1999-06-19,1200,0.00,,3,open,28.49,308,cash_back,1999-06-19T14:00:00Z
ACC-00553,CUS-00553,VOYAGER,2017-11-28,5400,95.00,11,12,open,24.49,12829,miles,2017-11-28T15:00:00Z
ACC-00554,CUS-00554,VOYAGER,2002-03-23,5800,95.00,3,25,open,24.49,907,miles,2002-03-23T15:00:00Z
ACC-00555,CUS-00555,VOYAGER,2021-03-05,6300,95.00,3,8,open,24.49,74666,miles,2021-03-05T15:00:00Z
ACC-00556,CUS-00556,VOYAGER,2004-10-24,6900,95.00,10,12,open,24.49,82509,miles,2004-10-24T14:00:00Z
ACC-00557,CUS-00557,EVERYDAY_CASH,2017-05-13,6600,0.00,,12,open,24.49,121,cash_back,2017-05-13T14:00:00Z
ACC-00558,CUS-00558,VOYAGER,2016-02-26,16400,95.00,2,20,open,24.49,22059,miles,2016-02-26T15:00:00Z
ACC-00559,CUS-00559,FOUNDATION,2020-11-06,1300,0.00,,8,open,28.49,310,cash_back,2020-11-06T15:00:00Z
ACC-00560,CUS-00560,SUMMIT,2026-07-01,29300,450.00,7,20,open,25.99,71451,miles,2026-07-01T14:00:00Z
ACC-00561,CUS-00561,EVERYDAY_CASH,2026-06-21,7700,0.00,,12,open,24.49,161,cash_back,2026-06-21T14:00:00Z
ACC-00562,CUS-00562,SUMMIT,2022-08-04,17000,450.00,8,8,open,25.99,14230,miles,2022-08-04T14:00:00Z
ACC-00563,CUS-00563,EVERYDAY_CASH,2026-08-24,10500,0.00,,25,open,24.49,200,cash_back,2026-08-24T14:00:00Z
ACC-00564,CUS-00564,EVERYDAY_CASH,1999-11-15,5700,0.00,,12,open,24.49,235,cash_back,1999-11-15T15:00:00Z
ACC-00565,CUS-00565,EVERYDAY_CASH,2010-05-17,2000,0.00,,25,open,24.49,28,cash_back,2010-05-17T14:00:00Z
ACC-00566,CUS-00566,FOUNDATION,2015-08-19,400,0.00,,8,open,28.49,461,cash_back,2015-08-19T14:00:00Z
ACC-00567,CUS-00567,EVERYDAY_CASH,2002-06-30,6500,0.00,,12,open,24.49,155,cash_back,2002-06-30T14:00:00Z
ACC-00568,CUS-00568,VOYAGER,2000-08-22,12400,95.00,8,17,open,24.49,71545,miles,2000-08-22T14:00:00Z
ACC-00569,CUS-00569,EVERYDAY_CASH,2009-06-17,6400,0.00,,8,open,24.49,344,cash_back,2009-06-17T14:00:00Z
ACC-00570,CUS-00570,VOYAGER,2023-02-05,9800,95.00,2,8,open,24.49,35412,miles,2023-02-05T15:00:00Z
ACC-00571,CUS-00571,FOUNDATION,2010-05-27,1100,0.00,,12,open,28.49,428,cash_back,2010-05-27T14:00:00Z
ACC-00572,CUS-00572,EVERYDAY_CASH,2011-08-13,4700,0.00,,20,open,24.49,569,cash_back,2011-08-13T14:00:00Z
ACC-00573,CUS-00573,EVERYDAY_CASH,2005-06-07,8200,0.00,,25,open,24.49,255,cash_back,2005-06-07T14:00:00Z
ACC-00574,CUS-00574,FOUNDATION,2014-04-13,700,0.00,,8,open,28.49,62,cash_back,2014-04-13T14:00:00Z
ACC-00575,CUS-00575,FOUNDATION,2015-02-08,1100,0.00,,8,open,28.49,135,cash_back,2015-02-08T15:00:00Z
ACC-00576,CUS-00576,VOYAGER,2016-04-24,10400,95.00,4,17,open,24.49,57503,miles,2016-04-24T14:00:00Z
ACC-00577,CUS-00577,EVERYDAY_CASH,2009-11-10,5100,0.00,,8,open,24.49,429,cash_back,2009-11-10T15:00:00Z
ACC-00578,CUS-00578,VOYAGER,2026-08-11,19000,95.00,8,20,open,24.49,73349,miles,2026-08-11T14:00:00Z
ACC-00579,CUS-00579,VOYAGER,2014-11-14,16000,95.00,11,3,open,24.49,28506,miles,2014-11-14T15:00:00Z
ACC-00580,CUS-00580,FOUNDATION,2026-06-13,900,0.00,,3,open,28.49,381,cash_back,2026-06-13T14:00:00Z
ACC-00581,CUS-00581,FOUNDATION,2008-11-04,500,0.00,,25,open,28.49,45,cash_back,2008-11-04T15:00:00Z
ACC-00582,CUS-00582,EVERYDAY_CASH,2022-03-24,11400,0.00,,17,open,24.49,128,cash_back,2022-03-24T14:00:00Z
ACC-00583,CUS-00583,EVERYDAY_CASH,2012-02-13,11100,0.00,,3,open,24.49,588,cash_back,2012-02-13T15:00:00Z
ACC-00584,CUS-00584,EVERYDAY_CASH,2009-08-07,9500,0.00,,17,open,24.49,390,cash_back,2009-08-07T14:00:00Z
ACC-00585,CUS-00585,EVERYDAY_CASH,2007-04-07,9500,0.00,,8,open,24.49,309,cash_back,2007-04-07T14:00:00Z
ACC-00586,CUS-00586,VOYAGER,2007-07-11,16100,95.00,7,20,open,24.49,69296,miles,2007-07-11T14:00:00Z
ACC-00587,CUS-00587,VOYAGER,2020-02-05,7000,95.00,2,3,open,24.49,79837,miles,2020-02-05T15:00:00Z
ACC-00588,CUS-00588,EVERYDAY_CASH,2021-01-20,10400,0.00,,25,open,24.49,42,cash_back,2021-01-20T15:00:00Z
ACC-00589,CUS-00589,EVERYDAY_CASH,2001-06-05,6300,0.00,,17,open,24.49,198,cash_back,2001-06-05T14:00:00Z
ACC-00590,CUS-00590,VOYAGER,2010-12-15,9600,95.00,12,17,open,24.49,42190,miles,2010-12-15T15:00:00Z
ACC-00591,CUS-00591,SUMMIT,2015-09-19,33300,450.00,9,20,open,25.99,44717,miles,2015-09-19T14:00:00Z
ACC-00592,CUS-00592,EVERYDAY_CASH,2002-05-11,3400,0.00,,25,open,24.49,531,cash_back,2002-05-11T14:00:00Z
ACC-00593,CUS-00593,VOYAGER,2006-11-05,6200,95.00,11,17,open,24.49,39148,miles,2006-11-05T15:00:00Z
ACC-00594,CUS-00594,VOYAGER,2018-05-29,4300,95.00,5,25,open,24.49,13638,miles,2018-05-29T14:00:00Z
ACC-00595,CUS-00595,EVERYDAY_CASH,2017-08-31,9500,0.00,,25,open,24.49,441,cash_back,2017-08-31T14:00:00Z
ACC-00596,CUS-00596,EVERYDAY_CASH,2026-01-07,7800,0.00,,25,open,24.49,307,cash_back,2026-01-07T15:00:00Z
ACC-00597,CUS-00597,VOYAGER,2002-09-17,14700,95.00,9,12,open,24.49,49146,miles,2002-09-17T14:00:00Z
ACC-00598,CUS-00598,EVERYDAY_CASH,2026-08-16,3700,0.00,,20,open,24.49,594,cash_back,2026-08-16T14:00:00Z
ACC-00599,CUS-00599,FOUNDATION,2009-09-17,500,0.00,,25,open,28.49,444,cash_back,2009-09-17T14:00:00Z
ACC-00600,CUS-00600,VOYAGER,2026-08-19,10400,95.00,8,25,open,24.49,26684,miles,2026-08-19T14:00:00Z
ACC-00601,CUS-00601,VOYAGER,2022-04-16,13600,95.00,4,8,open,24.49,86889,miles,2022-04-16T14:00:00Z
ACC-00602,CUS-00602,EVERYDAY_CASH,2011-09-29,6900,0.00,,8,open,24.49,69,cash_back,2011-09-29T14:00:00Z
ACC-00603,CUS-00603,VOYAGER,2023-05-28,4200,95.00,5,3,open,24.49,2656,miles,2023-05-28T14:00:00Z
ACC-00604,CUS-00604,VOYAGER,2012-06-20,11100,95.00,6,8,open,24.49,77318,miles,2012-06-20T14:00:00Z
ACC-00605,CUS-00605,EVERYDAY_CASH,2026-04-24,3400,0.00,,20,open,24.49,189,cash_back,2026-04-24T14:00:00Z
ACC-00606,CUS-00606,FOUNDATION,2026-03-20,1000,0.00,,12,open,28.49,479,cash_back,2026-03-20T14:00:00Z
ACC-00607,CUS-00607,EVERYDAY_CASH,2023-10-10,10200,0.00,,25,open,24.49,157,cash_back,2023-10-10T14:00:00Z
ACC-00608,CUS-00608,FOUNDATION,2009-06-18,1400,0.00,,12,open,28.49,364,cash_back,2009-06-18T14:00:00Z
ACC-00609,CUS-00609,EVERYDAY_CASH,2009-11-16,2700,0.00,,17,open,24.49,466,cash_back,2009-11-16T15:00:00Z
ACC-00610,CUS-00610,VOYAGER,2004-06-22,15600,95.00,6,25,open,24.49,11915,miles,2004-06-22T14:00:00Z
ACC-00611,CUS-00611,SUMMIT,2021-07-05,10000,450.00,7,17,open,25.99,80293,miles,2021-07-05T14:00:00Z
ACC-00612,CUS-00612,VOYAGER,2016-04-25,15500,95.00,4,17,open,24.49,15517,miles,2016-04-25T14:00:00Z
ACC-00613,CUS-00613,SUMMIT,2020-12-26,27000,450.00,12,12,open,25.99,7855,miles,2020-12-26T15:00:00Z
ACC-00614,CUS-00614,SUMMIT,2019-03-04,26300,450.00,3,20,open,25.99,8613,miles,2019-03-04T15:00:00Z
ACC-00615,CUS-00615,FOUNDATION,2021-08-14,1200,0.00,,20,open,28.49,157,cash_back,2021-08-14T14:00:00Z
ACC-00616,CUS-00616,EVERYDAY_CASH,2006-05-13,11700,0.00,,3,open,24.49,216,cash_back,2006-05-13T14:00:00Z
ACC-00617,CUS-00617,VOYAGER,2003-09-10,11300,95.00,9,12,open,24.49,36251,miles,2003-09-10T14:00:00Z
ACC-00618,CUS-00618,EVERYDAY_CASH,2000-01-17,10800,0.00,,3,open,24.49,188,cash_back,2000-01-17T15:00:00Z
ACC-00619,CUS-00619,SUMMIT,2022-08-18,19300,450.00,8,12,open,25.99,24305,miles,2022-08-18T14:00:00Z
ACC-00620,CUS-00620,VOYAGER,2020-02-03,18000,95.00,2,17,open,24.49,64646,miles,2020-02-03T15:00:00Z
ACC-00621,CUS-00621,SUMMIT,2022-09-21,22100,450.00,9,3,open,25.99,21838,miles,2022-09-21T14:00:00Z
ACC-00622,CUS-00622,EVERYDAY_CASH,2006-05-30,6900,0.00,,8,open,24.49,164,cash_back,2006-05-30T14:00:00Z
ACC-00623,CUS-00623,VOYAGER,2026-03-17,13000,95.00,3,8,open,24.49,34058,miles,2026-03-17T14:00:00Z
ACC-00624,CUS-00624,EVERYDAY_CASH,2007-12-08,8700,0.00,,20,open,24.49,221,cash_back,2007-12-08T15:00:00Z
ACC-00625,CUS-00625,VOYAGER,2026-05-01,18900,95.00,5,12,open,24.49,50611,miles,2026-05-01T14:00:00Z
ACC-00626,CUS-00626,EVERYDAY_CASH,1999-04-19,8200,0.00,,20,open,24.49,328,cash_back,1999-04-19T14:00:00Z
ACC-00627,CUS-00627,VOYAGER,2022-01-23,16500,95.00,1,3,open,24.49,44552,miles,2022-01-23T15:00:00Z
ACC-00628,CUS-00628,VOYAGER,2007-09-25,6500,95.00,9,12,open,24.49,81013,miles,2007-09-25T14:00:00Z
ACC-00629,CUS-00629,VOYAGER,2017-07-16,4200,95.00,7,20,open,24.49,82201,miles,2017-07-16T14:00:00Z
ACC-00630,CUS-00630,EVERYDAY_CASH,1999-10-23,7900,0.00,,17,open,24.49,559,cash_back,1999-10-23T14:00:00Z
ACC-00631,CUS-00631,VOYAGER,2003-10-04,6300,95.00,10,3,open,24.49,86668,miles,2003-10-04T14:00:00Z
ACC-00632,CUS-00632,VOYAGER,1999-08-16,4300,95.00,8,25,open,24.49,56680,miles,1999-08-16T14:00:00Z
ACC-00633,CUS-00633,EVERYDAY_CASH,1999-08-16,1500,0.00,,25,open,24.49,572,cash_back,1999-08-16T14:00:00Z
ACC-00634,CUS-00634,EVERYDAY_CASH,2001-10-24,3800,0.00,,25,open,24.49,283,cash_back,2001-10-24T14:00:00Z
ACC-00635,CUS-00635,FOUNDATION,2024-04-23,300,0.00,,3,open,28.49,400,cash_back,2024-04-23T14:00:00Z
ACC-00636,CUS-00636,EVERYDAY_CASH,2015-12-26,9900,0.00,,8,open,24.49,457,cash_back,2015-12-26T15:00:00Z
ACC-00637,CUS-00637,EVERYDAY_CASH,2017-10-30,8500,0.00,,17,open,24.49,458,cash_back,2017-10-30T14:00:00Z
ACC-00638,CUS-00638,VOYAGER,2016-12-26,18000,95.00,12,17,open,24.49,13065,miles,2016-12-26T15:00:00Z
ACC-00639,CUS-00639,SUMMIT,2026-06-06,13400,450.00,6,17,open,25.99,46776,miles,2026-06-06T14:00:00Z
ACC-00640,CUS-00640,EVERYDAY_CASH,2000-06-22,11000,0.00,,20,open,24.49,260,cash_back,2000-06-22T14:00:00Z
ACC-00641,CUS-00641,VOYAGER,2002-07-17,15300,95.00,7,3,open,24.49,87904,miles,2002-07-17T14:00:00Z
ACC-00642,CUS-00642,EVERYDAY_CASH,2021-07-08,1900,0.00,,20,open,24.49,22,cash_back,2021-07-08T14:00:00Z
ACC-00643,CUS-00643,EVERYDAY_CASH,2001-03-04,10500,0.00,,25,open,24.49,255,cash_back,2001-03-04T15:00:00Z
ACC-00644,CUS-00644,VOYAGER,2020-01-06,12600,95.00,1,25,open,24.49,87553,miles,2020-01-06T15:00:00Z
ACC-00645,CUS-00645,VOYAGER,2008-07-01,6000,95.00,7,8,open,24.49,6675,miles,2008-07-01T14:00:00Z
ACC-00646,CUS-00646,EVERYDAY_CASH,2009-05-20,6000,0.00,,17,open,24.49,462,cash_back,2009-05-20T14:00:00Z
ACC-00647,CUS-00647,VOYAGER,2004-04-05,18100,95.00,4,8,open,24.49,19860,miles,2004-04-05T14:00:00Z
ACC-00648,CUS-00648,VOYAGER,2026-08-23,7800,95.00,8,20,open,24.49,17367,miles,2026-08-23T14:00:00Z
ACC-00649,CUS-00649,EVERYDAY_CASH,2008-04-06,5800,0.00,,3,open,24.49,510,cash_back,2008-04-06T14:00:00Z
ACC-00650,CUS-00650,FOUNDATION,2002-11-03,1000,0.00,,12,open,28.49,3,cash_back,2002-11-03T15:00:00Z
ACC-00651,CUS-00651,FOUNDATION,2025-11-26,700,0.00,,20,open,28.49,140,cash_back,2025-11-26T15:00:00Z
ACC-00652,CUS-00652,EVERYDAY_CASH,2012-07-13,4700,0.00,,25,open,24.49,167,cash_back,2012-07-13T14:00:00Z
ACC-00653,CUS-00653,FOUNDATION,2011-09-29,1400,0.00,,3,open,28.49,88,cash_back,2011-09-29T14:00:00Z
ACC-00654,CUS-00654,EVERYDAY_CASH,2012-08-10,1500,0.00,,17,open,24.49,81,cash_back,2012-08-10T14:00:00Z
ACC-00655,CUS-00655,EVERYDAY_CASH,2023-09-03,8200,0.00,,8,open,24.49,204,cash_back,2023-09-03T14:00:00Z
ACC-00656,CUS-00656,EVERYDAY_CASH,2026-09-03,9800,0.00,,17,open,24.49,562,cash_back,2026-09-03T14:00:00Z
ACC-00657,CUS-00657,FOUNDATION,2025-11-27,800,0.00,,3,open,28.49,144,cash_back,2025-11-27T15:00:00Z
ACC-00658,CUS-00658,VOYAGER,1999-08-03,9000,95.00,8,25,open,24.49,15408,miles,1999-08-03T14:00:00Z
ACC-00659,CUS-00659,EVERYDAY_CASH,2016-08-30,9300,0.00,,20,open,24.49,541,cash_back,2016-08-30T14:00:00Z
ACC-00660,CUS-00660,VOYAGER,2022-05-20,14900,95.00,5,8,open,24.49,49608,miles,2022-05-20T14:00:00Z
ACC-00661,CUS-00661,FOUNDATION,2009-05-27,800,0.00,,17,open,28.49,481,cash_back,2009-05-27T14:00:00Z
ACC-00662,CUS-00662,VOYAGER,2005-03-29,5800,95.00,3,3,open,24.49,84595,miles,2005-03-29T15:00:00Z
ACC-00663,CUS-00663,EVERYDAY_CASH,2014-04-28,10800,0.00,,25,open,24.49,412,cash_back,2014-04-28T14:00:00Z
ACC-00664,CUS-00664,VOYAGER,2000-05-23,5800,95.00,5,12,open,24.49,77674,miles,2000-05-23T14:00:00Z
ACC-00665,CUS-00665,FOUNDATION,2020-11-24,1000,0.00,,25,open,28.49,396,cash_back,2020-11-24T15:00:00Z
ACC-00666,CUS-00666,EVERYDAY_CASH,2015-09-03,7600,0.00,,3,open,24.49,322,cash_back,2015-09-03T14:00:00Z
ACC-00667,CUS-00667,EVERYDAY_CASH,2001-10-25,1900,0.00,,12,open,24.49,138,cash_back,2001-10-25T14:00:00Z
ACC-00668,CUS-00668,EVERYDAY_CASH,2026-02-02,1600,0.00,,20,open,24.49,305,cash_back,2026-02-02T15:00:00Z
ACC-00669,CUS-00669,EVERYDAY_CASH,2004-07-04,9400,0.00,,17,open,24.49,254,cash_back,2004-07-04T14:00:00Z
ACC-00670,CUS-00670,EVERYDAY_CASH,2000-10-19,2800,0.00,,8,open,24.49,358,cash_back,2000-10-19T14:00:00Z
ACC-00671,CUS-00671,VOYAGER,2004-02-04,15200,95.00,2,3,open,24.49,66737,miles,2004-02-04T15:00:00Z
ACC-00672,CUS-00672,VOYAGER,2019-11-24,19700,95.00,11,3,open,24.49,30078,miles,2019-11-24T15:00:00Z
ACC-00673,CUS-00673,VOYAGER,2021-06-15,11900,95.00,6,17,open,24.49,43698,miles,2021-06-15T14:00:00Z
ACC-00674,CUS-00674,EVERYDAY_CASH,2009-07-01,7600,0.00,,12,open,24.49,587,cash_back,2009-07-01T14:00:00Z
ACC-00675,CUS-00675,FOUNDATION,2011-02-01,300,0.00,,8,open,28.49,394,cash_back,2011-02-01T15:00:00Z
ACC-00676,CUS-00676,FOUNDATION,2023-03-09,1100,0.00,,12,open,28.49,124,cash_back,2023-03-09T15:00:00Z
ACC-00677,CUS-00677,VOYAGER,2012-03-18,13100,95.00,3,3,open,24.49,12166,miles,2012-03-18T14:00:00Z
ACC-00678,CUS-00678,FOUNDATION,2015-06-04,1000,0.00,,20,open,28.49,398,cash_back,2015-06-04T14:00:00Z
ACC-00679,CUS-00679,EVERYDAY_CASH,2013-11-04,8500,0.00,,12,open,24.49,259,cash_back,2013-11-04T15:00:00Z
ACC-00680,CUS-00680,EVERYDAY_CASH,2020-10-12,4600,0.00,,12,open,24.49,349,cash_back,2020-10-12T14:00:00Z
ACC-00681,CUS-00681,EVERYDAY_CASH,2008-04-11,4600,0.00,,12,open,24.49,526,cash_back,2008-04-11T14:00:00Z
ACC-00682,CUS-00682,VOYAGER,2020-07-02,6000,95.00,7,3,open,24.49,63509,miles,2020-07-02T14:00:00Z
ACC-00683,CUS-00683,VOYAGER,2024-05-30,18500,95.00,5,12,open,24.49,51749,miles,2024-05-30T14:00:00Z
ACC-00684,CUS-00684,FOUNDATION,2009-11-02,700,0.00,,12,open,28.49,78,cash_back,2009-11-02T15:00:00Z
ACC-00685,CUS-00685,VOYAGER,2006-02-12,15400,95.00,2,12,open,24.49,86534,miles,2006-02-12T15:00:00Z
ACC-00686,CUS-00686,VOYAGER,2004-07-25,19000,95.00,7,8,open,24.49,5647,miles,2004-07-25T14:00:00Z
ACC-00687,CUS-00687,VOYAGER,2016-07-30,19800,95.00,7,17,open,24.49,6787,miles,2016-07-30T14:00:00Z
ACC-00688,CUS-00688,EVERYDAY_CASH,2019-06-03,2900,0.00,,3,open,24.49,561,cash_back,2019-06-03T14:00:00Z
ACC-00689,CUS-00689,VOYAGER,2008-11-08,14700,95.00,11,17,open,24.49,68545,miles,2008-11-08T15:00:00Z
ACC-00690,CUS-00690,VOYAGER,2010-06-23,13500,95.00,6,25,open,24.49,14054,miles,2010-06-23T14:00:00Z
ACC-00691,CUS-00691,FOUNDATION,2013-09-26,500,0.00,,25,open,28.49,375,cash_back,2013-09-26T14:00:00Z
ACC-00692,CUS-00692,EVERYDAY_CASH,2010-09-06,11800,0.00,,12,open,24.49,360,cash_back,2010-09-06T14:00:00Z
ACC-00693,CUS-00693,EVERYDAY_CASH,2009-10-16,1800,0.00,,8,open,24.49,289,cash_back,2009-10-16T14:00:00Z
ACC-00694,CUS-00694,EVERYDAY_CASH,2006-05-11,11300,0.00,,25,open,24.49,189,cash_back,2006-05-11T14:00:00Z
ACC-00695,CUS-00695,FOUNDATION,2022-01-01,1100,0.00,,3,open,28.49,349,cash_back,2022-01-01T15:00:00Z
ACC-00696,CUS-00696,EVERYDAY_CASH,2023-09-17,6300,0.00,,20,open,24.49,154,cash_back,2023-09-17T14:00:00Z
ACC-00697,CUS-00697,EVERYDAY_CASH,2005-02-11,1800,0.00,,3,open,24.49,222,cash_back,2005-02-11T15:00:00Z
ACC-00698,CUS-00698,EVERYDAY_CASH,2005-09-24,9700,0.00,,17,open,24.49,534,cash_back,2005-09-24T14:00:00Z
ACC-00699,CUS-00699,EVERYDAY_CASH,2002-10-07,8600,0.00,,12,open,24.49,51,cash_back,2002-10-07T14:00:00Z
ACC-00700,CUS-00700,FOUNDATION,2018-02-09,700,0.00,,17,open,28.49,546,cash_back,2018-02-09T15:00:00Z
ACC-00701,CUS-00701,EVERYDAY_CASH,2007-08-19,8800,0.00,,17,open,24.49,151,cash_back,2007-08-19T14:00:00Z
ACC-00702,CUS-00702,FOUNDATION,2005-07-28,400,0.00,,8,open,28.49,599,cash_back,2005-07-28T14:00:00Z
ACC-00703,CUS-00703,SUMMIT,2022-06-28,18300,450.00,6,17,open,25.99,29376,miles,2022-06-28T14:00:00Z
ACC-00704,CUS-00704,FOUNDATION,2018-12-05,300,0.00,,17,open,28.49,128,cash_back,2018-12-05T15:00:00Z
ACC-00705,CUS-00705,EVERYDAY_CASH,2026-01-22,3300,0.00,,20,open,24.49,439,cash_back,2026-01-22T15:00:00Z
ACC-00706,CUS-00706,FOUNDATION,2011-05-19,800,0.00,,17,open,28.49,190,cash_back,2011-05-19T14:00:00Z
ACC-00707,CUS-00707,EVERYDAY_CASH,2026-07-11,10600,0.00,,12,open,24.49,556,cash_back,2026-07-11T14:00:00Z
ACC-00708,CUS-00708,FOUNDATION,2017-09-27,500,0.00,,25,open,28.49,587,cash_back,2017-09-27T14:00:00Z
ACC-00709,CUS-00709,VOYAGER,2003-07-07,13200,95.00,7,20,open,24.49,20869,miles,2003-07-07T14:00:00Z
ACC-00710,CUS-00710,EVERYDAY_CASH,2018-11-23,2700,0.00,,25,open,24.49,470,cash_back,2018-11-23T15:00:00Z
ACC-00711,CUS-00711,VOYAGER,2002-08-23,18800,95.00,8,12,open,24.49,11534,miles,2002-08-23T14:00:00Z
ACC-00712,CUS-00712,VOYAGER,2012-03-28,4400,95.00,3,8,open,24.49,68373,miles,2012-03-28T14:00:00Z
ACC-00713,CUS-00713,VOYAGER,2019-11-03,7300,95.00,11,12,open,24.49,7606,miles,2019-11-03T15:00:00Z
ACC-00714,CUS-00714,VOYAGER,2008-10-26,18900,95.00,10,3,open,24.49,49018,miles,2008-10-26T14:00:00Z
ACC-00715,CUS-00715,FOUNDATION,1999-04-21,1400,0.00,,8,open,28.49,19,cash_back,1999-04-21T14:00:00Z
ACC-00716,CUS-00716,EVERYDAY_CASH,2023-11-16,5500,0.00,,20,open,24.49,176,cash_back,2023-11-16T15:00:00Z
ACC-00717,CUS-00717,FOUNDATION,2026-09-10,800,0.00,,8,open,28.49,525,cash_back,2026-09-10T14:00:00Z
ACC-00718,CUS-00718,VOYAGER,2016-06-08,6300,95.00,6,17,open,24.49,59104,miles,2016-06-08T14:00:00Z
ACC-00719,CUS-00719,EVERYDAY_CASH,2026-08-16,8700,0.00,,3,open,24.49,14,cash_back,2026-08-16T14:00:00Z
ACC-00720,CUS-00720,SUMMIT,2012-04-22,26500,450.00,4,25,open,25.99,53288,miles,2012-04-22T14:00:00Z
ACC-00721,CUS-00721,EVERYDAY_CASH,2018-10-05,5400,0.00,,8,open,24.49,101,cash_back,2018-10-05T14:00:00Z
ACC-00722,CUS-00722,VOYAGER,2018-12-13,17300,95.00,12,3,open,24.49,22744,miles,2018-12-13T15:00:00Z
ACC-00723,CUS-00723,EVERYDAY_CASH,2012-01-14,3500,0.00,,12,open,24.49,493,cash_back,2012-01-14T15:00:00Z
ACC-00724,CUS-00724,EVERYDAY_CASH,2004-02-04,9300,0.00,,12,open,24.49,30,cash_back,2004-02-04T15:00:00Z
ACC-00725,CUS-00725,VOYAGER,2006-10-03,19800,95.00,10,25,open,24.49,71029,miles,2006-10-03T14:00:00Z
ACC-00726,CUS-00726,FOUNDATION,2000-11-08,500,0.00,,12,open,28.49,358,cash_back,2000-11-08T15:00:00Z
ACC-00727,CUS-00727,EVERYDAY_CASH,2009-10-10,4800,0.00,,25,open,24.49,69,cash_back,2009-10-10T14:00:00Z
ACC-00728,CUS-00728,VOYAGER,2014-03-20,7800,95.00,3,20,open,24.49,68638,miles,2014-03-20T14:00:00Z
ACC-00729,CUS-00729,VOYAGER,2026-05-02,9600,95.00,5,17,open,24.49,73590,miles,2026-05-02T14:00:00Z
ACC-00730,CUS-00730,EVERYDAY_CASH,2009-04-29,5000,0.00,,20,open,24.49,327,cash_back,2009-04-29T14:00:00Z
ACC-00731,CUS-00731,EVERYDAY_CASH,2007-06-21,7600,0.00,,12,open,24.49,579,cash_back,2007-06-21T14:00:00Z
ACC-00732,CUS-00732,FOUNDATION,2009-10-05,600,0.00,,3,open,28.49,393,cash_back,2009-10-05T14:00:00Z
ACC-00733,CUS-00733,EVERYDAY_CASH,2012-07-20,2800,0.00,,12,open,24.49,105,cash_back,2012-07-20T14:00:00Z
ACC-00734,CUS-00734,EVERYDAY_CASH,2001-11-03,2700,0.00,,8,open,24.49,475,cash_back,2001-11-03T15:00:00Z
ACC-00735,CUS-00735,EVERYDAY_CASH,2007-10-26,2900,0.00,,3,open,24.49,451,cash_back,2007-10-26T14:00:00Z
ACC-00736,CUS-00736,FOUNDATION,2020-05-09,1000,0.00,,8,open,28.49,58,cash_back,2020-05-09T14:00:00Z
ACC-00737,CUS-00737,EVERYDAY_CASH,2020-01-15,4200,0.00,,12,open,24.49,262,cash_back,2020-01-15T15:00:00Z
ACC-00738,CUS-00738,EVERYDAY_CASH,2013-10-24,1700,0.00,,8,open,24.49,544,cash_back,2013-10-24T14:00:00Z
ACC-00739,CUS-00739,VOYAGER,2003-06-12,12300,95.00,6,25,open,24.49,21205,miles,2003-06-12T14:00:00Z
ACC-00740,CUS-00740,FOUNDATION,2008-11-15,700,0.00,,3,open,28.49,1,cash_back,2008-11-15T15:00:00Z
ACC-00741,CUS-00741,VOYAGER,2011-12-04,9700,95.00,12,25,open,24.49,18575,miles,2011-12-04T15:00:00Z
ACC-00742,CUS-00742,EVERYDAY_CASH,2022-11-12,1800,0.00,,17,open,24.49,466,cash_back,2022-11-12T15:00:00Z
ACC-00743,CUS-00743,EVERYDAY_CASH,2007-04-13,3300,0.00,,3,open,24.49,262,cash_back,2007-04-13T14:00:00Z
ACC-00744,CUS-00744,EVERYDAY_CASH,2017-09-02,8500,0.00,,17,open,24.49,522,cash_back,2017-09-02T14:00:00Z
ACC-00745,CUS-00745,SUMMIT,2023-03-10,11300,450.00,3,17,open,25.99,48614,miles,2023-03-10T15:00:00Z
ACC-00746,CUS-00746,EVERYDAY_CASH,1999-03-26,3500,0.00,,8,open,24.49,440,cash_back,1999-03-26T15:00:00Z
ACC-00747,CUS-00747,EVERYDAY_CASH,2019-03-19,4300,0.00,,3,open,24.49,276,cash_back,2019-03-19T14:00:00Z
ACC-00748,CUS-00748,VOYAGER,2025-12-12,16400,95.00,12,8,open,24.49,83614,miles,2025-12-12T15:00:00Z
ACC-00749,CUS-00749,EVERYDAY_CASH,2024-05-20,8900,0.00,,20,open,24.49,276,cash_back,2024-05-20T14:00:00Z
ACC-00750,CUS-00750,VOYAGER,2010-02-20,19700,95.00,2,25,open,24.49,21252,miles,2010-02-20T15:00:00Z
ACC-00751,CUS-00751,FOUNDATION,2022-04-02,400,0.00,,3,open,28.49,56,cash_back,2022-04-02T14:00:00Z
ACC-00752,CUS-00752,FOUNDATION,2014-01-08,1200,0.00,,20,open,28.49,123,cash_back,2014-01-08T15:00:00Z
ACC-00753,CUS-00753,VOYAGER,2017-10-22,15800,95.00,10,17,open,24.49,47235,miles,2017-10-22T14:00:00Z
ACC-00754,CUS-00754,VOYAGER,2016-10-16,5900,95.00,10,25,open,24.49,40444,miles,2016-10-16T14:00:00Z
ACC-00755,CUS-00755,FOUNDATION,1999-06-01,1100,0.00,,17,open,28.49,285,cash_back,1999-06-01T14:00:00Z
ACC-00756,CUS-00756,EVERYDAY_CASH,2012-02-16,7700,0.00,,17,open,24.49,169,cash_back,2012-02-16T15:00:00Z
ACC-00757,CUS-00757,FOUNDATION,2015-02-01,400,0.00,,25,open,28.49,583,cash_back,2015-02-01T15:00:00Z
ACC-00758,CUS-00758,VOYAGER,2014-09-06,15400,95.00,9,25,open,24.49,33777,miles,2014-09-06T14:00:00Z
ACC-00759,CUS-00759,EVERYDAY_CASH,2026-09-05,10100,0.00,,20,open,24.49,265,cash_back,2026-09-05T14:00:00Z
ACC-00760,CUS-00760,SUMMIT,2002-08-24,15600,450.00,8,8,open,25.99,68435,miles,2002-08-24T14:00:00Z
ACC-00761,CUS-00761,EVERYDAY_CASH,2005-02-03,3600,0.00,,20,open,24.49,301,cash_back,2005-02-03T15:00:00Z
ACC-00762,CUS-00762,EVERYDAY_CASH,2019-09-19,7600,0.00,,17,open,24.49,87,cash_back,2019-09-19T14:00:00Z
ACC-00763,CUS-00763,EVERYDAY_CASH,2009-06-23,4900,0.00,,20,open,24.49,397,cash_back,2009-06-23T14:00:00Z
ACC-00764,CUS-00764,EVERYDAY_CASH,2018-03-01,8300,0.00,,8,open,24.49,562,cash_back,2018-03-01T15:00:00Z
ACC-00765,CUS-00765,EVERYDAY_CASH,2024-04-30,10200,0.00,,8,open,24.49,508,cash_back,2024-04-30T14:00:00Z
ACC-00766,CUS-00766,FOUNDATION,2016-12-09,1400,0.00,,3,open,28.49,92,cash_back,2016-12-09T15:00:00Z
ACC-00767,CUS-00767,EVERYDAY_CASH,2000-06-01,5100,0.00,,20,open,24.49,209,cash_back,2000-06-01T14:00:00Z
ACC-00768,CUS-00768,FOUNDATION,2024-08-20,600,0.00,,8,open,28.49,199,cash_back,2024-08-20T14:00:00Z
ACC-00769,CUS-00769,EVERYDAY_CASH,2017-07-14,8700,0.00,,3,open,24.49,488,cash_back,2017-07-14T14:00:00Z
ACC-00770,CUS-00770,SUMMIT,2013-12-07,24300,450.00,12,17,open,25.99,35151,miles,2013-12-07T15:00:00Z
ACC-00771,CUS-00771,FOUNDATION,2005-06-29,1000,0.00,,17,open,28.49,66,cash_back,2005-06-29T14:00:00Z
ACC-00772,CUS-00772,VOYAGER,2024-08-03,14300,95.00,8,8,open,24.49,9958,miles,2024-08-03T14:00:00Z
ACC-00773,CUS-00773,VOYAGER,2017-07-13,14900,95.00,7,20,open,24.49,53743,miles,2017-07-13T14:00:00Z
ACC-00774,CUS-00774,EVERYDAY_CASH,2014-11-20,10200,0.00,,3,open,24.49,286,cash_back,2014-11-20T15:00:00Z
ACC-00775,CUS-00775,EVERYDAY_CASH,2009-04-17,10800,0.00,,17,open,24.49,133,cash_back,2009-04-17T14:00:00Z
ACC-00776,CUS-00776,FOUNDATION,2026-01-06,300,0.00,,3,open,28.49,577,cash_back,2026-01-06T15:00:00Z
ACC-00777,CUS-00777,VOYAGER,2006-10-22,8200,95.00,10,12,open,24.49,32471,miles,2006-10-22T14:00:00Z
ACC-00778,CUS-00778,EVERYDAY_CASH,2008-03-14,2400,0.00,,25,open,24.49,477,cash_back,2008-03-14T14:00:00Z
ACC-00779,CUS-00779,EVERYDAY_CASH,1999-07-23,8700,0.00,,20,open,24.49,76,cash_back,1999-07-23T14:00:00Z
ACC-00780,CUS-00780,EVERYDAY_CASH,2020-06-06,2000,0.00,,17,open,24.49,441,cash_back,2020-06-06T14:00:00Z
ACC-00781,CUS-00781,FOUNDATION,2026-04-17,1200,0.00,,3,open,28.49,354,cash_back,2026-04-17T14:00:00Z
ACC-00782,CUS-00782,VOYAGER,2006-08-13,5900,95.00,8,12,open,24.49,40023,miles,2006-08-13T14:00:00Z
ACC-00783,CUS-00783,EVERYDAY_CASH,2026-08-06,6300,0.00,,8,open,24.49,4,cash_back,2026-08-06T14:00:00Z
ACC-00784,CUS-00784,SUMMIT,2022-05-20,16600,450.00,5,17,open,25.99,13393,miles,2022-05-20T14:00:00Z
ACC-00785,CUS-00785,EVERYDAY_CASH,2024-07-16,7700,0.00,,8,open,24.49,262,cash_back,2024-07-16T14:00:00Z
ACC-00786,CUS-00786,EVERYDAY_CASH,2000-03-22,11900,0.00,,25,open,24.49,458,cash_back,2000-03-22T15:00:00Z
ACC-00787,CUS-00787,EVERYDAY_CASH,2011-08-07,10300,0.00,,12,open,24.49,520,cash_back,2011-08-07T14:00:00Z
ACC-00788,CUS-00788,EVERYDAY_CASH,2020-07-16,1500,0.00,,3,open,24.49,422,cash_back,2020-07-16T14:00:00Z
ACC-00789,CUS-00789,EVERYDAY_CASH,2006-10-02,5000,0.00,,25,open,24.49,440,cash_back,2006-10-02T14:00:00Z
ACC-00790,CUS-00790,EVERYDAY_CASH,2013-02-17,6200,0.00,,3,open,24.49,101,cash_back,2013-02-17T15:00:00Z
ACC-00791,CUS-00791,VOYAGER,2012-10-07,11200,95.00,10,25,open,24.49,5424,miles,2012-10-07T14:00:00Z
ACC-00792,CUS-00792,EVERYDAY_CASH,2012-11-19,5200,0.00,,25,open,24.49,77,cash_back,2012-11-19T15:00:00Z
ACC-00793,CUS-00793,VOYAGER,1999-05-01,17700,95.00,5,17,open,24.49,63523,miles,1999-05-01T14:00:00Z
ACC-00794,CUS-00794,EVERYDAY_CASH,2003-01-01,5400,0.00,,20,open,24.49,4,cash_back,2003-01-01T15:00:00Z
ACC-00795,CUS-00795,EVERYDAY_CASH,2004-05-17,11100,0.00,,8,open,24.49,247,cash_back,2004-05-17T14:00:00Z
ACC-00796,CUS-00796,EVERYDAY_CASH,2011-03-24,10500,0.00,,3,open,24.49,182,cash_back,2011-03-24T14:00:00Z
ACC-00797,CUS-00797,EVERYDAY_CASH,2018-05-02,2400,0.00,,3,open,24.49,545,cash_back,2018-05-02T14:00:00Z
ACC-00798,CUS-00798,FOUNDATION,2025-11-25,1400,0.00,,20,open,28.49,502,cash_back,2025-11-25T15:00:00Z
ACC-00799,CUS-00799,SUMMIT,2026-08-23,11400,450.00,8,3,open,25.99,80468,miles,2026-08-23T14:00:00Z
ACC-00800,CUS-00800,EVERYDAY_CASH,2015-03-21,2300,0.00,,25,open,24.49,583,cash_back,2015-03-21T14:00:00Z
ACC-00801,CUS-00801,SUMMIT,2002-02-12,34100,450.00,2,20,open,25.99,4413,miles,2002-02-12T15:00:00Z
ACC-00802,CUS-00802,VOYAGER,2020-12-14,4800,95.00,12,25,open,24.49,27205,miles,2020-12-14T15:00:00Z
ACC-00803,CUS-00803,VOYAGER,2024-01-27,18100,95.00,1,20,open,24.49,13865,miles,2024-01-27T15:00:00Z
ACC-00804,CUS-00804,EVERYDAY_CASH,2010-06-26,9600,0.00,,25,open,24.49,4,cash_back,2010-06-26T14:00:00Z
ACC-00805,CUS-00805,EVERYDAY_CASH,2026-09-06,6100,0.00,,3,open,24.49,498,cash_back,2026-09-06T14:00:00Z
ACC-00806,CUS-00806,VOYAGER,2006-08-09,18800,95.00,8,25,open,24.49,3302,miles,2006-08-09T14:00:00Z
ACC-00807,CUS-00807,EVERYDAY_CASH,2006-05-02,10000,0.00,,3,open,24.49,146,cash_back,2006-05-02T14:00:00Z
ACC-00808,CUS-00808,VOYAGER,2003-01-29,5800,95.00,1,17,open,24.49,51684,miles,2003-01-29T15:00:00Z
ACC-00809,CUS-00809,EVERYDAY_CASH,2001-01-28,10300,0.00,,25,open,24.49,462,cash_back,2001-01-28T15:00:00Z
ACC-00810,CUS-00810,EVERYDAY_CASH,2007-04-16,6100,0.00,,12,open,24.49,412,cash_back,2007-04-16T14:00:00Z
ACC-00811,CUS-00811,EVERYDAY_CASH,2014-11-29,10000,0.00,,17,open,24.49,174,cash_back,2014-11-29T15:00:00Z
ACC-00812,CUS-00812,VOYAGER,2005-11-18,18300,95.00,11,17,open,24.49,37680,miles,2005-11-18T15:00:00Z
ACC-00813,CUS-00813,EVERYDAY_CASH,2004-08-20,6700,0.00,,17,open,24.49,159,cash_back,2004-08-20T14:00:00Z
ACC-00814,CUS-00814,VOYAGER,2011-08-03,11200,95.00,8,8,open,24.49,79019,miles,2011-08-03T14:00:00Z
ACC-00815,CUS-00815,VOYAGER,2014-02-05,13200,95.00,2,3,open,24.49,81399,miles,2014-02-05T15:00:00Z
ACC-00816,CUS-00816,SUMMIT,2008-07-21,21900,450.00,7,25,open,25.99,41193,miles,2008-07-21T14:00:00Z
ACC-00817,CUS-00817,EVERYDAY_CASH,2000-11-24,4200,0.00,,12,open,24.49,516,cash_back,2000-11-24T15:00:00Z
ACC-00818,CUS-00818,EVERYDAY_CASH,2013-06-24,11300,0.00,,20,open,24.49,456,cash_back,2013-06-24T14:00:00Z
ACC-00819,CUS-00819,FOUNDATION,2012-04-06,1100,0.00,,17,open,28.49,311,cash_back,2012-04-06T14:00:00Z
ACC-00820,CUS-00820,EVERYDAY_CASH,2009-01-21,7200,0.00,,12,open,24.49,568,cash_back,2009-01-21T15:00:00Z
ACC-00821,CUS-00821,EVERYDAY_CASH,2013-09-11,9300,0.00,,25,open,24.49,277,cash_back,2013-09-11T14:00:00Z
ACC-00822,CUS-00822,FOUNDATION,2015-10-17,300,0.00,,25,open,28.49,51,cash_back,2015-10-17T14:00:00Z
ACC-00823,CUS-00823,EVERYDAY_CASH,2007-04-17,6000,0.00,,17,open,24.49,244,cash_back,2007-04-17T14:00:00Z
ACC-00824,CUS-00824,VOYAGER,2021-12-15,7100,95.00,12,12,open,24.49,3228,miles,2021-12-15T15:00:00Z
ACC-00825,CUS-00825,VOYAGER,2001-05-20,13900,95.00,5,17,open,24.49,47775,miles,2001-05-20T14:00:00Z
ACC-00826,CUS-00826,FOUNDATION,2002-08-29,900,0.00,,8,open,28.49,349,cash_back,2002-08-29T14:00:00Z
ACC-00827,CUS-00827,VOYAGER,2022-12-13,4300,95.00,12,20,open,24.49,43594,miles,2022-12-13T15:00:00Z
ACC-00828,CUS-00828,EVERYDAY_CASH,2008-08-24,11000,0.00,,3,open,24.49,586,cash_back,2008-08-24T14:00:00Z
ACC-00829,CUS-00829,EVERYDAY_CASH,2013-09-15,7100,0.00,,3,open,24.49,89,cash_back,2013-09-15T14:00:00Z
ACC-00830,CUS-00830,EVERYDAY_CASH,2017-01-20,4500,0.00,,25,open,24.49,347,cash_back,2017-01-20T15:00:00Z
ACC-00831,CUS-00831,EVERYDAY_CASH,2018-07-12,8500,0.00,,17,open,24.49,201,cash_back,2018-07-12T14:00:00Z
ACC-00832,CUS-00832,VOYAGER,2008-06-09,16500,95.00,6,8,open,24.49,59361,miles,2008-06-09T14:00:00Z
ACC-00833,CUS-00833,EVERYDAY_CASH,2001-04-22,7600,0.00,,8,open,24.49,460,cash_back,2001-04-22T14:00:00Z
ACC-00834,CUS-00834,SUMMIT,2009-06-20,23600,450.00,6,17,open,25.99,66935,miles,2009-06-20T14:00:00Z
ACC-00835,CUS-00835,EVERYDAY_CASH,2003-10-10,4400,0.00,,17,open,24.49,359,cash_back,2003-10-10T14:00:00Z
ACC-00836,CUS-00836,EVERYDAY_CASH,2021-01-09,6800,0.00,,20,open,24.49,492,cash_back,2021-01-09T15:00:00Z
ACC-00837,CUS-00837,SUMMIT,2013-08-12,19400,450.00,8,8,open,25.99,44139,miles,2013-08-12T14:00:00Z
ACC-00838,CUS-00838,VOYAGER,2017-07-01,16400,95.00,7,17,open,24.49,48794,miles,2017-07-01T14:00:00Z
ACC-00839,CUS-00839,FOUNDATION,2026-07-19,1200,0.00,,3,open,28.49,5,cash_back,2026-07-19T14:00:00Z
ACC-00840,CUS-00840,FOUNDATION,2024-09-26,300,0.00,,20,open,28.49,180,cash_back,2024-09-26T14:00:00Z
ACC-00841,CUS-00841,EVERYDAY_CASH,2011-02-10,3300,0.00,,20,open,24.49,509,cash_back,2011-02-10T15:00:00Z
ACC-00842,CUS-00842,FOUNDATION,2006-08-15,300,0.00,,25,open,28.49,534,cash_back,2006-08-15T14:00:00Z
ACC-00843,CUS-00843,EVERYDAY_CASH,2012-07-30,10200,0.00,,17,open,24.49,286,cash_back,2012-07-30T14:00:00Z
ACC-00844,CUS-00844,FOUNDATION,2022-03-16,1200,0.00,,12,open,28.49,533,cash_back,2022-03-16T14:00:00Z
ACC-00845,CUS-00845,FOUNDATION,2025-12-04,500,0.00,,8,open,28.49,114,cash_back,2025-12-04T15:00:00Z
ACC-00846,CUS-00846,VOYAGER,2021-10-16,13800,95.00,10,17,open,24.49,11337,miles,2021-10-16T14:00:00Z
ACC-00847,CUS-00847,VOYAGER,2021-01-17,14900,95.00,1,17,open,24.49,86915,miles,2021-01-17T15:00:00Z
ACC-00848,CUS-00848,VOYAGER,2010-10-08,12100,95.00,10,25,open,24.49,35967,miles,2010-10-08T14:00:00Z
ACC-00849,CUS-00849,EVERYDAY_CASH,2013-02-20,6000,0.00,,17,open,24.49,509,cash_back,2013-02-20T15:00:00Z
ACC-00850,CUS-00850,VOYAGER,2010-04-23,18600,95.00,4,17,open,24.49,64965,miles,2010-04-23T14:00:00Z
ACC-00851,CUS-00851,VOYAGER,2007-10-10,6700,95.00,10,20,open,24.49,52637,miles,2007-10-10T14:00:00Z
ACC-00852,CUS-00852,EVERYDAY_CASH,2023-06-12,6900,0.00,,8,open,24.49,526,cash_back,2023-06-12T14:00:00Z
ACC-00853,CUS-00853,SUMMIT,2010-07-27,23200,450.00,7,20,open,25.99,21330,miles,2010-07-27T14:00:00Z
ACC-00854,CUS-00854,FOUNDATION,1999-08-08,1200,0.00,,20,open,28.49,312,cash_back,1999-08-08T14:00:00Z
ACC-00855,CUS-00855,FOUNDATION,2021-12-15,1200,0.00,,8,open,28.49,81,cash_back,2021-12-15T15:00:00Z
ACC-00856,CUS-00856,FOUNDATION,2009-06-17,900,0.00,,8,open,28.49,350,cash_back,2009-06-17T14:00:00Z
ACC-00857,CUS-00857,EVERYDAY_CASH,2018-06-13,10500,0.00,,25,open,24.49,410,cash_back,2018-06-13T14:00:00Z
ACC-00858,CUS-00858,SUMMIT,2010-01-04,27300,450.00,1,12,open,25.99,85387,miles,2010-01-04T15:00:00Z
ACC-00859,CUS-00859,EVERYDAY_CASH,2019-05-29,9500,0.00,,12,open,24.49,501,cash_back,2019-05-29T14:00:00Z
ACC-00860,CUS-00860,FOUNDATION,2008-07-07,900,0.00,,3,open,28.49,186,cash_back,2008-07-07T14:00:00Z
ACC-00861,CUS-00861,EVERYDAY_CASH,2026-04-28,5400,0.00,,12,open,24.49,130,cash_back,2026-04-28T14:00:00Z
ACC-00862,CUS-00862,SUMMIT,2018-12-03,31000,450.00,12,3,open,25.99,67598,miles,2018-12-03T15:00:00Z
ACC-00863,CUS-00863,SUMMIT,2006-12-29,22700,450.00,12,8,open,25.99,50650,miles,2006-12-29T15:00:00Z
ACC-00864,CUS-00864,FOUNDATION,2022-01-07,1200,0.00,,17,open,28.49,350,cash_back,2022-01-07T15:00:00Z
ACC-00865,CUS-00865,EVERYDAY_CASH,2004-04-28,8000,0.00,,12,open,24.49,517,cash_back,2004-04-28T14:00:00Z
ACC-00866,CUS-00866,EVERYDAY_CASH,2011-08-21,2400,0.00,,25,open,24.49,296,cash_back,2011-08-21T14:00:00Z
ACC-00867,CUS-00867,VOYAGER,1999-12-20,6500,95.00,12,3,open,24.49,1169,miles,1999-12-20T15:00:00Z
ACC-00868,CUS-00868,VOYAGER,2022-02-01,18900,95.00,2,17,open,24.49,75868,miles,2022-02-01T15:00:00Z
ACC-00869,CUS-00869,EVERYDAY_CASH,2004-12-31,1500,0.00,,20,open,24.49,423,cash_back,2004-12-31T15:00:00Z
ACC-00870,CUS-00870,EVERYDAY_CASH,2026-07-05,7200,0.00,,25,open,24.49,24,cash_back,2026-07-05T14:00:00Z
ACC-00871,CUS-00871,VOYAGER,2025-12-09,10100,95.00,12,17,open,24.49,31751,miles,2025-12-09T15:00:00Z
ACC-00872,CUS-00872,VOYAGER,2024-06-20,13100,95.00,6,12,open,24.49,45889,miles,2024-06-20T14:00:00Z
ACC-00873,CUS-00873,FOUNDATION,2026-07-15,1400,0.00,,12,open,28.49,81,cash_back,2026-07-15T14:00:00Z
ACC-00874,CUS-00874,EVERYDAY_CASH,2022-09-03,2500,0.00,,3,open,24.49,326,cash_back,2022-09-03T14:00:00Z
ACC-00875,CUS-00875,FOUNDATION,2010-03-24,900,0.00,,25,open,28.49,540,cash_back,2010-03-24T14:00:00Z
ACC-00876,CUS-00876,FOUNDATION,2010-12-27,1300,0.00,,8,open,28.49,20,cash_back,2010-12-27T15:00:00Z
ACC-00877,CUS-00877,VOYAGER,2001-06-20,15000,95.00,6,8,open,24.49,86244,miles,2001-06-20T14:00:00Z
ACC-00878,CUS-00878,VOYAGER,2026-04-13,18400,95.00,4,20,open,24.49,62562,miles,2026-04-13T14:00:00Z
ACC-00879,CUS-00879,SUMMIT,2001-07-01,33400,450.00,7,20,open,25.99,37929,miles,2001-07-01T14:00:00Z
ACC-00880,CUS-00880,EVERYDAY_CASH,2011-03-02,7100,0.00,,17,open,24.49,314,cash_back,2011-03-02T15:00:00Z
ACC-00881,CUS-00881,VOYAGER,2018-12-09,13200,95.00,12,25,open,24.49,35484,miles,2018-12-09T15:00:00Z
ACC-00882,CUS-00882,EVERYDAY_CASH,2000-06-03,9800,0.00,,8,open,24.49,109,cash_back,2000-06-03T14:00:00Z
ACC-00883,CUS-00883,EVERYDAY_CASH,2021-06-09,5000,0.00,,12,open,24.49,179,cash_back,2021-06-09T14:00:00Z
ACC-00884,CUS-00884,VOYAGER,2008-11-09,5400,95.00,11,17,open,24.49,86416,miles,2008-11-09T15:00:00Z
ACC-00885,CUS-00885,VOYAGER,2023-10-26,15300,95.00,10,20,open,24.49,2178,miles,2023-10-26T14:00:00Z
ACC-00886,CUS-00886,EVERYDAY_CASH,2026-05-10,3500,0.00,,17,open,24.49,367,cash_back,2026-05-10T14:00:00Z
ACC-00887,CUS-00887,EVERYDAY_CASH,2012-03-18,2500,0.00,,8,open,24.49,373,cash_back,2012-03-18T14:00:00Z
ACC-00888,CUS-00888,EVERYDAY_CASH,2008-04-13,3500,0.00,,20,open,24.49,593,cash_back,2008-04-13T14:00:00Z
ACC-00889,CUS-00889,EVERYDAY_CASH,2022-04-01,5200,0.00,,3,open,24.49,561,cash_back,2022-04-01T14:00:00Z
ACC-00890,CUS-00890,EVERYDAY_CASH,2009-04-29,10100,0.00,,3,open,24.49,126,cash_back,2009-04-29T14:00:00Z
ACC-00891,CUS-00891,EVERYDAY_CASH,2012-09-19,7200,0.00,,25,open,24.49,388,cash_back,2012-09-19T14:00:00Z
ACC-00892,CUS-00892,VOYAGER,2020-01-05,9200,95.00,1,17,open,24.49,1099,miles,2020-01-05T15:00:00Z
ACC-00893,CUS-00893,VOYAGER,2026-01-31,5700,95.00,1,20,open,24.49,86062,miles,2026-01-31T15:00:00Z
ACC-00894,CUS-00894,VOYAGER,2020-10-16,5900,95.00,10,25,open,24.49,45932,miles,2020-10-16T14:00:00Z
ACC-00895,CUS-00895,VOYAGER,2004-06-12,13400,95.00,6,8,open,24.49,43271,miles,2004-06-12T14:00:00Z
ACC-00896,CUS-00896,EVERYDAY_CASH,2026-07-30,1900,0.00,,3,open,24.49,387,cash_back,2026-07-30T14:00:00Z
ACC-00897,CUS-00897,EVERYDAY_CASH,2015-07-10,10400,0.00,,25,open,24.49,107,cash_back,2015-07-10T14:00:00Z
ACC-00898,CUS-00898,VOYAGER,2010-05-07,5600,95.00,5,12,open,24.49,52703,miles,2010-05-07T14:00:00Z
ACC-00899,CUS-00899,EVERYDAY_CASH,2007-06-10,3900,0.00,,20,open,24.49,582,cash_back,2007-06-10T14:00:00Z
ACC-00900,CUS-00900,EVERYDAY_CASH,2023-05-19,6400,0.00,,17,open,24.49,576,cash_back,2023-05-19T14:00:00Z
ACC-00901,CUS-00901,VOYAGER,2008-04-22,17500,95.00,4,8,open,24.49,38471,miles,2008-04-22T14:00:00Z
ACC-00902,CUS-00902,EVERYDAY_CASH,2016-04-09,11500,0.00,,8,open,24.49,0,cash_back,2016-04-09T14:00:00Z
ACC-00903,CUS-00903,VOYAGER,2016-09-18,4900,95.00,9,8,open,24.49,5957,miles,2016-09-18T14:00:00Z
ACC-00904,CUS-00904,FOUNDATION,2016-12-17,300,0.00,,3,open,28.49,429,cash_back,2016-12-17T15:00:00Z
ACC-00905,CUS-00905,VOYAGER,2020-05-29,12900,95.00,5,17,open,24.49,26012,miles,2020-05-29T14:00:00Z
ACC-00906,CUS-00906,FOUNDATION,2023-07-27,1200,0.00,,25,open,28.49,323,cash_back,2023-07-27T14:00:00Z
ACC-00907,CUS-00907,FOUNDATION,2026-09-09,300,0.00,,3,open,28.49,141,cash_back,2026-09-09T14:00:00Z
ACC-00908,CUS-00908,EVERYDAY_CASH,2011-05-20,10100,0.00,,25,open,24.49,55,cash_back,2011-05-20T14:00:00Z
ACC-00909,CUS-00909,SUMMIT,2009-04-04,26000,450.00,4,12,open,25.99,45973,miles,2009-04-04T14:00:00Z
ACC-00910,CUS-00910,EVERYDAY_CASH,2016-01-26,4500,0.00,,8,open,24.49,20,cash_back,2016-01-26T15:00:00Z
ACC-00911,CUS-00911,VOYAGER,2002-04-01,12200,95.00,4,3,open,24.49,68728,miles,2002-04-01T15:00:00Z
ACC-00912,CUS-00912,VOYAGER,2005-12-31,19300,95.00,12,8,open,24.49,7118,miles,2005-12-31T15:00:00Z
ACC-00913,CUS-00913,SUMMIT,2026-01-31,19000,450.00,1,8,open,25.99,83440,miles,2026-01-31T15:00:00Z
ACC-00914,CUS-00914,FOUNDATION,2022-05-07,800,0.00,,12,open,28.49,549,cash_back,2022-05-07T14:00:00Z
ACC-00915,CUS-00915,VOYAGER,2026-01-26,4300,95.00,1,20,open,24.49,61464,miles,2026-01-26T15:00:00Z
ACC-00916,CUS-00916,EVERYDAY_CASH,1999-10-09,7700,0.00,,8,open,24.49,516,cash_back,1999-10-09T14:00:00Z
ACC-00917,CUS-00917,VOYAGER,2001-06-26,7300,95.00,6,3,open,24.49,65515,miles,2001-06-26T14:00:00Z
ACC-00918,CUS-00918,SUMMIT,2000-10-01,25000,450.00,10,12,open,25.99,1518,miles,2000-10-01T14:00:00Z
ACC-00919,CUS-00919,VOYAGER,2008-04-27,8900,95.00,4,12,open,24.49,71796,miles,2008-04-27T14:00:00Z
ACC-00920,CUS-00920,EVERYDAY_CASH,1999-01-18,9300,0.00,,20,open,24.49,398,cash_back,1999-01-18T15:00:00Z
ACC-00921,CUS-00921,VOYAGER,2023-04-08,4800,95.00,4,17,open,24.49,43799,miles,2023-04-08T14:00:00Z
ACC-00922,CUS-00922,FOUNDATION,2003-05-16,800,0.00,,17,open,28.49,482,cash_back,2003-05-16T14:00:00Z
ACC-00923,CUS-00923,EVERYDAY_CASH,2011-05-08,9800,0.00,,12,open,24.49,131,cash_back,2011-05-08T14:00:00Z
ACC-00924,CUS-00924,FOUNDATION,2008-05-19,700,0.00,,17,open,28.49,196,cash_back,2008-05-19T14:00:00Z
ACC-00925,CUS-00925,VOYAGER,2005-03-07,7300,95.00,3,12,open,24.49,81223,miles,2005-03-07T15:00:00Z
ACC-00926,CUS-00926,FOUNDATION,2022-05-06,1000,0.00,,17,open,28.49,279,cash_back,2022-05-06T14:00:00Z
ACC-00927,CUS-00927,VOYAGER,2025-12-16,6500,95.00,12,8,open,24.49,45430,miles,2025-12-16T15:00:00Z
ACC-00928,CUS-00928,EVERYDAY_CASH,2002-10-30,4900,0.00,,17,open,24.49,275,cash_back,2002-10-30T15:00:00Z
ACC-00929,CUS-00929,VOYAGER,2016-01-16,9200,95.00,1,17,open,24.49,8948,miles,2016-01-16T15:00:00Z
ACC-00930,CUS-00930,VOYAGER,2023-02-27,9800,95.00,2,8,open,24.49,30881,miles,2023-02-27T15:00:00Z
ACC-00931,CUS-00931,EVERYDAY_CASH,2003-12-05,7300,0.00,,3,open,24.49,155,cash_back,2003-12-05T15:00:00Z
ACC-00932,CUS-00932,FOUNDATION,2022-04-21,1400,0.00,,3,open,28.49,93,cash_back,2022-04-21T14:00:00Z
ACC-00933,CUS-00933,EVERYDAY_CASH,2026-02-02,1900,0.00,,25,open,24.49,251,cash_back,2026-02-02T15:00:00Z
ACC-00934,CUS-00934,SUMMIT,2013-12-22,34700,450.00,12,8,open,25.99,49281,miles,2013-12-22T15:00:00Z
ACC-00935,CUS-00935,EVERYDAY_CASH,2015-05-30,8600,0.00,,8,open,24.49,42,cash_back,2015-05-30T14:00:00Z
ACC-00936,CUS-00936,EVERYDAY_CASH,2019-03-19,6200,0.00,,20,open,24.49,406,cash_back,2019-03-19T14:00:00Z
ACC-00937,CUS-00937,VOYAGER,2015-06-23,7400,95.00,6,20,open,24.49,22864,miles,2015-06-23T14:00:00Z
ACC-00938,CUS-00938,SUMMIT,1999-08-02,13600,450.00,8,8,open,25.99,69534,miles,1999-08-02T14:00:00Z
ACC-00939,CUS-00939,FOUNDATION,2014-10-07,700,0.00,,20,open,28.49,330,cash_back,2014-10-07T14:00:00Z
ACC-00940,CUS-00940,FOUNDATION,2012-07-24,300,0.00,,17,open,28.49,22,cash_back,2012-07-24T14:00:00Z
ACC-00941,CUS-00941,VOYAGER,2013-08-10,9600,95.00,8,8,open,24.49,89638,miles,2013-08-10T14:00:00Z
ACC-00942,CUS-00942,EVERYDAY_CASH,2021-03-08,2400,0.00,,25,open,24.49,559,cash_back,2021-03-08T15:00:00Z
ACC-00943,CUS-00943,FOUNDATION,2022-01-18,1400,0.00,,3,open,28.49,31,cash_back,2022-01-18T15:00:00Z
ACC-00944,CUS-00944,VOYAGER,2019-07-09,7800,95.00,7,12,open,24.49,39548,miles,2019-07-09T14:00:00Z
ACC-00945,CUS-00945,EVERYDAY_CASH,2021-05-24,3000,0.00,,17,open,24.49,487,cash_back,2021-05-24T14:00:00Z
ACC-00946,CUS-00946,FOUNDATION,2000-12-18,500,0.00,,25,open,28.49,338,cash_back,2000-12-18T15:00:00Z
ACC-00947,CUS-00947,VOYAGER,2026-05-17,7800,95.00,5,8,open,24.49,8052,miles,2026-05-17T14:00:00Z
ACC-00948,CUS-00948,VOYAGER,2005-11-26,9700,95.00,11,3,open,24.49,48080,miles,2005-11-26T15:00:00Z
ACC-00949,CUS-00949,EVERYDAY_CASH,2012-07-20,7200,0.00,,25,open,24.49,18,cash_back,2012-07-20T14:00:00Z
ACC-00950,CUS-00950,EVERYDAY_CASH,2018-12-22,4200,0.00,,25,open,24.49,327,cash_back,2018-12-22T15:00:00Z
ACC-00951,CUS-00951,EVERYDAY_CASH,2018-05-05,9400,0.00,,3,open,24.49,571,cash_back,2018-05-05T14:00:00Z
ACC-00952,CUS-00952,FOUNDATION,2005-11-16,700,0.00,,17,open,28.49,21,cash_back,2005-11-16T15:00:00Z
ACC-00953,CUS-00953,EVERYDAY_CASH,2024-09-14,9900,0.00,,25,open,24.49,407,cash_back,2024-09-14T14:00:00Z
ACC-00954,CUS-00954,EVERYDAY_CASH,2016-07-10,4000,0.00,,20,open,24.49,283,cash_back,2016-07-10T14:00:00Z
ACC-00955,CUS-00955,VOYAGER,2004-09-13,17500,95.00,9,3,open,24.49,9713,miles,2004-09-13T14:00:00Z
ACC-00956,CUS-00956,FOUNDATION,2026-09-02,1400,0.00,,3,open,28.49,150,cash_back,2026-09-02T14:00:00Z
ACC-00957,CUS-00957,EVERYDAY_CASH,2005-11-27,11900,0.00,,12,open,24.49,103,cash_back,2005-11-27T15:00:00Z
ACC-00958,CUS-00958,EVERYDAY_CASH,2022-06-29,10200,0.00,,8,open,24.49,239,cash_back,2022-06-29T14:00:00Z
ACC-00959,CUS-00959,EVERYDAY_CASH,2026-01-10,5300,0.00,,12,open,24.49,386,cash_back,2026-01-10T15:00:00Z
ACC-00960,CUS-00960,FOUNDATION,2012-02-17,1400,0.00,,12,open,28.49,157,cash_back,2012-02-17T15:00:00Z
ACC-00961,CUS-00961,EVERYDAY_CASH,2011-08-09,3300,0.00,,8,open,24.49,341,cash_back,2011-08-09T14:00:00Z
ACC-00962,CUS-00962,EVERYDAY_CASH,2018-07-27,8500,0.00,,8,open,24.49,467,cash_back,2018-07-27T14:00:00Z
ACC-00963,CUS-00963,EVERYDAY_CASH,2026-01-15,8300,0.00,,25,open,24.49,505,cash_back,2026-01-15T15:00:00Z
ACC-00964,CUS-00964,SUMMIT,1999-03-18,11800,450.00,3,25,open,25.99,36590,miles,1999-03-18T15:00:00Z
ACC-00965,CUS-00965,VOYAGER,2003-12-23,10200,95.00,12,17,open,24.49,60729,miles,2003-12-23T15:00:00Z
ACC-00966,CUS-00966,SUMMIT,1999-03-13,10600,450.00,3,12,open,25.99,8357,miles,1999-03-13T15:00:00Z
ACC-00967,CUS-00967,FOUNDATION,2016-12-08,700,0.00,,25,open,28.49,36,cash_back,2016-12-08T15:00:00Z
ACC-00968,CUS-00968,FOUNDATION,2010-05-21,500,0.00,,25,open,28.49,326,cash_back,2010-05-21T14:00:00Z
ACC-00969,CUS-00969,EVERYDAY_CASH,2026-03-09,9800,0.00,,3,open,24.49,393,cash_back,2026-03-09T14:00:00Z
ACC-00970,CUS-00970,VOYAGER,2009-04-04,7300,95.00,4,12,open,24.49,26714,miles,2009-04-04T14:00:00Z
ACC-00971,CUS-00971,FOUNDATION,2002-10-27,600,0.00,,3,open,28.49,94,cash_back,2002-10-27T15:00:00Z
ACC-00972,CUS-00972,SUMMIT,2011-02-26,33900,450.00,2,3,open,25.99,50067,miles,2011-02-26T15:00:00Z
ACC-00973,CUS-00973,EVERYDAY_CASH,2023-05-18,4000,0.00,,20,open,24.49,523,cash_back,2023-05-18T14:00:00Z
ACC-00974,CUS-00974,VOYAGER,2000-12-19,13100,95.00,12,17,open,24.49,7004,miles,2000-12-19T15:00:00Z
ACC-00975,CUS-00975,VOYAGER,2005-08-17,6200,95.00,8,17,open,24.49,46024,miles,2005-08-17T14:00:00Z
ACC-00976,CUS-00976,EVERYDAY_CASH,2015-07-11,6900,0.00,,3,open,24.49,337,cash_back,2015-07-11T14:00:00Z
ACC-00977,CUS-00977,EVERYDAY_CASH,2000-03-06,8600,0.00,,8,open,24.49,279,cash_back,2000-03-06T15:00:00Z
ACC-00978,CUS-00978,FOUNDATION,2023-10-05,300,0.00,,3,open,28.49,295,cash_back,2023-10-05T14:00:00Z
ACC-00979,CUS-00979,EVERYDAY_CASH,2002-09-16,11100,0.00,,20,open,24.49,251,cash_back,2002-09-16T14:00:00Z
ACC-00980,CUS-00980,EVERYDAY_CASH,2014-07-28,9200,0.00,,25,open,24.49,377,cash_back,2014-07-28T14:00:00Z
ACC-00981,CUS-00981,EVERYDAY_CASH,2026-03-29,10700,0.00,,12,open,24.49,162,cash_back,2026-03-29T14:00:00Z
ACC-00982,CUS-00982,EVERYDAY_CASH,2023-09-04,5200,0.00,,17,open,24.49,275,cash_back,2023-09-04T14:00:00Z
ACC-00983,CUS-00983,EVERYDAY_CASH,2020-01-13,10000,0.00,,12,open,24.49,280,cash_back,2020-01-13T15:00:00Z
ACC-00984,CUS-00984,EVERYDAY_CASH,2011-07-25,4100,0.00,,3,open,24.49,297,cash_back,2011-07-25T14:00:00Z
ACC-00985,CUS-00985,EVERYDAY_CASH,2026-05-18,11200,0.00,,17,open,24.49,135,cash_back,2026-05-18T14:00:00Z
ACC-00986,CUS-00986,FOUNDATION,2021-06-02,600,0.00,,20,open,28.49,486,cash_back,2021-06-02T14:00:00Z
ACC-00987,CUS-00987,VOYAGER,1999-12-08,6500,95.00,12,25,open,24.49,31847,miles,1999-12-08T15:00:00Z
ACC-00988,CUS-00988,EVERYDAY_CASH,2013-08-15,5100,0.00,,3,open,24.49,564,cash_back,2013-08-15T14:00:00Z
ACC-00989,CUS-00989,VOYAGER,2026-02-12,8900,95.00,2,17,open,24.49,86670,miles,2026-02-12T15:00:00Z
ACC-00990,CUS-00990,VOYAGER,2026-06-26,15800,95.00,6,17,open,24.49,63356,miles,2026-06-26T14:00:00Z
ACC-00991,CUS-00991,EVERYDAY_CASH,2011-07-23,10900,0.00,,12,open,24.49,207,cash_back,2011-07-23T14:00:00Z
ACC-00992,CUS-00992,EVERYDAY_CASH,2001-08-10,1600,0.00,,3,open,24.49,103,cash_back,2001-08-10T14:00:00Z
ACC-00993,CUS-00993,EVERYDAY_CASH,2019-06-07,9800,0.00,,12,open,24.49,394,cash_back,2019-06-07T14:00:00Z
ACC-00994,CUS-00994,SUMMIT,2026-08-14,25900,450.00,8,20,open,25.99,9243,miles,2026-08-14T14:00:00Z
ACC-00995,CUS-00995,EVERYDAY_CASH,2002-09-20,10500,0.00,,3,open,24.49,70,cash_back,2002-09-20T14:00:00Z
ACC-00996,CUS-00996,EVERYDAY_CASH,2007-12-25,6500,0.00,,8,open,24.49,196,cash_back,2007-12-25T15:00:00Z
ACC-00997,CUS-00997,FOUNDATION,2017-09-07,1400,0.00,,25,open,28.49,492,cash_back,2017-09-07T14:00:00Z
ACC-00998,CUS-00998,EVERYDAY_CASH,2022-09-20,5900,0.00,,17,open,24.49,261,cash_back,2022-09-20T14:00:00Z
ACC-00999,CUS-00999,SUMMIT,2017-07-25,26300,450.00,7,8,open,25.99,18278,miles,2017-07-25T14:00:00Z
ACC-01000,CUS-01000,FOUNDATION,2002-07-21,800,0.00,,17,open,28.49,296,cash_back,2002-07-21T14:00:00Z
ACC-01001,CUS-01001,FOUNDATION,2026-07-24,400,0.00,,8,open,28.49,356,cash_back,2026-07-24T14:00:00Z
ACC-01002,CUS-01002,EVERYDAY_CASH,2000-01-09,8000,0.00,,8,open,24.49,26,cash_back,2000-01-09T15:00:00Z
ACC-01003,CUS-01003,EVERYDAY_CASH,2007-08-28,3700,0.00,,12,open,24.49,230,cash_back,2007-08-28T14:00:00Z
ACC-01004,CUS-01004,FOUNDATION,2010-03-23,400,0.00,,25,open,28.49,304,cash_back,2010-03-23T14:00:00Z
ACC-01005,CUS-01005,EVERYDAY_CASH,2010-05-01,5000,0.00,,20,open,24.49,2,cash_back,2010-05-01T14:00:00Z
ACC-01006,CUS-01006,VOYAGER,2000-10-08,11200,95.00,10,25,open,24.49,22510,miles,2000-10-08T14:00:00Z
ACC-01007,CUS-01007,FOUNDATION,2007-05-29,600,0.00,,12,open,28.49,572,cash_back,2007-05-29T14:00:00Z
ACC-01008,CUS-01008,EVERYDAY_CASH,2012-09-03,5200,0.00,,3,open,24.49,259,cash_back,2012-09-03T14:00:00Z
ACC-01009,CUS-01009,FOUNDATION,2017-02-08,400,0.00,,12,open,28.49,183,cash_back,2017-02-08T15:00:00Z
ACC-01010,CUS-01010,EVERYDAY_CASH,2007-12-01,2800,0.00,,20,open,24.49,318,cash_back,2007-12-01T15:00:00Z
ACC-01011,CUS-01011,EVERYDAY_CASH,1999-01-17,5300,0.00,,12,open,24.49,322,cash_back,1999-01-17T15:00:00Z
ACC-01012,CUS-01012,EVERYDAY_CASH,2023-03-24,5100,0.00,,25,open,24.49,10,cash_back,2023-03-24T14:00:00Z
ACC-01013,CUS-01013,VOYAGER,2005-06-15,13600,95.00,6,3,open,24.49,80180,miles,2005-06-15T14:00:00Z
ACC-01014,CUS-01014,EVERYDAY_CASH,2026-01-09,10000,0.00,,17,open,24.49,158,cash_back,2026-01-09T15:00:00Z
ACC-01015,CUS-01015,EVERYDAY_CASH,2004-09-25,6800,0.00,,12,open,24.49,301,cash_back,2004-09-25T14:00:00Z
ACC-01016,CUS-01016,FOUNDATION,2026-04-10,400,0.00,,8,open,28.49,396,cash_back,2026-04-10T14:00:00Z
ACC-01017,CUS-01017,VOYAGER,2012-01-07,18800,95.00,1,12,open,24.49,19791,miles,2012-01-07T15:00:00Z
ACC-01018,CUS-01018,FOUNDATION,2015-08-01,700,0.00,,8,open,28.49,216,cash_back,2015-08-01T14:00:00Z
ACC-01019,CUS-01019,VOYAGER,2013-08-31,7200,95.00,8,12,open,24.49,84301,miles,2013-08-31T14:00:00Z
ACC-01020,CUS-01020,EVERYDAY_CASH,2015-12-13,11700,0.00,,8,open,24.49,381,cash_back,2015-12-13T15:00:00Z
ACC-01021,CUS-01021,EVERYDAY_CASH,2015-01-30,10100,0.00,,3,open,24.49,488,cash_back,2015-01-30T15:00:00Z
ACC-01022,CUS-01022,EVERYDAY_CASH,2004-05-04,7000,0.00,,20,open,24.49,575,cash_back,2004-05-04T14:00:00Z
ACC-01023,CUS-01023,EVERYDAY_CASH,2001-01-03,5800,0.00,,25,open,24.49,491,cash_back,2001-01-03T15:00:00Z
ACC-01024,CUS-01024,VOYAGER,1999-10-04,8200,95.00,10,25,open,24.49,7759,miles,1999-10-04T14:00:00Z
ACC-01025,CUS-01025,FOUNDATION,2008-11-14,300,0.00,,25,open,28.49,78,cash_back,2008-11-14T15:00:00Z
ACC-01026,CUS-01026,EVERYDAY_CASH,2004-04-12,10600,0.00,,25,open,24.49,526,cash_back,2004-04-12T14:00:00Z
ACC-01027,CUS-01027,VOYAGER,2005-05-02,10400,95.00,5,17,open,24.49,25359,miles,2005-05-02T14:00:00Z
ACC-01028,CUS-01028,FOUNDATION,2014-08-17,400,0.00,,20,open,28.49,565,cash_back,2014-08-17T14:00:00Z
ACC-01029,CUS-01029,SUMMIT,2020-04-22,15000,450.00,4,25,open,25.99,74268,miles,2020-04-22T14:00:00Z
ACC-01030,CUS-01030,EVERYDAY_CASH,2019-09-11,6500,0.00,,17,open,24.49,350,cash_back,2019-09-11T14:00:00Z
ACC-01031,CUS-01031,EVERYDAY_CASH,1999-08-29,9200,0.00,,20,open,24.49,553,cash_back,1999-08-29T14:00:00Z
ACC-01032,CUS-01032,VOYAGER,2007-07-16,14800,95.00,7,12,open,24.49,49479,miles,2007-07-16T14:00:00Z
ACC-01033,CUS-01033,EVERYDAY_CASH,2017-11-03,4700,0.00,,17,open,24.49,555,cash_back,2017-11-03T14:00:00Z
ACC-01034,CUS-01034,EVERYDAY_CASH,2002-03-12,4700,0.00,,20,open,24.49,537,cash_back,2002-03-12T15:00:00Z
ACC-01035,CUS-01035,EVERYDAY_CASH,2016-05-03,5100,0.00,,3,open,24.49,51,cash_back,2016-05-03T14:00:00Z
ACC-01036,CUS-01036,SUMMIT,2013-12-04,31600,450.00,12,25,open,25.99,22458,miles,2013-12-04T15:00:00Z
ACC-01037,CUS-01037,EVERYDAY_CASH,2001-02-27,10900,0.00,,3,open,24.49,424,cash_back,2001-02-27T15:00:00Z
ACC-01038,CUS-01038,SUMMIT,2012-02-13,25500,450.00,2,3,open,25.99,43168,miles,2012-02-13T15:00:00Z
ACC-01039,CUS-01039,EVERYDAY_CASH,2014-06-12,2700,0.00,,3,open,24.49,591,cash_back,2014-06-12T14:00:00Z
ACC-01040,CUS-01040,SUMMIT,2016-04-05,14800,450.00,4,12,open,25.99,7715,miles,2016-04-05T14:00:00Z
ACC-01041,CUS-01041,EVERYDAY_CASH,2007-02-24,5500,0.00,,17,open,24.49,264,cash_back,2007-02-24T15:00:00Z
ACC-01042,CUS-01042,FOUNDATION,2001-05-30,600,0.00,,17,open,28.49,452,cash_back,2001-05-30T14:00:00Z
ACC-01043,CUS-01043,EVERYDAY_CASH,2006-06-24,4000,0.00,,25,open,24.49,447,cash_back,2006-06-24T14:00:00Z
ACC-01044,CUS-01044,VOYAGER,2004-12-30,7500,95.00,12,12,open,24.49,89233,miles,2004-12-30T15:00:00Z
ACC-01045,CUS-01045,EVERYDAY_CASH,2017-01-09,5300,0.00,,3,open,24.49,15,cash_back,2017-01-09T15:00:00Z
ACC-01046,CUS-01046,VOYAGER,2003-05-24,10200,95.00,5,12,open,24.49,52613,miles,2003-05-24T14:00:00Z
ACC-01047,CUS-01047,EVERYDAY_CASH,2018-03-31,10000,0.00,,17,open,24.49,101,cash_back,2018-03-31T14:00:00Z
ACC-01048,CUS-01048,VOYAGER,2026-05-30,8400,95.00,5,25,open,24.49,74973,miles,2026-05-30T14:00:00Z
ACC-01049,CUS-01049,VOYAGER,1999-07-26,15600,95.00,7,12,open,24.49,39110,miles,1999-07-26T14:00:00Z
ACC-01050,CUS-01050,FOUNDATION,2012-05-29,1300,0.00,,25,open,28.49,13,cash_back,2012-05-29T14:00:00Z
ACC-01051,CUS-01051,EVERYDAY_CASH,2003-06-11,3500,0.00,,12,open,24.49,107,cash_back,2003-06-11T14:00:00Z
ACC-01052,CUS-01052,SUMMIT,2016-06-22,24100,450.00,6,12,open,25.99,81422,miles,2016-06-22T14:00:00Z
ACC-01053,CUS-01053,VOYAGER,2026-07-12,13300,95.00,7,12,open,24.49,44651,miles,2026-07-12T14:00:00Z
ACC-01054,CUS-01054,EVERYDAY_CASH,2020-06-11,7700,0.00,,25,open,24.49,40,cash_back,2020-06-11T14:00:00Z
ACC-01055,CUS-01055,VOYAGER,2026-07-07,17300,95.00,7,17,open,24.49,5122,miles,2026-07-07T14:00:00Z
ACC-01056,CUS-01056,VOYAGER,2015-06-10,9500,95.00,6,3,open,24.49,12722,miles,2015-06-10T14:00:00Z
ACC-01057,CUS-01057,EVERYDAY_CASH,2018-05-05,7100,0.00,,3,open,24.49,110,cash_back,2018-05-05T14:00:00Z
ACC-01058,CUS-01058,VOYAGER,2013-10-27,17400,95.00,10,12,open,24.49,32086,miles,2013-10-27T14:00:00Z
ACC-01059,CUS-01059,VOYAGER,2021-10-18,19800,95.00,10,25,open,24.49,75374,miles,2021-10-18T14:00:00Z
ACC-01060,CUS-01060,VOYAGER,2024-01-22,16300,95.00,1,3,open,24.49,15169,miles,2024-01-22T15:00:00Z
ACC-01061,CUS-01061,EVERYDAY_CASH,2020-08-10,7600,0.00,,17,open,24.49,555,cash_back,2020-08-10T14:00:00Z
ACC-01062,CUS-01062,VOYAGER,2009-06-02,18700,95.00,6,8,open,24.49,70076,miles,2009-06-02T14:00:00Z
ACC-01063,CUS-01063,EVERYDAY_CASH,2003-09-07,7900,0.00,,3,open,24.49,69,cash_back,2003-09-07T14:00:00Z
ACC-01064,CUS-01064,EVERYDAY_CASH,2024-01-28,1900,0.00,,12,open,24.49,76,cash_back,2024-01-28T15:00:00Z
ACC-01065,CUS-01065,EVERYDAY_CASH,2019-12-06,9000,0.00,,20,open,24.49,413,cash_back,2019-12-06T15:00:00Z
ACC-01066,CUS-01066,EVERYDAY_CASH,2022-04-23,11100,0.00,,20,open,24.49,466,cash_back,2022-04-23T14:00:00Z
ACC-01067,CUS-01067,FOUNDATION,2016-08-23,1100,0.00,,25,open,28.49,457,cash_back,2016-08-23T14:00:00Z
ACC-01068,CUS-01068,EVERYDAY_CASH,2013-12-03,10600,0.00,,20,open,24.49,571,cash_back,2013-12-03T15:00:00Z
ACC-01069,CUS-01069,EVERYDAY_CASH,2024-07-30,5200,0.00,,20,open,24.49,256,cash_back,2024-07-30T14:00:00Z
ACC-01070,CUS-01070,VOYAGER,2020-05-15,8400,95.00,5,25,open,24.49,23760,miles,2020-05-15T14:00:00Z
ACC-01071,CUS-01071,EVERYDAY_CASH,2011-02-08,4700,0.00,,25,open,24.49,88,cash_back,2011-02-08T15:00:00Z
ACC-01072,CUS-01072,EVERYDAY_CASH,2005-12-03,1700,0.00,,25,open,24.49,486,cash_back,2005-12-03T15:00:00Z
ACC-01073,CUS-01073,SUMMIT,2013-01-12,27800,450.00,1,3,open,25.99,7895,miles,2013-01-12T15:00:00Z
ACC-01074,CUS-01074,EVERYDAY_CASH,2002-07-01,1800,0.00,,20,open,24.49,100,cash_back,2002-07-01T14:00:00Z
ACC-01075,CUS-01075,EVERYDAY_CASH,2016-01-03,5200,0.00,,17,open,24.49,521,cash_back,2016-01-03T15:00:00Z
ACC-01076,CUS-01076,EVERYDAY_CASH,2003-04-19,4800,0.00,,17,open,24.49,486,cash_back,2003-04-19T14:00:00Z
ACC-01077,CUS-01077,VOYAGER,2020-08-24,18000,95.00,8,12,open,24.49,3244,miles,2020-08-24T14:00:00Z
ACC-01078,CUS-01078,EVERYDAY_CASH,2021-10-12,4000,0.00,,3,open,24.49,515,cash_back,2021-10-12T14:00:00Z
ACC-01079,CUS-01079,EVERYDAY_CASH,2008-09-13,8800,0.00,,12,open,24.49,514,cash_back,2008-09-13T14:00:00Z
ACC-01080,CUS-01080,EVERYDAY_CASH,2011-11-02,1700,0.00,,12,open,24.49,129,cash_back,2011-11-02T14:00:00Z
ACC-01081,CUS-01081,FOUNDATION,2002-01-13,700,0.00,,8,open,28.49,570,cash_back,2002-01-13T15:00:00Z
ACC-01082,CUS-01082,EVERYDAY_CASH,2026-01-30,10900,0.00,,25,open,24.49,130,cash_back,2026-01-30T15:00:00Z
ACC-01083,CUS-01083,VOYAGER,2019-12-08,12900,95.00,12,17,open,24.49,52294,miles,2019-12-08T15:00:00Z
ACC-01084,CUS-01084,VOYAGER,2016-10-16,15100,95.00,10,12,open,24.49,86474,miles,2016-10-16T14:00:00Z
ACC-01085,CUS-01085,FOUNDATION,2013-03-22,900,0.00,,25,open,28.49,269,cash_back,2013-03-22T14:00:00Z
ACC-01086,CUS-01086,EVERYDAY_CASH,2007-12-25,5900,0.00,,17,open,24.49,19,cash_back,2007-12-25T15:00:00Z
ACC-01087,CUS-01087,EVERYDAY_CASH,2011-05-04,5400,0.00,,25,open,24.49,401,cash_back,2011-05-04T14:00:00Z
ACC-01088,CUS-01088,EVERYDAY_CASH,2007-01-31,9000,0.00,,8,open,24.49,499,cash_back,2007-01-31T15:00:00Z
ACC-01089,CUS-01089,EVERYDAY_CASH,2000-09-18,3800,0.00,,3,open,24.49,484,cash_back,2000-09-18T14:00:00Z
ACC-01090,CUS-01090,EVERYDAY_CASH,2010-03-07,9300,0.00,,20,open,24.49,59,cash_back,2010-03-07T15:00:00Z
ACC-01091,CUS-01091,SUMMIT,2015-08-21,10000,450.00,8,25,open,25.99,5638,miles,2015-08-21T14:00:00Z
ACC-01092,CUS-01092,EVERYDAY_CASH,2019-07-11,10900,0.00,,3,open,24.49,314,cash_back,2019-07-11T14:00:00Z
ACC-01093,CUS-01093,FOUNDATION,2011-03-17,1100,0.00,,3,open,28.49,267,cash_back,2011-03-17T14:00:00Z
ACC-01094,CUS-01094,EVERYDAY_CASH,2001-02-06,3100,0.00,,20,open,24.49,527,cash_back,2001-02-06T15:00:00Z
ACC-01095,CUS-01095,EVERYDAY_CASH,2019-10-01,5000,0.00,,3,open,24.49,15,cash_back,2019-10-01T14:00:00Z
ACC-01096,CUS-01096,EVERYDAY_CASH,2004-10-16,6000,0.00,,8,open,24.49,360,cash_back,2004-10-16T14:00:00Z
ACC-01097,CUS-01097,FOUNDATION,2018-12-11,1200,0.00,,8,open,28.49,437,cash_back,2018-12-11T15:00:00Z
ACC-01098,CUS-01098,VOYAGER,2020-06-01,11100,95.00,6,17,open,24.49,18740,miles,2020-06-01T14:00:00Z
ACC-01099,CUS-01099,EVERYDAY_CASH,2021-12-30,2400,0.00,,25,open,24.49,492,cash_back,2021-12-30T15:00:00Z
ACC-01100,CUS-01100,FOUNDATION,2006-05-02,900,0.00,,8,open,28.49,270,cash_back,2006-05-02T14:00:00Z
ACC-01101,CUS-01101,EVERYDAY_CASH,2016-01-25,10500,0.00,,12,open,24.49,497,cash_back,2016-01-25T15:00:00Z
ACC-01102,CUS-01102,VOYAGER,2007-09-04,10700,95.00,9,12,open,24.49,57892,miles,2007-09-04T14:00:00Z
ACC-01103,CUS-01103,EVERYDAY_CASH,2017-08-25,6900,0.00,,17,open,24.49,281,cash_back,2017-08-25T14:00:00Z
ACC-01104,CUS-01104,EVERYDAY_CASH,2003-07-22,11100,0.00,,20,open,24.49,123,cash_back,2003-07-22T14:00:00Z
ACC-01105,CUS-01105,EVERYDAY_CASH,2006-07-20,10000,0.00,,17,open,24.49,197,cash_back,2006-07-20T14:00:00Z
ACC-01106,CUS-01106,SUMMIT,2015-01-02,27400,450.00,1,17,open,25.99,2878,miles,2015-01-02T15:00:00Z
ACC-01107,CUS-01107,FOUNDATION,2006-08-14,400,0.00,,20,open,28.49,416,cash_back,2006-08-14T14:00:00Z
ACC-01108,CUS-01108,EVERYDAY_CASH,2016-04-19,6900,0.00,,3,open,24.49,104,cash_back,2016-04-19T14:00:00Z
ACC-01109,CUS-01109,EVERYDAY_CASH,2013-09-21,8900,0.00,,17,open,24.49,577,cash_back,2013-09-21T14:00:00Z
ACC-01110,CUS-01110,EVERYDAY_CASH,2013-05-16,4500,0.00,,12,open,24.49,111,cash_back,2013-05-16T14:00:00Z
ACC-01111,CUS-01111,VOYAGER,2016-09-25,16500,95.00,9,3,open,24.49,64487,miles,2016-09-25T14:00:00Z
ACC-01112,CUS-01112,FOUNDATION,2011-10-21,1200,0.00,,17,open,28.49,153,cash_back,2011-10-21T14:00:00Z
ACC-01113,CUS-01113,FOUNDATION,2026-09-02,900,0.00,,12,open,28.49,105,cash_back,2026-09-02T14:00:00Z
ACC-01114,CUS-01114,VOYAGER,2026-08-17,15700,95.00,8,25,open,24.49,52808,miles,2026-08-17T14:00:00Z
ACC-01115,CUS-01115,EVERYDAY_CASH,2019-07-11,8200,0.00,,8,open,24.49,249,cash_back,2019-07-11T14:00:00Z
ACC-01116,CUS-01116,EVERYDAY_CASH,2009-06-30,7900,0.00,,3,open,24.49,411,cash_back,2009-06-30T14:00:00Z
ACC-01117,CUS-01117,EVERYDAY_CASH,1999-06-14,5800,0.00,,25,open,24.49,123,cash_back,1999-06-14T14:00:00Z
ACC-01118,CUS-01118,EVERYDAY_CASH,2017-12-25,7100,0.00,,25,open,24.49,397,cash_back,2017-12-25T15:00:00Z
ACC-01119,CUS-01119,EVERYDAY_CASH,2026-05-09,5700,0.00,,20,open,24.49,42,cash_back,2026-05-09T14:00:00Z
ACC-01120,CUS-01120,SUMMIT,2021-01-13,25600,450.00,1,12,open,25.99,20095,miles,2021-01-13T15:00:00Z
ACC-01121,CUS-01121,VOYAGER,2009-08-07,19800,95.00,8,20,open,24.49,50156,miles,2009-08-07T14:00:00Z
ACC-01122,CUS-01122,EVERYDAY_CASH,2022-09-06,2300,0.00,,3,open,24.49,151,cash_back,2022-09-06T14:00:00Z
ACC-01123,CUS-01123,VOYAGER,2015-06-09,6800,95.00,6,3,open,24.49,84098,miles,2015-06-09T14:00:00Z
ACC-01124,CUS-01124,FOUNDATION,2009-04-18,600,0.00,,20,open,28.49,180,cash_back,2009-04-18T14:00:00Z
ACC-01125,CUS-01125,SUMMIT,2026-08-02,30900,450.00,8,17,open,25.99,13209,miles,2026-08-02T14:00:00Z
ACC-01126,CUS-01126,FOUNDATION,2000-10-10,500,0.00,,3,open,28.49,55,cash_back,2000-10-10T14:00:00Z
ACC-01127,CUS-01127,EVERYDAY_CASH,2019-09-03,1600,0.00,,8,open,24.49,423,cash_back,2019-09-03T14:00:00Z
ACC-01128,CUS-01128,VOYAGER,2023-04-18,19000,95.00,4,12,open,24.49,24866,miles,2023-04-18T14:00:00Z
ACC-01129,CUS-01129,SUMMIT,2007-09-24,24700,450.00,9,3,open,25.99,77307,miles,2007-09-24T14:00:00Z
ACC-01130,CUS-01130,VOYAGER,1999-10-22,5500,95.00,10,17,open,24.49,58679,miles,1999-10-22T14:00:00Z
ACC-01131,CUS-01131,FOUNDATION,2019-09-09,1100,0.00,,8,open,28.49,39,cash_back,2019-09-09T14:00:00Z
ACC-01132,CUS-01132,SUMMIT,2026-03-27,18800,450.00,3,3,open,25.99,88873,miles,2026-03-27T14:00:00Z
ACC-01133,CUS-01133,VOYAGER,2011-05-01,5100,95.00,5,25,open,24.49,36257,miles,2011-05-01T14:00:00Z
ACC-01134,CUS-01134,VOYAGER,2022-03-18,9600,95.00,3,8,open,24.49,49977,miles,2022-03-18T14:00:00Z
ACC-01135,CUS-01135,EVERYDAY_CASH,2021-06-01,3000,0.00,,20,open,24.49,519,cash_back,2021-06-01T14:00:00Z
ACC-01136,CUS-01136,VOYAGER,2005-08-03,5200,95.00,8,8,open,24.49,46981,miles,2005-08-03T14:00:00Z
ACC-01137,CUS-01137,SUMMIT,2006-09-22,34700,450.00,9,3,open,25.99,36690,miles,2006-09-22T14:00:00Z
ACC-01138,CUS-01138,FOUNDATION,2006-10-09,600,0.00,,17,open,28.49,6,cash_back,2006-10-09T14:00:00Z
ACC-01139,CUS-01139,VOYAGER,2015-07-25,14400,95.00,7,12,open,24.49,823,miles,2015-07-25T14:00:00Z
ACC-01140,CUS-01140,VOYAGER,2008-05-19,16300,95.00,5,3,open,24.49,33716,miles,2008-05-19T14:00:00Z
ACC-01141,CUS-01141,EVERYDAY_CASH,2000-11-28,2800,0.00,,3,open,24.49,540,cash_back,2000-11-28T15:00:00Z
ACC-01142,CUS-01142,EVERYDAY_CASH,2011-02-26,4800,0.00,,8,open,24.49,507,cash_back,2011-02-26T15:00:00Z
ACC-01143,CUS-01143,VOYAGER,2025-12-30,8200,95.00,12,25,open,24.49,83553,miles,2025-12-30T15:00:00Z
ACC-01144,CUS-01144,EVERYDAY_CASH,2019-05-19,5800,0.00,,25,open,24.49,373,cash_back,2019-05-19T14:00:00Z
ACC-01145,CUS-01145,VOYAGER,2012-12-03,13000,95.00,12,25,open,24.49,40461,miles,2012-12-03T15:00:00Z
ACC-01146,CUS-01146,VOYAGER,2013-03-17,14000,95.00,3,25,open,24.49,71344,miles,2013-03-17T14:00:00Z
ACC-01147,CUS-01147,FOUNDATION,2009-06-03,300,0.00,,20,open,28.49,218,cash_back,2009-06-03T14:00:00Z
ACC-01148,CUS-01148,VOYAGER,2007-06-08,14800,95.00,6,12,open,24.49,2211,miles,2007-06-08T14:00:00Z
ACC-01149,CUS-01149,VOYAGER,2005-07-17,17600,95.00,7,8,open,24.49,670,miles,2005-07-17T14:00:00Z
ACC-01150,CUS-01150,EVERYDAY_CASH,2008-06-19,2800,0.00,,12,open,24.49,320,cash_back,2008-06-19T14:00:00Z
ACC-90001,CUS-90001,EVERYDAY_CASH,2020-08-01,10000,0.00,,20,open,24.49,100,cash_back,2020-08-01T14:00:00Z
ACC-90002,CUS-90002,EVERYDAY_CASH,2020-08-01,10000,0.00,,20,open,24.49,100,cash_back,2020-08-01T14:00:00Z
ACC-90003,CUS-90003,EVERYDAY_CASH,2020-08-01,10000,0.00,,20,open,24.49,100,cash_back,2020-08-01T14:00:00Z
ACC-90004,CUS-90004,EVERYDAY_CASH,2020-09-10,10000,0.00,,20,open,24.49,100,cash_back,2020-09-10T14:00:00Z
ACC-90005,CUS-90005,EVERYDAY_CASH,2026-02-15,10000,0.00,,20,open,24.49,100,cash_back,2026-02-15T15:00:00Z
ACC-90006,CUS-90006,VOYAGER,2020-08-01,10000,95.00,8,20,open,24.49,15000,miles,2020-08-01T14:00:00Z
ACC-90007,CUS-90007,VOYAGER,2020-08-01,10000,95.00,8,20,open,24.49,48200,miles,2020-08-01T14:00:00Z
ACC-90008,CUS-90008,EVERYDAY_CASH,2020-08-01,10000,0.00,,20,open,24.49,100,cash_back,2020-08-01T14:00:00Z
ACC-90009,CUS-90009,EVERYDAY_CASH,2020-08-01,10000,0.00,,20,open,24.49,100,cash_back,2020-08-01T14:00:00Z
ACC-90010,CUS-90010,EVERYDAY_CASH,2020-08-01,10000,0.00,,20,open,24.49,100,cash_back,2020-08-01T14:00:00Z
ACC-90011,CUS-90011,VOYAGER,2023-04-01,10000,95.00,4,20,open,24.49,15000,miles,2023-04-01T14:00:00Z
ACC-90012,CUS-90012,EVERYDAY_CASH,2020-08-01,10000,0.00,,20,open,24.49,100,cash_back,2020-08-01T14:00:00Z
ACC-90013,CUS-90013,EVERYDAY_CASH,2020-08-01,10000,0.00,,20,open,24.49,100,cash_back,2020-08-01T14:00:00Z
ACC-90014,CUS-90014,EVERYDAY_CASH,2020-08-01,10000,0.00,,20,open,24.49,100,cash_back,2020-08-01T14:00:00Z
ACC-90015,CUS-90015,EVERYDAY_CASH,2020-08-01,10000,0.00,,20,open,24.49,100,cash_back,2020-08-01T14:00:00Z
ACC-90016,CUS-90016,EVERYDAY_CASH,2020-08-01,10000,0.00,,20,open,24.49,100,cash_back,2020-08-01T14:00:00Z
ACC-90017,CUS-90017,VOYAGER,2020-08-01,10000,95.00,8,20,open,24.49,15000,miles,2020-08-01T14:00:00Z
ACC-90018,CUS-90018,EVERYDAY_CASH,2020-08-01,10000,0.00,,20,open,24.49,100,cash_back,2020-08-01T14:00:00Z
ACC-90019,CUS-90019,EVERYDAY_CASH,2020-08-01,10000,0.00,,20,open,24.49,100,cash_back,2020-08-01T14:00:00Z
ACC-90020,CUS-90020,SUMMIT,2020-08-01,10000,450.00,8,20,open,25.99,15000,miles,2020-08-01T14:00:00Z
ACC-90021,CUS-90021,EVERYDAY_CASH,2020-08-01,10000,0.00,,20,open,24.49,100,cash_back,2020-08-01T14:00:00Z
ACC-90022,CUS-90022,EVERYDAY_CASH,2020-08-01,10000,0.00,,20,open,24.49,100,cash_back,2020-08-01T14:00:00Z
ACC-90023,CUS-90023,EVERYDAY_CASH,2020-08-01,10000,0.00,,20,open,24.49,100,cash_back,2020-08-01T14:00:00Z
