customer_id,first_name,last_name,birth_year,city,state,zip,email,phone,language_preference,customer_since,trusted_contact_on_file,military_status_on_file,available_at
CUS-00001,Evelyn,Calloway,1972,Phoenix,AZ,85001,evelyn.calloway01@example.com,(602) 555-0101,en,2012-11-26,false,none,2012-11-26T16:00:00Z
CUS-00002,Tobias,Dunmore,1971,Omaha,NE,68102,tobias.dunmore02@example.com,(402) 555-0102,en,2026-08-29,false,none,2026-08-29T14:00:00Z
CUS-00003,Vera,Rowley,1949,Tucson,AZ,85703,vera.rowley03@example.com,(520) 555-0103,en,2005-05-16,false,none,2005-05-16T16:00:00Z
CUS-00004,Maren,Brennan,1992,Kansas City,MO,64104,maren.brennan04@example.com,(816) 555-0104,en,2023-11-12,false,none,2023-11-12T15:00:00Z
CUS-00005,Ronan,Draper,2002,El Paso,TX,79905,ronan.draper05@example.com,(915) 555-0105,en,2017-02-06,false,none,2017-02-06T16:00:00Z
CUS-00006,Silas,Garrity,1956,Mesa,AZ,85206,silas.garrity06@example.com,(480) 555-0106,en,2023-11-13,false,none,2023-11-13T16:00:00Z
CUS-00007,Gwen,Brennan,1944,Kansas City,MO,64107,gwen.brennan07@example.com,(816) 555-0107,en,2010-07-18,false,none,2010-07-18T14:00:00Z
CUS-00008,Ulysses,Aguilar,1969,Des Moines,IA,50308,ulysses.aguilar08@example.com,(515) 555-0108,en,2026-09-01,false,none,2026-09-01T14:00:00Z
CUS-00009,Zane,Wexford,1967,Chicago,IL,60609,zane.wexford09@example.com,(312) 555-0109,en,2019-11-25,false,none,2019-11-25T15:00:00Z
CUS-00010,Iris,Garrity,1996,Los Angeles,CA,90010,iris.garrity10@example.com,(213) 555-0110,en,2015-11-10,false,none,2015-11-10T17:00:00Z
CUS-00011,Evelyn,Marlowe,1969,Dallas,TX,75211,evelyn.marlowe11@example.com,(214) 555-0111,en,2000-10-29,false,none,2000-10-29T15:00:00Z
CUS-00012,Vera,Easton,2001,Los Angeles,CA,90012,vera.easton12@example.com,(213) 555-0112,en,1999-02-06,false,none,1999-02-06T17:00:00Z
CUS-00013,Quinn,Lozano,1962,Dallas,TX,75213,quinn.lozano13@example.com,(214) 555-0113,en,2000-11-09,false,none,2000-11-09T15:00:00Z
CUS-00014,Maren,Pendleton,1983,Kansas City,MO,64114,maren.pendleton14@example.com,(816) 555-0114,en,2013-02-19,false,none,2013-02-19T15:00:00Z
CUS-00015,Grady,Blakely,1950,Houston,TX,77015,grady.blakely15@example.com,(713) 555-0115,en,2007-12-25,false,none,2007-12-25T15:00:00Z
CUS-00016,Cyrus,Galloway,1953,Chicago,IL,60616,cyrus.galloway16@example.com,(312) 555-0116,en,2009-10-12,false,none,2009-10-12T14:00:00Z
CUS-00017,Grady,Whitaker,1959,Albuquerque,NM,87117,grady.whitaker17@example.com,(505) 555-0117,en,2021-03-06,false,none,2021-03-06T16:00:00Z
CUS-00018,Alejandra,Montoya,1944,Mesa,AZ,85218,alejandra.montoya18@example.com,(480) 555-0118,es,2026-08-17,false,none,2026-08-17T16:00:00Z
CUS-00019,Otis,Dunmore,1958,Tulsa,OK,74119,otis.dunmore19@example.com,(918) 555-0119,en,2021-03-20,true,none,2021-03-20T14:00:00Z
CUS-00020,Leland,Cisneros,1960,Denver,CO,80220,leland.cisneros20@example.com,(303) 555-0120,en,2022-12-09,false,none,2022-12-09T16:00:00Z
CUS-00021,Iris,Marlowe,1954,Columbus,OH,43221,iris.marlowe21@example.com,(614) 555-0121,en,2011-08-01,false,none,2011-08-01T13:00:00Z
CUS-00022,Otis,Whitaker,1955,Las Vegas,NV,89122,otis.whitaker22@example.com,(702) 555-0122,en,2018-07-08,false,none,2018-07-08T16:00:00Z
CUS-00023,Jonah,Yates,1988,Phoenix,AZ,85023,jonah.yates23@example.com,(602) 555-0123,en,2026-01-29,false,none,2026-01-29T16:00:00Z
CUS-00024,Wade,Hartigan,1987,Denver,CO,80224,wade.hartigan24@example.com,(303) 555-0124,en,2010-02-02,false,none,2010-02-02T16:00:00Z
CUS-00025,Esperanza,Ibarra,2000,Houston,TX,77025,esperanza.ibarra25@example.com,(713) 555-0125,es,2026-08-12,false,none,2026-08-12T14:00:00Z
CUS-00026,Tessa,Norquist,2001,San Antonio,TX,78226,tessa.norquist26@example.com,(210) 555-0126,en,2010-11-14,false,none,2010-11-14T15:00:00Z
CUS-00027,Opal,Fuentes,1951,Houston,TX,77027,opal.fuentes27@example.com,(713) 555-0127,en,2006-08-01,false,none,2006-08-01T14:00:00Z
CUS-00028,Wade,Kessler,1959,Denver,CO,80228,wade.kessler28@example.com,(303) 555-0128,en,2004-01-28,false,none,2004-01-28T16:00:00Z
CUS-00029,Harlan,Merriweather,1946,Dallas,TX,75229,harlan.merriweather29@example.com,(214) 555-0129,en,2017-05-04,true,none,2017-05-04T14:00:00Z
CUS-00030,Marcus,Quimby,1943,El Paso,TX,79930,marcus.quimby30@example.com,(915) 555-0130,en,2001-01-31,false,none,2001-01-31T16:00:00Z
CUS-00031,Nadia,Quimby,1975,Los Angeles,CA,90031,nadia.quimby31@example.com,(213) 555-0131,en,2025-12-24,true,none,2025-12-24T17:00:00Z
CUS-00032,Kendra,Hartigan,1952,Dallas,TX,75232,kendra.hartigan32@example.com,(214) 555-0132,en,2022-08-31,false,none,2022-08-31T14:00:00Z
CUS-00033,Emmett,Wexford,1961,Las Vegas,NV,89133,emmett.wexford33@example.com,(702) 555-0133,en,2025-12-07,false,none,2025-12-07T17:00:00Z
CUS-00034,Ximena,Cisneros,1976,Los Angeles,CA,90034,ximena.cisneros34@example.com,(213) 555-0134,es,2008-03-16,false,none,2008-03-16T16:00:00Z
CUS-00035,Milo,Calloway,1977,Los Angeles,CA,90035,milo.calloway35@example.com,(213) 555-0135,en,2023-05-15,false,none,2023-05-15T16:00:00Z
CUS-00036,Quinn,Fuentes,1987,Columbus,OH,43236,quinn.fuentes36@example.com,(614) 555-0136,en,2026-08-23,true,none,2026-08-23T13:00:00Z
CUS-00037,Ingrid,Garrity,1978,Las Vegas,NV,89137,ingrid.garrity37@example.com,(702) 555-0137,en,2018-03-03,false,none,2018-03-03T17:00:00Z
CUS-00038,Ulysses,Kessler,1989,Denver,CO,80238,ulysses.kessler38@example.com,(303) 555-0138,en,2018-04-29,true,none,2018-04-29T15:00:00Z
CUS-00039,Grady,Montoya,1968,Omaha,NE,68139,grady.montoya39@example.com,(402) 555-0139,en,2014-09-10,false,none,2014-09-10T14:00:00Z
CUS-00040,Fletcher,Quimby,1957,Phoenix,AZ,85040,fletcher.quimby40@example.com,(602) 555-0140,en,2026-06-06,false,scra_active,2026-06-06T16:00:00Z
CUS-00041,Darla,Fenwick,1982,Phoenix,AZ,85041,darla.fenwick41@example.com,(602) 555-0141,en,2019-11-08,false,none,2019-11-08T16:00:00Z
CUS-00042,Quinn,Prescott,1999,Chicago,IL,60642,quinn.prescott42@example.com,(312) 555-0142,en,2020-07-08,false,none,2020-07-08T14:00:00Z
CUS-00043,Kendra,Norquist,1994,Tucson,AZ,85743,kendra.norquist43@example.com,(520) 555-0143,en,2005-04-01,false,none,2005-04-01T16:00:00Z
CUS-00044,Yvonne,Brennan,1967,Kansas City,MO,64144,yvonne.brennan44@example.com,(816) 555-0144,en,2018-10-05,true,none,2018-10-05T14:00:00Z
CUS-00045,Silas,Ellery,1977,Des Moines,IA,50345,silas.ellery45@example.com,(515) 555-0145,en,2011-07-09,false,none,2011-07-09T14:00:00Z
CUS-00046,Priya,Norquist,1953,Denver,CO,80246,priya.norquist46@example.com,(303) 555-0146,en,2011-06-03,false,none,2011-06-03T15:00:00Z
CUS-00047,Octavio,Herrera,1972,Tucson,AZ,85747,octavio.herrera47@example.com,(520) 555-0147,es,2003-04-01,false,none,2003-04-01T16:00:00Z
CUS-00048,Keira,Wexford,2002,Columbus,OH,43248,keira.wexford48@example.com,(614) 555-0148,en,1999-10-22,false,none,1999-10-22T13:00:00Z
CUS-00049,Corinne,Jessop,1947,Dallas,TX,75249,corinne.jessop49@example.com,(214) 555-0149,en,2017-08-22,false,none,2017-08-22T14:00:00Z
CUS-00050,Lucía,Treviño,1945,Mesa,AZ,85250,lucía.treviño50@example.com,(480) 555-0150,es,2026-03-13,false,none,2026-03-13T16:00:00Z
CUS-00051,Beatrix,Oakes,1948,Dallas,TX,75251,beatrix.oakes51@example.com,(214) 555-0151,en,2011-04-09,false,none,2011-04-09T14:00:00Z
CUS-00052,Lorna,Lindqvist,1990,Houston,TX,77052,lorna.lindqvist52@example.com,(713) 555-0152,en,2000-06-20,false,none,2000-06-20T14:00:00Z
CUS-00053,Maren,Oakes,1942,Columbus,OH,43253,maren.oakes53@example.com,(614) 555-0153,en,2005-03-17,false,none,2005-03-17T14:00:00Z
CUS-00054,Quinn,Hartigan,1958,Des Moines,IA,50354,quinn.hartigan54@example.com,(515) 555-0154,en,2015-06-29,false,none,2015-06-29T14:00:00Z
CUS-00055,Hollis,Galloway,1963,Tulsa,OK,74155,hollis.galloway55@example.com,(918) 555-0155,en,2004-03-09,false,none,2004-03-09T15:00:00Z
CUS-00056,Wade,Calloway,1959,Mesa,AZ,85256,wade.calloway56@example.com,(480) 555-0156,en,2020-04-04,false,none,2020-04-04T16:00:00Z
CUS-00057,Dalton,Sterling,1956,Chicago,IL,60657,dalton.sterling57@example.com,(312) 555-0157,en,2019-12-11,false,none,2019-12-11T15:00:00Z
CUS-00058,Diego,Salazar,1972,Des Moines,IA,50358,diego.salazar58@example.com,(515) 555-0158,es,2003-01-15,false,none,2003-01-15T15:00:00Z
CUS-00059,Octavio,Fuentes,1987,Phoenix,AZ,85059,octavio.fuentes59@example.com,(602) 555-0159,es,2010-03-03,false,none,2010-03-03T16:00:00Z
CUS-00060,Sloane,Thorne,1946,Albuquerque,NM,87160,sloane.thorne60@example.com,(505) 555-0160,en,2012-05-12,false,none,2012-05-12T15:00:00Z
CUS-00061,Bellamy,Fenwick,1947,Chicago,IL,60661,bellamy.fenwick61@example.com,(312) 555-0161,en,2024-09-28,false,none,2024-09-28T14:00:00Z
CUS-00062,Iris,Dunmore,1992,Des Moines,IA,50362,iris.dunmore62@example.com,(515) 555-0162,en,2000-11-04,false,none,2000-11-04T15:00:00Z
CUS-00063,Jonah,Draper,1985,Columbus,OH,43263,jonah.draper63@example.com,(614) 555-0163,en,2017-06-17,false,none,2017-06-17T13:00:00Z
CUS-00064,Jonah,Whitaker,1998,Des Moines,IA,50364,jonah.whitaker64@example.com,(515) 555-0164,en,2011-01-09,false,none,2011-01-09T15:00:00Z
CUS-00065,Harlan,Thorne,1979,Denver,CO,80265,harlan.thorne65@example.com,(303) 555-0165,en,2014-01-04,false,none,2014-01-04T16:00:00Z
CUS-00066,Marcus,Sayers,1947,Atlanta,GA,30366,marcus.sayers66@example.com,(404) 555-0166,en,2013-10-18,false,none,2013-10-18T13:00:00Z
CUS-00067,Fletcher,Kincaid,1974,Columbus,OH,43267,fletcher.kincaid67@example.com,(614) 555-0167,en,2008-05-06,false,none,2008-05-06T13:00:00Z
CUS-00068,Ingrid,Whitaker,1977,Los Angeles,CA,90068,ingrid.whitaker68@example.com,(213) 555-0168,en,2019-08-06,false,none,2019-08-06T16:00:00Z
CUS-00069,Rosalind,Sterling,1986,Phoenix,AZ,85069,rosalind.sterling69@example.com,(602) 555-0169,en,2000-08-01,false,none,2000-08-01T16:00:00Z
CUS-00070,Marcus,Quimby,1994,Denver,CO,80270,marcus.quimby70@example.com,(303) 555-0170,en,2019-05-01,false,none,2019-05-01T15:00:00Z
CUS-00071,Kendra,Galloway,1985,El Paso,TX,79971,kendra.galloway71@example.com,(915) 555-0171,en,2018-12-27,false,none,2018-12-27T16:00:00Z
CUS-00072,Ronan,Garrity,1985,San Antonio,TX,78272,ronan.garrity72@example.com,(210) 555-0172,en,2005-01-29,true,none,2005-01-29T15:00:00Z
CUS-00073,Grady,Galloway,1944,Mesa,AZ,85273,grady.galloway73@example.com,(480) 555-0173,en,2007-06-08,false,none,2007-06-08T16:00:00Z
CUS-00074,Maren,Brennan,1969,Albuquerque,NM,87174,maren.brennan74@example.com,(505) 555-0174,en,2003-02-02,false,none,2003-02-02T16:00:00Z
CUS-00075,Grady,Holloway,1983,Houston,TX,77075,grady.holloway75@example.com,(713) 555-0175,en,2004-05-31,false,none,2004-05-31T14:00:00Z
CUS-00076,Cyrus,Quintero,1964,San Antonio,TX,78276,cyrus.quintero76@example.com,(210) 555-0176,en,2013-03-24,false,none,2013-03-24T14:00:00Z
CUS-00077,Priya,Radley,1941,Los Angeles,CA,90077,priya.radley77@example.com,(213) 555-0177,en,2007-09-10,true,none,2007-09-10T16:00:00Z
CUS-00078,Zane,Pineda,1991,Phoenix,AZ,85078,zane.pineda78@example.com,(602) 555-0178,en,2025-12-19,false,none,2025-12-19T16:00:00Z
CUS-00079,Beatrix,Lindqvist,1989,Denver,CO,80279,beatrix.lindqvist79@example.com,(303) 555-0179,en,2026-04-18,false,none,2026-04-18T15:00:00Z
CUS-00080,Delia,Underwood,1953,Mesa,AZ,85280,delia.underwood80@example.com,(480) 555-0180,en,2013-10-23,false,none,2013-10-23T16:00:00Z
CUS-00081,Catalina,Jaramillo,1985,San Antonio,TX,78281,catalina.jaramillo81@example.com,(210) 555-0181,es,2013-02-23,false,none,2013-02-23T15:00:00Z
CUS-00082,Lorna,Oakes,1947,San Antonio,TX,78282,lorna.oakes82@example.com,(210) 555-0182,en,2000-01-18,false,none,2000-01-18T15:00:00Z
CUS-00083,Evelyn,Blakely,1994,Las Vegas,NV,89183,evelyn.blakely83@example.com,(702) 555-0183,en,2004-12-24,false,none,2004-12-24T17:00:00Z
CUS-00084,Zane,Ambrose,1999,Dallas,TX,75284,zane.ambrose84@example.com,(214) 555-0184,en,2008-07-03,false,none,2008-07-03T14:00:00Z
CUS-00085,Reed,Holloway,2001,Denver,CO,80285,reed.holloway85@example.com,(303) 555-0185,en,2011-09-14,false,none,2011-09-14T15:00:00Z
CUS-00086,Cyrus,Yates,1958,Columbus,OH,43286,cyrus.yates86@example.com,(614) 555-0186,en,2006-07-09,false,none,2006-07-09T13:00:00Z
CUS-00087,Hazel,Hartigan,1978,Atlanta,GA,30387,hazel.hartigan87@example.com,(404) 555-0187,en,2009-03-19,false,none,2009-03-19T13:00:00Z
CUS-00088,Dalton,Quintero,2002,Mesa,AZ,85288,dalton.quintero88@example.com,(480) 555-0188,en,2013-10-06,false,none,2013-10-06T16:00:00Z
CUS-00089,Hollis,Kessler,1944,Chicago,IL,60689,hollis.kessler89@example.com,(312) 555-0189,en,2021-01-07,true,none,2021-01-07T15:00:00Z
CUS-00090,Cyrus,Ingram,1977,San Antonio,TX,78290,cyrus.ingram90@example.com,(210) 555-0190,en,2022-11-16,true,none,2022-11-16T15:00:00Z
CUS-00091,Joaquín,Quintero,1946,Phoenix,AZ,85091,joaquín.quintero91@example.com,(602) 555-0191,es,1999-09-18,false,none,1999-09-18T16:00:00Z
CUS-00092,Vera,Oakes,1971,Chicago,IL,60692,vera.oakes92@example.com,(312) 555-0192,en,2018-05-30,false,none,2018-05-30T14:00:00Z
CUS-00093,Wendell,Ashford,1977,Houston,TX,77093,wendell.ashford93@example.com,(713) 555-0193,en,2013-11-04,false,none,2013-11-04T15:00:00Z
CUS-00094,Alejandra,Ibarra,1968,Des Moines,IA,50394,alejandra.ibarra94@example.com,(515) 555-0194,es,2018-05-29,false,none,2018-05-29T14:00:00Z
CUS-00095,Yvonne,Ashford,1963,Tucson,AZ,85795,yvonne.ashford95@example.com,(520) 555-0195,en,2019-09-05,false,none,2019-09-05T16:00:00Z
CUS-00096,Tessa,Montoya,1971,Phoenix,AZ,85096,tessa.montoya96@example.com,(602) 555-0196,en,2020-10-07,false,none,2020-10-07T16:00:00Z
CUS-00097,Hollis,Oakes,1958,Las Vegas,NV,89197,hollis.oakes97@example.com,(702) 555-0197,en,2013-01-28,false,none,2013-01-28T17:00:00Z
CUS-00098,Wade,Lockhart,1953,Houston,TX,77098,wade.lockhart98@example.com,(713) 555-0198,en,2021-05-02,false,none,2021-05-02T14:00:00Z
CUS-00099,Octavio,Galindo,1956,Phoenix,AZ,85099,octavio.galindo99@example.com,(602) 555-0199,es,2007-11-21,false,none,2007-11-21T16:00:00Z
CUS-00100,Fernando,Delgado,1965,Phoenix,AZ,85000,fernando.delgado00@example.com,(602) 555-0100,es,2018-07-30,false,none,2018-07-30T16:00:00Z
CUS-00101,Tobias,Corwin,1988,Atlanta,GA,30301,tobias.corwin01@example.com,(404) 555-0101,en,2015-02-03,false,none,2015-02-03T14:00:00Z
CUS-00102,Reed,Yates,1977,Columbus,OH,43202,reed.yates02@example.com,(614) 555-0102,en,2000-04-30,false,none,2000-04-30T13:00:00Z
CUS-00103,Amos,Draper,1955,Las Vegas,NV,89103,amos.draper03@example.com,(702) 555-0103,en,2014-12-09,true,none,2014-12-09T17:00:00Z
CUS-00104,Zane,Prescott,1986,Tulsa,OK,74104,zane.prescott04@example.com,(918) 555-0104,en,2012-05-28,false,none,2012-05-28T14:00:00Z
CUS-00105,Zane,Sayers,1999,Columbus,OH,43205,zane.sayers05@example.com,(614) 555-0105,en,2006-03-15,false,none,2006-03-15T14:00:00Z
CUS-00106,Milo,Easton,1961,San Antonio,TX,78206,milo.easton06@example.com,(210) 555-0106,en,2001-10-30,false,none,2001-10-30T15:00:00Z
CUS-00107,Faye,Calloway,1949,Phoenix,AZ,85007,faye.calloway07@example.com,(602) 555-0107,en,2000-03-16,false,none,2000-03-16T16:00:00Z
CUS-00108,Lucía,Galindo,1976,Phoenix,AZ,85008,lucía.galindo08@example.com,(602) 555-0108,es,2015-05-13,false,none,2015-05-13T16:00:00Z
CUS-00109,Milo,Pendleton,2003,Las Vegas,NV,89109,milo.pendleton09@example.com,(702) 555-0109,en,2002-01-19,false,none,2002-01-19T17:00:00Z
CUS-00110,Lorna,Thorne,1967,Tucson,AZ,85710,lorna.thorne10@example.com,(520) 555-0110,en,2015-07-22,false,none,2015-07-22T16:00:00Z
CUS-00111,Iris,Kessler,1962,Dallas,TX,75211,iris.kessler11@example.com,(214) 555-0111,en,2023-10-11,false,none,2023-10-11T14:00:00Z
CUS-00112,Grady,Corwin,1984,Dallas,TX,75212,grady.corwin12@example.com,(214) 555-0112,en,2016-09-03,false,none,2016-09-03T14:00:00Z
CUS-00113,Alejandra,Escobedo,1974,El Paso,TX,79913,alejandra.escobedo13@example.com,(915) 555-0113,es,2003-07-22,false,none,2003-07-22T15:00:00Z
CUS-00114,Dalton,Underwood,1971,Denver,CO,80214,dalton.underwood14@example.com,(303) 555-0114,en,2026-02-21,false,none,2026-02-21T16:00:00Z
CUS-00115,Héctor,Barrera,1995,El Paso,TX,79915,héctor.barrera15@example.com,(915) 555-0115,es,2020-05-03,false,none,2020-05-03T15:00:00Z
CUS-00116,Sloane,Corwin,1957,Dallas,TX,75216,sloane.corwin16@example.com,(214) 555-0116,en,2011-07-21,true,none,2011-07-21T14:00:00Z
CUS-00117,Hazel,Sterling,1957,Dallas,TX,75217,hazel.sterling17@example.com,(214) 555-0117,en,2005-11-21,false,none,2005-11-21T15:00:00Z
CUS-00118,Milo,Calloway,1988,Omaha,NE,68118,milo.calloway18@example.com,(402) 555-0118,en,2023-04-22,false,none,2023-04-22T14:00:00Z
CUS-00119,Reed,Prescott,1959,Phoenix,AZ,85019,reed.prescott19@example.com,(602) 555-0119,en,2001-05-10,false,none,2001-05-10T16:00:00Z
CUS-00120,Evelyn,Yates,1961,Columbus,OH,43220,evelyn.yates20@example.com,(614) 555-0120,en,2020-12-05,false,none,2020-12-05T14:00:00Z
CUS-00121,Vera,Lindqvist,1941,Phoenix,AZ,85021,vera.lindqvist21@example.com,(602) 555-0121,en,2022-12-13,true,none,2022-12-13T16:00:00Z
CUS-00122,Kendra,Kincaid,1961,Tulsa,OK,74122,kendra.kincaid22@example.com,(918) 555-0122,en,2008-01-26,false,none,2008-01-26T15:00:00Z
CUS-00123,Teodoro,Fuentes,1970,San Antonio,TX,78223,teodoro.fuentes23@example.com,(210) 555-0123,es,2017-09-22,false,none,2017-09-22T14:00:00Z
CUS-00124,Fletcher,Vance,1988,Tucson,AZ,85724,fletcher.vance24@example.com,(520) 555-0124,en,2023-03-20,false,none,2023-03-20T16:00:00Z
CUS-00125,Ulysses,Quimby,1946,Tulsa,OK,74125,ulysses.quimby25@example.com,(918) 555-0125,en,2009-11-26,false,none,2009-11-26T15:00:00Z
CUS-00126,Jasper,Dunmore,1988,San Antonio,TX,78226,jasper.dunmore26@example.com,(210) 555-0126,en,2005-02-21,false,none,2005-02-21T15:00:00Z
CUS-00127,Iris,Faraday,1966,Atlanta,GA,30327,iris.faraday27@example.com,(404) 555-0127,en,2016-03-20,false,none,2016-03-20T13:00:00Z
CUS-00128,Quinn,Lindqvist,1978,San Antonio,TX,78228,quinn.lindqvist28@example.com,(210) 555-0128,en,2020-07-07,false,none,2020-07-07T14:00:00Z
CUS-00129,Dalton,Blakely,1985,Los Angeles,CA,90029,dalton.blakely29@example.com,(213) 555-0129,en,2016-06-05,false,none,2016-06-05T16:00:00Z
CUS-00130,Delia,Prescott,1953,Los Angeles,CA,90030,delia.prescott30@example.com,(213) 555-0130,en,2015-01-10,false,none,2015-01-10T17:00:00Z
CUS-00131,Rosalind,Salazar,2002,Tucson,AZ,85731,rosalind.salazar31@example.com,(520) 555-0131,en,2017-03-02,false,none,2017-03-02T16:00:00Z
CUS-00132,Gwen,Underwood,1956,Dallas,TX,75232,gwen.underwood32@example.com,(214) 555-0132,en,2026-01-13,false,none,2026-01-13T15:00:00Z
CUS-00133,Porter,Jessop,1943,San Antonio,TX,78233,porter.jessop33@example.com,(210) 555-0133,en,2002-02-27,false,none,2002-02-27T15:00:00Z
CUS-00134,Gwen,Merriweather,1945,Denver,CO,80234,gwen.merriweather34@example.com,(303) 555-0134,en,2007-07-14,false,none,2007-07-14T15:00:00Z
CUS-00135,Faye,Faraday,1944,Chicago,IL,60635,faye.faraday35@example.com,(312) 555-0135,en,2022-06-25,false,none,2022-06-25T14:00:00Z
CUS-00136,Grady,Vance,1991,Tulsa,OK,74136,grady.vance36@example.com,(918) 555-0136,en,2008-06-16,false,none,2008-06-16T14:00:00Z
CUS-00137,Dalton,Prescott,1986,San Antonio,TX,78237,dalton.prescott37@example.com,(210) 555-0137,en,2024-01-02,false,none,2024-01-02T15:00:00Z
CUS-00138,Faye,Kessler,2000,Los Angeles,CA,90038,faye.kessler38@example.com,(213) 555-0138,en,2024-06-20,false,none,2024-06-20T16:00:00Z
CUS-00139,Priya,Yates,1973,Phoenix,AZ,85039,priya.yates39@example.com,(602) 555-0139,en,2003-09-16,true,none,2003-09-16T16:00:00Z
CUS-00140,Porter,Vance,2000,Chicago,IL,60640,porter.vance40@example.com,(312) 555-0140,en,2009-09-09,true,none,2009-09-09T14:00:00Z
CUS-00141,Wade,Pendleton,1979,Denver,CO,80241,wade.pendleton41@example.com,(303) 555-0141,en,2002-05-17,false,none,2002-05-17T15:00:00Z
CUS-00142,Beatrix,Lockhart,1990,Denver,CO,80242,beatrix.lockhart42@example.com,(303) 555-0142,en,2008-12-22,false,none,2008-12-22T16:00:00Z
CUS-00143,Keira,Hartigan,1941,Atlanta,GA,30343,keira.hartigan43@example.com,(404) 555-0143,en,2014-03-02,false,none,2014-03-02T14:00:00Z
CUS-00144,Colby,Jaramillo,1998,Tulsa,OK,74144,colby.jaramillo44@example.com,(918) 555-0144,en,2019-03-25,false,none,2019-03-25T14:00:00Z
CUS-00145,Evelyn,Rowley,2001,San Antonio,TX,78245,evelyn.rowley45@example.com,(210) 555-0145,en,2016-11-15,false,none,2016-11-15T15:00:00Z
CUS-00146,Ronan,Fenwick,1951,Dallas,TX,75246,ronan.fenwick46@example.com,(214) 555-0146,en,2022-04-09,false,none,2022-04-09T14:00:00Z
CUS-00147,Avery,Holloway,1948,Phoenix,AZ,85047,avery.holloway47@example.com,(602) 555-0147,en,2013-04-17,false,none,2013-04-17T16:00:00Z
CUS-00148,Paloma,Barrera,1951,Dallas,TX,75248,paloma.barrera48@example.com,(214) 555-0148,es,2021-06-02,false,none,2021-06-02T14:00:00Z
CUS-00149,Dalton,Ashford,1995,Dallas,TX,75249,dalton.ashford49@example.com,(214) 555-0149,en,2018-11-29,false,none,2018-11-29T15:00:00Z
CUS-00150,Marcus,Underwood,1985,San Antonio,TX,78250,marcus.underwood50@example.com,(210) 555-0150,en,2021-12-07,false,none,2021-12-07T15:00:00Z
CUS-00151,Leland,Galloway,1994,Kansas City,MO,64151,leland.galloway51@example.com,(816) 555-0151,en,2009-01-27,false,none,2009-01-27T15:00:00Z
CUS-00152,Bellamy,Dunmore,1955,Phoenix,AZ,85052,bellamy.dunmore52@example.com,(602) 555-0152,en,2002-09-14,false,none,2002-09-14T16:00:00Z
CUS-00153,Quinn,Tillman,2000,Mesa,AZ,85253,quinn.tillman53@example.com,(480) 555-0153,en,2023-03-27,false,none,2023-03-27T16:00:00Z
CUS-00154,Hazel,Faraday,1978,Columbus,OH,43254,hazel.faraday54@example.com,(614) 555-0154,en,2026-01-29,false,none,2026-01-29T14:00:00Z
CUS-00155,Faye,Fenwick,1979,Kansas City,MO,64155,faye.fenwick55@example.com,(816) 555-0155,en,2007-12-23,false,none,2007-12-23T15:00:00Z
CUS-00156,Reed,Thorne,1959,Dallas,TX,75256,reed.thorne56@example.com,(214) 555-0156,en,2013-04-04,false,none,2013-04-04T14:00:00Z
CUS-00157,Beatrix,Easton,1998,Tucson,AZ,85757,beatrix.easton57@example.com,(520) 555-0157,en,2018-12-22,false,none,2018-12-22T16:00:00Z
CUS-00158,Priya,Hartigan,1984,Chicago,IL,60658,priya.hartigan58@example.com,(312) 555-0158,en,2016-01-22,false,none,2016-01-22T15:00:00Z
CUS-00159,Hollis,Norquist,1967,Denver,CO,80259,hollis.norquist59@example.com,(303) 555-0159,en,2006-08-12,false,none,2006-08-12T15:00:00Z
CUS-00160,Ulysses,Ingram,1956,Mesa,AZ,85260,ulysses.ingram60@example.com,(480) 555-0160,en,2009-04-24,false,none,2009-04-24T16:00:00Z
CUS-00161,Tobias,Sterling,1945,San Antonio,TX,78261,tobias.sterling61@example.com,(210) 555-0161,en,2021-11-08,false,none,2021-11-08T15:00:00Z
CUS-00162,Priya,Easton,2000,Los Angeles,CA,90062,priya.easton62@example.com,(213) 555-0162,en,2023-11-06,false,none,2023-11-06T17:00:00Z
CUS-00163,Porter,Easton,1954,Columbus,OH,43263,porter.easton63@example.com,(614) 555-0163,en,2004-10-01,false,none,2004-10-01T13:00:00Z
CUS-00164,Avery,Vance,2002,Tulsa,OK,74164,avery.vance64@example.com,(918) 555-0164,en,2006-03-06,false,none,2006-03-06T15:00:00Z
CUS-00165,Leland,Thorne,1947,Tucson,AZ,85765,leland.thorne65@example.com,(520) 555-0165,en,2005-01-04,false,none,2005-01-04T16:00:00Z
CUS-00166,Valeria,Barrera,1984,Mesa,AZ,85266,valeria.barrera66@example.com,(480) 555-0166,es,2026-02-02,false,none,2026-02-02T16:00:00Z
CUS-00167,Avery,Lockhart,1976,Los Angeles,CA,90067,avery.lockhart67@example.com,(213) 555-0167,en,2024-04-28,false,none,2024-04-28T16:00:00Z
CUS-00168,Silas,Hartigan,1986,Chicago,IL,60668,silas.hartigan68@example.com,(312) 555-0168,en,2011-04-01,false,none,2011-04-01T14:00:00Z
CUS-00169,Fletcher,Thorne,1968,Phoenix,AZ,85069,fletcher.thorne69@example.com,(602) 555-0169,en,2017-12-21,false,none,2017-12-21T16:00:00Z
CUS-00170,Milo,Wexford,2001,Las Vegas,NV,89170,milo.wexford70@example.com,(702) 555-0170,en,2005-08-25,false,none,2005-08-25T16:00:00Z
CUS-00171,Tessa,Brennan,1944,San Antonio,TX,78271,tessa.brennan71@example.com,(210) 555-0171,en,2025-12-03,true,none,2025-12-03T15:00:00Z
CUS-00172,Silas,Merriweather,2004,Kansas City,MO,64172,silas.merriweather72@example.com,(816) 555-0172,en,2007-04-29,false,none,2007-04-29T14:00:00Z
CUS-00173,Avery,Quimby,1991,Columbus,OH,43273,avery.quimby73@example.com,(614) 555-0173,en,2020-01-28,false,none,2020-01-28T14:00:00Z
CUS-00174,Valeria,Aguilar,1989,San Antonio,TX,78274,valeria.aguilar74@example.com,(210) 555-0174,es,2019-07-17,false,none,2019-07-17T14:00:00Z
CUS-00175,Corinne,Underwood,1993,Kansas City,MO,64175,corinne.underwood75@example.com,(816) 555-0175,en,2021-06-05,true,none,2021-06-05T14:00:00Z
CUS-00176,Rosalind,Galloway,1943,Denver,CO,80276,rosalind.galloway76@example.com,(303) 555-0176,en,2012-05-10,false,none,2012-05-10T15:00:00Z
CUS-00177,Sloane,Quimby,1961,Chicago,IL,60677,sloane.quimby77@example.com,(312) 555-0177,en,2026-05-18,false,none,2026-05-18T14:00:00Z
CUS-00178,Paloma,Villarreal,1951,Mesa,AZ,85278,paloma.villarreal78@example.com,(480) 555-0178,es,2000-06-21,false,none,2000-06-21T16:00:00Z
CUS-00179,Iris,Wexford,1990,Chicago,IL,60679,iris.wexford79@example.com,(312) 555-0179,en,2011-01-29,false,none,2011-01-29T15:00:00Z
CUS-00180,Tobias,Fenwick,2004,San Antonio,TX,78280,tobias.fenwick80@example.com,(210) 555-0180,en,2001-03-04,false,none,2001-03-04T15:00:00Z
CUS-00181,Darla,Ashford,1993,Kansas City,MO,64181,darla.ashford81@example.com,(816) 555-0181,en,2026-07-11,false,none,2026-07-11T14:00:00Z
CUS-00182,Ingrid,Oakes,1993,Las Vegas,NV,89182,ingrid.oakes82@example.com,(702) 555-0182,en,2001-12-23,false,none,2001-12-23T17:00:00Z
CUS-00183,Keira,Cisneros,1996,Tulsa,OK,74183,keira.cisneros83@example.com,(918) 555-0183,en,2026-02-14,false,none,2026-02-14T15:00:00Z
CUS-00184,Reed,Merriweather,1981,Los Angeles,CA,90084,reed.merriweather84@example.com,(213) 555-0184,en,2003-12-26,false,none,2003-12-26T17:00:00Z
CUS-00185,Marcus,Lockhart,2001,Denver,CO,80285,marcus.lockhart85@example.com,(303) 555-0185,en,2026-05-04,false,none,2026-05-04T15:00:00Z
CUS-00186,Lorna,Ingram,1993,Columbus,OH,43286,lorna.ingram86@example.com,(614) 555-0186,en,2006-11-26,false,none,2006-11-26T14:00:00Z
CUS-00187,Hazel,Thorne,1962,Des Moines,IA,50387,hazel.thorne87@example.com,(515) 555-0187,en,2026-06-11,false,none,2026-06-11T14:00:00Z
CUS-00188,Ximena,Galindo,1986,Tucson,AZ,85788,ximena.galindo88@example.com,(520) 555-0188,es,2008-06-02,false,none,2008-06-02T16:00:00Z
CUS-00189,Faye,Lockhart,1978,Albuquerque,NM,87189,faye.lockhart89@example.com,(505) 555-0189,en,2026-04-24,false,none,2026-04-24T15:00:00Z
CUS-00190,Amos,Ellery,1975,Las Vegas,NV,89190,amos.ellery90@example.com,(702) 555-0190,en,2000-06-22,false,none,2000-06-22T16:00:00Z
CUS-00191,Darla,Lockhart,1968,San Antonio,TX,78291,darla.lockhart91@example.com,(210) 555-0191,en,2011-07-12,false,none,2011-07-12T14:00:00Z
CUS-00192,Delia,Underwood,1957,Kansas City,MO,64192,delia.underwood92@example.com,(816) 555-0192,en,2003-05-13,false,none,2003-05-13T14:00:00Z
CUS-00193,Bellamy,Fenwick,1959,Tulsa,OK,74193,bellamy.fenwick93@example.com,(918) 555-0193,en,2011-07-27,false,none,2011-07-27T14:00:00Z
CUS-00194,Otis,Lozano,2002,Mesa,AZ,85294,otis.lozano94@example.com,(480) 555-0194,en,2014-05-20,false,none,2014-05-20T16:00:00Z
CUS-00195,Corinne,Galloway,1948,Phoenix,AZ,85095,corinne.galloway95@example.com,(602) 555-0195,en,2026-01-29,false,none,2026-01-29T16:00:00Z
CUS-00196,Silas,Jessop,1974,Denver,CO,80296,silas.jessop96@example.com,(303) 555-0196,en,2004-02-04,false,none,2004-02-04T16:00:00Z
CUS-00197,Tessa,Hartigan,1955,San Antonio,TX,78297,tessa.hartigan97@example.com,(210) 555-0197,en,2009-12-06,false,none,2009-12-06T15:00:00Z
CUS-00198,Rosalind,Galloway,1942,San Antonio,TX,78298,rosalind.galloway98@example.com,(210) 555-0198,en,2026-03-21,false,none,2026-03-21T14:00:00Z
CUS-00199,Porter,Garrity,2001,Chicago,IL,60699,porter.garrity99@example.com,(312) 555-0199,en,2026-02-04,false,none,2026-02-04T15:00:00Z
CUS-00200,Corinne,Thorne,1958,Las Vegas,NV,89100,corinne.thorne00@example.com,(702) 555-0100,en,2026-06-20,false,none,2026-06-20T16:00:00Z
CUS-00201,Iris,Kincaid,1970,San Antonio,TX,78201,iris.kincaid01@example.com,(210) 555-0101,en,2007-08-02,false,none,2007-08-02T14:00:00Z
CUS-00202,Hazel,Kincaid,1952,Los Angeles,CA,90002,hazel.kincaid02@example.com,(213) 555-0102,en,2003-08-21,true,none,2003-08-21T16:00:00Z
CUS-00203,Avery,Herrera,1952,Phoenix,AZ,85003,avery.herrera03@example.com,(602) 555-0103,en,2008-07-18,false,none,2008-07-18T16:00:00Z
CUS-00204,Colby,Fenwick,1977,Des Moines,IA,50304,colby.fenwick04@example.com,(515) 555-0104,en,2004-12-04,false,none,2004-12-04T15:00:00Z
CUS-00205,Bellamy,Jaramillo,1963,Atlanta,GA,30305,bellamy.jaramillo05@example.com,(404) 555-0105,en,2001-05-25,false,none,2001-05-25T13:00:00Z
CUS-00206,Iris,Aguilar,1977,Chicago,IL,60606,iris.aguilar06@example.com,(312) 555-0106,en,2013-08-17,false,none,2013-08-17T14:00:00Z
CUS-00207,Leland,Lockhart,1982,Tucson,AZ,85707,leland.lockhart07@example.com,(520) 555-0107,en,2004-01-10,false,none,2004-01-10T16:00:00Z
CUS-00208,Delia,Kessler,2000,Denver,CO,80208,delia.kessler08@example.com,(303) 555-0108,en,2000-02-28,false,none,2000-02-28T16:00:00Z
CUS-00209,Darla,Pendleton,1959,Phoenix,AZ,85009,darla.pendleton09@example.com,(602) 555-0109,en,2002-06-16,false,none,2002-06-16T16:00:00Z
CUS-00210,Faye,Fenwick,1999,Tulsa,OK,74110,faye.fenwick10@example.com,(918) 555-0110,en,2015-12-08,false,none,2015-12-08T15:00:00Z
CUS-00211,Nadia,Ingram,1957,Chicago,IL,60611,nadia.ingram11@example.com,(312) 555-0111,en,2015-03-16,false,none,2015-03-16T14:00:00Z
CUS-00212,Otis,Thorne,1957,San Antonio,TX,78212,otis.thorne12@example.com,(210) 555-0112,en,2013-10-14,false,none,2013-10-14T14:00:00Z
CUS-00213,Otis,Ellery,1958,Chicago,IL,60613,otis.ellery13@example.com,(312) 555-0113,en,2025-12-02,false,none,2025-12-02T15:00:00Z
CUS-00214,Maren,Radley,1994,Mesa,AZ,85214,maren.radley14@example.com,(480) 555-0114,en,2016-07-14,false,none,2016-07-14T16:00:00Z
CUS-00215,Soledad,Fuentes,1995,Dallas,TX,75215,soledad.fuentes15@example.com,(214) 555-0115,es,2013-02-17,false,none,2013-02-17T15:00:00Z
CUS-00216,Jonah,Galloway,1996,Columbus,OH,43216,jonah.galloway16@example.com,(614) 555-0116,en,2026-04-28,false,none,2026-04-28T13:00:00Z
CUS-00217,Colby,Jessop,1982,Des Moines,IA,50317,colby.jessop17@example.com,(515) 555-0117,en,2009-05-08,false,none,2009-05-08T14:00:00Z
CUS-00218,Mateo,Navarro,1943,Phoenix,AZ,85018,mateo.navarro18@example.com,(602) 555-0118,es,2003-05-03,true,none,2003-05-03T16:00:00Z
CUS-00219,Fernando,Montoya,1990,Mesa,AZ,85219,fernando.montoya19@example.com,(480) 555-0119,es,2001-12-07,false,none,2001-12-07T16:00:00Z
CUS-00220,Emmett,Yates,1954,Des Moines,IA,50320,emmett.yates20@example.com,(515) 555-0120,en,1999-10-21,false,none,1999-10-21T14:00:00Z
CUS-00221,Alejandra,Escobedo,1986,Phoenix,AZ,85021,alejandra.escobedo21@example.com,(602) 555-0121,es,2003-02-19,false,none,2003-02-19T16:00:00Z
CUS-00222,Leland,Dunmore,1990,Mesa,AZ,85222,leland.dunmore22@example.com,(480) 555-0122,en,2000-12-21,false,none,2000-12-21T16:00:00Z
CUS-00223,Harlan,Oakes,1986,Denver,CO,80223,harlan.oakes23@example.com,(303) 555-0123,en,2020-12-11,false,none,2020-12-11T16:00:00Z
CUS-00224,Ulysses,Whitaker,1970,Houston,TX,77024,ulysses.whitaker24@example.com,(713) 555-0124,en,2023-09-19,false,none,2023-09-19T14:00:00Z
CUS-00225,Bellamy,Blakely,1970,Mesa,AZ,85225,bellamy.blakely25@example.com,(480) 555-0125,en,2006-11-20,false,none,2006-11-20T16:00:00Z
CUS-00226,Avery,Kessler,1961,Phoenix,AZ,85026,avery.kessler26@example.com,(602) 555-0126,en,2006-05-08,false,none,2006-05-08T16:00:00Z
CUS-00227,Reed,Thorne,1999,Houston,TX,77027,reed.thorne27@example.com,(713) 555-0127,en,2006-10-29,false,none,2006-10-29T15:00:00Z
CUS-00228,Ronan,Norquist,1991,Kansas City,MO,64128,ronan.norquist28@example.com,(816) 555-0128,en,2015-11-09,false,none,2015-11-09T15:00:00Z
CUS-00229,Ximena,Barrera,1982,Houston,TX,77029,ximena.barrera29@example.com,(713) 555-0129,es,2000-11-08,false,none,2000-11-08T15:00:00Z
CUS-00230,Vera,Sayers,1981,Mesa,AZ,85230,vera.sayers30@example.com,(480) 555-0130,en,2015-10-28,true,none,2015-10-28T16:00:00Z
CUS-00231,Dalton,Galloway,1950,Des Moines,IA,50331,dalton.galloway31@example.com,(515) 555-0131,en,2018-12-21,false,none,2018-12-21T15:00:00Z
CUS-00232,Amos,Lindqvist,1953,Omaha,NE,68132,amos.lindqvist32@example.com,(402) 555-0132,en,2008-11-22,false,none,2008-11-22T15:00:00Z
CUS-00233,Keira,Oakes,1941,Los Angeles,CA,90033,keira.oakes33@example.com,(213) 555-0133,en,2016-11-29,false,none,2016-11-29T17:00:00Z
CUS-00234,Inés,Aguilar,1970,Denver,CO,80234,inés.aguilar34@example.com,(303) 555-0134,es,2010-08-07,false,none,2010-08-07T15:00:00Z
CUS-00235,Colby,Ingram,1966,Las Vegas,NV,89135,colby.ingram35@example.com,(702) 555-0135,en,2022-06-07,false,none,2022-06-07T16:00:00Z
CUS-00236,Mateo,Pineda,1969,Mesa,AZ,85236,mateo.pineda36@example.com,(480) 555-0136,es,2000-03-08,false,none,2000-03-08T16:00:00Z
CUS-00237,Bellamy,Holloway,2004,Tulsa,OK,74137,bellamy.holloway37@example.com,(918) 555-0137,en,2008-11-12,false,none,2008-11-12T15:00:00Z
CUS-00238,Faye,Marlowe,1990,Houston,TX,77038,faye.marlowe38@example.com,(713) 555-0138,en,2026-08-23,false,none,2026-08-23T14:00:00Z
CUS-00239,Porter,Dunmore,1944,Tulsa,OK,74139,porter.dunmore39@example.com,(918) 555-0139,en,2000-12-19,false,none,2000-12-19T15:00:00Z
CUS-00240,Fletcher,Galloway,1950,Albuquerque,NM,87140,fletcher.galloway40@example.com,(505) 555-0140,en,2013-10-11,true,none,2013-10-11T15:00:00Z
CUS-00241,Opal,Garrity,2003,Kansas City,MO,64141,opal.garrity41@example.com,(816) 555-0141,en,2026-04-19,false,none,2026-04-19T14:00:00Z
CUS-00242,Avery,Wexford,1987,Des Moines,IA,50342,avery.wexford42@example.com,(515) 555-0142,en,1999-10-11,false,none,1999-10-11T14:00:00Z
CUS-00243,Priya,Yates,1993,Columbus,OH,43243,priya.yates43@example.com,(614) 555-0143,en,2024-01-23,true,none,2024-01-23T14:00:00Z
CUS-00244,Evelyn,Rowley,1995,Phoenix,AZ,85044,evelyn.rowley44@example.com,(602) 555-0144,en,2000-09-24,false,none,2000-09-24T16:00:00Z
CUS-00245,Jasper,Ingram,1991,El Paso,TX,79945,jasper.ingram45@example.com,(915) 555-0145,en,2010-10-08,false,none,2010-10-08T15:00:00Z
CUS-00246,Wade,Underwood,1944,Albuquerque,NM,87146,wade.underwood46@example.com,(505) 555-0146,en,2022-02-20,false,none,2022-02-20T16:00:00Z
CUS-00247,Kendra,Kincaid,1980,Tulsa,OK,74147,kendra.kincaid47@example.com,(918) 555-0147,en,2016-01-30,false,none,2016-01-30T15:00:00Z
CUS-00248,Tobias,Merriweather,2000,Omaha,NE,68148,tobias.merriweather48@example.com,(402) 555-0148,en,2018-10-02,false,none,2018-10-02T14:00:00Z
CUS-00249,Iris,Wexford,1974,Phoenix,AZ,85049,iris.wexford49@example.com,(602) 555-0149,en,2018-05-18,false,none,2018-05-18T16:00:00Z
CUS-00250,Vera,Aguilar,1953,Des Moines,IA,50350,vera.aguilar50@example.com,(515) 555-0150,en,2025-12-23,false,none,2025-12-23T15:00:00Z
CUS-00251,Harlan,Yates,1991,Los Angeles,CA,90051,harlan.yates51@example.com,(213) 555-0151,en,2008-11-20,false,none,2008-11-20T17:00:00Z
CUS-00252,Dalton,Marlowe,1970,Chicago,IL,60652,dalton.marlowe52@example.com,(312) 555-0152,en,2015-05-23,false,none,2015-05-23T14:00:00Z
CUS-00253,Colby,Sterling,1991,Houston,TX,77053,colby.sterling53@example.com,(713) 555-0153,en,2026-07-08,false,none,2026-07-08T14:00:00Z
CUS-00254,Lorna,Galindo,1993,Tucson,AZ,85754,lorna.galindo54@example.com,(520) 555-0154,en,2020-11-12,false,scra_active,2020-11-12T16:00:00Z
CUS-00255,Fletcher,Pendleton,1959,Los Angeles,CA,90055,fletcher.pendleton55@example.com,(213) 555-0155,en,2004-02-02,false,none,2004-02-02T17:00:00Z
CUS-00256,Corinne,Kessler,1994,Mesa,AZ,85256,corinne.kessler56@example.com,(480) 555-0156,en,2006-08-15,false,none,2006-08-15T16:00:00Z
CUS-00257,Maren,Brennan,1967,Kansas City,MO,64157,maren.brennan57@example.com,(816) 555-0157,en,2026-03-02,true,none,2026-03-02T15:00:00Z
CUS-00258,Yvonne,Brennan,1962,Phoenix,AZ,85058,yvonne.brennan58@example.com,(602) 555-0158,en,2008-01-06,false,none,2008-01-06T16:00:00Z
CUS-00259,Hollis,Kessler,1994,Columbus,OH,43259,hollis.kessler59@example.com,(614) 555-0159,en,2017-10-25,false,none,2017-10-25T13:00:00Z
CUS-00260,Avery,Lockhart,1949,Des Moines,IA,50360,avery.lockhart60@example.com,(515) 555-0160,en,2012-11-11,false,none,2012-11-11T15:00:00Z
CUS-00261,Paloma,Pineda,1962,Phoenix,AZ,85061,paloma.pineda61@example.com,(602) 555-0161,es,2026-03-28,true,none,2026-03-28T16:00:00Z
CUS-00262,Gwen,Draper,1944,Houston,TX,77062,gwen.draper62@example.com,(713) 555-0162,en,2003-08-18,true,none,2003-08-18T14:00:00Z
CUS-00263,Zane,Easton,1990,San Antonio,TX,78263,zane.easton63@example.com,(210) 555-0163,en,2009-05-16,true,none,2009-05-16T14:00:00Z
CUS-00264,Tobias,Lockhart,1999,Los Angeles,CA,90064,tobias.lockhart64@example.com,(213) 555-0164,en,2000-02-18,false,none,2000-02-18T17:00:00Z
CUS-00265,Darla,Aguilar,2002,Tulsa,OK,74165,darla.aguilar65@example.com,(918) 555-0165,en,2020-01-17,false,none,2020-01-17T15:00:00Z
CUS-00266,Emmett,Fenwick,1976,Atlanta,GA,30366,emmett.fenwick66@example.com,(404) 555-0166,en,2009-04-05,false,none,2009-04-05T13:00:00Z
CUS-00267,Gwen,Radley,1982,Denver,CO,80267,gwen.radley67@example.com,(303) 555-0167,en,2015-12-10,false,none,2015-12-10T16:00:00Z
CUS-00268,Beatrix,Kincaid,1971,Las Vegas,NV,89168,beatrix.kincaid68@example.com,(702) 555-0168,en,2003-03-01,false,none,2003-03-01T17:00:00Z
CUS-00269,Ingrid,Holloway,1948,Des Moines,IA,50369,ingrid.holloway69@example.com,(515) 555-0169,en,2019-08-11,false,none,2019-08-11T14:00:00Z
CUS-00270,Alejandra,Jaramillo,1974,Phoenix,AZ,85070,alejandra.jaramillo70@example.com,(602) 555-0170,es,2023-02-04,false,none,2023-02-04T16:00:00Z
CUS-00271,Ronan,Rowley,1963,Des Moines,IA,50371,ronan.rowley71@example.com,(515) 555-0171,en,2005-03-01,false,none,2005-03-01T15:00:00Z
CUS-00272,Tessa,Jessop,1966,Tulsa,OK,74172,tessa.jessop72@example.com,(918) 555-0172,en,2019-12-19,false,none,2019-12-19T15:00:00Z
CUS-00273,Iris,Brennan,1999,Phoenix,AZ,85073,iris.brennan73@example.com,(602) 555-0173,en,2014-06-21,false,none,2014-06-21T16:00:00Z
CUS-00274,Nolan,Galloway,1959,San Antonio,TX,78274,nolan.galloway74@example.com,(210) 555-0174,en,2008-10-02,false,none,2008-10-02T14:00:00Z
CUS-00275,Hollis,Prescott,1958,Kansas City,MO,64175,hollis.prescott75@example.com,(816) 555-0175,en,2016-11-18,false,none,2016-11-18T15:00:00Z
CUS-00276,Cyrus,Faraday,1962,Mesa,AZ,85276,cyrus.faraday76@example.com,(480) 555-0176,en,2016-10-20,false,none,2016-10-20T16:00:00Z
CUS-00277,Opal,Ambrose,1973,Omaha,NE,68177,opal.ambrose77@example.com,(402) 555-0177,en,2016-05-04,false,none,2016-05-04T14:00:00Z
CUS-00278,Colby,Easton,1962,San Antonio,TX,78278,colby.easton78@example.com,(210) 555-0178,en,2005-10-26,false,none,2005-10-26T14:00:00Z
CUS-00279,Silas,Navarro,1978,Las Vegas,NV,89179,silas.navarro79@example.com,(702) 555-0179,en,2012-01-24,false,none,2012-01-24T17:00:00Z
CUS-00280,Ulysses,Fenwick,1980,Tulsa,OK,74180,ulysses.fenwick80@example.com,(918) 555-0180,en,2018-10-01,false,none,2018-10-01T14:00:00Z
CUS-00281,Emmett,Jessop,1996,Houston,TX,77081,emmett.jessop81@example.com,(713) 555-0181,en,2002-06-16,false,none,2002-06-16T14:00:00Z
CUS-00282,Esperanza,Villarreal,1977,Omaha,NE,68182,esperanza.villarreal82@example.com,(402) 555-0182,es,2023-03-09,false,none,2023-03-09T15:00:00Z
CUS-00283,Nolan,Vance,1974,Dallas,TX,75283,nolan.vance83@example.com,(214) 555-0183,en,2015-10-23,false,none,2015-10-23T14:00:00Z
CUS-00284,Milo,Vance,2004,Dallas,TX,75284,milo.vance84@example.com,(214) 555-0184,en,2002-12-31,true,none,2002-12-31T15:00:00Z
CUS-00285,Harlan,Jessop,1948,Chicago,IL,60685,harlan.jessop85@example.com,(312) 555-0185,en,2016-10-20,false,none,2016-10-20T14:00:00Z
CUS-00286,Evelyn,Marlowe,1944,Columbus,OH,43286,evelyn.marlowe86@example.com,(614) 555-0186,en,2016-11-28,false,none,2016-11-28T14:00:00Z
CUS-00287,Iris,Herrera,1979,Chicago,IL,60687,iris.herrera87@example.com,(312) 555-0187,en,2006-09-08,false,none,2006-09-08T14:00:00Z
CUS-00288,Silas,Ashford,1993,Dallas,TX,75288,silas.ashford88@example.com,(214) 555-0188,en,2013-05-17,false,none,2013-05-17T14:00:00Z
CUS-00289,Avery,Underwood,1992,Des Moines,IA,50389,avery.underwood89@example.com,(515) 555-0189,en,2006-05-12,true,none,2006-05-12T14:00:00Z
CUS-00290,Lorna,Merriweather,1954,Chicago,IL,60690,lorna.merriweather90@example.com,(312) 555-0190,en,2006-08-02,false,none,2006-08-02T14:00:00Z
CUS-00291,Reed,Radley,1955,Des Moines,IA,50391,reed.radley91@example.com,(515) 555-0191,en,2014-11-16,false,none,2014-11-16T15:00:00Z
CUS-00292,Avery,Delgado,1958,Atlanta,GA,30392,avery.delgado92@example.com,(404) 555-0192,en,2026-07-19,false,none,2026-07-19T13:00:00Z
CUS-00293,Hollis,Sterling,1986,Omaha,NE,68193,hollis.sterling93@example.com,(402) 555-0193,en,2023-03-31,false,none,2023-03-31T14:00:00Z
CUS-00294,Darla,Oakes,1950,San Antonio,TX,78294,darla.oakes94@example.com,(210) 555-0194,en,2022-11-07,false,none,2022-11-07T15:00:00Z
CUS-00295,Beatrix,Kessler,1977,San Antonio,TX,78295,beatrix.kessler95@example.com,(210) 555-0195,en,2011-03-29,false,none,2011-03-29T14:00:00Z
CUS-00296,Keira,Yates,1997,Des Moines,IA,50396,keira.yates96@example.com,(515) 555-0196,en,2017-05-25,false,none,2017-05-25T14:00:00Z
CUS-00297,Iris,Radley,1988,Denver,CO,80297,iris.radley97@example.com,(303) 555-0197,en,2024-03-02,false,none,2024-03-02T16:00:00Z
CUS-00298,Ingrid,Blakely,1972,Denver,CO,80298,ingrid.blakely98@example.com,(303) 555-0198,en,2024-03-03,false,none,2024-03-03T16:00:00Z
CUS-00299,Ronan,Whitaker,1965,Denver,CO,80299,ronan.whitaker99@example.com,(303) 555-0199,en,2026-08-31,false,none,2026-08-31T15:00:00Z
CUS-00300,Sloane,Tillman,1952,Tucson,AZ,85700,sloane.tillman00@example.com,(520) 555-0100,en,2003-03-01,true,none,2003-03-01T16:00:00Z
CUS-00301,Keira,Kessler,1959,Omaha,NE,68101,keira.kessler01@example.com,(402) 555-0101,en,2000-03-02,false,none,2000-03-02T15:00:00Z
CUS-00302,Alejandra,Fuentes,1987,Tucson,AZ,85702,alejandra.fuentes02@example.com,(520) 555-0102,es,2001-04-11,false,none,2001-04-11T16:00:00Z
CUS-00303,Ronan,Ashford,1944,Los Angeles,CA,90003,ronan.ashford03@example.com,(213) 555-0103,en,2023-04-05,false,none,2023-04-05T16:00:00Z
CUS-00304,Darla,Wexford,1952,Mesa,AZ,85204,darla.wexford04@example.com,(480) 555-0104,en,2003-11-21,false,none,2003-11-21T16:00:00Z
CUS-00305,Otis,Ashford,1993,San Antonio,TX,78205,otis.ashford05@example.com,(210) 555-0105,en,2008-10-10,false,none,2008-10-10T14:00:00Z
CUS-00306,Tessa,Whitaker,1955,Tulsa,OK,74106,tessa.whitaker06@example.com,(918) 555-0106,en,2021-11-23,false,none,2021-11-23T15:00:00Z
CUS-00307,Evelyn,Hartigan,2004,Houston,TX,77007,evelyn.hartigan07@example.com,(713) 555-0107,en,2002-01-11,false,none,2002-01-11T15:00:00Z
CUS-00308,Amos,Easton,1951,Dallas,TX,75208,amos.easton08@example.com,(214) 555-0108,en,2004-04-03,false,none,2004-04-03T15:00:00Z
CUS-00309,Rosalind,Corwin,1980,Tucson,AZ,85709,rosalind.corwin09@example.com,(520) 555-0109,en,2021-10-17,false,none,2021-10-17T16:00:00Z
CUS-00310,Milo,Kincaid,1988,Tucson,AZ,85710,milo.kincaid10@example.com,(520) 555-0110,en,2021-10-31,false,none,2021-10-31T16:00:00Z
CUS-00311,Hazel,Pineda,1977,Tulsa,OK,74111,hazel.pineda11@example.com,(918) 555-0111,en,2010-05-28,false,none,2010-05-28T14:00:00Z
CUS-00312,Teodoro,Montoya,1984,Tucson,AZ,85712,teodoro.montoya12@example.com,(520) 555-0112,es,2011-08-15,false,none,2011-08-15T16:00:00Z
CUS-00313,Iris,Ochoa,1995,San Antonio,TX,78213,iris.ochoa13@example.com,(210) 555-0113,en,2020-06-04,false,none,2020-06-04T14:00:00Z
CUS-00314,Cyrus,Brennan,1982,San Antonio,TX,78214,cyrus.brennan14@example.com,(210) 555-0114,en,2018-09-15,false,none,2018-09-15T14:00:00Z
CUS-00315,Wade,Easton,1973,Chicago,IL,60615,wade.easton15@example.com,(312) 555-0115,en,2020-11-08,false,none,2020-11-08T15:00:00Z
CUS-00316,Ronan,Underwood,1995,Phoenix,AZ,85016,ronan.underwood16@example.com,(602) 555-0116,en,2024-02-20,false,none,2024-02-20T16:00:00Z
CUS-00317,Valeria,Delgado,1948,El Paso,TX,79917,valeria.delgado17@example.com,(915) 555-0117,es,2026-08-04,true,none,2026-08-04T15:00:00Z
CUS-00318,Héctor,Barrera,1957,Phoenix,AZ,85018,héctor.barrera18@example.com,(602) 555-0118,es,2022-04-03,false,none,2022-04-03T16:00:00Z
CUS-00319,Paloma,Villarreal,2001,Mesa,AZ,85219,paloma.villarreal19@example.com,(480) 555-0119,es,2023-11-11,false,none,2023-11-11T16:00:00Z
CUS-00320,Jasper,Pendleton,1949,Albuquerque,NM,87120,jasper.pendleton20@example.com,(505) 555-0120,en,2010-04-08,false,none,2010-04-08T15:00:00Z
CUS-00321,Faye,Norquist,1976,Los Angeles,CA,90021,faye.norquist21@example.com,(213) 555-0121,en,2001-05-06,false,none,2001-05-06T16:00:00Z
CUS-00322,Priya,Holloway,2004,Phoenix,AZ,85022,priya.holloway22@example.com,(602) 555-0122,en,2012-04-08,false,none,2012-04-08T16:00:00Z
CUS-00323,Ulysses,Ellery,1987,Des Moines,IA,50323,ulysses.ellery23@example.com,(515) 555-0123,en,2026-08-30,false,none,2026-08-30T14:00:00Z
CUS-00324,Avery,Draper,1941,Dallas,TX,75224,avery.draper24@example.com,(214) 555-0124,en,1999-01-15,false,none,1999-01-15T15:00:00Z
CUS-00325,Priya,Whitaker,1948,Houston,TX,77025,priya.whitaker25@example.com,(713) 555-0125,en,2014-04-19,false,none,2014-04-19T14:00:00Z
CUS-00326,Grady,Blakely,1971,Houston,TX,77026,grady.blakely26@example.com,(713) 555-0126,en,2007-02-19,false,none,2007-02-19T15:00:00Z
CUS-00327,Nolan,Lockhart,1977,Chicago,IL,60627,nolan.lockhart27@example.com,(312) 555-0127,en,2016-11-09,true,none,2016-11-09T15:00:00Z
CUS-00328,Leland,Rowley,1951,El Paso,TX,79928,leland.rowley28@example.com,(915) 555-0128,en,2000-08-04,false,none,2000-08-04T15:00:00Z
CUS-00329,Nadia,Kincaid,1984,Columbus,OH,43229,nadia.kincaid29@example.com,(614) 555-0129,en,2026-07-12,false,none,2026-07-12T13:00:00Z
CUS-00330,Milo,Vance,1942,Chicago,IL,60630,milo.vance30@example.com,(312) 555-0130,en,2023-09-10,false,none,2023-09-10T14:00:00Z
CUS-00331,Graciela,Villarreal,1998,Phoenix,AZ,85031,graciela.villarreal31@example.com,(602) 555-0131,es,2023-09-15,false,none,2023-09-15T16:00:00Z
CUS-00332,Leland,Marlowe,1999,Albuquerque,NM,87132,leland.marlowe32@example.com,(505) 555-0132,en,2013-12-09,false,none,2013-12-09T16:00:00Z
CUS-00333,Ronan,Herrera,1942,Houston,TX,77033,ronan.herrera33@example.com,(713) 555-0133,en,2016-05-01,false,none,2016-05-01T14:00:00Z
CUS-00334,Hollis,Blakely,1991,Los Angeles,CA,90034,hollis.blakely34@example.com,(213) 555-0134,en,2003-09-21,false,none,2003-09-21T16:00:00Z
CUS-00335,Emmett,Faraday,1957,San Antonio,TX,78235,emmett.faraday35@example.com,(210) 555-0135,en,2007-11-02,false,none,2007-11-02T14:00:00Z
CUS-00336,Sloane,Sayers,1987,Omaha,NE,68136,sloane.sayers36@example.com,(402) 555-0136,en,2005-04-22,false,none,2005-04-22T14:00:00Z
CUS-00337,Ronan,Ambrose,1990,Denver,CO,80237,ronan.ambrose37@example.com,(303) 555-0137,en,2002-10-26,false,none,2002-10-26T15:00:00Z
CUS-00338,Benicio,Escobedo,1995,Houston,TX,77038,benicio.escobedo38@example.com,(713) 555-0138,es,2012-04-13,false,none,2012-04-13T14:00:00Z
CUS-00339,Wendell,Sterling,1963,San Antonio,TX,78239,wendell.sterling39@example.com,(210) 555-0139,en,2014-08-16,false,none,2014-08-16T14:00:00Z
CUS-00340,Grady,Ashford,1951,Dallas,TX,75240,grady.ashford40@example.com,(214) 555-0140,en,2018-06-26,false,none,2018-06-26T14:00:00Z
CUS-00341,Jonah,Ambrose,1973,Albuquerque,NM,87141,jonah.ambrose41@example.com,(505) 555-0141,en,2019-04-04,true,none,2019-04-04T15:00:00Z
CUS-00342,Maren,Norquist,1953,Atlanta,GA,30342,maren.norquist42@example.com,(404) 555-0142,en,2013-11-28,true,none,2013-11-28T14:00:00Z
CUS-00343,Catalina,Aguilar,1988,Phoenix,AZ,85043,catalina.aguilar43@example.com,(602) 555-0143,es,2020-10-24,false,none,2020-10-24T16:00:00Z
CUS-00344,Iris,Kessler,1959,Des Moines,IA,50344,iris.kessler44@example.com,(515) 555-0144,en,2026-03-04,false,none,2026-03-04T15:00:00Z
CUS-00345,Yvonne,Corwin,1997,Mesa,AZ,85245,yvonne.corwin45@example.com,(480) 555-0145,en,2007-05-28,false,none,2007-05-28T16:00:00Z
CUS-00346,Ingrid,Corwin,1985,Mesa,AZ,85246,ingrid.corwin46@example.com,(480) 555-0146,en,2013-03-29,false,none,2013-03-29T16:00:00Z
CUS-00347,Ingrid,Sterling,1962,Denver,CO,80247,ingrid.sterling47@example.com,(303) 555-0147,en,2024-04-16,false,none,2024-04-16T15:00:00Z
CUS-00348,Priya,Fuentes,1974,Chicago,IL,60648,priya.fuentes48@example.com,(312) 555-0148,en,2013-06-16,true,none,2013-06-16T14:00:00Z
CUS-00349,Quinn,Brennan,1988,Albuquerque,NM,87149,quinn.brennan49@example.com,(505) 555-0149,en,2015-06-03,false,none,2015-06-03T15:00:00Z
CUS-00350,Silas,Lindqvist,2001,El Paso,TX,79950,silas.lindqvist50@example.com,(915) 555-0150,en,2019-07-08,false,none,2019-07-08T15:00:00Z
CUS-00351,Milo,Holloway,1977,Los Angeles,CA,90051,milo.holloway51@example.com,(213) 555-0151,en,2004-04-13,false,none,2004-04-13T16:00:00Z
CUS-00352,Delia,Jessop,1968,Chicago,IL,60652,delia.jessop52@example.com,(312) 555-0152,en,2018-03-02,false,none,2018-03-02T15:00:00Z
CUS-00353,Leland,Galindo,1949,Chicago,IL,60653,leland.galindo53@example.com,(312) 555-0153,en,2000-09-03,false,none,2000-09-03T14:00:00Z
CUS-00354,Faye,Blakely,1980,Phoenix,AZ,85054,faye.blakely54@example.com,(602) 555-0154,en,2009-12-27,false,none,2009-12-27T16:00:00Z
CUS-00355,Delia,Jessop,1960,Houston,TX,77055,delia.jessop55@example.com,(713) 555-0155,en,2008-06-23,true,none,2008-06-23T14:00:00Z
CUS-00356,Darla,Ingram,1945,Los Angeles,CA,90056,darla.ingram56@example.com,(213) 555-0156,en,2014-01-04,false,none,2014-01-04T17:00:00Z
CUS-00357,Colby,Wexford,1965,Phoenix,AZ,85057,colby.wexford57@example.com,(602) 555-0157,en,2011-04-26,false,none,2011-04-26T16:00:00Z
CUS-00358,Jasper,Rowley,2002,Kansas City,MO,64158,jasper.rowley58@example.com,(816) 555-0158,en,2017-08-24,false,none,2017-08-24T14:00:00Z
CUS-00359,Nolan,Thorne,1941,San Antonio,TX,78259,nolan.thorne59@example.com,(210) 555-0159,en,2026-08-30,true,none,2026-08-30T14:00:00Z
CUS-00360,Iris,Quintero,1970,Los Angeles,CA,90060,iris.quintero60@example.com,(213) 555-0160,en,2022-11-03,false,none,2022-11-03T16:00:00Z
CUS-00361,Vera,Sterling,1979,Des Moines,IA,50361,vera.sterling61@example.com,(515) 555-0161,en,2021-06-11,false,none,2021-06-11T14:00:00Z
CUS-00362,Faye,Sterling,1941,Kansas City,MO,64162,faye.sterling62@example.com,(816) 555-0162,en,2001-05-09,false,none,2001-05-09T14:00:00Z
CUS-00363,Kendra,Tillman,1945,Tucson,AZ,85763,kendra.tillman63@example.com,(520) 555-0163,en,2024-06-05,false,none,2024-06-05T16:00:00Z
CUS-00364,Maren,Draper,1994,Tulsa,OK,74164,maren.draper64@example.com,(918) 555-0164,en,2022-08-16,false,none,2022-08-16T14:00:00Z
CUS-00365,Hazel,Ingram,1973,Houston,TX,77065,hazel.ingram65@example.com,(713) 555-0165,en,2007-07-04,false,none,2007-07-04T14:00:00Z
CUS-00366,Faye,Brennan,1997,Chicago,IL,60666,faye.brennan66@example.com,(312) 555-0166,en,2026-09-14,false,none,2026-09-14T14:00:00Z
CUS-00367,Avery,Sterling,1973,San Antonio,TX,78267,avery.sterling67@example.com,(210) 555-0167,en,2007-12-08,false,none,2007-12-08T15:00:00Z
CUS-00368,Gwen,Norquist,1968,Phoenix,AZ,85068,gwen.norquist68@example.com,(602) 555-0168,en,2009-05-15,true,none,2009-05-15T16:00:00Z
CUS-00369,Jasper,Kincaid,1963,Tucson,AZ,85769,jasper.kincaid69@example.com,(520) 555-0169,en,2005-07-06,false,none,2005-07-06T16:00:00Z
CUS-00370,Ulysses,Thorne,1953,Columbus,OH,43270,ulysses.thorne70@example.com,(614) 555-0170,en,2007-02-26,false,none,2007-02-26T14:00:00Z
CUS-00371,Faye,Ambrose,1954,Kansas City,MO,64171,faye.ambrose71@example.com,(816) 555-0171,en,2022-11-18,false,none,2022-11-18T15:00:00Z
CUS-00372,Corinne,Oakes,1968,Albuquerque,NM,87172,corinne.oakes72@example.com,(505) 555-0172,en,2001-03-22,false,none,2001-03-22T16:00:00Z
CUS-00373,Silas,Delgado,1992,Dallas,TX,75273,silas.delgado73@example.com,(214) 555-0173,en,2025-11-26,false,none,2025-11-26T15:00:00Z
CUS-00374,Keira,Sterling,1959,Dallas,TX,75274,keira.sterling74@example.com,(214) 555-0174,en,2026-01-14,false,none,2026-01-14T15:00:00Z
CUS-00375,Faye,Lindqvist,1991,San Antonio,TX,78275,faye.lindqvist75@example.com,(210) 555-0175,en,2017-02-22,false,none,2017-02-22T15:00:00Z
CUS-00376,Delia,Fuentes,2000,Albuquerque,NM,87176,delia.fuentes76@example.com,(505) 555-0176,en,2026-08-28,false,none,2026-08-28T15:00:00Z
CUS-00377,Jasper,Prescott,1977,San Antonio,TX,78277,jasper.prescott77@example.com,(210) 555-0177,en,2018-09-30,false,none,2018-09-30T14:00:00Z
CUS-00378,Priya,Holloway,1989,Dallas,TX,75278,priya.holloway78@example.com,(214) 555-0178,en,2025-12-04,false,none,2025-12-04T15:00:00Z
CUS-00379,Dalton,Garrity,1961,Columbus,OH,43279,dalton.garrity79@example.com,(614) 555-0179,en,2022-01-10,true,none,2022-01-10T14:00:00Z
CUS-00380,Yvonne,Wexford,1996,Denver,CO,80280,yvonne.wexford80@example.com,(303) 555-0180,en,2005-07-06,false,none,2005-07-06T15:00:00Z
CUS-00381,Beatrix,Easton,1976,Las Vegas,NV,89181,beatrix.easton81@example.com,(702) 555-0181,en,2024-02-16,false,none,2024-02-16T17:00:00Z
CUS-00382,Lucía,Pineda,2001,Atlanta,GA,30382,lucía.pineda82@example.com,(404) 555-0182,es,2022-02-08,true,none,2022-02-08T14:00:00Z
CUS-00383,Gwen,Yates,1949,Mesa,AZ,85283,gwen.yates83@example.com,(480) 555-0183,en,2013-07-07,false,none,2013-07-07T16:00:00Z
CUS-00384,Jasper,Prescott,1998,Phoenix,AZ,85084,jasper.prescott84@example.com,(602) 555-0184,en,2008-03-11,false,none,2008-03-11T16:00:00Z
CUS-00385,Zane,Galloway,1942,Omaha,NE,68185,zane.galloway85@example.com,(402) 555-0185,en,2016-03-07,false,none,2016-03-07T15:00:00Z
CUS-00386,Ulysses,Galloway,1976,Omaha,NE,68186,ulysses.galloway86@example.com,(402) 555-0186,en,2008-04-05,false,none,2008-04-05T14:00:00Z
CUS-00387,Faye,Hartigan,1969,Mesa,AZ,85287,faye.hartigan87@example.com,(480) 555-0187,en,2024-08-16,true,none,2024-08-16T16:00:00Z
CUS-00388,Jasper,Oakes,1958,Des Moines,IA,50388,jasper.oakes88@example.com,(515) 555-0188,en,2004-10-03,false,none,2004-10-03T14:00:00Z
CUS-00389,Kendra,Faraday,1969,Omaha,NE,68189,kendra.faraday89@example.com,(402) 555-0189,en,2007-10-19,false,none,2007-10-19T14:00:00Z
CUS-00390,Valeria,Ochoa,1974,Des Moines,IA,50390,valeria.ochoa90@example.com,(515) 555-0190,es,2010-06-19,false,none,2010-06-19T14:00:00Z
CUS-00391,Priya,Galloway,1943,Chicago,IL,60691,priya.galloway91@example.com,(312) 555-0191,en,2014-03-30,false,none,2014-03-30T14:00:00Z
CUS-00392,Joaquín,Ochoa,1976,Mesa,AZ,85292,joaquín.ochoa92@example.com,(480) 555-0192,es,2016-06-14,false,none,2016-06-14T16:00:00Z
CUS-00393,Zane,Ashford,1955,Mesa,AZ,85293,zane.ashford93@example.com,(480) 555-0193,en,2021-07-24,false,scra_active,2021-07-24T16:00:00Z
CUS-00394,Sloane,Galloway,1995,San Antonio,TX,78294,sloane.galloway94@example.com,(210) 555-0194,en,2013-03-21,false,none,2013-03-21T14:00:00Z
CUS-00395,Hollis,Fenwick,1976,Des Moines,IA,50395,hollis.fenwick95@example.com,(515) 555-0195,en,2011-12-26,false,none,2011-12-26T15:00:00Z
CUS-00396,Grady,Fenwick,1992,Tucson,AZ,85796,grady.fenwick96@example.com,(520) 555-0196,en,2016-10-11,false,none,2016-10-11T16:00:00Z
CUS-00397,Leland,Pendleton,1988,Columbus,OH,43297,leland.pendleton97@example.com,(614) 555-0197,en,2026-03-22,false,none,2026-03-22T13:00:00Z
CUS-00398,Rosalind,Whitaker,1994,Albuquerque,NM,87198,rosalind.whitaker98@example.com,(505) 555-0198,en,2026-02-04,false,none,2026-02-04T16:00:00Z
CUS-00399,Quinn,Pendleton,1959,El Paso,TX,79999,quinn.pendleton99@example.com,(915) 555-0199,en,2021-08-25,false,none,2021-08-25T15:00:00Z
CUS-00400,Emmett,Blakely,1994,Las Vegas,NV,89100,emmett.blakely00@example.com,(702) 555-0100,en,2003-01-07,false,none,2003-01-07T17:00:00Z
CUS-00401,Ingrid,Thorne,1949,Tucson,AZ,85701,ingrid.thorne01@example.com,(520) 555-0101,en,2008-04-30,false,none,2008-04-30T16:00:00Z
CUS-00402,Sloane,Underwood,1952,Tucson,AZ,85702,sloane.underwood02@example.com,(520) 555-0102,en,2008-04-04,false,none,2008-04-04T16:00:00Z
CUS-00403,Marcus,Ellery,1975,Dallas,TX,75203,marcus.ellery03@example.com,(214) 555-0103,en,2008-09-22,false,none,2008-09-22T14:00:00Z
CUS-00404,Paloma,Cisneros,1977,Phoenix,AZ,85004,paloma.cisneros04@example.com,(602) 555-0104,es,2026-01-09,false,none,2026-01-09T16:00:00Z
CUS-00405,Alejandra,Jaramillo,2002,Dallas,TX,75205,alejandra.jaramillo05@example.com,(214) 555-0105,es,2007-01-25,false,none,2007-01-25T15:00:00Z
CUS-00406,Gwen,Ashford,1996,Chicago,IL,60606,gwen.ashford06@example.com,(312) 555-0106,en,2013-06-17,false,scra_active,2013-06-17T14:00:00Z
CUS-00407,Octavio,Treviño,1988,Mesa,AZ,85207,octavio.treviño07@example.com,(480) 555-0107,es,2021-11-26,false,none,2021-11-26T16:00:00Z
CUS-00408,Marcus,Wexford,1949,El Paso,TX,79908,marcus.wexford08@example.com,(915) 555-0108,en,2011-08-09,false,none,2011-08-09T15:00:00Z
CUS-00409,Wade,Lindqvist,1992,San Antonio,TX,78209,wade.lindqvist09@example.com,(210) 555-0109,en,2006-03-28,false,none,2006-03-28T15:00:00Z
CUS-00410,Nayeli,Salazar,1943,Phoenix,AZ,85010,nayeli.salazar10@example.com,(602) 555-0110,es,2000-08-17,false,none,2000-08-17T16:00:00Z
CUS-00411,Wade,Cisneros,1986,El Paso,TX,79911,wade.cisneros11@example.com,(915) 555-0111,en,2011-07-29,false,none,2011-07-29T15:00:00Z
CUS-00412,Corinne,Holloway,1987,Houston,TX,77012,corinne.holloway12@example.com,(713) 555-0112,en,2016-04-01,false,none,2016-04-01T14:00:00Z
CUS-00413,Wendell,Garrity,1982,Dallas,TX,75213,wendell.garrity13@example.com,(214) 555-0113,en,2009-04-14,false,none,2009-04-14T14:00:00Z
CUS-00414,Grady,Norquist,1998,Tulsa,OK,74114,grady.norquist14@example.com,(918) 555-0114,en,2007-08-16,false,none,2007-08-16T14:00:00Z
CUS-00415,Hazel,Herrera,1977,El Paso,TX,79915,hazel.herrera15@example.com,(915) 555-0115,en,2004-07-11,false,none,2004-07-11T15:00:00Z
CUS-00416,Fletcher,Galloway,1980,Omaha,NE,68116,fletcher.galloway16@example.com,(402) 555-0116,en,2017-05-24,false,none,2017-05-24T14:00:00Z
CUS-00417,Bellamy,Corwin,1997,Dallas,TX,75217,bellamy.corwin17@example.com,(214) 555-0117,en,2024-05-13,false,none,2024-05-13T14:00:00Z
CUS-00418,Jonah,Thorne,1989,Dallas,TX,75218,jonah.thorne18@example.com,(214) 555-0118,en,2012-07-13,false,none,2012-07-13T14:00:00Z
CUS-00419,Faye,Calloway,1944,Mesa,AZ,85219,faye.calloway19@example.com,(480) 555-0119,en,2024-05-18,false,scra_active,2024-05-18T16:00:00Z
CUS-00420,Sloane,Ingram,1973,San Antonio,TX,78220,sloane.ingram20@example.com,(210) 555-0120,en,2002-07-08,false,none,2002-07-08T14:00:00Z
CUS-00421,Porter,Lockhart,2000,Phoenix,AZ,85021,porter.lockhart21@example.com,(602) 555-0121,en,2007-02-18,false,none,2007-02-18T16:00:00Z
CUS-00422,Benicio,Fuentes,1944,Mesa,AZ,85222,benicio.fuentes22@example.com,(480) 555-0122,es,2019-02-23,false,none,2019-02-23T16:00:00Z
CUS-00423,Colby,Norquist,1983,San Antonio,TX,78223,colby.norquist23@example.com,(210) 555-0123,en,2017-05-14,true,none,2017-05-14T14:00:00Z
CUS-00424,Leland,Garrity,1976,Kansas City,MO,64124,leland.garrity24@example.com,(816) 555-0124,en,2020-07-03,true,none,2020-07-03T14:00:00Z
CUS-00425,Yvonne,Yates,1959,San Antonio,TX,78225,yvonne.yates25@example.com,(210) 555-0125,en,2017-03-26,false,none,2017-03-26T14:00:00Z
CUS-00426,Ulysses,Lindqvist,1941,Phoenix,AZ,85026,ulysses.lindqvist26@example.com,(602) 555-0126,en,2004-12-28,false,none,2004-12-28T16:00:00Z
CUS-00427,Tobias,Marlowe,1971,Chicago,IL,60627,tobias.marlowe27@example.com,(312) 555-0127,en,2022-10-04,true,none,2022-10-04T14:00:00Z
CUS-00428,Zane,Merriweather,1949,Tulsa,OK,74128,zane.merriweather28@example.com,(918) 555-0128,en,2013-04-06,true,none,2013-04-06T14:00:00Z
CUS-00429,Hazel,Pendleton,1972,El Paso,TX,79929,hazel.pendleton29@example.com,(915) 555-0129,en,2017-11-06,false,none,2017-11-06T16:00:00Z
CUS-00430,Rosalind,Draper,1970,Phoenix,AZ,85030,rosalind.draper30@example.com,(602) 555-0130,en,2010-05-11,false,none,2010-05-11T16:00:00Z
CUS-00431,Mateo,Galindo,1990,Houston,TX,77031,mateo.galindo31@example.com,(713) 555-0131,es,2014-05-19,false,none,2014-05-19T14:00:00Z
CUS-00432,Tessa,Delgado,1969,Phoenix,AZ,85032,tessa.delgado32@example.com,(602) 555-0132,en,1999-06-08,false,none,1999-06-08T16:00:00Z
CUS-00433,Ingrid,Rowley,1945,Phoenix,AZ,85033,ingrid.rowley33@example.com,(602) 555-0133,en,2005-04-29,false,none,2005-04-29T16:00:00Z
CUS-00434,Opal,Hartigan,1987,San Antonio,TX,78234,opal.hartigan34@example.com,(210) 555-0134,en,2001-11-12,false,none,2001-11-12T15:00:00Z
CUS-00435,Nayeli,Montoya,1941,Phoenix,AZ,85035,nayeli.montoya35@example.com,(602) 555-0135,es,2015-04-29,false,none,2015-04-29T16:00:00Z
CUS-00436,Lorna,Ashford,1947,Columbus,OH,43236,lorna.ashford36@example.com,(614) 555-0136,en,2025-12-23,false,none,2025-12-23T14:00:00Z
CUS-00437,Colby,Fenwick,1985,Las Vegas,NV,89137,colby.fenwick37@example.com,(702) 555-0137,en,2000-02-27,true,none,2000-02-27T17:00:00Z
CUS-00438,Maren,Lockhart,1951,Tulsa,OK,74138,maren.lockhart38@example.com,(918) 555-0138,en,2011-04-27,false,none,2011-04-27T14:00:00Z
CUS-00439,Ronan,Fenwick,2003,Denver,CO,80239,ronan.fenwick39@example.com,(303) 555-0139,en,2018-03-08,false,none,2018-03-08T16:00:00Z
CUS-00440,Grady,Faraday,1985,Mesa,AZ,85240,grady.faraday40@example.com,(480) 555-0140,en,2012-08-11,false,none,2012-08-11T16:00:00Z
CUS-00441,Nayeli,Herrera,1968,Atlanta,GA,30341,nayeli.herrera41@example.com,(404) 555-0141,es,2005-07-10,false,none,2005-07-10T13:00:00Z
CUS-00442,Nadia,Vance,1976,Denver,CO,80242,nadia.vance42@example.com,(303) 555-0142,en,2008-03-01,true,none,2008-03-01T16:00:00Z
CUS-00443,Sloane,Norquist,1974,Tulsa,OK,74143,sloane.norquist43@example.com,(918) 555-0143,en,2019-12-20,false,none,2019-12-20T15:00:00Z
CUS-00444,Maren,Yates,1998,Phoenix,AZ,85044,maren.yates44@example.com,(602) 555-0144,en,2019-12-04,false,none,2019-12-04T16:00:00Z
CUS-00445,Joaquín,Navarro,1960,San Antonio,TX,78245,joaquín.navarro45@example.com,(210) 555-0145,es,2014-03-03,false,none,2014-03-03T15:00:00Z
CUS-00446,Dalton,Oakes,1980,Atlanta,GA,30346,dalton.oakes46@example.com,(404) 555-0146,en,2016-12-20,false,none,2016-12-20T14:00:00Z
CUS-00447,Wendell,Marlowe,1994,El Paso,TX,79947,wendell.marlowe47@example.com,(915) 555-0147,en,2003-04-16,false,none,2003-04-16T15:00:00Z
CUS-00448,Colby,Corwin,1982,Omaha,NE,68148,colby.corwin48@example.com,(402) 555-0148,en,2018-12-02,true,none,2018-12-02T15:00:00Z
CUS-00449,Vera,Ellery,1969,Omaha,NE,68149,vera.ellery49@example.com,(402) 555-0149,en,2018-10-25,false,none,2018-10-25T14:00:00Z
CUS-00450,Evelyn,Kessler,1997,Omaha,NE,68150,evelyn.kessler50@example.com,(402) 555-0150,en,2014-11-23,false,none,2014-11-23T15:00:00Z
CUS-00451,Ronan,Jessop,1977,Chicago,IL,60651,ronan.jessop51@example.com,(312) 555-0151,en,2010-02-08,false,none,2010-02-08T15:00:00Z
CUS-00452,Sloane,Pendleton,2004,San Antonio,TX,78252,sloane.pendleton52@example.com,(210) 555-0152,en,2001-07-14,false,none,2001-07-14T14:00:00Z
CUS-00453,Tessa,Corwin,1954,Chicago,IL,60653,tessa.corwin53@example.com,(312) 555-0153,en,2015-08-25,false,none,2015-08-25T14:00:00Z
CUS-00454,Otis,Whitaker,1957,Kansas City,MO,64154,otis.whitaker54@example.com,(816) 555-0154,en,2013-02-06,false,none,2013-02-06T15:00:00Z
CUS-00455,Catalina,Salazar,1981,El Paso,TX,79955,catalina.salazar55@example.com,(915) 555-0155,es,2026-01-12,false,none,2026-01-12T16:00:00Z
CUS-00456,Jasper,Ellery,1964,El Paso,TX,79956,jasper.ellery56@example.com,(915) 555-0156,en,2023-11-16,false,none,2023-11-16T16:00:00Z
CUS-00457,Catalina,Galindo,1998,San Antonio,TX,78257,catalina.galindo57@example.com,(210) 555-0157,es,1999-10-11,false,none,1999-10-11T14:00:00Z
CUS-00458,Gwen,Fenwick,1968,Los Angeles,CA,90058,gwen.fenwick58@example.com,(213) 555-0158,en,2023-05-09,false,none,2023-05-09T16:00:00Z
CUS-00459,Otis,Faraday,1958,Tulsa,OK,74159,otis.faraday59@example.com,(918) 555-0159,en,2026-07-07,false,none,2026-07-07T14:00:00Z
CUS-00460,Tessa,Ochoa,1974,Columbus,OH,43260,tessa.ochoa60@example.com,(614) 555-0160,en,2017-06-08,false,none,2017-06-08T13:00:00Z
CUS-00461,Avery,Faraday,1970,Denver,CO,80261,avery.faraday61@example.com,(303) 555-0161,en,2017-06-16,false,none,2017-06-16T15:00:00Z
CUS-00462,Milo,Corwin,1964,Albuquerque,NM,87162,milo.corwin62@example.com,(505) 555-0162,en,2019-02-08,false,none,2019-02-08T16:00:00Z
CUS-00463,Vera,Oakes,1943,San Antonio,TX,78263,vera.oakes63@example.com,(210) 555-0163,en,2014-10-11,false,none,2014-10-11T14:00:00Z
CUS-00464,Joaquín,Treviño,1944,Houston,TX,77064,joaquín.treviño64@example.com,(713) 555-0164,es,2002-03-30,false,none,2002-03-30T15:00:00Z
CUS-00465,Marcus,Fenwick,1942,Des Moines,IA,50365,marcus.fenwick65@example.com,(515) 555-0165,en,2005-09-13,false,none,2005-09-13T14:00:00Z
CUS-00466,Leland,Radley,1965,Mesa,AZ,85266,leland.radley66@example.com,(480) 555-0166,en,2004-06-08,false,none,2004-06-08T16:00:00Z
CUS-00467,Corinne,Draper,1996,Kansas City,MO,64167,corinne.draper67@example.com,(816) 555-0167,en,2024-05-15,false,none,2024-05-15T14:00:00Z
CUS-00468,Gwen,Tillman,1941,San Antonio,TX,78268,gwen.tillman68@example.com,(210) 555-0168,en,1999-10-11,false,none,1999-10-11T14:00:00Z
CUS-00469,Valeria,Pineda,1973,Mesa,AZ,85269,valeria.pineda69@example.com,(480) 555-0169,es,2021-07-20,false,none,2021-07-20T16:00:00Z
CUS-00470,Harlan,Ashford,1946,Kansas City,MO,64170,harlan.ashford70@example.com,(816) 555-0170,en,2013-12-29,false,none,2013-12-29T15:00:00Z
CUS-00471,Jasper,Navarro,1987,Kansas City,MO,64171,jasper.navarro71@example.com,(816) 555-0171,en,2020-11-18,false,none,2020-11-18T15:00:00Z
CUS-00472,Nadia,Prescott,1961,Tulsa,OK,74172,nadia.prescott72@example.com,(918) 555-0172,en,2014-05-15,false,none,2014-05-15T14:00:00Z
CUS-00473,Porter,Draper,1972,San Antonio,TX,78273,porter.draper73@example.com,(210) 555-0173,en,2009-09-10,false,none,2009-09-10T14:00:00Z
CUS-00474,Priya,Galloway,1983,Des Moines,IA,50374,priya.galloway74@example.com,(515) 555-0174,en,2011-05-25,true,none,2011-05-25T14:00:00Z
CUS-00475,Ulysses,Vance,1956,Tucson,AZ,85775,ulysses.vance75@example.com,(520) 555-0175,en,2022-08-23,true,none,2022-08-23T16:00:00Z
CUS-00476,Emmett,Prescott,1968,Los Angeles,CA,90076,emmett.prescott76@example.com,(213) 555-0176,en,2018-05-04,false,none,2018-05-04T16:00:00Z
CUS-00477,Evelyn,Ambrose,1990,Chicago,IL,60677,evelyn.ambrose77@example.com,(312) 555-0177,en,2021-01-02,false,none,2021-01-02T15:00:00Z
CUS-00478,Ronan,Marlowe,2000,Columbus,OH,43278,ronan.marlowe78@example.com,(614) 555-0178,en,2019-02-15,false,none,2019-02-15T14:00:00Z
CUS-00479,Faye,Brennan,2001,Phoenix,AZ,85079,faye.brennan79@example.com,(602) 555-0179,en,2026-04-17,false,none,2026-04-17T16:00:00Z
CUS-00480,Ximena,Fuentes,1981,El Paso,TX,79980,ximena.fuentes80@example.com,(915) 555-0180,es,2003-07-07,false,none,2003-07-07T15:00:00Z
CUS-00481,Jasper,Dunmore,1977,Dallas,TX,75281,jasper.dunmore81@example.com,(214) 555-0181,en,2006-06-05,false,none,2006-06-05T14:00:00Z
CUS-00482,Delia,Jaramillo,2001,Chicago,IL,60682,delia.jaramillo82@example.com,(312) 555-0182,en,2023-08-01,false,none,2023-08-01T14:00:00Z
CUS-00483,Ximena,Pineda,1957,San Antonio,TX,78283,ximena.pineda83@example.com,(210) 555-0183,es,2007-12-28,false,none,2007-12-28T15:00:00Z
CUS-00484,Otis,Vance,1944,Omaha,NE,68184,otis.vance84@example.com,(402) 555-0184,en,2018-09-27,false,none,2018-09-27T14:00:00Z
CUS-00485,Alejandra,Herrera,1980,San Antonio,TX,78285,alejandra.herrera85@example.com,(210) 555-0185,es,2005-09-30,false,none,2005-09-30T14:00:00Z
CUS-00486,Lorna,Galloway,1974,Chicago,IL,60686,lorna.galloway86@example.com,(312) 555-0186,en,2001-03-02,false,none,2001-03-02T15:00:00Z
CUS-00487,Beatrix,Holloway,1970,Dallas,TX,75287,beatrix.holloway87@example.com,(214) 555-0187,en,2015-08-22,true,none,2015-08-22T14:00:00Z
CUS-00488,Jasper,Norquist,1979,El Paso,TX,79988,jasper.norquist88@example.com,(915) 555-0188,en,2022-03-22,false,none,2022-03-22T15:00:00Z
CUS-00489,Beatrix,Radley,2001,Omaha,NE,68189,beatrix.radley89@example.com,(402) 555-0189,en,2011-01-08,false,none,2011-01-08T15:00:00Z
CUS-00490,Evelyn,Wexford,1965,Denver,CO,80290,evelyn.wexford90@example.com,(303) 555-0190,en,2006-05-01,false,none,2006-05-01T15:00:00Z
CUS-00491,Cyrus,Ambrose,1943,Los Angeles,CA,90091,cyrus.ambrose91@example.com,(213) 555-0191,en,2026-07-15,false,none,2026-07-15T16:00:00Z
CUS-00492,Wade,Dunmore,1991,Denver,CO,80292,wade.dunmore92@example.com,(303) 555-0192,en,2006-01-08,false,none,2006-01-08T16:00:00Z
CUS-00493,Fletcher,Kincaid,1998,Tulsa,OK,74193,fletcher.kincaid93@example.com,(918) 555-0193,en,2026-01-25,false,none,2026-01-25T15:00:00Z
CUS-00494,Dalton,Dunmore,1984,Columbus,OH,43294,dalton.dunmore94@example.com,(614) 555-0194,en,1999-10-16,false,none,1999-10-16T13:00:00Z
CUS-00495,Inés,Lozano,1952,Houston,TX,77095,inés.lozano95@example.com,(713) 555-0195,es,2016-11-07,false,none,2016-11-07T15:00:00Z
CUS-00496,Nolan,Calloway,2003,Las Vegas,NV,89196,nolan.calloway96@example.com,(702) 555-0196,en,2009-04-07,true,none,2009-04-07T16:00:00Z
CUS-00497,Corinne,Quimby,1958,Kansas City,MO,64197,corinne.quimby97@example.com,(816) 555-0197,en,2017-02-25,false,none,2017-02-25T15:00:00Z
CUS-00498,Fletcher,Ellery,1989,Los Angeles,CA,90098,fletcher.ellery98@example.com,(213) 555-0198,en,2015-08-08,true,none,2015-08-08T16:00:00Z
CUS-00499,Benicio,Ibarra,1998,Houston,TX,77099,benicio.ibarra99@example.com,(713) 555-0199,es,2012-07-04,false,none,2012-07-04T14:00:00Z
CUS-00500,Soledad,Navarro,1944,Albuquerque,NM,87100,soledad.navarro00@example.com,(505) 555-0100,es,2006-10-11,false,none,2006-10-11T15:00:00Z
CUS-00501,Fletcher,Ashford,2004,Omaha,NE,68101,fletcher.ashford01@example.com,(402) 555-0101,en,2024-06-04,false,none,2024-06-04T14:00:00Z
CUS-00502,Emmett,Tillman,2004,Dallas,TX,75202,emmett.tillman02@example.com,(214) 555-0102,en,2018-09-12,false,none,2018-09-12T14:00:00Z
CUS-00503,Maren,Whitaker,1954,Houston,TX,77003,maren.whitaker03@example.com,(713) 555-0103,en,2005-10-22,false,none,2005-10-22T14:00:00Z
CUS-00504,Opal,Norquist,1951,Chicago,IL,60604,opal.norquist04@example.com,(312) 555-0104,en,2019-08-05,false,none,2019-08-05T14:00:00Z
CUS-00505,Kendra,Galloway,1988,Phoenix,AZ,85005,kendra.galloway05@example.com,(602) 555-0105,en,2018-01-15,false,none,2018-01-15T16:00:00Z
CUS-00506,Milo,Lindqvist,1983,Dallas,TX,75206,milo.lindqvist06@example.com,(214) 555-0106,en,2018-10-23,false,none,2018-10-23T14:00:00Z
CUS-00507,Lucía,Escobedo,1981,Los Angeles,CA,90007,lucía.escobedo07@example.com,(213) 555-0107,es,2014-09-18,false,none,2014-09-18T16:00:00Z
CUS-00508,Quinn,Kessler,1981,Omaha,NE,68108,quinn.kessler08@example.com,(402) 555-0108,en,2012-01-05,false,none,2012-01-05T15:00:00Z
CUS-00509,Faye,Sayers,1969,Omaha,NE,68109,faye.sayers09@example.com,(402) 555-0109,en,2005-05-07,false,none,2005-05-07T14:00:00Z
CUS-00510,Benicio,Rosales,1978,El Paso,TX,79910,benicio.rosales10@example.com,(915) 555-0110,es,2010-11-30,false,none,2010-11-30T16:00:00Z
CUS-00511,Hazel,Tillman,1980,Atlanta,GA,30311,hazel.tillman11@example.com,(404) 555-0111,en,2017-03-28,false,none,2017-03-28T13:00:00Z
CUS-00512,Fletcher,Quimby,1999,Mesa,AZ,85212,fletcher.quimby12@example.com,(480) 555-0112,en,2017-11-18,false,none,2017-11-18T16:00:00Z
CUS-00513,Colby,Ellery,1988,Chicago,IL,60613,colby.ellery13@example.com,(312) 555-0113,en,2011-01-05,false,none,2011-01-05T15:00:00Z
CUS-00514,Iris,Corwin,1978,Omaha,NE,68114,iris.corwin14@example.com,(402) 555-0114,en,2015-12-21,false,none,2015-12-21T15:00:00Z
CUS-00515,Soledad,Quintero,1989,San Antonio,TX,78215,soledad.quintero15@example.com,(210) 555-0115,es,2017-07-29,false,none,2017-07-29T14:00:00Z
CUS-00516,Cyrus,Garrity,1951,Omaha,NE,68116,cyrus.garrity16@example.com,(402) 555-0116,en,2020-03-12,false,none,2020-03-12T14:00:00Z
CUS-00517,Wendell,Oakes,1947,Mesa,AZ,85217,wendell.oakes17@example.com,(480) 555-0117,en,2010-07-31,false,none,2010-07-31T16:00:00Z
CUS-00518,Hollis,Wexford,1951,Mesa,AZ,85218,hollis.wexford18@example.com,(480) 555-0118,en,2026-02-26,false,none,2026-02-26T16:00:00Z
CUS-00519,Gwen,Ashford,1994,San Antonio,TX,78219,gwen.ashford19@example.com,(210) 555-0119,en,2009-09-06,false,none,2009-09-06T14:00:00Z
CUS-00520,Sloane,Quimby,1962,Phoenix,AZ,85020,sloane.quimby20@example.com,(602) 555-0120,en,2016-01-27,false,none,2016-01-27T16:00:00Z
CUS-00521,Jonah,Draper,1954,El Paso,TX,79921,jonah.draper21@example.com,(915) 555-0121,en,2016-02-14,false,none,2016-02-14T16:00:00Z
CUS-00522,Quinn,Quimby,1955,Mesa,AZ,85222,quinn.quimby22@example.com,(480) 555-0122,en,2019-09-20,false,none,2019-09-20T16:00:00Z
CUS-00523,Jonah,Galloway,1951,Omaha,NE,68123,jonah.galloway23@example.com,(402) 555-0123,en,2013-03-04,false,none,2013-03-04T15:00:00Z
CUS-00524,Hollis,Quimby,1957,Los Angeles,CA,90024,hollis.quimby24@example.com,(213) 555-0124,en,2022-05-05,true,none,2022-05-05T16:00:00Z
CUS-00525,Avery,Holloway,1944,Chicago,IL,60625,avery.holloway25@example.com,(312) 555-0125,en,2001-06-19,false,none,2001-06-19T14:00:00Z
CUS-00526,Maren,Ashford,1974,Albuquerque,NM,87126,maren.ashford26@example.com,(505) 555-0126,en,2004-01-30,false,none,2004-01-30T16:00:00Z
CUS-00527,Fletcher,Radley,1977,Las Vegas,NV,89127,fletcher.radley27@example.com,(702) 555-0127,en,2011-01-22,false,none,2011-01-22T17:00:00Z
CUS-00528,Evelyn,Yates,1980,Los Angeles,CA,90028,evelyn.yates28@example.com,(213) 555-0128,en,2016-02-17,false,none,2016-02-17T17:00:00Z
CUS-00529,Corinne,Whitaker,1979,Denver,CO,80229,corinne.whitaker29@example.com,(303) 555-0129,en,2017-08-16,false,none,2017-08-16T15:00:00Z
CUS-00530,Rosalind,Marlowe,1983,Phoenix,AZ,85030,rosalind.marlowe30@example.com,(602) 555-0130,en,2011-04-19,false,none,2011-04-19T16:00:00Z
CUS-00531,Rosalind,Brennan,1986,Denver,CO,80231,rosalind.brennan31@example.com,(303) 555-0131,en,2001-10-26,false,none,2001-10-26T15:00:00Z
CUS-00532,Ramiro,Aguilar,1947,San Antonio,TX,78232,ramiro.aguilar32@example.com,(210) 555-0132,es,2020-06-15,false,none,2020-06-15T14:00:00Z
CUS-00533,Silas,Jessop,1983,Denver,CO,80233,silas.jessop33@example.com,(303) 555-0133,en,2020-01-03,false,none,2020-01-03T16:00:00Z
CUS-00534,Amos,Ingram,1991,Tucson,AZ,85734,amos.ingram34@example.com,(520) 555-0134,en,2020-05-14,false,none,2020-05-14T16:00:00Z
CUS-00535,Emmett,Wexford,1966,Dallas,TX,75235,emmett.wexford35@example.com,(214) 555-0135,en,2025-12-17,false,none,2025-12-17T15:00:00Z
CUS-00536,Rosalind,Lockhart,2001,Atlanta,GA,30336,rosalind.lockhart36@example.com,(404) 555-0136,en,2011-11-09,true,none,2011-11-09T14:00:00Z
CUS-00537,Leland,Holloway,1964,Phoenix,AZ,85037,leland.holloway37@example.com,(602) 555-0137,en,2010-11-27,false,none,2010-11-27T16:00:00Z
CUS-00538,Emmett,Pendleton,1989,San Antonio,TX,78238,emmett.pendleton38@example.com,(210) 555-0138,en,2009-09-16,false,none,2009-09-16T14:00:00Z
CUS-00539,Nolan,Corwin,1950,San Antonio,TX,78239,nolan.corwin39@example.com,(210) 555-0139,en,2026-04-12,false,none,2026-04-12T14:00:00Z
CUS-00540,Reed,Underwood,1995,Mesa,AZ,85240,reed.underwood40@example.com,(480) 555-0140,en,2026-04-24,false,none,2026-04-24T16:00:00Z
CUS-00541,Tobias,Kincaid,2004,Las Vegas,NV,89141,tobias.kincaid41@example.com,(702) 555-0141,en,2010-04-27,false,none,2010-04-27T16:00:00Z
CUS-00542,Catalina,Pineda,1984,Tucson,AZ,85742,catalina.pineda42@example.com,(520) 555-0142,es,2006-03-23,false,none,2006-03-23T16:00:00Z
CUS-00543,Nolan,Calloway,2000,Phoenix,AZ,85043,nolan.calloway43@example.com,(602) 555-0143,en,2009-09-21,false,none,2009-09-21T16:00:00Z
CUS-00544,Opal,Jessop,1986,Phoenix,AZ,85044,opal.jessop44@example.com,(602) 555-0144,en,2010-10-08,false,none,2010-10-08T16:00:00Z
CUS-00545,Amos,Pendleton,1956,Chicago,IL,60645,amos.pendleton45@example.com,(312) 555-0145,en,2010-09-17,false,none,2010-09-17T14:00:00Z
CUS-00546,Keira,Ashford,2000,Chicago,IL,60646,keira.ashford46@example.com,(312) 555-0146,en,2000-02-15,false,none,2000-02-15T15:00:00Z
CUS-00547,Iris,Rowley,1969,Houston,TX,77047,iris.rowley47@example.com,(713) 555-0147,en,2003-04-07,false,none,2003-04-07T14:00:00Z
CUS-00548,Lorna,Whitaker,1976,Las Vegas,NV,89148,lorna.whitaker48@example.com,(702) 555-0148,en,2020-12-07,false,none,2020-12-07T17:00:00Z
CUS-00549,Marcus,Holloway,1947,San Antonio,TX,78249,marcus.holloway49@example.com,(210) 555-0149,en,2026-02-05,true,none,2026-02-05T15:00:00Z
CUS-00550,Grady,Kessler,1989,Las Vegas,NV,89150,grady.kessler50@example.com,(702) 555-0150,en,2026-07-14,false,none,2026-07-14T16:00:00Z
CUS-00551,Ronan,Sterling,1943,Des Moines,IA,50351,ronan.sterling51@example.com,(515) 555-0151,en,2001-01-31,false,none,2001-01-31T15:00:00Z
CUS-00552,Esperanza,Galindo,1963,Albuquerque,NM,87152,esperanza.galindo52@example.com,(505) 555-0152,es,1999-06-19,false,none,1999-06-19T15:00:00Z
CUS-00553,Silas,Underwood,1975,Los Angeles,CA,90053,silas.underwood53@example.com,(213) 555-0153,en,2017-11-28,false,none,2017-11-28T17:00:00Z
CUS-00554,Wendell,Garrity,1993,Las Vegas,NV,89154,wendell.garrity54@example.com,(702) 555-0154,en,2002-03-23,false,none,2002-03-23T17:00:00Z
CUS-00555,Vera,Sayers,1994,Los Angeles,CA,90055,vera.sayers55@example.com,(213) 555-0155,en,2021-03-05,false,none,2021-03-05T17:00:00Z
CUS-00556,Porter,Ellery,1972,Columbus,OH,43256,porter.ellery56@example.com,(614) 555-0156,en,2004-10-24,false,none,2004-10-24T13:00:00Z
CUS-00557,Wendell,Brennan,1972,Dallas,TX,75257,wendell.brennan57@example.com,(214) 555-0157,en,2017-05-13,false,none,2017-05-13T14:00:00Z
CUS-00558,Faye,Kincaid,1979,Dallas,TX,75258,faye.kincaid58@example.com,(214) 555-0158,en,2016-02-26,false,none,2016-02-26T15:00:00Z
CUS-00559,Harlan,Prescott,1954,Omaha,NE,68159,harlan.prescott59@example.com,(402) 555-0159,en,2020-11-06,false,none,2020-11-06T15:00:00Z
CUS-00560,Nolan,Sterling,1979,El Paso,TX,79960,nolan.sterling60@example.com,(915) 555-0160,en,2026-07-01,false,none,2026-07-01T15:00:00Z
CUS-00561,Reed,Marlowe,1994,Los Angeles,CA,90061,reed.marlowe61@example.com,(213) 555-0161,en,2026-06-21,false,none,2026-06-21T16:00:00Z
CUS-00562,Hollis,Ingram,1982,Phoenix,AZ,85062,hollis.ingram62@example.com,(602) 555-0162,en,2022-08-04,false,none,2022-08-04T16:00:00Z
CUS-00563,Emmett,Corwin,1974,El Paso,TX,79963,emmett.corwin63@example.com,(915) 555-0163,en,2026-08-24,true,none,2026-08-24T15:00:00Z
CUS-00564,Amos,Marlowe,1948,Phoenix,AZ,85064,amos.marlowe64@example.com,(602) 555-0164,en,1999-11-15,false,none,1999-11-15T16:00:00Z
CUS-00565,Vera,Underwood,1978,Dallas,TX,75265,vera.underwood65@example.com,(214) 555-0165,en,2010-05-17,false,none,2010-05-17T14:00:00Z
CUS-00566,Reed,Sayers,1957,Mesa,AZ,85266,reed.sayers66@example.com,(480) 555-0166,en,2015-08-19,false,none,2015-08-19T16:00:00Z
CUS-00567,Marcus,Prescott,1973,Los Angeles,CA,90067,marcus.prescott67@example.com,(213) 555-0167,en,2002-06-30,true,none,2002-06-30T16:00:00Z
CUS-00568,Kendra,Ashford,1965,Des Moines,IA,50368,kendra.ashford68@example.com,(515) 555-0168,en,2000-08-22,false,none,2000-08-22T14:00:00Z
CUS-00569,Colby,Vance,2002,Atlanta,GA,30369,colby.vance69@example.com,(404) 555-0169,en,2009-06-17,false,none,2009-06-17T13:00:00Z
CUS-00570,Ronan,Sterling,1972,Des Moines,IA,50370,ronan.sterling70@example.com,(515) 555-0170,en,2023-02-05,false,none,2023-02-05T15:00:00Z
CUS-00571,Vera,Underwood,1997,Dallas,TX,75271,vera.underwood71@example.com,(214) 555-0171,en,2010-05-27,false,none,2010-05-27T14:00:00Z
CUS-00572,Keira,Calloway,1969,Phoenix,AZ,85072,keira.calloway72@example.com,(602) 555-0172,en,2011-08-13,false,none,2011-08-13T16:00:00Z
CUS-00573,Nolan,Yates,1943,San Antonio,TX,78273,nolan.yates73@example.com,(210) 555-0173,en,2005-06-07,false,none,2005-06-07T14:00:00Z
CUS-00574,Milo,Yates,1971,Mesa,AZ,85274,milo.yates74@example.com,(480) 555-0174,en,2014-04-13,false,none,2014-04-13T16:00:00Z
CUS-00575,Delia,Kincaid,1947,Phoenix,AZ,85075,delia.kincaid75@example.com,(602) 555-0175,en,2015-02-08,false,none,2015-02-08T16:00:00Z
CUS-00576,Rosalind,Jessop,1950,Albuquerque,NM,87176,rosalind.jessop76@example.com,(505) 555-0176,en,2016-04-24,false,none,2016-04-24T15:00:00Z
CUS-00577,Dalton,Sayers,1988,San Antonio,TX,78277,dalton.sayers77@example.com,(210) 555-0177,en,2009-11-10,false,none,2009-11-10T15:00:00Z
CUS-00578,Opal,Garrity,1962,San Antonio,TX,78278,opal.garrity78@example.com,(210) 555-0178,en,2026-08-11,false,none,2026-08-11T14:00:00Z
CUS-00579,Grady,Yates,1957,Des Moines,IA,50379,grady.yates79@example.com,(515) 555-0179,en,2014-11-14,false,none,2014-11-14T15:00:00Z
CUS-00580,Tessa,Tillman,1988,Houston,TX,77080,tessa.tillman80@example.com,(713) 555-0180,en,2026-06-13,false,none,2026-06-13T14:00:00Z
CUS-00581,Keira,Sayers,1977,Chicago,IL,60681,keira.sayers81@example.com,(312) 555-0181,en,2008-11-04,false,none,2008-11-04T15:00:00Z
CUS-00582,Jonah,Sterling,1948,Chicago,IL,60682,jonah.sterling82@example.com,(312) 555-0182,en,2022-03-24,false,none,2022-03-24T14:00:00Z
CUS-00583,Nadia,Sterling,1994,Dallas,TX,75283,nadia.sterling83@example.com,(214) 555-0183,en,2012-02-13,false,none,2012-02-13T15:00:00Z
CUS-00584,Ingrid,Montoya,1961,Las Vegas,NV,89184,ingrid.montoya84@example.com,(702) 555-0184,en,2009-08-07,false,none,2009-08-07T16:00:00Z
CUS-00585,Harlan,Calloway,1980,Los Angeles,CA,90085,harlan.calloway85@example.com,(213) 555-0185,en,2007-04-07,false,none,2007-04-07T16:00:00Z
CUS-00586,Opal,Thorne,1997,Columbus,OH,43286,opal.thorne86@example.com,(614) 555-0186,en,2007-07-11,false,none,2007-07-11T13:00:00Z
CUS-00587,Priya,Kincaid,1957,Houston,TX,77087,priya.kincaid87@example.com,(713) 555-0187,en,2020-02-05,false,none,2020-02-05T15:00:00Z
CUS-00588,Jasper,Ambrose,1950,El Paso,TX,79988,jasper.ambrose88@example.com,(915) 555-0188,en,2021-01-20,false,none,2021-01-20T16:00:00Z
CUS-00589,Inés,Treviño,1985,Mesa,AZ,85289,inés.treviño89@example.com,(480) 555-0189,es,2001-06-05,false,none,2001-06-05T16:00:00Z
CUS-00590,Priya,Tillman,2000,Chicago,IL,60690,priya.tillman90@example.com,(312) 555-0190,en,2010-12-15,false,none,2010-12-15T15:00:00Z
CUS-00591,Delia,Faraday,1998,Mesa,AZ,85291,delia.faraday91@example.com,(480) 555-0191,en,2015-09-19,false,none,2015-09-19T16:00:00Z
CUS-00592,Iris,Thorne,1957,Houston,TX,77092,iris.thorne92@example.com,(713) 555-0192,en,2002-05-11,false,none,2002-05-11T14:00:00Z
CUS-00593,Beatrix,Lindqvist,1987,Phoenix,AZ,85093,beatrix.lindqvist93@example.com,(602) 555-0193,en,2006-11-05,false,none,2006-11-05T16:00:00Z
CUS-00594,Darla,Vance,1998,Omaha,NE,68194,darla.vance94@example.com,(402) 555-0194,en,2018-05-29,false,none,2018-05-29T14:00:00Z
CUS-00595,Sloane,Jessop,1951,Dallas,TX,75295,sloane.jessop95@example.com,(214) 555-0195,en,2017-08-31,true,none,2017-08-31T14:00:00Z
CUS-00596,Ronan,Galloway,1969,Las Vegas,NV,89196,ronan.galloway96@example.com,(702) 555-0196,en,2026-01-07,false,none,2026-01-07T17:00:00Z
CUS-00597,Harlan,Wexford,1973,Phoenix,AZ,85097,harlan.wexford97@example.com,(602) 555-0197,en,2002-09-17,false,none,2002-09-17T16:00:00Z
CUS-00598,Grady,Draper,1943,Denver,CO,80298,grady.draper98@example.com,(303) 555-0198,en,2026-08-16,false,none,2026-08-16T15:00:00Z
CUS-00599,Rosalind,Hartigan,2004,San Antonio,TX,78299,rosalind.hartigan99@example.com,(210) 555-0199,en,2009-09-17,false,none,2009-09-17T14:00:00Z
CUS-00600,Cyrus,Jessop,1963,Kansas City,MO,64100,cyrus.jessop00@example.com,(816) 555-0100,en,2026-08-19,false,none,2026-08-19T14:00:00Z
CUS-00601,Rosalind,Garrity,1943,Las Vegas,NV,89101,rosalind.garrity01@example.com,(702) 555-0101,en,2022-04-16,false,none,2022-04-16T16:00:00Z
CUS-00602,Faye,Oakes,1992,El Paso,TX,79902,faye.oakes02@example.com,(915) 555-0102,en,2011-09-29,false,none,2011-09-29T15:00:00Z
CUS-00603,Beatrix,Galloway,1951,Kansas City,MO,64103,beatrix.galloway03@example.com,(816) 555-0103,en,2023-05-28,false,none,2023-05-28T14:00:00Z
CUS-00604,Avery,Ambrose,1959,San Antonio,TX,78204,avery.ambrose04@example.com,(210) 555-0104,en,2012-06-20,false,none,2012-06-20T14:00:00Z
CUS-00605,Sloane,Ellery,1962,El Paso,TX,79905,sloane.ellery05@example.com,(915) 555-0105,en,2026-04-24,false,none,2026-04-24T15:00:00Z
CUS-00606,Vera,Villarreal,1968,Dallas,TX,75206,vera.villarreal06@example.com,(214) 555-0106,en,2026-03-20,false,none,2026-03-20T14:00:00Z
CUS-00607,Leland,Whitaker,1944,Las Vegas,NV,89107,leland.whitaker07@example.com,(702) 555-0107,en,2023-10-10,false,none,2023-10-10T16:00:00Z
CUS-00608,Darla,Sterling,1950,Omaha,NE,68108,darla.sterling08@example.com,(402) 555-0108,en,2009-06-18,false,none,2009-06-18T14:00:00Z
CUS-00609,Soledad,Aguilar,1999,San Antonio,TX,78209,soledad.aguilar09@example.com,(210) 555-0109,es,2009-11-16,true,none,2009-11-16T15:00:00Z
CUS-00610,Wendell,Ellery,1999,Las Vegas,NV,89110,wendell.ellery10@example.com,(702) 555-0110,en,2004-06-22,false,none,2004-06-22T16:00:00Z
CUS-00611,Teodoro,Cisneros,1944,Houston,TX,77011,teodoro.cisneros11@example.com,(713) 555-0111,es,2021-07-05,false,none,2021-07-05T14:00:00Z
CUS-00612,Iris,Marlowe,1957,Albuquerque,NM,87112,iris.marlowe12@example.com,(505) 555-0112,en,2016-04-25,true,none,2016-04-25T15:00:00Z
CUS-00613,Valeria,Galindo,1990,San Antonio,TX,78213,valeria.galindo13@example.com,(210) 555-0113,es,2020-12-26,false,none,2020-12-26T15:00:00Z
CUS-00614,Porter,Merriweather,1964,Chicago,IL,60614,porter.merriweather14@example.com,(312) 555-0114,en,2019-03-04,false,none,2019-03-04T15:00:00Z
CUS-00615,Marcus,Jessop,1945,Kansas City,MO,64115,marcus.jessop15@example.com,(816) 555-0115,en,2021-08-14,false,none,2021-08-14T14:00:00Z
CUS-00616,Marcus,Marlowe,1977,Albuquerque,NM,87116,marcus.marlowe16@example.com,(505) 555-0116,en,2006-05-13,false,none,2006-05-13T15:00:00Z
CUS-00617,Quinn,Brennan,1997,Tulsa,OK,74117,quinn.brennan17@example.com,(918) 555-0117,en,2003-09-10,false,none,2003-09-10T14:00:00Z
CUS-00618,Reed,Underwood,1946,Denver,CO,80218,reed.underwood18@example.com,(303) 555-0118,en,2000-01-17,false,none,2000-01-17T16:00:00Z
CUS-00619,Gwen,Corwin,1986,Omaha,NE,68119,gwen.corwin19@example.com,(402) 555-0119,en,2022-08-18,false,none,2022-08-18T14:00:00Z
CUS-00620,Inés,Aguilar,2000,Phoenix,AZ,85020,inés.aguilar20@example.com,(602) 555-0120,es,2020-02-03,false,none,2020-02-03T16:00:00Z
CUS-00621,Jasper,Draper,1943,Dallas,TX,75221,jasper.draper21@example.com,(214) 555-0121,en,2022-09-21,false,none,2022-09-21T14:00:00Z
CUS-00622,Corinne,Garrity,1988,Phoenix,AZ,85022,corinne.garrity22@example.com,(602) 555-0122,en,2006-05-30,false,none,2006-05-30T16:00:00Z
CUS-00623,Hazel,Thorne,1954,Tulsa,OK,74123,hazel.thorne23@example.com,(918) 555-0123,en,2026-03-17,false,none,2026-03-17T14:00:00Z
CUS-00624,Rosalind,Tillman,1957,Dallas,TX,75224,rosalind.tillman24@example.com,(214) 555-0124,en,2007-12-08,false,none,2007-12-08T15:00:00Z
CUS-00625,Keira,Ashford,1942,Los Angeles,CA,90025,keira.ashford25@example.com,(213) 555-0125,en,2026-05-01,false,scra_active,2026-05-01T16:00:00Z
CUS-00626,Jasper,Oakes,1958,Denver,CO,80226,jasper.oakes26@example.com,(303) 555-0126,en,1999-04-19,false,none,1999-04-19T15:00:00Z
CUS-00627,Maren,Norquist,1996,San Antonio,TX,78227,maren.norquist27@example.com,(210) 555-0127,en,2022-01-23,false,none,2022-01-23T15:00:00Z
CUS-00628,Keira,Tillman,1975,Los Angeles,CA,90028,keira.tillman28@example.com,(213) 555-0128,en,2007-09-25,false,none,2007-09-25T16:00:00Z
CUS-00629,Ronan,Draper,1945,Kansas City,MO,64129,ronan.draper29@example.com,(816) 555-0129,en,2017-07-16,true,none,2017-07-16T14:00:00Z
CUS-00630,Lucía,Galindo,1982,Tucson,AZ,85730,lucía.galindo30@example.com,(520) 555-0130,es,1999-10-23,false,none,1999-10-23T16:00:00Z
CUS-00631,Zane,Yates,1942,San Antonio,TX,78231,zane.yates31@example.com,(210) 555-0131,en,2003-10-04,false,none,2003-10-04T14:00:00Z
CUS-00632,Avery,Jessop,2002,Atlanta,GA,30332,avery.jessop32@example.com,(404) 555-0132,en,1999-08-16,false,none,1999-08-16T13:00:00Z
CUS-00633,Ulysses,Garrity,2002,Los Angeles,CA,90033,ulysses.garrity33@example.com,(213) 555-0133,en,1999-08-16,false,none,1999-08-16T16:00:00Z
CUS-00634,Amos,Kincaid,1962,Atlanta,GA,30334,amos.kincaid34@example.com,(404) 555-0134,en,2001-10-24,false,none,2001-10-24T13:00:00Z
CUS-00635,Quinn,Blakely,1954,El Paso,TX,79935,quinn.blakely35@example.com,(915) 555-0135,en,2024-04-23,false,none,2024-04-23T15:00:00Z
CUS-00636,Evelyn,Whitaker,1966,Des Moines,IA,50336,evelyn.whitaker36@example.com,(515) 555-0136,en,2015-12-26,false,none,2015-12-26T15:00:00Z
CUS-00637,Paloma,Ibarra,1976,Phoenix,AZ,85037,paloma.ibarra37@example.com,(602) 555-0137,es,2017-10-30,false,none,2017-10-30T16:00:00Z
CUS-00638,Soledad,Delgado,1971,Phoenix,AZ,85038,soledad.delgado38@example.com,(602) 555-0138,es,2016-12-26,false,none,2016-12-26T16:00:00Z
CUS-00639,Grady,Dunmore,1964,Las Vegas,NV,89139,grady.dunmore39@example.com,(702) 555-0139,en,2026-06-06,false,none,2026-06-06T16:00:00Z
CUS-00640,Evelyn,Fuentes,1963,El Paso,TX,79940,evelyn.fuentes40@example.com,(915) 555-0140,en,2000-06-22,false,none,2000-06-22T15:00:00Z
CUS-00641,Jonah,Lockhart,1958,El Paso,TX,79941,jonah.lockhart41@example.com,(915) 555-0141,en,2002-07-17,false,none,2002-07-17T15:00:00Z
CUS-00642,Sloane,Wexford,1979,Houston,TX,77042,sloane.wexford42@example.com,(713) 555-0142,en,2021-07-08,false,none,2021-07-08T14:00:00Z
CUS-00643,Lorna,Marlowe,1983,Chicago,IL,60643,lorna.marlowe43@example.com,(312) 555-0143,en,2001-03-04,false,none,2001-03-04T15:00:00Z
CUS-00644,Nadia,Marlowe,1999,Las Vegas,NV,89144,nadia.marlowe44@example.com,(702) 555-0144,en,2020-01-06,false,none,2020-01-06T17:00:00Z
CUS-00645,Emmett,Ambrose,1959,Las Vegas,NV,89145,emmett.ambrose45@example.com,(702) 555-0145,en,2008-07-01,false,none,2008-07-01T16:00:00Z
CUS-00646,Dalton,Calloway,1955,Columbus,OH,43246,dalton.calloway46@example.com,(614) 555-0146,en,2009-05-20,false,none,2009-05-20T13:00:00Z
CUS-00647,Ulysses,Faraday,1965,Mesa,AZ,85247,ulysses.faraday47@example.com,(480) 555-0147,en,2004-04-05,false,none,2004-04-05T16:00:00Z
CUS-00648,Leland,Underwood,1951,Chicago,IL,60648,leland.underwood48@example.com,(312) 555-0148,en,2026-08-23,false,none,2026-08-23T14:00:00Z
CUS-00649,Jasper,Lindqvist,1948,Chicago,IL,60649,jasper.lindqvist49@example.com,(312) 555-0149,en,2008-04-06,false,none,2008-04-06T14:00:00Z
CUS-00650,Otis,Kincaid,1991,Albuquerque,NM,87150,otis.kincaid50@example.com,(505) 555-0150,en,2002-11-03,false,none,2002-11-03T16:00:00Z
CUS-00651,Ingrid,Brennan,1946,Dallas,TX,75251,ingrid.brennan51@example.com,(214) 555-0151,en,2025-11-26,false,none,2025-11-26T15:00:00Z
CUS-00652,Priya,Galloway,1989,Los Angeles,CA,90052,priya.galloway52@example.com,(213) 555-0152,en,2012-07-13,true,none,2012-07-13T16:00:00Z
CUS-00653,Milo,Salazar,1948,Los Angeles,CA,90053,milo.salazar53@example.com,(213) 555-0153,en,2011-09-29,false,none,2011-09-29T16:00:00Z
CUS-00654,Sloane,Wexford,1992,Dallas,TX,75254,sloane.wexford54@example.com,(214) 555-0154,en,2012-08-10,false,none,2012-08-10T14:00:00Z
CUS-00655,Emmett,Ellery,1985,Los Angeles,CA,90055,emmett.ellery55@example.com,(213) 555-0155,en,2023-09-03,false,none,2023-09-03T16:00:00Z
CUS-00656,Ingrid,Norquist,1979,Phoenix,AZ,85056,ingrid.norquist56@example.com,(602) 555-0156,en,2026-09-03,false,none,2026-09-03T16:00:00Z
CUS-00657,Marcus,Kessler,1995,Denver,CO,80257,marcus.kessler57@example.com,(303) 555-0157,en,2025-11-27,false,none,2025-11-27T16:00:00Z
CUS-00658,Ingrid,Delgado,1997,Des Moines,IA,50358,ingrid.delgado58@example.com,(515) 555-0158,en,1999-08-03,false,none,1999-08-03T14:00:00Z
CUS-00659,Evelyn,Wexford,1947,Atlanta,GA,30359,evelyn.wexford59@example.com,(404) 555-0159,en,2016-08-30,false,none,2016-08-30T13:00:00Z
CUS-00660,Cyrus,Thorne,1944,Las Vegas,NV,89160,cyrus.thorne60@example.com,(702) 555-0160,en,2022-05-20,true,none,2022-05-20T16:00:00Z
CUS-00661,Jasper,Jessop,1949,Tucson,AZ,85761,jasper.jessop61@example.com,(520) 555-0161,en,2009-05-27,false,none,2009-05-27T16:00:00Z
CUS-00662,Ingrid,Kessler,1990,El Paso,TX,79962,ingrid.kessler62@example.com,(915) 555-0162,en,2005-03-29,false,none,2005-03-29T16:00:00Z
CUS-00663,Wade,Calloway,1952,Mesa,AZ,85263,wade.calloway63@example.com,(480) 555-0163,en,2014-04-28,false,none,2014-04-28T16:00:00Z
CUS-00664,Wade,Corwin,1986,Mesa,AZ,85264,wade.corwin64@example.com,(480) 555-0164,en,2000-05-23,false,none,2000-05-23T16:00:00Z
CUS-00665,Cyrus,Radley,1972,Houston,TX,77065,cyrus.radley65@example.com,(713) 555-0165,en,2020-11-24,false,none,2020-11-24T15:00:00Z
CUS-00666,Sloane,Prescott,1995,El Paso,TX,79966,sloane.prescott66@example.com,(915) 555-0166,en,2015-09-03,false,none,2015-09-03T15:00:00Z
CUS-00667,Keira,Pendleton,1949,San Antonio,TX,78267,keira.pendleton67@example.com,(210) 555-0167,en,2001-10-25,false,none,2001-10-25T14:00:00Z
CUS-00668,Tessa,Tillman,1996,San Antonio,TX,78268,tessa.tillman68@example.com,(210) 555-0168,en,2026-02-02,false,none,2026-02-02T15:00:00Z
CUS-00669,Ronan,Calloway,1970,El Paso,TX,79969,ronan.calloway69@example.com,(915) 555-0169,en,2004-07-04,false,none,2004-07-04T15:00:00Z
CUS-00670,Bellamy,Yates,1961,San Antonio,TX,78270,bellamy.yates70@example.com,(210) 555-0170,en,2000-10-19,false,none,2000-10-19T14:00:00Z
CUS-00671,Priya,Lindqvist,1989,El Paso,TX,79971,priya.lindqvist71@example.com,(915) 555-0171,en,2004-02-04,false,none,2004-02-04T16:00:00Z
CUS-00672,Nolan,Aguilar,1980,Kansas City,MO,64172,nolan.aguilar72@example.com,(816) 555-0172,en,2019-11-24,false,none,2019-11-24T15:00:00Z
CUS-00673,Delia,Quimby,1977,Las Vegas,NV,89173,delia.quimby73@example.com,(702) 555-0173,en,2021-06-15,false,none,2021-06-15T16:00:00Z
CUS-00674,Wade,Easton,1970,Omaha,NE,68174,wade.easton74@example.com,(402) 555-0174,en,2009-07-01,false,none,2009-07-01T14:00:00Z
CUS-00675,Silas,Tillman,1943,Phoenix,AZ,85075,silas.tillman75@example.com,(602) 555-0175,en,2011-02-01,false,none,2011-02-01T16:00:00Z
CUS-00676,Tobias,Kincaid,1994,Mesa,AZ,85276,tobias.kincaid76@example.com,(480) 555-0176,en,2023-03-09,false,none,2023-03-09T16:00:00Z
CUS-00677,Hollis,Faraday,2001,Houston,TX,77077,hollis.faraday77@example.com,(713) 555-0177,en,2012-03-18,false,none,2012-03-18T14:00:00Z
CUS-00678,Keira,Corwin,1974,Omaha,NE,68178,keira.corwin78@example.com,(402) 555-0178,en,2015-06-04,true,none,2015-06-04T14:00:00Z
CUS-00679,Paloma,Jaramillo,1965,Phoenix,AZ,85079,paloma.jaramillo79@example.com,(602) 555-0179,es,2013-11-04,false,none,2013-11-04T16:00:00Z
CUS-00680,Porter,Vance,1943,Dallas,TX,75280,porter.vance80@example.com,(214) 555-0180,en,2020-10-12,false,none,2020-10-12T14:00:00Z
CUS-00681,Rosalind,Jessop,1964,Los Angeles,CA,90081,rosalind.jessop81@example.com,(213) 555-0181,en,2008-04-11,false,none,2008-04-11T16:00:00Z
CUS-00682,Paloma,Quintero,1979,Phoenix,AZ,85082,paloma.quintero82@example.com,(602) 555-0182,es,2020-07-02,false,none,2020-07-02T16:00:00Z
CUS-00683,Corinne,Draper,1968,Omaha,NE,68183,corinne.draper83@example.com,(402) 555-0183,en,2024-05-30,false,none,2024-05-30T14:00:00Z
CUS-00684,Wendell,Wexford,1970,Omaha,NE,68184,wendell.wexford84@example.com,(402) 555-0184,en,2009-11-02,false,none,2009-11-02T15:00:00Z
CUS-00685,Lorna,Quimby,1965,Las Vegas,NV,89185,lorna.quimby85@example.com,(702) 555-0185,en,2006-02-12,false,none,2006-02-12T17:00:00Z
CUS-00686,Avery,Calloway,1947,Mesa,AZ,85286,avery.calloway86@example.com,(480) 555-0186,en,2004-07-25,false,none,2004-07-25T16:00:00Z
CUS-00687,Dalton,Fenwick,1945,San Antonio,TX,78287,dalton.fenwick87@example.com,(210) 555-0187,en,2016-07-30,false,none,2016-07-30T14:00:00Z
CUS-00688,Hazel,Hartigan,1954,Atlanta,GA,30388,hazel.hartigan88@example.com,(404) 555-0188,en,2019-06-03,false,none,2019-06-03T13:00:00Z
CUS-00689,Harlan,Escobedo,1977,Tucson,AZ,85789,harlan.escobedo89@example.com,(520) 555-0189,en,2008-11-08,false,none,2008-11-08T16:00:00Z
CUS-00690,Ulysses,Yates,1980,Los Angeles,CA,90090,ulysses.yates90@example.com,(213) 555-0190,en,2010-06-23,false,none,2010-06-23T16:00:00Z
CUS-00691,Nolan,Quimby,1991,Phoenix,AZ,85091,nolan.quimby91@example.com,(602) 555-0191,en,2013-09-26,false,none,2013-09-26T16:00:00Z
CUS-00692,Alejandra,Fuentes,1969,Kansas City,MO,64192,alejandra.fuentes92@example.com,(816) 555-0192,es,2010-09-06,false,none,2010-09-06T14:00:00Z
CUS-00693,Harlan,Kessler,1951,Denver,CO,80293,harlan.kessler93@example.com,(303) 555-0193,en,2009-10-16,false,none,2009-10-16T15:00:00Z
CUS-00694,Harlan,Sterling,1946,Dallas,TX,75294,harlan.sterling94@example.com,(214) 555-0194,en,2006-05-11,false,none,2006-05-11T14:00:00Z
CUS-00695,Diego,Jaramillo,1986,Houston,TX,77095,diego.jaramillo95@example.com,(713) 555-0195,es,2022-01-01,false,none,2022-01-01T15:00:00Z
CUS-00696,Fletcher,Kincaid,1986,Phoenix,AZ,85096,fletcher.kincaid96@example.com,(602) 555-0196,en,2023-09-17,false,none,2023-09-17T16:00:00Z
CUS-00697,Lorna,Ingram,1944,Tulsa,OK,74197,lorna.ingram97@example.com,(918) 555-0197,en,2005-02-11,false,none,2005-02-11T15:00:00Z
CUS-00698,Bellamy,Quimby,1971,El Paso,TX,79998,bellamy.quimby98@example.com,(915) 555-0198,en,2005-09-24,false,none,2005-09-24T15:00:00Z
CUS-00699,Jonah,Fenwick,1997,Tulsa,OK,74199,jonah.fenwick99@example.com,(918) 555-0199,en,2002-10-07,false,none,2002-10-07T14:00:00Z
CUS-00700,Reed,Brennan,1971,Denver,CO,80200,reed.brennan00@example.com,(303) 555-0100,en,2018-02-09,false,none,2018-02-09T16:00:00Z
CUS-00701,Zane,Easton,1952,Kansas City,MO,64101,zane.easton01@example.com,(816) 555-0101,en,2007-08-19,false,none,2007-08-19T14:00:00Z
CUS-00702,Maren,Lindqvist,1980,Las Vegas,NV,89102,maren.lindqvist02@example.com,(702) 555-0102,en,2005-07-28,false,none,2005-07-28T16:00:00Z
CUS-00703,Darla,Calloway,1983,Mesa,AZ,85203,darla.calloway03@example.com,(480) 555-0103,en,2022-06-28,false,none,2022-06-28T16:00:00Z
CUS-00704,Ingrid,Kincaid,1991,Atlanta,GA,30304,ingrid.kincaid04@example.com,(404) 555-0104,en,2018-12-05,false,none,2018-12-05T14:00:00Z
CUS-00705,Colby,Tillman,1943,San Antonio,TX,78205,colby.tillman05@example.com,(210) 555-0105,en,2026-01-22,false,none,2026-01-22T15:00:00Z
CUS-00706,Ronan,Ashford,1947,Phoenix,AZ,85006,ronan.ashford06@example.com,(602) 555-0106,en,2011-05-19,false,none,2011-05-19T16:00:00Z
CUS-00707,Avery,Escobedo,1997,Denver,CO,80207,avery.escobedo07@example.com,(303) 555-0107,en,2026-07-11,false,none,2026-07-11T15:00:00Z
CUS-00708,Porter,Hartigan,1970,Des Moines,IA,50308,porter.hartigan08@example.com,(515) 555-0108,en,2017-09-27,false,none,2017-09-27T14:00:00Z
CUS-00709,Faye,Lockhart,1947,Omaha,NE,68109,faye.lockhart09@example.com,(402) 555-0109,en,2003-07-07,false,none,2003-07-07T14:00:00Z
CUS-00710,Lorna,Ingram,1957,Omaha,NE,68110,lorna.ingram10@example.com,(402) 555-0110,en,2018-11-23,false,none,2018-11-23T15:00:00Z
CUS-00711,Cyrus,Kincaid,2000,Des Moines,IA,50311,cyrus.kincaid11@example.com,(515) 555-0111,en,2002-08-23,false,none,2002-08-23T14:00:00Z
CUS-00712,Bellamy,Hartigan,2000,Omaha,NE,68112,bellamy.hartigan12@example.com,(402) 555-0112,en,2012-03-28,false,none,2012-03-28T14:00:00Z
CUS-00713,Opal,Ellery,1959,Phoenix,AZ,85013,opal.ellery13@example.com,(602) 555-0113,en,2019-11-03,false,none,2019-11-03T16:00:00Z
CUS-00714,Nolan,Sayers,1959,Mesa,AZ,85214,nolan.sayers14@example.com,(480) 555-0114,en,2008-10-26,true,none,2008-10-26T16:00:00Z
CUS-00715,Hollis,Underwood,1973,Chicago,IL,60615,hollis.underwood15@example.com,(312) 555-0115,en,1999-04-21,false,none,1999-04-21T14:00:00Z
CUS-00716,Nolan,Sterling,1994,Phoenix,AZ,85016,nolan.sterling16@example.com,(602) 555-0116,en,2023-11-16,false,none,2023-11-16T16:00:00Z
CUS-00717,Milo,Draper,1966,San Antonio,TX,78217,milo.draper17@example.com,(210) 555-0117,en,2026-09-10,false,none,2026-09-10T14:00:00Z
CUS-00718,Delia,Whitaker,1979,Mesa,AZ,85218,delia.whitaker18@example.com,(480) 555-0118,en,2016-06-08,false,none,2016-06-08T16:00:00Z
CUS-00719,Zane,Brennan,1994,Dallas,TX,75219,zane.brennan19@example.com,(214) 555-0119,en,2026-08-16,false,none,2026-08-16T14:00:00Z
CUS-00720,Diego,Villarreal,1997,Phoenix,AZ,85020,diego.villarreal20@example.com,(602) 555-0120,es,2012-04-22,false,none,2012-04-22T16:00:00Z
CUS-00721,Bellamy,Lindqvist,1956,Atlanta,GA,30321,bellamy.lindqvist21@example.com,(404) 555-0121,en,2018-10-05,false,none,2018-10-05T13:00:00Z
CUS-00722,Otis,Norquist,1981,Phoenix,AZ,85022,otis.norquist22@example.com,(602) 555-0122,en,2018-12-13,false,none,2018-12-13T16:00:00Z
CUS-00723,Bellamy,Vance,1976,Omaha,NE,68123,bellamy.vance23@example.com,(402) 555-0123,en,2012-01-14,false,none,2012-01-14T15:00:00Z
CUS-00724,Dalton,Norquist,1977,Mesa,AZ,85224,dalton.norquist24@example.com,(480) 555-0124,en,2004-02-04,false,none,2004-02-04T16:00:00Z
CUS-00725,Corinne,Underwood,1960,Denver,CO,80225,corinne.underwood25@example.com,(303) 555-0125,en,2006-10-03,false,none,2006-10-03T15:00:00Z
CUS-00726,Emmett,Kincaid,1989,Chicago,IL,60626,emmett.kincaid26@example.com,(312) 555-0126,en,2000-11-08,true,none,2000-11-08T15:00:00Z
CUS-00727,Lorna,Ellery,1955,Houston,TX,77027,lorna.ellery27@example.com,(713) 555-0127,en,2009-10-10,false,none,2009-10-10T14:00:00Z
CUS-00728,Nadia,Ingram,1956,El Paso,TX,79928,nadia.ingram28@example.com,(915) 555-0128,en,2014-03-20,false,none,2014-03-20T15:00:00Z
CUS-00729,Grady,Jessop,1946,Chicago,IL,60629,grady.jessop29@example.com,(312) 555-0129,en,2026-05-02,false,scra_active,2026-05-02T14:00:00Z
CUS-00730,Wendell,Ingram,1970,Las Vegas,NV,89130,wendell.ingram30@example.com,(702) 555-0130,en,2009-04-29,false,none,2009-04-29T16:00:00Z
CUS-00731,Dalton,Lockhart,2003,Houston,TX,77031,dalton.lockhart31@example.com,(713) 555-0131,en,2007-06-21,false,none,2007-06-21T14:00:00Z
CUS-00732,Cyrus,Fuentes,1983,Des Moines,IA,50332,cyrus.fuentes32@example.com,(515) 555-0132,en,2009-10-05,false,none,2009-10-05T14:00:00Z
CUS-00733,Wendell,Lindqvist,1958,Denver,CO,80233,wendell.lindqvist33@example.com,(303) 555-0133,en,2012-07-20,false,none,2012-07-20T15:00:00Z
CUS-00734,Milo,Dunmore,1946,Des Moines,IA,50334,milo.dunmore34@example.com,(515) 555-0134,en,2001-11-03,false,none,2001-11-03T15:00:00Z
CUS-00735,Maren,Rowley,1998,Phoenix,AZ,85035,maren.rowley35@example.com,(602) 555-0135,en,2007-10-26,false,none,2007-10-26T16:00:00Z
CUS-00736,Harlan,Garrity,2004,San Antonio,TX,78236,harlan.garrity36@example.com,(210) 555-0136,en,2020-05-09,true,none,2020-05-09T14:00:00Z
CUS-00737,Silas,Galloway,1962,Kansas City,MO,64137,silas.galloway37@example.com,(816) 555-0137,en,2020-01-15,false,none,2020-01-15T15:00:00Z
CUS-00738,Ronan,Tillman,1986,San Antonio,TX,78238,ronan.tillman38@example.com,(210) 555-0138,en,2013-10-24,false,none,2013-10-24T14:00:00Z
CUS-00739,Nolan,Vance,1966,Omaha,NE,68139,nolan.vance39@example.com,(402) 555-0139,en,2003-06-12,false,none,2003-06-12T14:00:00Z
CUS-00740,Alejandra,Aguilar,1950,El Paso,TX,79940,alejandra.aguilar40@example.com,(915) 555-0140,es,2008-11-15,false,none,2008-11-15T16:00:00Z
CUS-00741,Emmett,Easton,1945,Tucson,AZ,85741,emmett.easton41@example.com,(520) 555-0141,en,2011-12-04,false,none,2011-12-04T16:00:00Z
CUS-00742,Silas,Quintero,1988,San Antonio,TX,78242,silas.quintero42@example.com,(210) 555-0142,en,2022-11-12,false,none,2022-11-12T15:00:00Z
CUS-00743,Leland,Draper,1989,Tucson,AZ,85743,leland.draper43@example.com,(520) 555-0143,en,2007-04-13,false,none,2007-04-13T16:00:00Z
CUS-00744,Ulysses,Brennan,1992,Albuquerque,NM,87144,ulysses.brennan44@example.com,(505) 555-0144,en,2017-09-02,false,none,2017-09-02T15:00:00Z
CUS-00745,Amos,Quimby,1943,Denver,CO,80245,amos.quimby45@example.com,(303) 555-0145,en,2023-03-10,false,none,2023-03-10T16:00:00Z
CUS-00746,Graciela,Escobedo,1997,Columbus,OH,43246,graciela.escobedo46@example.com,(614) 555-0146,es,1999-03-26,false,none,1999-03-26T14:00:00Z
CUS-00747,Emmett,Sayers,1949,Houston,TX,77047,emmett.sayers47@example.com,(713) 555-0147,en,2019-03-19,false,none,2019-03-19T14:00:00Z
CUS-00748,Nadia,Thorne,1951,Phoenix,AZ,85048,nadia.thorne48@example.com,(602) 555-0148,en,2025-12-12,false,none,2025-12-12T16:00:00Z
CUS-00749,Nayeli,Ochoa,1964,Phoenix,AZ,85049,nayeli.ochoa49@example.com,(602) 555-0149,es,2024-05-20,true,none,2024-05-20T16:00:00Z
CUS-00750,Quinn,Prescott,1969,Columbus,OH,43250,quinn.prescott50@example.com,(614) 555-0150,en,2010-02-20,false,none,2010-02-20T14:00:00Z
CUS-00751,Beatrix,Barrera,1949,Tucson,AZ,85751,beatrix.barrera51@example.com,(520) 555-0151,en,2022-04-02,false,none,2022-04-02T16:00:00Z
CUS-00752,Corinne,Aguilar,1977,Chicago,IL,60652,corinne.aguilar52@example.com,(312) 555-0152,en,2014-01-08,false,none,2014-01-08T15:00:00Z
CUS-00753,Ronan,Ashford,1999,Los Angeles,CA,90053,ronan.ashford53@example.com,(213) 555-0153,en,2017-10-22,false,none,2017-10-22T16:00:00Z
CUS-00754,Priya,Draper,1995,Atlanta,GA,30354,priya.draper54@example.com,(404) 555-0154,en,2016-10-16,false,none,2016-10-16T13:00:00Z
CUS-00755,Harlan,Sayers,1993,Atlanta,GA,30355,harlan.sayers55@example.com,(404) 555-0155,en,1999-06-01,false,none,1999-06-01T13:00:00Z
CUS-00756,Valeria,Treviño,1993,Phoenix,AZ,85056,valeria.treviño56@example.com,(602) 555-0156,es,2012-02-16,false,none,2012-02-16T16:00:00Z
CUS-00757,Hazel,Kincaid,1954,Denver,CO,80257,hazel.kincaid57@example.com,(303) 555-0157,en,2015-02-01,false,none,2015-02-01T16:00:00Z
CUS-00758,Ingrid,Hartigan,1960,Des Moines,IA,50358,ingrid.hartigan58@example.com,(515) 555-0158,en,2014-09-06,false,none,2014-09-06T14:00:00Z
CUS-00759,Lorna,Faraday,1994,El Paso,TX,79959,lorna.faraday59@example.com,(915) 555-0159,en,2026-09-05,false,none,2026-09-05T15:00:00Z
CUS-00760,Kendra,Brennan,1989,Chicago,IL,60660,kendra.brennan60@example.com,(312) 555-0160,en,2002-08-24,false,none,2002-08-24T14:00:00Z
CUS-00761,Opal,Ingram,1976,Omaha,NE,68161,opal.ingram61@example.com,(402) 555-0161,en,2005-02-03,false,none,2005-02-03T15:00:00Z
CUS-00762,Fletcher,Salazar,1994,Chicago,IL,60662,fletcher.salazar62@example.com,(312) 555-0162,en,2019-09-19,false,none,2019-09-19T14:00:00Z
CUS-00763,Tobias,Lindqvist,1979,Tucson,AZ,85763,tobias.lindqvist63@example.com,(520) 555-0163,en,2009-06-23,false,none,2009-06-23T16:00:00Z
CUS-00764,Dalton,Oakes,1954,Kansas City,MO,64164,dalton.oakes64@example.com,(816) 555-0164,en,2018-03-01,false,none,2018-03-01T15:00:00Z
CUS-00765,Hazel,Fenwick,1957,Tulsa,OK,74165,hazel.fenwick65@example.com,(918) 555-0165,en,2024-04-30,false,none,2024-04-30T14:00:00Z
CUS-00766,Fletcher,Corwin,1966,Dallas,TX,75266,fletcher.corwin66@example.com,(214) 555-0166,en,2016-12-09,false,none,2016-12-09T15:00:00Z
CUS-00767,Dalton,Oakes,1986,Tucson,AZ,85767,dalton.oakes67@example.com,(520) 555-0167,en,2000-06-01,false,none,2000-06-01T16:00:00Z
CUS-00768,Reed,Faraday,1976,Phoenix,AZ,85068,reed.faraday68@example.com,(602) 555-0168,en,2024-08-20,false,none,2024-08-20T16:00:00Z
CUS-00769,Hollis,Galloway,1968,Atlanta,GA,30369,hollis.galloway69@example.com,(404) 555-0169,en,2017-07-14,false,none,2017-07-14T13:00:00Z
CUS-00770,Milo,Ochoa,1949,Phoenix,AZ,85070,milo.ochoa70@example.com,(602) 555-0170,en,2013-12-07,false,none,2013-12-07T16:00:00Z
CUS-00771,Paloma,Aguilar,1978,Mesa,AZ,85271,paloma.aguilar71@example.com,(480) 555-0171,es,2005-06-29,false,none,2005-06-29T16:00:00Z
CUS-00772,Ulysses,Kessler,1980,San Antonio,TX,78272,ulysses.kessler72@example.com,(210) 555-0172,en,2024-08-03,false,none,2024-08-03T14:00:00Z
CUS-00773,Ximena,Ibarra,1988,Houston,TX,77073,ximena.ibarra73@example.com,(713) 555-0173,es,2017-07-13,false,none,2017-07-13T14:00:00Z
CUS-00774,Nayeli,Lozano,1983,Houston,TX,77074,nayeli.lozano74@example.com,(713) 555-0174,es,2014-11-20,false,none,2014-11-20T15:00:00Z
CUS-00775,Fletcher,Calloway,1988,Dallas,TX,75275,fletcher.calloway75@example.com,(214) 555-0175,en,2009-04-17,false,none,2009-04-17T14:00:00Z
CUS-00776,Quinn,Radley,1994,Denver,CO,80276,quinn.radley76@example.com,(303) 555-0176,en,2026-01-06,false,none,2026-01-06T16:00:00Z
CUS-00777,Tessa,Underwood,1970,Las Vegas,NV,89177,tessa.underwood77@example.com,(702) 555-0177,en,2006-10-22,true,none,2006-10-22T16:00:00Z
CUS-00778,Amos,Merriweather,1947,Los Angeles,CA,90078,amos.merriweather78@example.com,(213) 555-0178,en,2008-03-14,false,none,2008-03-14T16:00:00Z
CUS-00779,Fernando,Escobedo,1978,Phoenix,AZ,85079,fernando.escobedo79@example.com,(602) 555-0179,es,1999-07-23,false,none,1999-07-23T16:00:00Z
CUS-00780,Paloma,Barrera,1966,San Antonio,TX,78280,paloma.barrera80@example.com,(210) 555-0180,es,2020-06-06,false,none,2020-06-06T14:00:00Z
CUS-00781,Silas,Dunmore,1977,Omaha,NE,68181,silas.dunmore81@example.com,(402) 555-0181,en,2026-04-17,false,none,2026-04-17T14:00:00Z
CUS-00782,Ulysses,Radley,1989,Columbus,OH,43282,ulysses.radley82@example.com,(614) 555-0182,en,2006-08-13,false,none,2006-08-13T13:00:00Z
CUS-00783,Octavio,Barrera,1950,Houston,TX,77083,octavio.barrera83@example.com,(713) 555-0183,es,2026-08-06,false,none,2026-08-06T14:00:00Z
CUS-00784,Jasper,Pendleton,1962,Tulsa,OK,74184,jasper.pendleton84@example.com,(918) 555-0184,en,2022-05-20,false,none,2022-05-20T14:00:00Z
CUS-00785,Octavio,Jaramillo,1986,Albuquerque,NM,87185,octavio.jaramillo85@example.com,(505) 555-0185,es,2024-07-16,false,none,2024-07-16T15:00:00Z
CUS-00786,Bellamy,Rowley,1971,El Paso,TX,79986,bellamy.rowley86@example.com,(915) 555-0186,en,2000-03-22,false,none,2000-03-22T16:00:00Z
CUS-00787,Leland,Sterling,1966,San Antonio,TX,78287,leland.sterling87@example.com,(210) 555-0187,en,2011-08-07,false,none,2011-08-07T14:00:00Z
CUS-00788,Wade,Blakely,1955,Atlanta,GA,30388,wade.blakely88@example.com,(404) 555-0188,en,2020-07-16,false,none,2020-07-16T13:00:00Z
CUS-00789,Otis,Holloway,1982,El Paso,TX,79989,otis.holloway89@example.com,(915) 555-0189,en,2006-10-02,false,none,2006-10-02T15:00:00Z
CUS-00790,Sloane,Ashford,1991,Tulsa,OK,74190,sloane.ashford90@example.com,(918) 555-0190,en,2013-02-17,false,none,2013-02-17T15:00:00Z
CUS-00791,Quinn,Blakely,1988,Chicago,IL,60691,quinn.blakely91@example.com,(312) 555-0191,en,2012-10-07,false,none,2012-10-07T14:00:00Z
CUS-00792,Paloma,Ochoa,1973,Mesa,AZ,85292,paloma.ochoa92@example.com,(480) 555-0192,es,2012-11-19,false,none,2012-11-19T16:00:00Z
CUS-00793,Evelyn,Merriweather,2003,Los Angeles,CA,90093,evelyn.merriweather93@example.com,(213) 555-0193,en,1999-05-01,false,none,1999-05-01T16:00:00Z
CUS-00794,Milo,Garrity,1961,Phoenix,AZ,85094,milo.garrity94@example.com,(602) 555-0194,en,2003-01-01,false,none,2003-01-01T16:00:00Z
CUS-00795,Ingrid,Kincaid,1948,Mesa,AZ,85295,ingrid.kincaid95@example.com,(480) 555-0195,en,2004-05-17,false,none,2004-05-17T16:00:00Z
CUS-00796,Dalton,Blakely,1955,Atlanta,GA,30396,dalton.blakely96@example.com,(404) 555-0196,en,2011-03-24,false,none,2011-03-24T13:00:00Z
CUS-00797,Darla,Underwood,1988,San Antonio,TX,78297,darla.underwood97@example.com,(210) 555-0197,en,2018-05-02,false,none,2018-05-02T14:00:00Z
CUS-00798,Catalina,Jaramillo,2001,Las Vegas,NV,89198,catalina.jaramillo98@example.com,(702) 555-0198,es,2025-11-25,false,none,2025-11-25T17:00:00Z
CUS-00799,Ulysses,Garrity,1956,Mesa,AZ,85299,ulysses.garrity99@example.com,(480) 555-0199,en,2026-08-23,false,none,2026-08-23T16:00:00Z
CUS-00800,Avery,Prescott,1964,Mesa,AZ,85200,avery.prescott00@example.com,(480) 555-0100,en,2015-03-21,false,none,2015-03-21T16:00:00Z
CUS-00801,Ronan,Sayers,1985,Omaha,NE,68101,ronan.sayers01@example.com,(402) 555-0101,en,2002-02-12,false,none,2002-02-12T15:00:00Z
CUS-00802,Darla,Garrity,1983,Atlanta,GA,30302,darla.garrity02@example.com,(404) 555-0102,en,2020-12-14,false,none,2020-12-14T14:00:00Z
CUS-00803,Cyrus,Ashford,1950,San Antonio,TX,78203,cyrus.ashford03@example.com,(210) 555-0103,en,2024-01-27,false,none,2024-01-27T15:00:00Z
CUS-00804,Avery,Fenwick,2003,San Antonio,TX,78204,avery.fenwick04@example.com,(210) 555-0104,en,2010-06-26,false,none,2010-06-26T14:00:00Z
CUS-00805,Opal,Marlowe,1970,Los Angeles,CA,90005,opal.marlowe05@example.com,(213) 555-0105,en,2026-09-06,false,none,2026-09-06T16:00:00Z
CUS-00806,Cyrus,Easton,1948,Mesa,AZ,85206,cyrus.easton06@example.com,(480) 555-0106,en,2006-08-09,false,none,2006-08-09T16:00:00Z
CUS-00807,Lorna,Pendleton,1992,Las Vegas,NV,89107,lorna.pendleton07@example.com,(702) 555-0107,en,2006-05-02,false,none,2006-05-02T16:00:00Z
CUS-00808,Marcus,Garrity,1964,Tucson,AZ,85708,marcus.garrity08@example.com,(520) 555-0108,en,2003-01-29,false,none,2003-01-29T16:00:00Z
CUS-00809,Silas,Corwin,1946,San Antonio,TX,78209,silas.corwin09@example.com,(210) 555-0109,en,2001-01-28,false,none,2001-01-28T15:00:00Z
CUS-00810,Quinn,Quimby,1983,Tulsa,OK,74110,quinn.quimby10@example.com,(918) 555-0110,en,2007-04-16,false,none,2007-04-16T14:00:00Z
CUS-00811,Harlan,Draper,1993,Houston,TX,77011,harlan.draper11@example.com,(713) 555-0111,en,2014-11-29,false,none,2014-11-29T15:00:00Z
CUS-00812,Yvonne,Oakes,1969,Mesa,AZ,85212,yvonne.oakes12@example.com,(480) 555-0112,en,2005-11-18,false,none,2005-11-18T16:00:00Z
CUS-00813,Vera,Ellery,2001,Chicago,IL,60613,vera.ellery13@example.com,(312) 555-0113,en,2004-08-20,false,none,2004-08-20T14:00:00Z
CUS-00814,Grady,Lindqvist,1981,San Antonio,TX,78214,grady.lindqvist14@example.com,(210) 555-0114,en,2011-08-03,false,none,2011-08-03T14:00:00Z
CUS-00815,Graciela,Lozano,1969,Los Angeles,CA,90015,graciela.lozano15@example.com,(213) 555-0115,es,2014-02-05,false,none,2014-02-05T17:00:00Z
CUS-00816,Leland,Corwin,1959,Kansas City,MO,64116,leland.corwin16@example.com,(816) 555-0116,en,2008-07-21,false,none,2008-07-21T14:00:00Z
CUS-00817,Hazel,Rowley,1975,Columbus,OH,43217,hazel.rowley17@example.com,(614) 555-0117,en,2000-11-24,false,none,2000-11-24T14:00:00Z
CUS-00818,Hollis,Merriweather,1993,Atlanta,GA,30318,hollis.merriweather18@example.com,(404) 555-0118,en,2013-06-24,false,none,2013-06-24T13:00:00Z
CUS-00819,Yvonne,Galloway,1996,Mesa,AZ,85219,yvonne.galloway19@example.com,(480) 555-0119,en,2012-04-06,false,none,2012-04-06T16:00:00Z
CUS-00820,Ulysses,Kincaid,1985,San Antonio,TX,78220,ulysses.kincaid20@example.com,(210) 555-0120,en,2009-01-21,false,none,2009-01-21T15:00:00Z
CUS-00821,Tobias,Faraday,1982,Phoenix,AZ,85021,tobias.faraday21@example.com,(602) 555-0121,en,2013-09-11,false,none,2013-09-11T16:00:00Z
CUS-00822,Evelyn,Wexford,1981,Tucson,AZ,85722,evelyn.wexford22@example.com,(520) 555-0122,en,2015-10-17,false,none,2015-10-17T16:00:00Z
CUS-00823,Evelyn,Galloway,2000,Phoenix,AZ,85023,evelyn.galloway23@example.com,(602) 555-0123,en,2007-04-17,false,none,2007-04-17T16:00:00Z
CUS-00824,Beatrix,Calloway,1949,Mesa,AZ,85224,beatrix.calloway24@example.com,(480) 555-0124,en,2021-12-15,false,none,2021-12-15T16:00:00Z
CUS-00825,Zane,Jessop,1974,Houston,TX,77025,zane.jessop25@example.com,(713) 555-0125,en,2001-05-20,false,none,2001-05-20T14:00:00Z
CUS-00826,Hollis,Quintero,1952,Chicago,IL,60626,hollis.quintero26@example.com,(312) 555-0126,en,2002-08-29,false,none,2002-08-29T14:00:00Z
CUS-00827,Tobias,Easton,1992,Tucson,AZ,85727,tobias.easton27@example.com,(520) 555-0127,en,2022-12-13,false,none,2022-12-13T16:00:00Z
CUS-00828,Reed,Fenwick,1990,Phoenix,AZ,85028,reed.fenwick28@example.com,(602) 555-0128,en,2008-08-24,false,none,2008-08-24T16:00:00Z
CUS-00829,Quinn,Salazar,1976,San Antonio,TX,78229,quinn.salazar29@example.com,(210) 555-0129,en,2013-09-15,true,none,2013-09-15T14:00:00Z
CUS-00830,Valeria,Treviño,1978,Mesa,AZ,85230,valeria.treviño30@example.com,(480) 555-0130,es,2017-01-20,false,none,2017-01-20T16:00:00Z
CUS-00831,Bellamy,Kincaid,1950,Tucson,AZ,85731,bellamy.kincaid31@example.com,(520) 555-0131,en,2018-07-12,true,none,2018-07-12T16:00:00Z
CUS-00832,Milo,Whitaker,1995,San Antonio,TX,78232,milo.whitaker32@example.com,(210) 555-0132,en,2008-06-09,false,none,2008-06-09T14:00:00Z
CUS-00833,Zane,Thorne,1976,San Antonio,TX,78233,zane.thorne33@example.com,(210) 555-0133,en,2001-04-22,false,none,2001-04-22T14:00:00Z
CUS-00834,Zane,Underwood,1958,Houston,TX,77034,zane.underwood34@example.com,(713) 555-0134,en,2009-06-20,false,none,2009-06-20T14:00:00Z
CUS-00835,Corinne,Kincaid,2001,Tucson,AZ,85735,corinne.kincaid35@example.com,(520) 555-0135,en,2003-10-10,false,none,2003-10-10T16:00:00Z
CUS-00836,Leland,Barrera,1978,Des Moines,IA,50336,leland.barrera36@example.com,(515) 555-0136,en,2021-01-09,false,none,2021-01-09T15:00:00Z
CUS-00837,Silas,Faraday,1944,Atlanta,GA,30337,silas.faraday37@example.com,(404) 555-0137,en,2013-08-12,false,none,2013-08-12T13:00:00Z
CUS-00838,Grady,Sayers,1967,San Antonio,TX,78238,grady.sayers38@example.com,(210) 555-0138,en,2017-07-01,false,none,2017-07-01T14:00:00Z
CUS-00839,Héctor,Barrera,1968,Mesa,AZ,85239,héctor.barrera39@example.com,(480) 555-0139,es,2026-07-19,false,none,2026-07-19T16:00:00Z
CUS-00840,Hazel,Underwood,1950,Atlanta,GA,30340,hazel.underwood40@example.com,(404) 555-0140,en,2024-09-26,false,none,2024-09-26T13:00:00Z
CUS-00841,Wade,Corwin,1997,San Antonio,TX,78241,wade.corwin41@example.com,(210) 555-0141,en,2011-02-10,false,none,2011-02-10T15:00:00Z
CUS-00842,Wendell,Ambrose,1946,Denver,CO,80242,wendell.ambrose42@example.com,(303) 555-0142,en,2006-08-15,false,none,2006-08-15T15:00:00Z
CUS-00843,Rosalind,Marlowe,1973,Houston,TX,77043,rosalind.marlowe43@example.com,(713) 555-0143,en,2012-07-30,false,none,2012-07-30T14:00:00Z
CUS-00844,Ulysses,Calloway,1991,Los Angeles,CA,90044,ulysses.calloway44@example.com,(213) 555-0144,en,2022-03-16,false,none,2022-03-16T16:00:00Z
CUS-00845,Delia,Underwood,1956,Las Vegas,NV,89145,delia.underwood45@example.com,(702) 555-0145,en,2025-12-04,false,none,2025-12-04T17:00:00Z
CUS-00846,Faye,Lozano,1942,Albuquerque,NM,87146,faye.lozano46@example.com,(505) 555-0146,en,2021-10-16,false,none,2021-10-16T15:00:00Z
CUS-00847,Amos,Sterling,2001,Des Moines,IA,50347,amos.sterling47@example.com,(515) 555-0147,en,2021-01-17,false,none,2021-01-17T15:00:00Z
CUS-00848,Nadia,Prescott,1947,Houston,TX,77048,nadia.prescott48@example.com,(713) 555-0148,en,2010-10-08,false,none,2010-10-08T14:00:00Z
CUS-00849,Porter,Corwin,1951,Tucson,AZ,85749,porter.corwin49@example.com,(520) 555-0149,en,2013-02-20,true,none,2013-02-20T16:00:00Z
CUS-00850,Reed,Pendleton,1993,Columbus,OH,43250,reed.pendleton50@example.com,(614) 555-0150,en,2010-04-23,false,scra_active,2010-04-23T13:00:00Z
CUS-00851,Ingrid,Draper,1991,Los Angeles,CA,90051,ingrid.draper51@example.com,(213) 555-0151,en,2007-10-10,false,none,2007-10-10T16:00:00Z
CUS-00852,Quinn,Faraday,1995,Houston,TX,77052,quinn.faraday52@example.com,(713) 555-0152,en,2023-06-12,false,none,2023-06-12T14:00:00Z
CUS-00853,Reed,Wexford,1980,Las Vegas,NV,89153,reed.wexford53@example.com,(702) 555-0153,en,2010-07-27,false,none,2010-07-27T16:00:00Z
CUS-00854,Cyrus,Pendleton,1968,Las Vegas,NV,89154,cyrus.pendleton54@example.com,(702) 555-0154,en,1999-08-08,false,none,1999-08-08T16:00:00Z
CUS-00855,Wade,Treviño,1995,San Antonio,TX,78255,wade.treviño55@example.com,(210) 555-0155,en,2021-12-15,false,none,2021-12-15T15:00:00Z
CUS-00856,Iris,Fenwick,1971,El Paso,TX,79956,iris.fenwick56@example.com,(915) 555-0156,en,2009-06-17,false,none,2009-06-17T15:00:00Z
CUS-00857,Iris,Ellery,1962,Houston,TX,77057,iris.ellery57@example.com,(713) 555-0157,en,2018-06-13,false,none,2018-06-13T14:00:00Z
CUS-00858,Esperanza,Lozano,1959,San Antonio,TX,78258,esperanza.lozano58@example.com,(210) 555-0158,es,2010-01-04,false,none,2010-01-04T15:00:00Z
CUS-00859,Otis,Lozano,1952,Houston,TX,77059,otis.lozano59@example.com,(713) 555-0159,en,2019-05-29,false,none,2019-05-29T14:00:00Z
CUS-00860,Corinne,Lockhart,1981,Denver,CO,80260,corinne.lockhart60@example.com,(303) 555-0160,en,2008-07-07,false,none,2008-07-07T15:00:00Z
CUS-00861,Nadia,Ambrose,1983,Phoenix,AZ,85061,nadia.ambrose61@example.com,(602) 555-0161,en,2026-04-28,true,none,2026-04-28T16:00:00Z
CUS-00862,Nolan,Oakes,1950,Columbus,OH,43262,nolan.oakes62@example.com,(614) 555-0162,en,2018-12-03,false,none,2018-12-03T14:00:00Z
CUS-00863,Jasper,Vance,1981,Phoenix,AZ,85063,jasper.vance63@example.com,(602) 555-0163,en,2006-12-29,false,none,2006-12-29T16:00:00Z
CUS-00864,Faye,Kincaid,2000,Los Angeles,CA,90064,faye.kincaid64@example.com,(213) 555-0164,en,2022-01-07,false,none,2022-01-07T17:00:00Z
CUS-00865,Nadia,Galloway,1954,San Antonio,TX,78265,nadia.galloway65@example.com,(210) 555-0165,en,2004-04-28,false,none,2004-04-28T14:00:00Z
CUS-00866,Ulysses,Vance,1956,Chicago,IL,60666,ulysses.vance66@example.com,(312) 555-0166,en,2011-08-21,false,none,2011-08-21T14:00:00Z
CUS-00867,Tobias,Fuentes,2000,Mesa,AZ,85267,tobias.fuentes67@example.com,(480) 555-0167,en,1999-12-20,false,none,1999-12-20T16:00:00Z
CUS-00868,Joaquín,Ibarra,1969,Columbus,OH,43268,joaquín.ibarra68@example.com,(614) 555-0168,es,2022-02-01,false,none,2022-02-01T14:00:00Z
CUS-00869,Marcus,Jessop,1987,Des Moines,IA,50369,marcus.jessop69@example.com,(515) 555-0169,en,2004-12-31,false,none,2004-12-31T15:00:00Z
CUS-00870,Nadia,Rosales,1969,Phoenix,AZ,85070,nadia.rosales70@example.com,(602) 555-0170,en,2026-07-05,false,none,2026-07-05T16:00:00Z
CUS-00871,Quinn,Dunmore,1941,El Paso,TX,79971,quinn.dunmore71@example.com,(915) 555-0171,en,2025-12-09,false,none,2025-12-09T16:00:00Z
CUS-00872,Faye,Sayers,1942,Omaha,NE,68172,faye.sayers72@example.com,(402) 555-0172,en,2024-06-20,false,none,2024-06-20T14:00:00Z
CUS-00873,Tessa,Fenwick,1967,Houston,TX,77073,tessa.fenwick73@example.com,(713) 555-0173,en,2026-07-15,false,none,2026-07-15T14:00:00Z
CUS-00874,Nolan,Blakely,1974,Chicago,IL,60674,nolan.blakely74@example.com,(312) 555-0174,en,2022-09-03,false,none,2022-09-03T14:00:00Z
CUS-00875,Silas,Holloway,1988,Des Moines,IA,50375,silas.holloway75@example.com,(515) 555-0175,en,2010-03-24,false,none,2010-03-24T14:00:00Z
CUS-00876,Ulysses,Radley,1968,Mesa,AZ,85276,ulysses.radley76@example.com,(480) 555-0176,en,2010-12-27,false,none,2010-12-27T16:00:00Z
CUS-00877,Silas,Galindo,1963,Columbus,OH,43277,silas.galindo77@example.com,(614) 555-0177,en,2001-06-20,false,none,2001-06-20T13:00:00Z
CUS-00878,Delia,Barrera,1961,Mesa,AZ,85278,delia.barrera78@example.com,(480) 555-0178,en,2026-04-13,false,none,2026-04-13T16:00:00Z
CUS-00879,Dalton,Navarro,1962,Des Moines,IA,50379,dalton.navarro79@example.com,(515) 555-0179,en,2001-07-01,false,none,2001-07-01T14:00:00Z
CUS-00880,Tobias,Draper,1998,San Antonio,TX,78280,tobias.draper80@example.com,(210) 555-0180,en,2011-03-02,false,none,2011-03-02T15:00:00Z
CUS-00881,Jasper,Faraday,1964,Phoenix,AZ,85081,jasper.faraday81@example.com,(602) 555-0181,en,2018-12-09,false,none,2018-12-09T16:00:00Z
CUS-00882,Faye,Ingram,1977,Dallas,TX,75282,faye.ingram82@example.com,(214) 555-0182,en,2000-06-03,true,none,2000-06-03T14:00:00Z
CUS-00883,Catalina,Rosales,2000,Denver,CO,80283,catalina.rosales83@example.com,(303) 555-0183,es,2021-06-09,false,none,2021-06-09T15:00:00Z
CUS-00884,Silas,Oakes,1977,Denver,CO,80284,silas.oakes84@example.com,(303) 555-0184,en,2008-11-09,false,none,2008-11-09T16:00:00Z
CUS-00885,Rosalind,Herrera,2000,Tulsa,OK,74185,rosalind.herrera85@example.com,(918) 555-0185,en,2023-10-26,false,none,2023-10-26T14:00:00Z
CUS-00886,Evelyn,Calloway,1971,Houston,TX,77086,evelyn.calloway86@example.com,(713) 555-0186,en,2026-05-10,false,none,2026-05-10T14:00:00Z
CUS-00887,Faye,Wexford,1982,Chicago,IL,60687,faye.wexford87@example.com,(312) 555-0187,en,2012-03-18,false,none,2012-03-18T14:00:00Z
CUS-00888,Corinne,Ambrose,1999,Houston,TX,77088,corinne.ambrose88@example.com,(713) 555-0188,en,2008-04-13,false,none,2008-04-13T14:00:00Z
CUS-00889,Emmett,Quimby,1960,Tulsa,OK,74189,emmett.quimby89@example.com,(918) 555-0189,en,2022-04-01,false,none,2022-04-01T14:00:00Z
CUS-00890,Jasper,Ingram,1946,San Antonio,TX,78290,jasper.ingram90@example.com,(210) 555-0190,en,2009-04-29,false,none,2009-04-29T14:00:00Z
CUS-00891,Kendra,Hartigan,1990,Dallas,TX,75291,kendra.hartigan91@example.com,(214) 555-0191,en,2012-09-19,false,none,2012-09-19T14:00:00Z
CUS-00892,Bellamy,Merriweather,1943,Denver,CO,80292,bellamy.merriweather92@example.com,(303) 555-0192,en,2020-01-05,false,none,2020-01-05T16:00:00Z
CUS-00893,Otis,Lockhart,1994,San Antonio,TX,78293,otis.lockhart93@example.com,(210) 555-0193,en,2026-01-31,false,none,2026-01-31T15:00:00Z
CUS-00894,Keira,Jessop,1948,San Antonio,TX,78294,keira.jessop94@example.com,(210) 555-0194,en,2020-10-16,false,none,2020-10-16T14:00:00Z
CUS-00895,Otis,Sayers,2003,El Paso,TX,79995,otis.sayers95@example.com,(915) 555-0195,en,2004-06-12,false,none,2004-06-12T15:00:00Z
CUS-00896,Otis,Ambrose,1951,Dallas,TX,75296,otis.ambrose96@example.com,(214) 555-0196,en,2026-07-30,false,none,2026-07-30T14:00:00Z
CUS-00897,Emmett,Ambrose,2003,Des Moines,IA,50397,emmett.ambrose97@example.com,(515) 555-0197,en,2015-07-10,false,none,2015-07-10T14:00:00Z
CUS-00898,Delia,Ibarra,1991,Columbus,OH,43298,delia.ibarra98@example.com,(614) 555-0198,en,2010-05-07,false,none,2010-05-07T13:00:00Z
CUS-00899,Jasper,Whitaker,1963,Phoenix,AZ,85099,jasper.whitaker99@example.com,(602) 555-0199,en,2007-06-10,false,none,2007-06-10T16:00:00Z
CUS-00900,Jonah,Wexford,1989,Los Angeles,CA,90000,jonah.wexford00@example.com,(213) 555-0100,en,2023-05-19,false,none,2023-05-19T16:00:00Z
CUS-00901,Amos,Sayers,1997,Kansas City,MO,64101,amos.sayers01@example.com,(816) 555-0101,en,2008-04-22,false,none,2008-04-22T14:00:00Z
CUS-00902,Sloane,Faraday,1941,Columbus,OH,43202,sloane.faraday02@example.com,(614) 555-0102,en,2016-04-09,false,none,2016-04-09T13:00:00Z
CUS-00903,Diego,Aguilar,1982,Mesa,AZ,85203,diego.aguilar03@example.com,(480) 555-0103,es,2016-09-18,true,none,2016-09-18T16:00:00Z
CUS-00904,Cyrus,Corwin,1948,Phoenix,AZ,85004,cyrus.corwin04@example.com,(602) 555-0104,en,2016-12-17,false,none,2016-12-17T16:00:00Z
CUS-00905,Bellamy,Rowley,1979,San Antonio,TX,78205,bellamy.rowley05@example.com,(210) 555-0105,en,2020-05-29,false,none,2020-05-29T14:00:00Z
CUS-00906,Wendell,Ashford,1981,Phoenix,AZ,85006,wendell.ashford06@example.com,(602) 555-0106,en,2023-07-27,false,none,2023-07-27T16:00:00Z
CUS-00907,Jonah,Oakes,1948,Tulsa,OK,74107,jonah.oakes07@example.com,(918) 555-0107,en,2026-09-09,false,none,2026-09-09T14:00:00Z
CUS-00908,Sloane,Marlowe,1956,Chicago,IL,60608,sloane.marlowe08@example.com,(312) 555-0108,en,2011-05-20,false,none,2011-05-20T14:00:00Z
CUS-00909,Corinne,Lindqvist,1981,Denver,CO,80209,corinne.lindqvist09@example.com,(303) 555-0109,en,2009-04-04,false,none,2009-04-04T15:00:00Z
CUS-00910,Bellamy,Barrera,1951,Houston,TX,77010,bellamy.barrera10@example.com,(713) 555-0110,en,2016-01-26,true,none,2016-01-26T15:00:00Z
CUS-00911,Catalina,Cisneros,1951,Houston,TX,77011,catalina.cisneros11@example.com,(713) 555-0111,es,2002-04-01,false,none,2002-04-01T15:00:00Z
CUS-00912,Zane,Holloway,1947,Houston,TX,77012,zane.holloway12@example.com,(713) 555-0112,en,2005-12-31,false,none,2005-12-31T15:00:00Z
CUS-00913,Ronan,Ingram,1958,Dallas,TX,75213,ronan.ingram13@example.com,(214) 555-0113,en,2026-01-31,false,none,2026-01-31T15:00:00Z
CUS-00914,Marcus,Brennan,1977,Columbus,OH,43214,marcus.brennan14@example.com,(614) 555-0114,en,2022-05-07,false,none,2022-05-07T13:00:00Z
CUS-00915,Dalton,Sayers,2000,Chicago,IL,60615,dalton.sayers15@example.com,(312) 555-0115,en,2026-01-26,false,none,2026-01-26T15:00:00Z
CUS-00916,Maren,Sayers,2001,Los Angeles,CA,90016,maren.sayers16@example.com,(213) 555-0116,en,1999-10-09,false,none,1999-10-09T16:00:00Z
CUS-00917,Lorna,Fenwick,1944,Phoenix,AZ,85017,lorna.fenwick17@example.com,(602) 555-0117,en,2001-06-26,false,none,2001-06-26T16:00:00Z
CUS-00918,Sloane,Draper,1958,Houston,TX,77018,sloane.draper18@example.com,(713) 555-0118,en,2000-10-01,false,none,2000-10-01T14:00:00Z
CUS-00919,Nayeli,Fuentes,1941,San Antonio,TX,78219,nayeli.fuentes19@example.com,(210) 555-0119,es,2008-04-27,false,none,2008-04-27T14:00:00Z
CUS-00920,Kendra,Dunmore,1997,Albuquerque,NM,87120,kendra.dunmore20@example.com,(505) 555-0120,en,1999-01-18,false,none,1999-01-18T16:00:00Z
CUS-00921,Cyrus,Lockhart,1978,Phoenix,AZ,85021,cyrus.lockhart21@example.com,(602) 555-0121,en,2023-04-08,false,none,2023-04-08T16:00:00Z
CUS-00922,Wade,Draper,1987,Phoenix,AZ,85022,wade.draper22@example.com,(602) 555-0122,en,2003-05-16,false,none,2003-05-16T16:00:00Z
CUS-00923,Grady,Marlowe,1972,Los Angeles,CA,90023,grady.marlowe23@example.com,(213) 555-0123,en,2011-05-08,false,none,2011-05-08T16:00:00Z
CUS-00924,Faye,Kincaid,2004,Columbus,OH,43224,faye.kincaid24@example.com,(614) 555-0124,en,2008-05-19,false,none,2008-05-19T13:00:00Z
CUS-00925,Lucía,Villarreal,1963,Tulsa,OK,74125,lucía.villarreal25@example.com,(918) 555-0125,es,2005-03-07,false,none,2005-03-07T15:00:00Z
CUS-00926,Wendell,Whitaker,1985,Tucson,AZ,85726,wendell.whitaker26@example.com,(520) 555-0126,en,2022-05-06,false,none,2022-05-06T16:00:00Z
CUS-00927,Ingrid,Calloway,1972,Tucson,AZ,85727,ingrid.calloway27@example.com,(520) 555-0127,en,2025-12-16,false,none,2025-12-16T16:00:00Z
CUS-00928,Sloane,Garrity,1989,Houston,TX,77028,sloane.garrity28@example.com,(713) 555-0128,en,2002-10-30,false,none,2002-10-30T15:00:00Z
CUS-00929,Delia,Blakely,1942,El Paso,TX,79929,delia.blakely29@example.com,(915) 555-0129,en,2016-01-16,false,none,2016-01-16T16:00:00Z
CUS-00930,Emmett,Corwin,1966,Atlanta,GA,30330,emmett.corwin30@example.com,(404) 555-0130,en,2023-02-27,false,scra_active,2023-02-27T14:00:00Z
CUS-00931,Leland,Brennan,1953,Atlanta,GA,30331,leland.brennan31@example.com,(404) 555-0131,en,2003-12-05,false,none,2003-12-05T14:00:00Z
CUS-00932,Corinne,Jessop,1955,Columbus,OH,43232,corinne.jessop32@example.com,(614) 555-0132,en,2022-04-21,false,none,2022-04-21T13:00:00Z
CUS-00933,Iris,Navarro,1997,Kansas City,MO,64133,iris.navarro33@example.com,(816) 555-0133,en,2026-02-02,false,none,2026-02-02T15:00:00Z
CUS-00934,Tessa,Underwood,1947,Denver,CO,80234,tessa.underwood34@example.com,(303) 555-0134,en,2013-12-22,false,none,2013-12-22T16:00:00Z
CUS-00935,Hazel,Merriweather,1995,Tulsa,OK,74135,hazel.merriweather35@example.com,(918) 555-0135,en,2015-05-30,false,none,2015-05-30T14:00:00Z
CUS-00936,Paloma,Barrera,1988,Columbus,OH,43236,paloma.barrera36@example.com,(614) 555-0136,es,2019-03-19,false,none,2019-03-19T13:00:00Z
CUS-00937,Porter,Radley,1961,San Antonio,TX,78237,porter.radley37@example.com,(210) 555-0137,en,2015-06-23,false,none,2015-06-23T14:00:00Z
CUS-00938,Zane,Hartigan,1995,Houston,TX,77038,zane.hartigan38@example.com,(713) 555-0138,en,1999-08-02,false,none,1999-08-02T14:00:00Z
CUS-00939,Jasper,Easton,1988,Atlanta,GA,30339,jasper.easton39@example.com,(404) 555-0139,en,2014-10-07,true,none,2014-10-07T13:00:00Z
CUS-00940,Hazel,Navarro,1975,Albuquerque,NM,87140,hazel.navarro40@example.com,(505) 555-0140,en,2012-07-24,false,none,2012-07-24T15:00:00Z
CUS-00941,Jonah,Whitaker,1970,Des Moines,IA,50341,jonah.whitaker41@example.com,(515) 555-0141,en,2013-08-10,false,none,2013-08-10T14:00:00Z
CUS-00942,Jasper,Hartigan,1989,Phoenix,AZ,85042,jasper.hartigan42@example.com,(602) 555-0142,en,2021-03-08,false,none,2021-03-08T16:00:00Z
CUS-00943,Beatrix,Sterling,1953,Kansas City,MO,64143,beatrix.sterling43@example.com,(816) 555-0143,en,2022-01-18,false,scra_active,2022-01-18T15:00:00Z
CUS-00944,Silas,Oakes,1991,Los Angeles,CA,90044,silas.oakes44@example.com,(213) 555-0144,en,2019-07-09,false,none,2019-07-09T16:00:00Z
CUS-00945,Harlan,Faraday,1963,Phoenix,AZ,85045,harlan.faraday45@example.com,(602) 555-0145,en,2021-05-24,false,none,2021-05-24T16:00:00Z
CUS-00946,Gwen,Hartigan,1994,Albuquerque,NM,87146,gwen.hartigan46@example.com,(505) 555-0146,en,2000-12-18,false,none,2000-12-18T16:00:00Z
CUS-00947,Ronan,Ambrose,1999,San Antonio,TX,78247,ronan.ambrose47@example.com,(210) 555-0147,en,2026-05-17,true,none,2026-05-17T14:00:00Z
CUS-00948,Graciela,Villarreal,1981,Houston,TX,77048,graciela.villarreal48@example.com,(713) 555-0148,es,2005-11-26,false,none,2005-11-26T15:00:00Z
CUS-00949,Iris,Tillman,1951,Columbus,OH,43249,iris.tillman49@example.com,(614) 555-0149,en,2012-07-20,false,none,2012-07-20T13:00:00Z
CUS-00950,Nayeli,Salazar,1977,Phoenix,AZ,85050,nayeli.salazar50@example.com,(602) 555-0150,es,2018-12-22,false,none,2018-12-22T16:00:00Z
CUS-00951,Vera,Cisneros,1979,Chicago,IL,60651,vera.cisneros51@example.com,(312) 555-0151,en,2018-05-05,false,none,2018-05-05T14:00:00Z
CUS-00952,Benicio,Quintero,1988,Albuquerque,NM,87152,benicio.quintero52@example.com,(505) 555-0152,es,2005-11-16,false,none,2005-11-16T16:00:00Z
CUS-00953,Grady,Hartigan,1965,Atlanta,GA,30353,grady.hartigan53@example.com,(404) 555-0153,en,2024-09-14,false,none,2024-09-14T13:00:00Z
CUS-00954,Diego,Ochoa,1998,Mesa,AZ,85254,diego.ochoa54@example.com,(480) 555-0154,es,2016-07-10,false,none,2016-07-10T16:00:00Z
CUS-00955,Milo,Villarreal,1955,Omaha,NE,68155,milo.villarreal55@example.com,(402) 555-0155,en,2004-09-13,false,none,2004-09-13T14:00:00Z
CUS-00956,Zane,Lindqvist,1992,Mesa,AZ,85256,zane.lindqvist56@example.com,(480) 555-0156,en,2026-09-02,false,none,2026-09-02T16:00:00Z
CUS-00957,Lorna,Ashford,1997,Albuquerque,NM,87157,lorna.ashford57@example.com,(505) 555-0157,en,2005-11-27,false,none,2005-11-27T16:00:00Z
CUS-00958,Fletcher,Yates,1953,Atlanta,GA,30358,fletcher.yates58@example.com,(404) 555-0158,en,2022-06-29,false,none,2022-06-29T13:00:00Z
CUS-00959,Maren,Tillman,1962,Las Vegas,NV,89159,maren.tillman59@example.com,(702) 555-0159,en,2026-01-10,false,none,2026-01-10T17:00:00Z
CUS-00960,Evelyn,Ashford,1994,Kansas City,MO,64160,evelyn.ashford60@example.com,(816) 555-0160,en,2012-02-17,false,none,2012-02-17T15:00:00Z
CUS-00961,Kendra,Sterling,1984,Kansas City,MO,64161,kendra.sterling61@example.com,(816) 555-0161,en,2011-08-09,false,none,2011-08-09T14:00:00Z
CUS-00962,Kendra,Ambrose,1978,San Antonio,TX,78262,kendra.ambrose62@example.com,(210) 555-0162,en,2018-07-27,true,none,2018-07-27T14:00:00Z
CUS-00963,Iris,Oakes,1999,Houston,TX,77063,iris.oakes63@example.com,(713) 555-0163,en,2026-01-15,false,none,2026-01-15T15:00:00Z
CUS-00964,Hazel,Navarro,1964,Houston,TX,77064,hazel.navarro64@example.com,(713) 555-0164,en,1999-03-18,false,none,1999-03-18T15:00:00Z
CUS-00965,Beatrix,Faraday,1951,Houston,TX,77065,beatrix.faraday65@example.com,(713) 555-0165,en,2003-12-23,true,none,2003-12-23T15:00:00Z
CUS-00966,Bellamy,Garrity,1946,Houston,TX,77066,bellamy.garrity66@example.com,(713) 555-0166,en,1999-03-13,false,none,1999-03-13T15:00:00Z
CUS-00967,Iris,Herrera,1984,Phoenix,AZ,85067,iris.herrera67@example.com,(602) 555-0167,en,2016-12-08,false,none,2016-12-08T16:00:00Z
CUS-00968,Cyrus,Tillman,1961,Atlanta,GA,30368,cyrus.tillman68@example.com,(404) 555-0168,en,2010-05-21,false,none,2010-05-21T13:00:00Z
CUS-00969,Hazel,Galloway,1941,Kansas City,MO,64169,hazel.galloway69@example.com,(816) 555-0169,en,2026-03-09,false,none,2026-03-09T14:00:00Z
CUS-00970,Evelyn,Hartigan,1983,Las Vegas,NV,89170,evelyn.hartigan70@example.com,(702) 555-0170,en,2009-04-04,false,none,2009-04-04T16:00:00Z
CUS-00971,Sloane,Lockhart,1958,Omaha,NE,68171,sloane.lockhart71@example.com,(402) 555-0171,en,2002-10-27,false,none,2002-10-27T15:00:00Z
CUS-00972,Opal,Radley,1942,Los Angeles,CA,90072,opal.radley72@example.com,(213) 555-0172,en,2011-02-26,false,none,2011-02-26T17:00:00Z
CUS-00973,Tessa,Kessler,1957,Tucson,AZ,85773,tessa.kessler73@example.com,(520) 555-0173,en,2023-05-18,false,none,2023-05-18T16:00:00Z
CUS-00974,Vera,Draper,2002,Albuquerque,NM,87174,vera.draper74@example.com,(505) 555-0174,en,2000-12-19,false,none,2000-12-19T16:00:00Z
CUS-00975,Iris,Jaramillo,1962,Los Angeles,CA,90075,iris.jaramillo75@example.com,(213) 555-0175,en,2005-08-17,false,none,2005-08-17T16:00:00Z
CUS-00976,Ronan,Dunmore,1971,Los Angeles,CA,90076,ronan.dunmore76@example.com,(213) 555-0176,en,2015-07-11,false,none,2015-07-11T16:00:00Z
CUS-00977,Darla,Escobedo,1944,Los Angeles,CA,90077,darla.escobedo77@example.com,(213) 555-0177,en,2000-03-06,false,none,2000-03-06T17:00:00Z
CUS-00978,Harlan,Ashford,1991,Albuquerque,NM,87178,harlan.ashford78@example.com,(505) 555-0178,en,2023-10-05,false,none,2023-10-05T15:00:00Z
CUS-00979,Teodoro,Lozano,1949,Phoenix,AZ,85079,teodoro.lozano79@example.com,(602) 555-0179,es,2002-09-16,false,none,2002-09-16T16:00:00Z
CUS-00980,Ronan,Fuentes,1976,Chicago,IL,60680,ronan.fuentes80@example.com,(312) 555-0180,en,2014-07-28,false,none,2014-07-28T14:00:00Z
CUS-00981,Evelyn,Ingram,1995,Omaha,NE,68181,evelyn.ingram81@example.com,(402) 555-0181,en,2026-03-29,false,none,2026-03-29T14:00:00Z
CUS-00982,Milo,Brennan,1971,Atlanta,GA,30382,milo.brennan82@example.com,(404) 555-0182,en,2023-09-04,false,none,2023-09-04T13:00:00Z
CUS-00983,Wendell,Pendleton,1953,Phoenix,AZ,85083,wendell.pendleton83@example.com,(602) 555-0183,en,2020-01-13,false,none,2020-01-13T16:00:00Z
CUS-00984,Maren,Navarro,1989,Atlanta,GA,30384,maren.navarro84@example.com,(404) 555-0184,en,2011-07-25,false,none,2011-07-25T13:00:00Z
CUS-00985,Harlan,Sayers,1994,Tulsa,OK,74185,harlan.sayers85@example.com,(918) 555-0185,en,2026-05-18,false,none,2026-05-18T14:00:00Z
CUS-00986,Silas,Kessler,2003,Denver,CO,80286,silas.kessler86@example.com,(303) 555-0186,en,2021-06-02,false,none,2021-06-02T15:00:00Z
CUS-00987,Corinne,Lozano,1994,Los Angeles,CA,90087,corinne.lozano87@example.com,(213) 555-0187,en,1999-12-08,false,none,1999-12-08T17:00:00Z
CUS-00988,Inés,Treviño,1958,San Antonio,TX,78288,inés.treviño88@example.com,(210) 555-0188,es,2013-08-15,false,none,2013-08-15T14:00:00Z
CUS-00989,Nadia,Blakely,1957,Chicago,IL,60689,nadia.blakely89@example.com,(312) 555-0189,en,2026-02-12,false,none,2026-02-12T15:00:00Z
CUS-00990,Hazel,Thorne,1944,Tucson,AZ,85790,hazel.thorne90@example.com,(520) 555-0190,en,2026-06-26,false,none,2026-06-26T16:00:00Z
CUS-00991,Esperanza,Rosales,1988,Houston,TX,77091,esperanza.rosales91@example.com,(713) 555-0191,es,2011-07-23,false,none,2011-07-23T14:00:00Z
CUS-00992,Gwen,Draper,2000,El Paso,TX,79992,gwen.draper92@example.com,(915) 555-0192,en,2001-08-10,true,none,2001-08-10T15:00:00Z
CUS-00993,Evelyn,Yates,2000,Tucson,AZ,85793,evelyn.yates93@example.com,(520) 555-0193,en,2019-06-07,false,none,2019-06-07T16:00:00Z
CUS-00994,Rosalind,Merriweather,1965,Kansas City,MO,64194,rosalind.merriweather94@example.com,(816) 555-0194,en,2026-08-14,false,none,2026-08-14T14:00:00Z
CUS-00995,Tessa,Jessop,2001,Las Vegas,NV,89195,tessa.jessop95@example.com,(702) 555-0195,en,2002-09-20,false,none,2002-09-20T16:00:00Z
CUS-00996,Iris,Ingram,1956,Omaha,NE,68196,iris.ingram96@example.com,(402) 555-0196,en,2007-12-25,false,none,2007-12-25T15:00:00Z
CUS-00997,Nolan,Corwin,1953,Des Moines,IA,50397,nolan.corwin97@example.com,(515) 555-0197,en,2017-09-07,true,none,2017-09-07T14:00:00Z
CUS-00998,Hazel,Dunmore,1957,San Antonio,TX,78298,hazel.dunmore98@example.com,(210) 555-0198,en,2022-09-20,false,none,2022-09-20T14:00:00Z
CUS-00999,Tessa,Ambrose,1983,Atlanta,GA,30399,tessa.ambrose99@example.com,(404) 555-0199,en,2017-07-25,false,none,2017-07-25T13:00:00Z
CUS-01000,Hazel,Lindqvist,1994,Denver,CO,80200,hazel.lindqvist00@example.com,(303) 555-0100,en,2002-07-21,false,none,2002-07-21T15:00:00Z
CUS-01001,Leland,Ingram,1984,Mesa,AZ,85201,leland.ingram01@example.com,(480) 555-0101,en,2026-07-24,false,none,2026-07-24T16:00:00Z
CUS-01002,Nolan,Draper,1980,Atlanta,GA,30302,nolan.draper02@example.com,(404) 555-0102,en,2000-01-09,false,none,2000-01-09T14:00:00Z
CUS-01003,Jonah,Prescott,1962,San Antonio,TX,78203,jonah.prescott03@example.com,(210) 555-0103,en,2007-08-28,false,none,2007-08-28T14:00:00Z
CUS-01004,Milo,Kessler,2003,San Antonio,TX,78204,milo.kessler04@example.com,(210) 555-0104,en,2010-03-23,false,none,2010-03-23T14:00:00Z
CUS-01005,Nayeli,Salazar,1970,San Antonio,TX,78205,nayeli.salazar05@example.com,(210) 555-0105,es,2010-05-01,false,none,2010-05-01T14:00:00Z
CUS-01006,Maren,Ingram,1979,Houston,TX,77006,maren.ingram06@example.com,(713) 555-0106,en,2000-10-08,false,none,2000-10-08T14:00:00Z
CUS-01007,Yvonne,Whitaker,1975,Tulsa,OK,74107,yvonne.whitaker07@example.com,(918) 555-0107,en,2007-05-29,false,none,2007-05-29T14:00:00Z
CUS-01008,Delia,Treviño,1992,El Paso,TX,79908,delia.treviño08@example.com,(915) 555-0108,en,2012-09-03,false,none,2012-09-03T15:00:00Z
CUS-01009,Leland,Ingram,1966,Des Moines,IA,50309,leland.ingram09@example.com,(515) 555-0109,en,2017-02-08,true,none,2017-02-08T15:00:00Z
CUS-01010,Corinne,Escobedo,1985,Phoenix,AZ,85010,corinne.escobedo10@example.com,(602) 555-0110,en,2007-12-01,false,none,2007-12-01T16:00:00Z
CUS-01011,Jasper,Prescott,1970,Atlanta,GA,30311,jasper.prescott11@example.com,(404) 555-0111,en,1999-01-17,false,none,1999-01-17T14:00:00Z
CUS-01012,Fernando,Ibarra,1964,El Paso,TX,79912,fernando.ibarra12@example.com,(915) 555-0112,es,2023-03-24,false,none,2023-03-24T15:00:00Z
CUS-01013,Marcus,Rowley,1965,Phoenix,AZ,85013,marcus.rowley13@example.com,(602) 555-0113,en,2005-06-15,false,none,2005-06-15T16:00:00Z
CUS-01014,Zane,Kessler,1952,Kansas City,MO,64114,zane.kessler14@example.com,(816) 555-0114,en,2026-01-09,false,none,2026-01-09T15:00:00Z
CUS-01015,Mateo,Lozano,1987,Columbus,OH,43215,mateo.lozano15@example.com,(614) 555-0115,es,2004-09-25,false,none,2004-09-25T13:00:00Z
CUS-01016,Leland,Lozano,1957,Mesa,AZ,85216,leland.lozano16@example.com,(480) 555-0116,en,2026-04-10,false,none,2026-04-10T16:00:00Z
CUS-01017,Amos,Draper,1995,Denver,CO,80217,amos.draper17@example.com,(303) 555-0117,en,2012-01-07,false,none,2012-01-07T16:00:00Z
CUS-01018,Yvonne,Holloway,1958,Omaha,NE,68118,yvonne.holloway18@example.com,(402) 555-0118,en,2015-08-01,false,none,2015-08-01T14:00:00Z
CUS-01019,Priya,Lozano,1985,Las Vegas,NV,89119,priya.lozano19@example.com,(702) 555-0119,en,2013-08-31,true,none,2013-08-31T16:00:00Z
CUS-01020,Iris,Kessler,1960,Dallas,TX,75220,iris.kessler20@example.com,(214) 555-0120,en,2015-12-13,false,none,2015-12-13T15:00:00Z
CUS-01021,Héctor,Jaramillo,1971,Phoenix,AZ,85021,héctor.jaramillo21@example.com,(602) 555-0121,es,2015-01-30,false,none,2015-01-30T16:00:00Z
CUS-01022,Rosalind,Villarreal,1962,Denver,CO,80222,rosalind.villarreal22@example.com,(303) 555-0122,en,2004-05-04,false,none,2004-05-04T15:00:00Z
CUS-01023,Soledad,Salazar,1991,Houston,TX,77023,soledad.salazar23@example.com,(713) 555-0123,es,2001-01-03,false,none,2001-01-03T15:00:00Z
CUS-01024,Lorna,Ashford,1961,Tucson,AZ,85724,lorna.ashford24@example.com,(520) 555-0124,en,1999-10-04,false,none,1999-10-04T16:00:00Z
CUS-01025,Dalton,Wexford,1973,Los Angeles,CA,90025,dalton.wexford25@example.com,(213) 555-0125,en,2008-11-14,false,none,2008-11-14T17:00:00Z
CUS-01026,Sloane,Easton,2001,Albuquerque,NM,87126,sloane.easton26@example.com,(505) 555-0126,en,2004-04-12,false,none,2004-04-12T15:00:00Z
CUS-01027,Sloane,Radley,1954,Columbus,OH,43227,sloane.radley27@example.com,(614) 555-0127,en,2005-05-02,false,none,2005-05-02T13:00:00Z
CUS-01028,Tobias,Ingram,1941,Atlanta,GA,30328,tobias.ingram28@example.com,(404) 555-0128,en,2014-08-17,false,none,2014-08-17T13:00:00Z
CUS-01029,Vera,Underwood,1985,Los Angeles,CA,90029,vera.underwood29@example.com,(213) 555-0129,en,2020-04-22,false,none,2020-04-22T16:00:00Z
CUS-01030,Wade,Ellery,1967,Phoenix,AZ,85030,wade.ellery30@example.com,(602) 555-0130,en,2019-09-11,false,none,2019-09-11T16:00:00Z
CUS-01031,Darla,Treviño,1977,Chicago,IL,60631,darla.treviño31@example.com,(312) 555-0131,en,1999-08-29,false,none,1999-08-29T14:00:00Z
CUS-01032,Ronan,Kincaid,1966,El Paso,TX,79932,ronan.kincaid32@example.com,(915) 555-0132,en,2007-07-16,false,none,2007-07-16T15:00:00Z
CUS-01033,Porter,Rowley,1987,Chicago,IL,60633,porter.rowley33@example.com,(312) 555-0133,en,2017-11-03,false,none,2017-11-03T14:00:00Z
CUS-01034,Faye,Ingram,1981,Los Angeles,CA,90034,faye.ingram34@example.com,(213) 555-0134,en,2002-03-12,false,none,2002-03-12T17:00:00Z
CUS-01035,Darla,Hartigan,1964,Los Angeles,CA,90035,darla.hartigan35@example.com,(213) 555-0135,en,2016-05-03,false,none,2016-05-03T16:00:00Z
CUS-01036,Delia,Yates,1951,El Paso,TX,79936,delia.yates36@example.com,(915) 555-0136,en,2013-12-04,false,none,2013-12-04T16:00:00Z
CUS-01037,Amos,Calloway,1960,San Antonio,TX,78237,amos.calloway37@example.com,(210) 555-0137,en,2001-02-27,false,none,2001-02-27T15:00:00Z
CUS-01038,Corinne,Kincaid,1978,Des Moines,IA,50338,corinne.kincaid38@example.com,(515) 555-0138,en,2012-02-13,false,none,2012-02-13T15:00:00Z
CUS-01039,Rosalind,Blakely,1991,Tulsa,OK,74139,rosalind.blakely39@example.com,(918) 555-0139,en,2014-06-12,false,none,2014-06-12T14:00:00Z
CUS-01040,Fletcher,Fenwick,1943,Los Angeles,CA,90040,fletcher.fenwick40@example.com,(213) 555-0140,en,2016-04-05,false,none,2016-04-05T16:00:00Z
CUS-01041,Faye,Tillman,1962,Des Moines,IA,50341,faye.tillman41@example.com,(515) 555-0141,en,2007-02-24,false,none,2007-02-24T15:00:00Z
CUS-01042,Alejandra,Villarreal,1981,San Antonio,TX,78242,alejandra.villarreal42@example.com,(210) 555-0142,es,2001-05-30,true,none,2001-05-30T14:00:00Z
CUS-01043,Tobias,Vance,1970,Las Vegas,NV,89143,tobias.vance43@example.com,(702) 555-0143,en,2006-06-24,false,none,2006-06-24T16:00:00Z
CUS-01044,Emmett,Easton,1976,Tulsa,OK,74144,emmett.easton44@example.com,(918) 555-0144,en,2004-12-30,false,none,2004-12-30T15:00:00Z
CUS-01045,Joaquín,Fuentes,1975,El Paso,TX,79945,joaquín.fuentes45@example.com,(915) 555-0145,es,2017-01-09,false,none,2017-01-09T16:00:00Z
CUS-01046,Kendra,Easton,1978,Houston,TX,77046,kendra.easton46@example.com,(713) 555-0146,en,2003-05-24,true,none,2003-05-24T14:00:00Z
CUS-01047,Rosalind,Fenwick,1959,Houston,TX,77047,rosalind.fenwick47@example.com,(713) 555-0147,en,2018-03-31,false,none,2018-03-31T14:00:00Z
CUS-01048,Grady,Faraday,1960,Houston,TX,77048,grady.faraday48@example.com,(713) 555-0148,en,2026-05-30,false,none,2026-05-30T14:00:00Z
CUS-01049,Ingrid,Galindo,1976,Dallas,TX,75249,ingrid.galindo49@example.com,(214) 555-0149,en,1999-07-26,false,none,1999-07-26T14:00:00Z
CUS-01050,Mateo,Ibarra,1976,Las Vegas,NV,89150,mateo.ibarra50@example.com,(702) 555-0150,es,2012-05-29,true,none,2012-05-29T16:00:00Z
CUS-01051,Inés,Jaramillo,1999,San Antonio,TX,78251,inés.jaramillo51@example.com,(210) 555-0151,es,2003-06-11,false,none,2003-06-11T14:00:00Z
CUS-01052,Sloane,Brennan,1984,Kansas City,MO,64152,sloane.brennan52@example.com,(816) 555-0152,en,2016-06-22,false,none,2016-06-22T14:00:00Z
CUS-01053,Reed,Blakely,1946,Las Vegas,NV,89153,reed.blakely53@example.com,(702) 555-0153,en,2026-07-12,false,none,2026-07-12T16:00:00Z
CUS-01054,Quinn,Thorne,1958,Los Angeles,CA,90054,quinn.thorne54@example.com,(213) 555-0154,en,2020-06-11,false,none,2020-06-11T16:00:00Z
CUS-01055,Opal,Pendleton,1982,Denver,CO,80255,opal.pendleton55@example.com,(303) 555-0155,en,2026-07-07,false,none,2026-07-07T15:00:00Z
CUS-01056,Darla,Wexford,1951,Denver,CO,80256,darla.wexford56@example.com,(303) 555-0156,en,2015-06-10,false,none,2015-06-10T15:00:00Z
CUS-01057,Yvonne,Ellery,1966,Phoenix,AZ,85057,yvonne.ellery57@example.com,(602) 555-0157,en,2018-05-05,false,none,2018-05-05T16:00:00Z
CUS-01058,Dalton,Calloway,1982,Kansas City,MO,64158,dalton.calloway58@example.com,(816) 555-0158,en,2013-10-27,false,none,2013-10-27T14:00:00Z
CUS-01059,Jasper,Jessop,1986,Tulsa,OK,74159,jasper.jessop59@example.com,(918) 555-0159,en,2021-10-18,false,none,2021-10-18T14:00:00Z
CUS-01060,Colby,Ambrose,1948,Tucson,AZ,85760,colby.ambrose60@example.com,(520) 555-0160,en,2024-01-22,false,none,2024-01-22T16:00:00Z
CUS-01061,Quinn,Marlowe,1972,Chicago,IL,60661,quinn.marlowe61@example.com,(312) 555-0161,en,2020-08-10,false,none,2020-08-10T14:00:00Z
CUS-01062,Lorna,Lozano,1975,Phoenix,AZ,85062,lorna.lozano62@example.com,(602) 555-0162,en,2009-06-02,false,none,2009-06-02T16:00:00Z
CUS-01063,Nolan,Faraday,1960,Phoenix,AZ,85063,nolan.faraday63@example.com,(602) 555-0163,en,2003-09-07,false,none,2003-09-07T16:00:00Z
CUS-01064,Harlan,Escobedo,1990,Chicago,IL,60664,harlan.escobedo64@example.com,(312) 555-0164,en,2024-01-28,false,none,2024-01-28T15:00:00Z
CUS-01065,Soledad,Fuentes,2000,Tucson,AZ,85765,soledad.fuentes65@example.com,(520) 555-0165,es,2019-12-06,false,none,2019-12-06T16:00:00Z
CUS-01066,Harlan,Jessop,1972,Dallas,TX,75266,harlan.jessop66@example.com,(214) 555-0166,en,2022-04-23,false,none,2022-04-23T14:00:00Z
CUS-01067,Ulysses,Radley,1994,Houston,TX,77067,ulysses.radley67@example.com,(713) 555-0167,en,2016-08-23,false,none,2016-08-23T14:00:00Z
CUS-01068,Harlan,Fuentes,1958,San Antonio,TX,78268,harlan.fuentes68@example.com,(210) 555-0168,en,2013-12-03,false,none,2013-12-03T15:00:00Z
CUS-01069,Emmett,Faraday,1964,Tulsa,OK,74169,emmett.faraday69@example.com,(918) 555-0169,en,2024-07-30,false,none,2024-07-30T14:00:00Z
CUS-01070,Nadia,Hartigan,1996,Mesa,AZ,85270,nadia.hartigan70@example.com,(480) 555-0170,en,2020-05-15,false,none,2020-05-15T16:00:00Z
CUS-01071,Grady,Corwin,1946,Columbus,OH,43271,grady.corwin71@example.com,(614) 555-0171,en,2011-02-08,false,none,2011-02-08T14:00:00Z
CUS-01072,Wendell,Holloway,1979,Columbus,OH,43272,wendell.holloway72@example.com,(614) 555-0172,en,2005-12-03,false,none,2005-12-03T14:00:00Z
CUS-01073,Darla,Fenwick,1988,Chicago,IL,60673,darla.fenwick73@example.com,(312) 555-0173,en,2013-01-12,false,none,2013-01-12T15:00:00Z
CUS-01074,Dalton,Merriweather,1972,Mesa,AZ,85274,dalton.merriweather74@example.com,(480) 555-0174,en,2002-07-01,false,none,2002-07-01T16:00:00Z
CUS-01075,Bellamy,Whitaker,1991,Tucson,AZ,85775,bellamy.whitaker75@example.com,(520) 555-0175,en,2016-01-03,false,none,2016-01-03T16:00:00Z
CUS-01076,Lorna,Yates,2002,Albuquerque,NM,87176,lorna.yates76@example.com,(505) 555-0176,en,2003-04-19,false,none,2003-04-19T15:00:00Z
CUS-01077,Nolan,Yates,1989,Dallas,TX,75277,nolan.yates77@example.com,(214) 555-0177,en,2020-08-24,false,none,2020-08-24T14:00:00Z
CUS-01078,Harlan,Brennan,1985,Dallas,TX,75278,harlan.brennan78@example.com,(214) 555-0178,en,2021-10-12,false,none,2021-10-12T14:00:00Z
CUS-01079,Yvonne,Galloway,1990,Columbus,OH,43279,yvonne.galloway79@example.com,(614) 555-0179,en,2008-09-13,false,none,2008-09-13T13:00:00Z
CUS-01080,Sloane,Wexford,1980,San Antonio,TX,78280,sloane.wexford80@example.com,(210) 555-0180,en,2011-11-02,false,none,2011-11-02T14:00:00Z
CUS-01081,Zane,Lockhart,1981,Chicago,IL,60681,zane.lockhart81@example.com,(312) 555-0181,en,2002-01-13,false,none,2002-01-13T15:00:00Z
CUS-01082,Faye,Brennan,1973,Los Angeles,CA,90082,faye.brennan82@example.com,(213) 555-0182,en,2026-01-30,false,none,2026-01-30T17:00:00Z
CUS-01083,Bellamy,Faraday,1971,Des Moines,IA,50383,bellamy.faraday83@example.com,(515) 555-0183,en,2019-12-08,false,none,2019-12-08T15:00:00Z
CUS-01084,Lorna,Quimby,1967,San Antonio,TX,78284,lorna.quimby84@example.com,(210) 555-0184,en,2016-10-16,false,none,2016-10-16T14:00:00Z
CUS-01085,Bellamy,Norquist,1998,San Antonio,TX,78285,bellamy.norquist85@example.com,(210) 555-0185,en,2013-03-22,false,none,2013-03-22T14:00:00Z
CUS-01086,Cyrus,Blakely,1974,Tucson,AZ,85786,cyrus.blakely86@example.com,(520) 555-0186,en,2007-12-25,false,none,2007-12-25T16:00:00Z
CUS-01087,Quinn,Villarreal,1960,Tulsa,OK,74187,quinn.villarreal87@example.com,(918) 555-0187,en,2011-05-04,false,none,2011-05-04T14:00:00Z
CUS-01088,Bellamy,Ingram,1949,Phoenix,AZ,85088,bellamy.ingram88@example.com,(602) 555-0188,en,2007-01-31,false,none,2007-01-31T16:00:00Z
CUS-01089,Amos,Ashford,1941,Mesa,AZ,85289,amos.ashford89@example.com,(480) 555-0189,en,2000-09-18,true,none,2000-09-18T16:00:00Z
CUS-01090,Faye,Ingram,2000,Chicago,IL,60690,faye.ingram90@example.com,(312) 555-0190,en,2010-03-07,true,none,2010-03-07T15:00:00Z
CUS-01091,Wade,Easton,1972,Kansas City,MO,64191,wade.easton91@example.com,(816) 555-0191,en,2015-08-21,false,none,2015-08-21T14:00:00Z
CUS-01092,Colby,Brennan,1999,Kansas City,MO,64192,colby.brennan92@example.com,(816) 555-0192,en,2019-07-11,false,none,2019-07-11T14:00:00Z
CUS-01093,Beatrix,Lindqvist,1971,Omaha,NE,68193,beatrix.lindqvist93@example.com,(402) 555-0193,en,2011-03-17,true,none,2011-03-17T14:00:00Z
CUS-01094,Rosalind,Rowley,1976,Houston,TX,77094,rosalind.rowley94@example.com,(713) 555-0194,en,2001-02-06,false,none,2001-02-06T15:00:00Z
CUS-01095,Tessa,Sayers,1956,Los Angeles,CA,90095,tessa.sayers95@example.com,(213) 555-0195,en,2019-10-01,false,none,2019-10-01T16:00:00Z
CUS-01096,Kendra,Sterling,1995,San Antonio,TX,78296,kendra.sterling96@example.com,(210) 555-0196,en,2004-10-16,false,none,2004-10-16T14:00:00Z
CUS-01097,Faye,Rosales,1967,Mesa,AZ,85297,faye.rosales97@example.com,(480) 555-0197,en,2018-12-11,false,none,2018-12-11T16:00:00Z
CUS-01098,Milo,Kincaid,1969,Tulsa,OK,74198,milo.kincaid98@example.com,(918) 555-0198,en,2020-06-01,false,none,2020-06-01T14:00:00Z
CUS-01099,Porter,Sterling,1970,San Antonio,TX,78299,porter.sterling99@example.com,(210) 555-0199,en,2021-12-30,false,none,2021-12-30T15:00:00Z
CUS-01100,Rosalind,Oakes,1963,Las Vegas,NV,89100,rosalind.oakes00@example.com,(702) 555-0100,en,2006-05-02,false,none,2006-05-02T16:00:00Z
CUS-01101,Beatrix,Vance,1958,Phoenix,AZ,85001,beatrix.vance01@example.com,(602) 555-0101,en,2016-01-25,false,none,2016-01-25T16:00:00Z
CUS-01102,Zane,Rowley,1964,Atlanta,GA,30302,zane.rowley02@example.com,(404) 555-0102,en,2007-09-04,false,none,2007-09-04T13:00:00Z
CUS-01103,Alejandra,Montoya,1998,Phoenix,AZ,85003,alejandra.montoya03@example.com,(602) 555-0103,es,2017-08-25,false,none,2017-08-25T16:00:00Z
CUS-01104,Jonah,Corwin,1991,Columbus,OH,43204,jonah.corwin04@example.com,(614) 555-0104,en,2003-07-22,false,none,2003-07-22T13:00:00Z
CUS-01105,Avery,Vance,1968,Albuquerque,NM,87105,avery.vance05@example.com,(505) 555-0105,en,2006-07-20,false,none,2006-07-20T15:00:00Z
CUS-01106,Evelyn,Jessop,1957,Dallas,TX,75206,evelyn.jessop06@example.com,(214) 555-0106,en,2015-01-02,false,none,2015-01-02T15:00:00Z
CUS-01107,Harlan,Blakely,1994,Columbus,OH,43207,harlan.blakely07@example.com,(614) 555-0107,en,2006-08-14,true,none,2006-08-14T13:00:00Z
CUS-01108,Ramiro,Lozano,1965,Phoenix,AZ,85008,ramiro.lozano08@example.com,(602) 555-0108,es,2016-04-19,false,none,2016-04-19T16:00:00Z
CUS-01109,Milo,Dunmore,1974,San Antonio,TX,78209,milo.dunmore09@example.com,(210) 555-0109,en,2013-09-21,false,none,2013-09-21T14:00:00Z
CUS-01110,Jonah,Dunmore,1985,Denver,CO,80210,jonah.dunmore10@example.com,(303) 555-0110,en,2013-05-16,false,none,2013-05-16T15:00:00Z
CUS-01111,Porter,Quimby,1985,Columbus,OH,43211,porter.quimby11@example.com,(614) 555-0111,en,2016-09-25,false,none,2016-09-25T13:00:00Z
CUS-01112,Gwen,Dunmore,1971,Tucson,AZ,85712,gwen.dunmore12@example.com,(520) 555-0112,en,2011-10-21,false,none,2011-10-21T16:00:00Z
CUS-01113,Delia,Tillman,1957,Kansas City,MO,64113,delia.tillman13@example.com,(816) 555-0113,en,2026-09-02,false,none,2026-09-02T14:00:00Z
CUS-01114,Vera,Yates,1968,Mesa,AZ,85214,vera.yates14@example.com,(480) 555-0114,en,2026-08-17,false,none,2026-08-17T16:00:00Z
CUS-01115,Quinn,Radley,1953,Albuquerque,NM,87115,quinn.radley15@example.com,(505) 555-0115,en,2019-07-11,false,none,2019-07-11T15:00:00Z
CUS-01116,Faye,Prescott,1991,Los Angeles,CA,90016,faye.prescott16@example.com,(213) 555-0116,en,2009-06-30,false,none,2009-06-30T16:00:00Z
CUS-01117,Sloane,Corwin,1998,Phoenix,AZ,85017,sloane.corwin17@example.com,(602) 555-0117,en,1999-06-14,false,none,1999-06-14T16:00:00Z
CUS-01118,Faye,Ambrose,1981,Atlanta,GA,30318,faye.ambrose18@example.com,(404) 555-0118,en,2017-12-25,true,none,2017-12-25T14:00:00Z
CUS-01119,Gwen,Sayers,1984,San Antonio,TX,78219,gwen.sayers19@example.com,(210) 555-0119,en,2026-05-09,false,none,2026-05-09T14:00:00Z
CUS-01120,Maren,Lockhart,1944,San Antonio,TX,78220,maren.lockhart20@example.com,(210) 555-0120,en,2021-01-13,false,none,2021-01-13T15:00:00Z
CUS-01121,Wade,Wexford,1987,Kansas City,MO,64121,wade.wexford21@example.com,(816) 555-0121,en,2009-08-07,false,none,2009-08-07T14:00:00Z
CUS-01122,Zane,Garrity,1949,San Antonio,TX,78222,zane.garrity22@example.com,(210) 555-0122,en,2022-09-06,false,none,2022-09-06T14:00:00Z
CUS-01123,Avery,Faraday,1976,Mesa,AZ,85223,avery.faraday23@example.com,(480) 555-0123,en,2015-06-09,false,none,2015-06-09T16:00:00Z
CUS-01124,Yvonne,Calloway,1952,Chicago,IL,60624,yvonne.calloway24@example.com,(312) 555-0124,en,2009-04-18,true,none,2009-04-18T14:00:00Z
CUS-01125,Gwen,Radley,1975,Omaha,NE,68125,gwen.radley25@example.com,(402) 555-0125,en,2026-08-02,false,none,2026-08-02T14:00:00Z
CUS-01126,Ulysses,Corwin,1958,Phoenix,AZ,85026,ulysses.corwin26@example.com,(602) 555-0126,en,2000-10-10,false,none,2000-10-10T16:00:00Z
CUS-01127,Hollis,Underwood,1944,Kansas City,MO,64127,hollis.underwood27@example.com,(816) 555-0127,en,2019-09-03,false,none,2019-09-03T14:00:00Z
CUS-01128,Ximena,Navarro,1982,Omaha,NE,68128,ximena.navarro28@example.com,(402) 555-0128,es,2023-04-18,false,none,2023-04-18T14:00:00Z
CUS-01129,Ulysses,Whitaker,1958,Chicago,IL,60629,ulysses.whitaker29@example.com,(312) 555-0129,en,2007-09-24,false,none,2007-09-24T14:00:00Z
CUS-01130,Wendell,Lindqvist,1943,Tulsa,OK,74130,wendell.lindqvist30@example.com,(918) 555-0130,en,1999-10-22,false,none,1999-10-22T14:00:00Z
CUS-01131,Amos,Pendleton,1985,Tulsa,OK,74131,amos.pendleton31@example.com,(918) 555-0131,en,2019-09-09,false,none,2019-09-09T14:00:00Z
CUS-01132,Beatrix,Tillman,1998,Kansas City,MO,64132,beatrix.tillman32@example.com,(816) 555-0132,en,2026-03-27,false,none,2026-03-27T14:00:00Z
CUS-01133,Graciela,Cisneros,2000,Kansas City,MO,64133,graciela.cisneros33@example.com,(816) 555-0133,es,2011-05-01,false,none,2011-05-01T14:00:00Z
CUS-01134,Maren,Rowley,1946,Omaha,NE,68134,maren.rowley34@example.com,(402) 555-0134,en,2022-03-18,false,none,2022-03-18T14:00:00Z
CUS-01135,Avery,Lindqvist,1967,Denver,CO,80235,avery.lindqvist35@example.com,(303) 555-0135,en,2021-06-01,false,none,2021-06-01T15:00:00Z
CUS-01136,Evelyn,Holloway,1999,Chicago,IL,60636,evelyn.holloway36@example.com,(312) 555-0136,en,2005-08-03,false,none,2005-08-03T14:00:00Z
CUS-01137,Evelyn,Dunmore,1978,Mesa,AZ,85237,evelyn.dunmore37@example.com,(480) 555-0137,en,2006-09-22,false,none,2006-09-22T16:00:00Z
CUS-01138,Delia,Corwin,1983,El Paso,TX,79938,delia.corwin38@example.com,(915) 555-0138,en,2006-10-09,true,none,2006-10-09T15:00:00Z
CUS-01139,Sloane,Galloway,1946,Los Angeles,CA,90039,sloane.galloway39@example.com,(213) 555-0139,en,2015-07-25,false,none,2015-07-25T16:00:00Z
CUS-01140,Keira,Quintero,1961,Los Angeles,CA,90040,keira.quintero40@example.com,(213) 555-0140,en,2008-05-19,false,none,2008-05-19T16:00:00Z
CUS-01141,Priya,Vance,1953,Houston,TX,77041,priya.vance41@example.com,(713) 555-0141,en,2000-11-28,false,none,2000-11-28T15:00:00Z
CUS-01142,Delia,Ingram,1994,San Antonio,TX,78242,delia.ingram42@example.com,(210) 555-0142,en,2011-02-26,false,none,2011-02-26T15:00:00Z
CUS-01143,Porter,Sterling,1961,Kansas City,MO,64143,porter.sterling43@example.com,(816) 555-0143,en,2025-12-30,false,none,2025-12-30T15:00:00Z
CUS-01144,Reed,Ellery,1944,Tucson,AZ,85744,reed.ellery44@example.com,(520) 555-0144,en,2019-05-19,false,none,2019-05-19T16:00:00Z
CUS-01145,Darla,Ashford,1962,Los Angeles,CA,90045,darla.ashford45@example.com,(213) 555-0145,en,2012-12-03,false,none,2012-12-03T17:00:00Z
CUS-01146,Ronan,Oakes,1947,Los Angeles,CA,90046,ronan.oakes46@example.com,(213) 555-0146,en,2013-03-17,false,none,2013-03-17T16:00:00Z
CUS-01147,Cyrus,Galloway,1992,Denver,CO,80247,cyrus.galloway47@example.com,(303) 555-0147,en,2009-06-03,false,none,2009-06-03T15:00:00Z
CUS-01148,Silas,Yates,1979,El Paso,TX,79948,silas.yates48@example.com,(915) 555-0148,en,2007-06-08,false,none,2007-06-08T15:00:00Z
CUS-01149,Quinn,Ellery,1957,Phoenix,AZ,85049,quinn.ellery49@example.com,(602) 555-0149,en,2005-07-17,false,none,2005-07-17T16:00:00Z
CUS-01150,Harlan,Wexford,1995,San Antonio,TX,78250,harlan.wexford50@example.com,(210) 555-0150,en,2008-06-19,false,none,2008-06-19T14:00:00Z
CUS-90001,Case01,Customer,1980,Des Moines,IA,50301,case01.customer01@example.com,(515) 555-0101,en,2020-08-01,false,none,2020-08-01T14:00:00Z
CUS-90002,Case02,Customer,1980,Tulsa,OK,74102,case02.customer02@example.com,(918) 555-0102,en,2020-08-01,false,none,2020-08-01T14:00:00Z
CUS-90003,Case03,Customer,1980,Mesa,AZ,85203,case03.customer03@example.com,(480) 555-0103,en,2020-08-01,false,none,2020-08-01T16:00:00Z
CUS-90004,Case04,Customer,1980,Denver,CO,80204,case04.customer04@example.com,(303) 555-0104,en,2020-09-10,false,none,2020-09-10T15:00:00Z
CUS-90005,Case05,Customer,1980,Phoenix,AZ,85005,case05.customer05@example.com,(602) 555-0105,en,2026-02-15,false,none,2026-02-15T16:00:00Z
CUS-90006,Case06,Customer,1980,Chicago,IL,60606,case06.customer06@example.com,(312) 555-0106,en,2020-08-01,false,none,2020-08-01T14:00:00Z
CUS-90007,Case07,Customer,1980,Omaha,NE,68107,case07.customer07@example.com,(402) 555-0107,en,2020-08-01,false,none,2020-08-01T14:00:00Z
CUS-90008,Case08,Customer,1980,Dallas,TX,75208,case08.customer08@example.com,(214) 555-0108,en,2020-08-01,false,none,2020-08-01T14:00:00Z
CUS-90009,Case09,Customer,1980,Phoenix,AZ,85009,case09.customer09@example.com,(602) 555-0109,en,2020-08-01,false,none,2020-08-01T16:00:00Z
CUS-90010,Case10,Customer,1980,San Antonio,TX,78210,case10.customer10@example.com,(210) 555-0110,en,2020-08-01,false,none,2020-08-01T14:00:00Z
CUS-90011,Case11,Customer,1980,Tulsa,OK,74111,case11.customer11@example.com,(918) 555-0111,en,2023-04-01,false,none,2023-04-01T14:00:00Z
CUS-90012,Case12,Customer,1980,San Antonio,TX,78212,case12.customer12@example.com,(210) 555-0112,es,2020-08-01,false,none,2020-08-01T14:00:00Z
CUS-90013,Case13,Customer,1980,Mesa,AZ,85213,case13.customer13@example.com,(480) 555-0113,en,2020-08-01,false,none,2020-08-01T16:00:00Z
CUS-90014,Case14,Customer,1980,Phoenix,AZ,85014,case14.customer14@example.com,(602) 555-0114,en,2020-08-01,false,none,2020-08-01T16:00:00Z
CUS-90015,Case15,Customer,1980,San Antonio,TX,78215,case15.customer15@example.com,(210) 555-0115,en,2020-08-01,false,none,2020-08-01T14:00:00Z
CUS-90016,Case16,Customer,1980,Des Moines,IA,50316,case16.customer16@example.com,(515) 555-0116,en,2020-08-01,false,none,2020-08-01T14:00:00Z
CUS-90017,Case17,Customer,1947,Chicago,IL,60617,case17.customer17@example.com,(312) 555-0117,en,2020-08-01,false,none,2020-08-01T14:00:00Z
CUS-90018,Case18,Customer,1980,Houston,TX,77018,case18.customer18@example.com,(713) 555-0118,en,2020-08-01,false,none,2020-08-01T14:00:00Z
CUS-90019,Case19,Customer,1980,Phoenix,AZ,85019,case19.customer19@example.com,(602) 555-0119,en,2020-08-01,false,none,2020-08-01T16:00:00Z
CUS-90020,Case20,Customer,1980,Denver,CO,80220,case20.customer20@example.com,(303) 555-0120,en,2020-08-01,false,none,2020-08-01T15:00:00Z
CUS-90021,Case21,Customer,1980,Des Moines,IA,50321,case21.customer21@example.com,(515) 555-0121,en,2020-08-01,false,none,2020-08-01T14:00:00Z
CUS-90022,Case22,Customer,1980,Omaha,NE,68122,case22.customer22@example.com,(402) 555-0122,en,2020-08-01,false,none,2020-08-01T14:00:00Z
CUS-90023,Case23,Customer,1980,Mesa,AZ,85223,case23.customer23@example.com,(480) 555-0123,en,2020-08-01,false,none,2020-08-01T16:00:00Z
