enrollment_id,account_id,product,source_interaction_id,source_colleague_id,enrolled_at_local,enrolled_tz,status,cancelled_at,cancel_reason,cancel_channel,available_at
ENR-0000121,ACC-00597,CARDSHIELD,INT-0675653,COL-8847,2026-08-29T11:36:15,America/Chicago,active,,,,2026-08-29T16:38:15Z
ENR-0001083,ACC-00238,CARDSHIELD,INT-0586038,COL-4409,2026-10-05T08:47:14,America/Phoenix,active,,,,2026-10-05T15:49:14Z
ENR-0003255,ACC-00084,CARDSHIELD,INT-0156891,COL-6630,2026-10-01T18:03:18,America/Chicago,active,,,,2026-10-01T23:05:18Z
ENR-0005037,ACC-00360,CARDSHIELD,INT-0601530,COL-6618,2026-10-07T09:09:19,America/Chicago,active,,,,2026-10-07T14:11:19Z
ENR-0007203,ACC-00449,CARDSHIELD,INT-0062851,COL-3141,2026-10-28T17:48:13,America/Phoenix,active,,,,2026-10-29T00:50:13Z
ENR-0008016,ACC-00299,CARDSHIELD,INT-0121333,COL-3108,2026-09-14T09:08:13,America/Phoenix,active,,,,2026-09-14T16:10:13Z
ENR-0008863,ACC-00321,CARDSHIELD,INT-0119287,COL-5520,2026-08-31T16:10:18,America/Phoenix,active,,,,2026-08-31T23:12:18Z
ENR-0009610,ACC-00162,CARDSHIELD,INT-0658071,COL-6618,2026-11-04T14:41:14,America/Chicago,active,,,,2026-11-04T20:43:14Z
ENR-0010463,ACC-00851,CARDSHIELD,INT-0069789,COL-6622,2026-11-01T16:20:12,America/Chicago,active,,,,2026-11-01T22:22:12Z
ENR-0011757,ACC-00473,CARDSHIELD,INT-0005308,COL-7716,2026-11-03T16:42:17,America/Chicago,active,,,,2026-11-03T22:44:17Z
ENR-0012904,ACC-00001,CARDSHIELD,INT-0459496,COL-8819,2026-11-05T10:40:14,America/Chicago,active,,,,2026-11-05T16:42:14Z
ENR-0013665,ACC-00201,CARDSHIELD,INT-0620894,COL-3108,2026-09-14T09:20:13,America/Phoenix,cancelled,2026-09-24T16:20:19Z,customer_request,phone,2026-09-14T16:22:13Z
ENR-0016310,ACC-01047,CARDSHIELD,INT-0421715,COL-4430,2026-10-24T09:16:15,America/Phoenix,active,,,,2026-10-24T16:18:15Z
ENR-0018455,ACC-00638,CARDSHIELD,INT-0655120,COL-6604,2026-09-15T17:07:13,America/Chicago,active,,,,2026-09-15T22:09:13Z
ENR-0019399,ACC-00773,CARDSHIELD,INT-0739662,COL-6637,2026-09-28T09:42:16,America/Chicago,active,,,,2026-09-28T14:44:16Z
ENR-0020018,ACC-00123,CARDSHIELD,INT-0137568,COL-5520,2026-09-28T10:42:19,America/Phoenix,cancelled,2026-10-08T17:42:25Z,customer_request,phone,2026-09-28T17:44:19Z
ENR-0021310,ACC-00923,CARDSHIELD,INT-0983733,COL-8861,2026-08-23T15:42:15,America/Chicago,active,,,,2026-08-23T20:44:15Z
ENR-0025174,ACC-00347,CARDSHIELD,INT-0389498,COL-6651,2026-09-22T09:36:17,America/Chicago,active,,,,2026-09-22T14:38:17Z
ENR-0026355,ACC-00936,CARDSHIELD,INT-0645082,COL-6658,2026-11-09T16:35:17,America/Chicago,active,,,,2026-11-09T22:37:17Z
ENR-0027523,ACC-00875,CARDSHIELD,INT-0042695,COL-3163,2026-09-24T16:34:12,America/Phoenix,active,,,,2026-09-24T23:36:12Z
ENR-0027848,ACC-00097,CARDSHIELD,INT-0049934,COL-7724,2026-09-02T08:56:18,America/Chicago,active,,,,2026-09-02T13:58:18Z
ENR-0033479,ACC-00212,CARDSHIELD,INT-0248172,COL-7741,2026-10-19T18:21:13,America/Chicago,active,,,,2026-10-19T23:23:13Z
ENR-0033580,ACC-00597,CARDSHIELD,INT-0579969,COL-3141,2026-09-02T09:56:17,America/Phoenix,active,,,,2026-09-02T16:58:17Z
ENR-0033678,ACC-00723,CARDSHIELD,INT-0046105,COL-6611,2026-10-10T18:42:16,America/Chicago,active,,,,2026-10-10T23:44:16Z
ENR-0033750,ACC-00149,CARDSHIELD,INT-0315265,COL-8847,2026-11-13T12:28:14,America/Chicago,active,,,,2026-11-13T18:30:14Z
ENR-0037249,ACC-00275,CARDSHIELD,INT-0885295,COL-7735,2026-10-22T09:54:14,America/Chicago,active,,,,2026-10-22T14:56:14Z
ENR-0038851,ACC-00347,CARDSHIELD,INT-0270085,COL-8819,2026-11-05T08:16:18,America/Chicago,active,,,,2026-11-05T14:18:18Z
ENR-0038874,ACC-00112,CARDSHIELD,INT-0793782,COL-6618,2026-11-12T11:21:14,America/Chicago,active,,,,2026-11-12T17:23:14Z
ENR-0040461,ACC-00510,CARDSHIELD,INT-0997525,COL-6645,2026-08-28T17:49:18,America/Chicago,active,,,,2026-08-28T22:51:18Z
ENR-0041441,ACC-00871,CARDSHIELD,INT-0656220,COL-6611,2026-11-07T10:50:16,America/Chicago,active,,,,2026-11-07T16:52:16Z
ENR-0042094,ACC-00397,CARDSHIELD,INT-0309682,COL-6651,2026-10-20T12:56:17,America/Chicago,active,,,,2026-10-20T17:58:17Z
ENR-0043052,ACC-00549,CARDSHIELD,INT-0042909,COL-5512,2026-10-04T10:48:13,America/Phoenix,active,,,,2026-10-04T17:50:13Z
ENR-0044870,ACC-00036,CARDSHIELD,INT-0009224,COL-3112,2026-11-09T17:15:20,America/Phoenix,active,,,,2026-11-10T00:17:20Z
ENR-0048817,ACC-00158,CARDSHIELD,INT-0179880,COL-5526,2026-09-25T08:57:19,America/Phoenix,active,,,,2026-09-25T15:59:19Z
ENR-0050011,ACC-00258,CARDSHIELD,INT-0065506,COL-4417,2026-11-10T12:57:19,America/Phoenix,active,,,,2026-11-10T19:59:19Z
ENR-0051425,ACC-00497,CARDSHIELD,INT-0867450,COL-8819,2026-11-05T17:16:16,America/Chicago,cancelled,2026-11-15T23:16:22Z,customer_request,phone,2026-11-05T23:18:16Z
ENR-0052199,ACC-00808,CARDSHIELD,INT-0969481,COL-6645,2026-09-25T18:57:17,America/Chicago,active,,,,2026-09-25T23:59:17Z
ENR-0052359,ACC-00671,CARDSHIELD,INT-0524582,COL-7716,2026-10-06T11:10:16,America/Chicago,active,,,,2026-10-06T16:12:16Z
ENR-0055755,ACC-00312,CARDSHIELD,INT-0061423,COL-6618,2026-11-04T12:41:13,America/Chicago,active,,,,2026-11-04T18:43:13Z
ENR-0056930,ACC-00834,CARDSHIELD,INT-0041875,COL-4409,2026-09-07T10:03:16,America/Phoenix,active,,,,2026-09-07T17:05:16Z
ENR-0057241,ACC-00586,CARDSHIELD,INT-0773134,COL-4436,2026-10-21T11:55:18,America/Phoenix,active,,,,2026-10-21T18:57:18Z
ENR-0059663,ACC-00312,CARDSHIELD,INT-0141372,COL-8813,2026-11-08T10:01:13,America/Chicago,active,,,,2026-11-08T16:03:13Z
ENR-0060408,ACC-00210,CARDSHIELD,INT-0733016,COL-4417,2026-09-29T15:29:19,America/Phoenix,active,,,,2026-09-29T22:31:19Z
ENR-0064127,ACC-00638,CARDSHIELD,INT-0675257,COL-7730,2026-10-25T18:27:12,America/Chicago,cancelled,2026-11-04T23:27:18Z,customer_request,phone,2026-10-25T23:29:12Z
ENR-0065147,ACC-00212,CARDSHIELD,INT-0053691,COL-6645,2026-10-23T16:41:14,America/Chicago,active,,,,2026-10-23T21:43:14Z
ENR-0067695,ACC-00038,CARDSHIELD,INT-0606148,COL-5518,2026-11-10T09:07:14,America/Phoenix,active,,,,2026-11-10T16:09:14Z
ENR-0068013,ACC-00884,CARDSHIELD,INT-0279893,COL-4436,2026-08-26T12:03:16,America/Phoenix,active,,,,2026-08-26T19:05:16Z
ENR-0068988,ACC-00310,CARDSHIELD,INT-0397447,COL-7705,2026-10-15T09:49:18,America/Chicago,active,,,,2026-10-15T14:51:18Z
ENR-0069229,ACC-00901,CARDSHIELD,INT-0797182,COL-6622,2026-09-06T08:40:12,America/Chicago,active,,,,2026-09-06T13:42:12Z
ENR-0069946,ACC-00486,CARDSHIELD,INT-0561942,COL-4409,2026-10-05T17:35:18,America/Phoenix,active,,,,2026-10-06T00:37:18Z
ENR-0071641,ACC-00836,CARDSHIELD,INT-0506009,COL-6604,2026-08-18T12:35:17,America/Chicago,active,,,,2026-08-18T17:37:17Z
ENR-0072222,ACC-00286,CARDSHIELD,INT-0646188,COL-3150,2026-08-30T09:35:18,America/Phoenix,active,,,,2026-08-30T16:37:18Z
ENR-0072893,ACC-01071,CARDSHIELD,INT-0477611,COL-8805,2026-09-16T09:30:19,America/Chicago,active,,,,2026-09-16T14:32:19Z
ENR-0072953,ACC-00412,CARDSHIELD,INT-0461807,COL-6645,2026-08-28T17:01:13,America/Chicago,active,,,,2026-08-28T22:03:13Z
ENR-0073942,ACC-00775,CARDSHIELD,INT-0695564,COL-3122,2026-09-08T11:14:12,America/Phoenix,active,,,,2026-09-08T18:16:12Z
ENR-0074542,ACC-00238,CARDSHIELD,INT-0018665,COL-5518,2026-10-01T10:27:13,America/Phoenix,active,,,,2026-10-01T17:29:13Z
ENR-0075962,ACC-00810,CARDSHIELD,INT-0959798,COL-8870,2026-10-15T10:49:17,America/Chicago,cancelled,2026-10-25T15:49:23Z,customer_request,phone,2026-10-15T15:51:17Z
ENR-0076646,ACC-00523,CARDSHIELD,INT-0389177,COL-7735,2026-10-22T18:42:18,America/Chicago,active,,,,2026-10-22T23:44:18Z
ENR-0076669,ACC-00984,CARDSHIELD,INT-0071826,COL-7712,2026-09-11T17:23:15,America/Chicago,active,,,,2026-09-11T22:25:15Z
ENR-0077009,ACC-00125,CARDSHIELD,INT-0845659,COL-5541,2026-10-14T15:14:13,America/Phoenix,active,,,,2026-10-14T22:16:13Z
ENR-0077071,ACC-01021,CARDSHIELD,INT-0816372,COL-8805,2026-08-19T17:10:16,America/Chicago,active,,,,2026-08-19T22:12:16Z
ENR-0079450,ACC-00671,CARDSHIELD,INT-0865911,COL-4442,2026-08-23T12:30:16,America/Phoenix,active,,,,2026-08-23T19:32:16Z
ENR-0080059,ACC-00888,CARDSHIELD,INT-0217390,COL-6658,2026-08-22T08:07:14,America/Chicago,cancelled,2026-09-01T13:07:20Z,customer_request,phone,2026-08-22T13:09:14Z
ENR-0082386,ACC-00849,CARDSHIELD,INT-0634624,COL-4403,2026-10-08T15:08:12,America/Phoenix,active,,,,2026-10-08T22:10:12Z
ENR-0086769,ACC-00573,CARDSHIELD,INT-0887180,COL-7735,2026-08-27T10:02:17,America/Chicago,active,,,,2026-08-27T15:04:17Z
ENR-0087629,ACC-01086,CARDSHIELD,INT-0875503,COL-6658,2026-10-17T14:35:20,America/Chicago,active,,,,2026-10-17T19:37:20Z
ENR-0088105,ACC-00108,CARDSHIELD,INT-0909318,COL-3177,2026-08-24T18:17:19,America/Phoenix,active,,,,2026-08-25T01:19:19Z
ENR-0088873,ACC-00608,CARDSHIELD,INT-0508226,COL-7721,2026-10-03T09:37:17,America/Chicago,active,,,,2026-10-03T14:39:17Z
ENR-0091110,ACC-00362,CARDSHIELD,INT-0983230,COL-6645,2026-10-23T14:41:13,America/Chicago,active,,,,2026-10-23T19:43:13Z
ENR-0092550,ACC-00225,CARDSHIELD,INT-0345620,COL-7716,2026-11-03T18:54:14,America/Chicago,active,,,,2026-11-04T00:56:14Z
ENR-0092812,ACC-00071,CARDSHIELD,INT-0764786,COL-3122,2026-11-03T15:30:19,America/Phoenix,active,,,,2026-11-03T22:32:19Z
ENR-0093923,ACC-00462,CARDSHIELD,INT-0451168,COL-8813,2026-11-08T08:01:13,America/Chicago,active,,,,2026-11-08T14:03:13Z
ENR-0098923,ACC-00071,CARDSHIELD,INT-0737886,COL-8861,2026-09-20T16:50:19,America/Chicago,active,,,,2026-09-20T21:52:19Z
ENR-0101946,ACC-01110,CARDSHIELD,INT-0544823,COL-5526,2026-10-23T13:29:20,America/Phoenix,active,,,,2026-10-23T20:31:20Z
ENR-0102364,ACC-00258,CARDSHIELD,INT-0229585,COL-5547,2026-10-11T13:17:19,America/Phoenix,active,,,,2026-10-11T20:19:19Z
ENR-0106470,ACC-00758,CARDSHIELD,INT-0653846,COL-6645,2026-08-28T15:37:17,America/Chicago,active,,,,2026-08-28T20:39:17Z
ENR-0108038,ACC-00523,CARDSHIELD,INT-0241837,COL-4442,2026-10-18T09:22:17,America/Phoenix,active,,,,2026-10-18T16:24:17Z
ENR-0109603,ACC-00210,CARDSHIELD,INT-0395828,COL-7705,2026-08-20T14:09:19,America/Chicago,active,,,,2026-08-20T19:11:19Z
ENR-0110918,ACC-00612,CARDSHIELD,INT-0348041,COL-3177,2026-11-12T13:41:13,America/Phoenix,active,,,,2026-11-12T20:43:13Z
ENR-0112857,ACC-00234,CARDSHIELD,INT-0519532,COL-8826,2026-10-05T14:23:18,America/Chicago,active,,,,2026-10-05T19:25:18Z
ENR-0118767,ACC-00360,CARDSHIELD,INT-0317756,COL-7741,2026-08-24T10:29:19,America/Chicago,active,,,,2026-08-24T15:31:19Z
ENR-0119266,ACC-00073,CARDSHIELD,INT-0580124,COL-5503,2026-10-10T08:42:19,America/Phoenix,active,,,,2026-10-10T15:44:19Z
ENR-0119635,ACC-00349,CARDSHIELD,INT-0781317,COL-8847,2026-08-29T13:48:13,America/Chicago,active,,,,2026-08-29T18:50:13Z
ENR-0121386,ACC-00160,CARDSHIELD,INT-0740445,COL-4417,2026-09-01T12:09:19,America/Phoenix,active,,,,2026-09-01T19:11:19Z
ENR-0121870,ACC-01099,CARDSHIELD,INT-0104895,COL-7748,2026-09-18T15:28:14,America/Chicago,active,,,,2026-09-18T20:30:14Z
ENR-0122187,ACC-00151,CARDSHIELD,INT-0100378,COL-3141,2026-09-30T16:40:14,America/Phoenix,active,,,,2026-09-30T23:42:14Z
ENR-0122599,ACC-00521,CARDSHIELD,INT-0511070,COL-5541,2026-08-19T16:10:17,America/Phoenix,active,,,,2026-08-19T23:12:17Z
ENR-0125506,ACC-00097,CARDSHIELD,INT-0244844,COL-7748,2026-10-16T18:36:18,America/Chicago,active,,,,2026-10-16T23:38:18Z
ENR-0126461,ACC-00275,CARDSHIELD,INT-0949185,COL-7716,2026-09-08T10:14:13,America/Chicago,active,,,,2026-09-08T15:16:13Z
ENR-0130555,ACC-00699,CARDSHIELD,INT-0791117,COL-5530,2026-08-25T18:28:12,America/Phoenix,active,,,,2026-08-26T01:30:12Z
ENR-0132265,ACC-01073,CARDSHIELD,INT-0763595,COL-8861,2026-08-23T13:42:18,America/Chicago,active,,,,2026-08-23T18:44:18Z
ENR-0133686,ACC-01038,CARDSHIELD,INT-0484921,COL-3112,2026-10-09T14:07:14,America/Phoenix,active,,,,2026-10-09T21:09:14Z
ENR-0133756,ACC-00873,CARDSHIELD,INT-0759837,COL-8805,2026-10-14T14:02:16,America/Chicago,active,,,,2026-10-14T19:04:16Z
ENR-0134792,ACC-01138,CARDSHIELD,INT-0493119,COL-3112,2026-09-11T09:47:14,America/Phoenix,cancelled,2026-09-21T16:47:20Z,customer_request,phone,2026-09-11T16:49:14Z
ENR-0135852,ACC-00738,CARDSHIELD,INT-0577884,COL-6604,2026-08-18T12:47:12,America/Chicago,active,,,,2026-08-18T17:49:12Z
ENR-0138380,ACC-00571,CARDSHIELD,INT-0611048,COL-4412,2026-10-30T18:10:17,America/Phoenix,active,,,,2026-10-31T01:12:17Z
ENR-0139677,ACC-01062,CARDSHIELD,INT-0993747,COL-4417,2026-09-01T14:21:14,America/Phoenix,active,,,,2026-09-01T21:23:14Z
ENR-0140700,ACC-01012,CARDSHIELD,INT-0872912,COL-4417,2026-10-27T11:01:12,America/Phoenix,active,,,,2026-10-27T18:03:12Z
ENR-0146638,ACC-01086,CARDSHIELD,INT-0135111,COL-8826,2026-09-07T13:15:21,America/Chicago,active,,,,2026-09-07T18:17:21Z
ENR-0151671,ACC-00199,CARDSHIELD,INT-0207323,COL-6651,2026-08-25T17:28:13,America/Chicago,active,,,,2026-08-25T22:30:13Z
ENR-0151920,ACC-00573,CARDSHIELD,INT-0929252,COL-6611,2026-10-10T09:42:17,America/Chicago,active,,,,2026-10-10T14:44:17Z
ENR-0152479,ACC-00638,CARDSHIELD,INT-0278956,COL-6630,2026-10-29T16:47:13,America/Chicago,active,,,,2026-10-29T21:49:13Z
ENR-0153247,ACC-00675,CARDSHIELD,INT-0299293,COL-8805,2026-08-19T08:34:12,America/Chicago,active,,,,2026-08-19T13:36:12Z
ENR-0154900,ACC-01136,CARDSHIELD,INT-0022805,COL-8826,2026-10-05T16:35:20,America/Chicago,active,,,,2026-10-05T21:37:20Z
ENR-0155117,ACC-00208,CARDSHIELD,INT-0803291,COL-5510,2026-09-09T12:37:19,America/Phoenix,active,,,,2026-09-09T19:39:19Z
ENR-0155128,ACC-00797,CARDSHIELD,INT-0045035,COL-5530,2026-11-12T18:16:16,America/Phoenix,active,,,,2026-11-13T01:18:16Z
ENR-0156057,ACC-00521,CARDSHIELD,INT-0112398,COL-4412,2026-10-02T15:50:17,America/Phoenix,active,,,,2026-10-02T22:52:17Z
ENR-0160000,ACC-00935,CREDITWATCH_PLUS,INT-0160000,COL-3122,2026-10-10T14:06:00,America/Phoenix,active,,,,2026-10-10T21:08:00Z
ENR-0160001,ACC-00267,CREDITWATCH_PLUS,INT-0160001,COL-3122,2026-10-11T14:06:20,America/Phoenix,active,,,,2026-10-11T21:08:20Z
ENR-0160002,ACC-00758,CREDITWATCH_PLUS,INT-0160002,COL-3122,2026-10-12T14:06:40,America/Phoenix,active,,,,2026-10-12T21:08:40Z
ENR-0160003,ACC-00314,CREDITWATCH_PLUS,INT-0160003,COL-3122,2026-10-13T14:07:00,America/Phoenix,active,,,,2026-10-13T21:09:00Z
ENR-0160004,ACC-00813,CREDITWATCH_PLUS,INT-0160004,COL-3122,2026-10-14T14:07:20,America/Phoenix,active,,,,2026-10-14T21:09:20Z
ENR-0160005,ACC-00946,CREDITWATCH_PLUS,INT-0160005,COL-3122,2026-10-15T14:07:40,America/Phoenix,active,,,,2026-10-15T21:09:40Z
ENR-0160287,ACC-00471,CARDSHIELD,INT-0326192,COL-5520,2026-08-31T14:10:17,America/Phoenix,cancelled,2026-09-10T21:10:23Z,customer_request,phone,2026-08-31T21:12:17Z
ENR-0162018,ACC-00175,CARDSHIELD,INT-0226847,COL-4442,2026-08-23T16:54:14,America/Phoenix,active,,,,2026-08-23T23:56:14Z
ENR-0163883,ACC-00438,CARDSHIELD,INT-0591203,COL-7712,2026-11-06T18:27:13,America/Chicago,active,,,,2026-11-07T00:29:13Z
ENR-0168098,ACC-00134,CARDSHIELD,INT-0523507,COL-8826,2026-11-02T08:43:20,America/Chicago,active,,,,2026-11-02T14:45:20Z
ENR-0169788,ACC-00697,CARDSHIELD,INT-0435941,COL-3190,2026-09-18T14:16:16,America/Phoenix,active,,,,2026-09-18T21:18:16Z
ENR-0170637,ACC-00371,CARDSHIELD,INT-0675009,COL-5541,2026-11-09T18:10:18,America/Phoenix,active,,,,2026-11-10T01:12:18Z
ENR-0172022,ACC-00388,CARDSHIELD,INT-0922135,COL-7712,2026-10-09T15:07:13,America/Chicago,active,,,,2026-10-09T20:09:13Z
ENR-0172390,ACC-01071,CARDSHIELD,INT-0492145,COL-8832,2026-10-30T08:10:16,America/Chicago,active,,,,2026-10-30T13:12:16Z
ENR-0172626,ACC-00010,CARDSHIELD,INT-0363582,COL-5547,2026-10-11T15:29:20,America/Phoenix,cancelled,2026-10-21T22:29:26Z,customer_request,phone,2026-10-11T22:31:20Z
ENR-0174153,ACC-01023,CARDSHIELD,INT-0846907,COL-8861,2026-10-18T10:22:19,America/Chicago,active,,,,2026-10-18T15:24:19Z
ENR-0175046,ACC-00623,CARDSHIELD,INT-0514144,COL-6611,2026-11-07T12:02:17,America/Chicago,active,,,,2026-11-07T18:04:17Z
ENR-0175059,ACC-00797,CARDSHIELD,INT-0192131,COL-5512,2026-10-04T08:36:15,America/Phoenix,active,,,,2026-10-04T15:38:15Z
ENR-0175155,ACC-01023,CARDSHIELD,INT-0905605,COL-3122,2026-09-08T09:02:16,America/Phoenix,active,,,,2026-09-08T16:04:16Z
ENR-0177404,ACC-00184,CARDSHIELD,INT-0600457,COL-8853,2026-11-13T10:43:19,America/Chicago,active,,,,2026-11-13T16:45:19Z
ENR-0177405,ACC-00786,CARDSHIELD,INT-0445996,COL-7730,2026-08-30T10:35:17,America/Chicago,active,,,,2026-08-30T15:37:17Z
ENR-0177917,ACC-00621,CARDSHIELD,INT-0837318,COL-7716,2026-11-09T08:50:17,America/Chicago,active,,,,2026-11-09T14:52:17Z
ENR-0179390,ACC-00286,CARDSHIELD,INT-0912725,COL-3199,2026-10-13T08:15:19,America/Phoenix,active,,,,2026-10-13T15:17:19Z
ENR-0179727,ACC-00112,CARDSHIELD,INT-0696186,COL-7741,2026-08-24T12:41:14,America/Chicago,active,,,,2026-08-24T17:43:14Z
ENR-0180000,ACC-00377,CARDSHIELD,INT-0180000,COL-3190,2026-11-11T12:02:00,America/Phoenix,active,,,,2026-11-11T19:04:00Z
ENR-0180001,ACC-00074,CARDSHIELD,INT-0180001,COL-3190,2026-11-11T12:09:00,America/Phoenix,active,,,,2026-11-11T19:11:00Z
ENR-0180002,ACC-00292,CARDSHIELD,INT-0180002,COL-3190,2026-11-11T12:16:00,America/Phoenix,active,,,,2026-11-11T19:18:00Z
ENR-0180637,ACC-01112,CARDSHIELD,INT-0684665,COL-7705,2026-08-20T16:21:14,America/Chicago,active,,,,2026-08-20T21:23:14Z
ENR-0182988,ACC-00362,CARDSHIELD,INT-0600611,COL-8840,2026-11-12T12:01:14,America/Chicago,active,,,,2026-11-12T18:03:14Z
ENR-0183148,ACC-00488,CARDSHIELD,INT-0925495,COL-7730,2026-10-25T09:27:13,America/Chicago,active,,,,2026-10-25T14:29:13Z
ENR-0183533,ACC-00801,CARDSHIELD,INT-0423423,COL-7748,2026-08-21T14:20:13,America/Chicago,active,,,,2026-08-21T19:22:13Z
ENR-0187742,ACC-00249,CARDSHIELD,INT-0174157,COL-8847,2026-09-26T18:08:13,America/Chicago,active,,,,2026-09-26T23:10:13Z
ENR-0190740,ACC-00221,CARDSHIELD,INT-0079456,COL-3122,2026-11-03T13:30:18,America/Phoenix,active,,,,2026-11-03T20:32:18Z
ENR-0192139,ACC-00586,CARDSHIELD,INT-0276966,COL-4409,2026-09-07T12:15:17,America/Phoenix,active,,,,2026-09-07T19:17:17Z
ENR-0193478,ACC-00747,CARDSHIELD,INT-0133432,COL-3141,2026-09-02T18:56:15,America/Phoenix,active,,,,2026-09-03T01:58:15Z
ENR-0193861,ACC-00051,CARDSHIELD,INT-0389905,COL-8819,2026-09-10T13:00:13,America/Chicago,active,,,,2026-09-10T18:02:13Z
ENR-0196579,ACC-00812,CARDSHIELD,INT-0572561,COL-5510,2026-11-04T13:41:13,America/Phoenix,active,,,,2026-11-04T20:43:13Z
ENR-0196828,ACC-00649,CARDSHIELD,INT-0279989,COL-5530,2026-10-20T15:08:13,America/Phoenix,active,,,,2026-10-20T22:10:13Z
ENR-0197825,ACC-00086,CARDSHIELD,INT-0614641,COL-3112,2026-09-11T09:35:20,America/Phoenix,active,,,,2026-09-11T16:37:20Z
ENR-0199396,ACC-00047,CARDSHIELD,INT-0925696,COL-7724,2026-10-28T16:36:18,America/Chicago,active,,,,2026-10-28T21:38:18Z
ENR-0199849,ACC-00099,CARDSHIELD,INT-0805429,COL-6622,2026-11-01T12:08:14,America/Chicago,active,,,,2026-11-01T18:10:14Z
ENR-0201724,ACC-00625,CARDSHIELD,INT-0216527,COL-8832,2026-09-04T15:54:13,America/Chicago,active,,,,2026-09-04T20:56:13Z
ENR-0204207,ACC-00751,CARDSHIELD,INT-0889273,COL-7724,2026-09-02T12:20:12,America/Chicago,active,,,,2026-09-02T17:22:12Z
ENR-0205025,ACC-00799,CARDSHIELD,INT-0886638,COL-4430,2026-10-24T11:28:12,America/Phoenix,cancelled,2026-11-03T18:28:18Z,customer_request,phone,2026-10-24T18:30:12Z
ENR-0206232,ACC-00051,CARDSHIELD,INT-0012333,COL-3108,2026-09-14T11:20:14,America/Phoenix,active,,,,2026-09-14T18:22:14Z
ENR-0206690,ACC-00508,CARDSHIELD,INT-0468768,COL-7741,2026-09-21T13:37:18,America/Chicago,active,,,,2026-09-21T18:39:18Z
ENR-0206766,ACC-00297,CARDSHIELD,INT-0695234,COL-6651,2026-08-25T17:16:17,America/Chicago,active,,,,2026-08-25T22:18:17Z
ENR-0206817,ACC-00273,CARDSHIELD,INT-0907810,COL-5541,2026-08-19T18:22:18,America/Phoenix,active,,,,2026-08-20T01:24:18Z
ENR-0207310,ACC-00608,CARDSHIELD,INT-0976266,COL-7741,2026-08-24T08:17:18,America/Chicago,active,,,,2026-08-24T13:19:18Z
ENR-0207418,ACC-00862,CARDSHIELD,INT-0491823,COL-5510,2026-09-09T16:01:12,America/Phoenix,active,,,,2026-09-09T23:03:12Z
ENR-0207846,ACC-00436,CARDSHIELD,INT-0756330,COL-5518,2026-09-03T16:55:18,America/Phoenix,active,,,,2026-09-03T23:57:18Z
ENR-0208415,ACC-00860,CARDSHIELD,INT-0229829,COL-3177,2026-08-24T11:29:18,America/Phoenix,active,,,,2026-08-24T18:31:18Z
ENR-0208954,ACC-00036,CARDSHIELD,INT-0326023,COL-8826,2026-11-02T08:55:19,America/Chicago,active,,,,2026-11-02T14:57:19Z
ENR-0210200,ACC-01110,CARDSHIELD,INT-0858882,COL-5547,2026-09-13T12:09:16,America/Phoenix,active,,,,2026-09-13T19:11:16Z
ENR-0212808,ACC-00197,CARDSHIELD,INT-0699738,COL-6622,2026-11-01T12:56:18,America/Chicago,active,,,,2026-11-01T18:58:18Z
ENR-0216211,ACC-00088,CARDSHIELD,INT-0204757,COL-5518,2026-10-01T12:27:14,America/Phoenix,active,,,,2026-10-01T19:29:14Z
ENR-0217608,ACC-01099,CARDSHIELD,INT-0177840,COL-6622,2026-11-01T14:08:12,America/Chicago,active,,,,2026-11-01T20:10:12Z
ENR-0220322,ACC-00938,CARDSHIELD,INT-0081680,COL-8853,2026-09-23T09:47:12,America/Chicago,active,,,,2026-09-23T14:49:12Z
ENR-0221820,ACC-00336,CARDSHIELD,INT-0015486,COL-5518,2026-10-01T10:15:19,America/Phoenix,active,,,,2026-10-01T17:17:19Z
ENR-0224774,ACC-00451,CARDSHIELD,INT-0307951,COL-5530,2026-08-25T09:40:13,America/Phoenix,active,,,,2026-08-25T16:42:13Z
ENR-0226700,ACC-00462,CARDSHIELD,INT-0980750,COL-8840,2026-09-29T18:41:13,America/Chicago,cancelled,2026-10-09T23:41:19Z,customer_request,phone,2026-09-29T23:43:13Z
ENR-0228015,ACC-00884,CARDSHIELD,INT-0096777,COL-7712,2026-10-09T11:43:16,America/Chicago,active,,,,2026-10-09T16:45:16Z
ENR-0228433,ACC-00471,CARDSHIELD,INT-0222696,COL-5541,2026-10-14T13:50:17,America/Phoenix,active,,,,2026-10-14T20:52:17Z
ENR-0230824,ACC-01121,CARDSHIELD,INT-0388114,COL-8832,2026-09-04T11:30:19,America/Chicago,active,,,,2026-09-04T16:32:19Z
ENR-0232345,ACC-00334,CARDSHIELD,INT-0317016,COL-8853,2026-10-21T08:43:17,America/Chicago,active,,,,2026-10-21T13:45:17Z
ENR-0232973,ACC-00301,CARDSHIELD,INT-0554896,COL-3141,2026-09-30T14:40:13,America/Phoenix,active,,,,2026-09-30T21:42:13Z
ENR-0233928,ACC-01062,CARDSHIELD,INT-0286680,COL-5547,2026-10-11T15:41:14,America/Phoenix,active,,,,2026-10-11T22:43:14Z
ENR-0234898,ACC-00208,CARDSHIELD,INT-0887990,COL-5547,2026-09-13T10:57:20,America/Phoenix,active,,,,2026-09-13T17:59:20Z
ENR-0239162,ACC-01038,CARDSHIELD,INT-0240947,COL-3150,2026-11-10T13:47:12,America/Phoenix,active,,,,2026-11-10T20:49:12Z
ENR-0241091,ACC-00762,CARDSHIELD,INT-0688581,COL-5510,2026-10-07T10:21:12,America/Phoenix,cancelled,2026-10-17T17:21:18Z,customer_request,phone,2026-10-07T17:23:12Z
ENR-0241500,ACC-00049,CARDSHIELD,INT-0190716,COL-6622,2026-10-04T09:48:14,America/Chicago,active,,,,2026-10-04T14:50:14Z
ENR-0243087,ACC-00612,CARDSHIELD,INT-0364573,COL-8870,2026-08-20T15:21:12,America/Chicago,active,,,,2026-08-20T20:23:12Z
ENR-0243589,ACC-00862,CARDSHIELD,INT-0088205,COL-5526,2026-10-23T15:41:12,America/Phoenix,active,,,,2026-10-23T22:43:12Z
ENR-0244182,ACC-00058,CARDSHIELD,INT-0573393,COL-3177,2026-10-19T15:57:20,America/Phoenix,active,,,,2026-10-19T22:59:20Z
ENR-0247442,ACC-00838,CARDSHIELD,INT-0335219,COL-6658,2026-10-17T16:47:12,America/Chicago,active,,,,2026-10-17T21:49:12Z
ENR-0248901,ACC-00921,CARDSHIELD,INT-0808996,COL-7735,2026-10-22T14:30:19,America/Chicago,active,,,,2026-10-22T19:32:19Z
ENR-0249303,ACC-00899,CARDSHIELD,INT-0098520,COL-4430,2026-09-26T17:08:12,America/Phoenix,active,,,,2026-09-27T00:10:12Z
ENR-0249698,ACC-00708,CARDSHIELD,INT-0818363,COL-6645,2026-10-23T12:17:18,America/Chicago,active,,,,2026-10-23T17:19:18Z
ENR-0250376,ACC-00338,CARDSHIELD,INT-0257617,COL-5535,2026-10-17T15:47:13,America/Phoenix,active,,,,2026-10-17T22:49:13Z
ENR-0253109,ACC-00925,CARDSHIELD,INT-0265478,COL-3163,2026-10-22T08:54:12,America/Phoenix,active,,,,2026-10-22T15:56:12Z
ENR-0253447,ACC-00012,CARDSHIELD,INT-0405306,COL-7705,2026-09-17T08:41:14,America/Chicago,active,,,,2026-09-17T13:43:14Z
ENR-0253470,ACC-00060,CARDSHIELD,INT-0257061,COL-4417,2026-09-29T17:29:20,America/Phoenix,active,,,,2026-09-30T00:31:20Z
ENR-0254765,ACC-00773,CARDSHIELD,INT-0545605,COL-6611,2026-11-07T10:02:15,America/Chicago,active,,,,2026-11-07T16:04:15Z
ENR-0255136,ACC-00460,CARDSHIELD,INT-0975052,COL-7741,2026-10-19T16:09:18,America/Chicago,active,,,,2026-10-19T21:11:18Z
ENR-0259841,ACC-00747,CARDSHIELD,INT-0539409,COL-3190,2026-10-16T17:36:15,America/Phoenix,active,,,,2026-10-17T00:38:15Z
ENR-0260668,ACC-00849,CARDSHIELD,INT-0353426,COL-7708,2026-10-12T13:28:12,America/Chicago,active,,,,2026-10-12T18:30:12Z
ENR-0262289,ACC-00599,CARDSHIELD,INT-0848345,COL-3190,2026-09-18T14:28:12,America/Phoenix,active,,,,2026-09-18T21:30:12Z
ENR-0262937,ACC-00812,CARDSHIELD,INT-0331053,COL-5526,2026-09-25T12:21:12,America/Phoenix,cancelled,2026-10-05T19:21:18Z,customer_request,phone,2026-09-25T19:23:12Z
ENR-0264710,ACC-00908,CARDSHIELD,INT-0348526,COL-8870,2026-11-10T10:37:17,America/Chicago,active,,,,2026-11-10T16:39:17Z
ENR-0265368,ACC-00973,CARDSHIELD,INT-0770437,COL-8861,2026-09-20T18:02:16,America/Chicago,active,,,,2026-09-20T23:04:16Z
ENR-0267416,ACC-00510,CARDSHIELD,INT-0366372,COL-6618,2026-10-07T18:09:18,America/Chicago,active,,,,2026-10-07T23:11:18Z
ENR-0267584,ACC-00223,CARDSHIELD,INT-0773329,COL-4412,2026-11-10T14:42:19,America/Phoenix,active,,,,2026-11-10T21:44:19Z
ENR-0267917,ACC-00434,CARDSHIELD,INT-0240505,COL-3199,2026-08-18T11:23:18,America/Phoenix,active,,,,2026-08-18T18:25:18Z
ENR-0270164,ACC-00738,CARDSHIELD,INT-0572679,COL-6658,2026-08-22T10:07:13,America/Chicago,active,,,,2026-08-22T15:09:13Z
ENR-0270333,ACC-00847,CARDSHIELD,INT-0346211,COL-3190,2026-09-18T12:16:15,America/Phoenix,active,,,,2026-09-18T19:18:15Z
ENR-0271415,ACC-01136,CARDSHIELD,INT-0056677,COL-6658,2026-08-22T17:55:19,America/Chicago,active,,,,2026-08-22T22:57:19Z
ENR-0271524,ACC-01147,CARDSHIELD,INT-0381299,COL-7708,2026-08-17T14:36:18,America/Chicago,active,,,,2026-08-17T19:38:18Z
ENR-0271845,ACC-00784,CARDSHIELD,INT-0043119,COL-4436,2026-09-23T17:23:16,America/Phoenix,active,,,,2026-09-24T00:25:16Z
ENR-0273689,ACC-00621,CARDSHIELD,INT-0900778,COL-4412,2026-09-04T10:30:16,America/Phoenix,active,,,,2026-09-04T17:32:16Z
ENR-0275533,ACC-00438,CARDSHIELD,INT-0966663,COL-4436,2026-09-23T08:47:12,America/Phoenix,active,,,,2026-09-23T15:49:12Z
ENR-0281299,ACC-00088,CARDSHIELD,INT-0775952,COL-3199,2026-08-18T13:47:14,America/Phoenix,active,,,,2026-08-18T20:49:14Z
ENR-0282052,ACC-00858,CARDSHIELD,INT-0717275,COL-8813,2026-09-13T09:57:17,America/Chicago,active,,,,2026-09-13T14:59:17Z
ENR-0282376,ACC-00923,CARDSHIELD,INT-0176943,COL-8805,2026-08-19T17:22:19,America/Chicago,cancelled,2026-08-29T22:22:25Z,customer_request,phone,2026-08-19T22:24:19Z
ENR-0284128,ACC-00975,CARDSHIELD,INT-0212259,COL-5503,2026-10-10T10:54:12,America/Phoenix,active,,,,2026-10-10T17:56:12Z
ENR-0287014,ACC-00136,CARDSHIELD,INT-0277446,COL-8853,2026-08-26T13:15:18,America/Chicago,active,,,,2026-08-26T18:17:18Z
ENR-0287252,ACC-00321,CARDSHIELD,INT-0779710,COL-5503,2026-10-10T17:30:18,America/Phoenix,active,,,,2026-10-11T00:32:18Z
ENR-0287290,ACC-00149,CARDSHIELD,INT-0264924,COL-8819,2026-09-10T13:48:14,America/Chicago,active,,,,2026-09-10T18:50:14Z
ENR-0289159,ACC-00958,CARDSHIELD,INT-0232211,COL-8840,2026-09-29T14:17:17,America/Chicago,active,,,,2026-09-29T19:19:17Z
ENR-0289773,ACC-00549,CARDSHIELD,INT-0132237,COL-3190,2026-08-21T11:08:13,America/Phoenix,active,,,,2026-08-21T18:10:13Z
ENR-0291317,ACC-00284,CARDSHIELD,INT-0935615,COL-8826,2026-11-02T17:43:17,America/Chicago,active,,,,2026-11-02T23:45:17Z
ENR-0293628,ACC-00936,CARDSHIELD,INT-0178500,COL-6604,2026-10-13T18:15:20,America/Chicago,cancelled,2026-10-23T23:15:26Z,customer_request,phone,2026-10-13T23:17:20Z
ENR-0294141,ACC-00751,CARDSHIELD,INT-0727739,COL-7748,2026-11-09T11:00:13,America/Chicago,active,,,,2026-11-09T17:02:13Z
ENR-0295610,ACC-00158,CARDSHIELD,INT-0523596,COL-5510,2026-11-04T09:17:19,America/Phoenix,active,,,,2026-11-04T16:19:19Z
ENR-0295835,ACC-01121,CARDSHIELD,INT-0223661,COL-8861,2026-11-09T10:10:16,America/Chicago,active,,,,2026-11-09T16:12:16Z
ENR-0297488,ACC-00838,CARDSHIELD,INT-0049343,COL-8826,2026-09-07T15:27:12,America/Chicago,active,,,,2026-09-07T20:29:12Z
ENR-0301123,ACC-01147,CARDSHIELD,INT-0602688,COL-7724,2026-09-30T13:16:15,America/Chicago,active,,,,2026-09-30T18:18:15Z
ENR-0301211,ACC-00386,CARDSHIELD,INT-0536910,COL-5518,2026-10-29T13:35:18,America/Phoenix,active,,,,2026-10-29T20:37:18Z
ENR-0301602,ACC-00962,CARDSHIELD,INT-0384635,COL-5547,2026-11-08T09:01:12,America/Phoenix,active,,,,2026-11-08T16:03:12Z
ENR-0302358,ACC-00775,CARDSHIELD,INT-0321120,COL-8832,2026-09-04T13:54:12,America/Chicago,active,,,,2026-09-04T18:56:12Z
ENR-0303041,ACC-00036,CARDSHIELD,INT-0747195,COL-8853,2026-09-23T18:35:20,America/Chicago,active,,,,2026-09-23T23:37:20Z
ENR-0303206,ACC-00325,CARDSHIELD,INT-0357964,COL-6611,2026-11-11T11:54:14,America/Chicago,active,,,,2026-11-11T17:56:14Z
ENR-0303494,ACC-00675,CARDSHIELD,INT-0153226,COL-8832,2026-10-02T18:14:12,America/Chicago,active,,,,2026-10-02T23:16:12Z
ENR-0305988,ACC-00647,CARDSHIELD,INT-0308864,COL-3190,2026-08-21T11:56:17,America/Phoenix,active,,,,2026-08-21T18:58:17Z
ENR-0307694,ACC-01010,CARDSHIELD,INT-0163007,COL-3177,2026-08-24T09:29:20,America/Phoenix,active,,,,2026-08-24T16:31:20Z
ENR-0308727,ACC-00671,CARDSHIELD,INT-0995108,COL-4412,2026-10-02T13:50:16,America/Phoenix,cancelled,2026-10-12T20:50:22Z,customer_request,phone,2026-10-02T20:52:16Z
ENR-0309232,ACC-00451,CARDSHIELD,INT-0932297,COL-4403,2026-10-08T08:20:13,America/Phoenix,active,,,,2026-10-08T15:22:13Z
ENR-0309460,ACC-01136,CARDSHIELD,INT-0796189,COL-8853,2026-08-26T15:15:20,America/Chicago,active,,,,2026-08-26T20:17:20Z
ENR-0309558,ACC-00258,CARDSHIELD,INT-0518491,COL-5526,2026-08-28T14:37:19,America/Phoenix,active,,,,2026-08-28T21:39:19Z
ENR-0310402,ACC-00997,CARDSHIELD,INT-0880159,COL-4403,2026-11-05T18:16:15,America/Phoenix,active,,,,2026-11-06T01:18:15Z
ENR-0311247,ACC-01034,CARDSHIELD,INT-0998820,COL-7730,2026-08-30T08:23:16,America/Chicago,active,,,,2026-08-30T13:25:16Z
ENR-0313351,ACC-00484,CARDSHIELD,INT-0165352,COL-3150,2026-10-25T15:03:17,America/Phoenix,active,,,,2026-10-25T22:05:17Z
ENR-0316104,ACC-00084,CARDSHIELD,INT-0952103,COL-6658,2026-08-22T17:43:19,America/Chicago,active,,,,2026-08-22T22:45:19Z
ENR-0318265,ACC-00449,CARDSHIELD,INT-0655867,COL-3108,2026-09-14T18:08:13,America/Phoenix,cancelled,2026-09-25T01:08:19Z,customer_request,phone,2026-09-15T01:10:13Z
ENR-0318574,ACC-00336,CARDSHIELD,INT-0957581,COL-3199,2026-08-18T11:35:19,America/Phoenix,active,,,,2026-08-18T18:37:19Z
ENR-0319645,ACC-00988,CARDSHIELD,INT-0670955,COL-8853,2026-10-21T12:07:14,America/Chicago,active,,,,2026-10-21T17:09:14Z
ENR-0326011,ACC-00834,CARDSHIELD,INT-0302867,COL-4436,2026-10-21T09:43:16,America/Phoenix,active,,,,2026-10-21T16:45:16Z
ENR-0327666,ACC-00486,CARDSHIELD,INT-0179875,COL-5535,2026-08-22T18:55:17,America/Phoenix,active,,,,2026-08-23T01:57:17Z
ENR-0332846,ACC-01001,CARDSHIELD,INT-0136460,COL-6622,2026-11-01T14:20:14,America/Chicago,active,,,,2026-11-01T20:22:14Z
ENR-0332966,ACC-00973,CARDSHIELD,INT-0353810,COL-8832,2026-10-30T08:22:19,America/Chicago,active,,,,2026-10-30T13:24:19Z
ENR-0333284,ACC-00308,CARDSHIELD,INT-0385563,COL-4417,2026-09-29T15:17:20,America/Phoenix,active,,,,2026-09-29T22:19:20Z
ENR-0339678,ACC-00538,CARDSHIELD,INT-0049606,COL-7712,2026-10-09T13:07:13,America/Chicago,active,,,,2026-10-09T18:09:13Z
ENR-0340463,ACC-00673,CARDSHIELD,INT-0028192,COL-6611,2026-09-12T15:22:16,America/Chicago,cancelled,2026-09-22T20:22:22Z,customer_request,phone,2026-09-12T20:24:16Z
ENR-0342217,ACC-01097,CARDSHIELD,INT-0850477,COL-7708,2026-10-12T11:16:15,America/Chicago,active,,,,2026-10-12T16:18:15Z
ENR-0342783,ACC-00201,CARDSHIELD,INT-0860673,COL-3141,2026-10-28T08:00:14,America/Phoenix,active,,,,2026-10-28T15:02:14Z
ENR-0343080,ACC-01001,CARDSHIELD,INT-0248595,COL-6651,2026-09-22T13:00:15,America/Chicago,active,,,,2026-09-22T18:02:15Z
ENR-0344858,ACC-00384,CARDSHIELD,INT-0763953,COL-3150,2026-08-30T09:23:17,America/Phoenix,active,,,,2026-08-30T16:25:17Z
ENR-0345219,ACC-00088,CARDSHIELD,INT-0694042,COL-3150,2026-09-27T14:07:13,America/Phoenix,active,,,,2026-09-27T21:09:13Z
ENR-0345321,ACC-01073,CARDSHIELD,INT-0574550,COL-3122,2026-10-06T12:22:19,America/Phoenix,active,,,,2026-10-06T19:24:19Z
ENR-0347066,ACC-00608,CARDSHIELD,INT-0486056,COL-6618,2026-10-07T18:57:18,America/Chicago,active,,,,2026-10-07T23:59:18Z
ENR-0347351,ACC-00101,CARDSHIELD,INT-0793414,COL-3141,2026-09-02T13:20:14,America/Phoenix,active,,,,2026-09-02T20:22:14Z
ENR-0347658,ACC-01097,CARDSHIELD,INT-0729663,COL-4430,2026-08-29T12:36:18,America/Phoenix,active,,,,2026-08-29T19:38:18Z
ENR-0349536,ACC-00149,CARDSHIELD,INT-0031201,COL-6651,2026-10-20T14:08:14,America/Chicago,active,,,,2026-10-20T19:10:14Z
ENR-0353765,ACC-00275,CARDSHIELD,INT-0194364,COL-4442,2026-10-18T11:34:12,America/Phoenix,active,,,,2026-10-18T18:36:12Z
ENR-0361709,ACC-00788,CARDSHIELD,INT-0438206,COL-8826,2026-11-10T12:07:12,America/Chicago,active,,,,2026-11-10T18:09:12Z
ENR-0361842,ACC-00099,CARDSHIELD,INT-0654138,COL-8819,2026-11-05T10:28:14,America/Chicago,active,,,,2026-11-05T16:30:14Z
ENR-0364945,ACC-00225,CARDSHIELD,INT-0199317,COL-4442,2026-09-20T08:14:13,America/Phoenix,active,,,,2026-09-20T15:16:13Z
ENR-0365700,ACC-00751,CARDSHIELD,INT-0077632,COL-7708,2026-10-12T13:40:12,America/Chicago,active,,,,2026-10-12T18:42:12Z
ENR-0366147,ACC-00186,CARDSHIELD,INT-0217890,COL-3150,2026-09-27T14:55:19,America/Phoenix,active,,,,2026-09-27T21:57:19Z
ENR-0369104,ACC-00108,CARDSHIELD,INT-0678294,COL-5510,2026-10-07T17:57:19,America/Phoenix,active,,,,2026-10-08T00:59:19Z
ENR-0372068,ACC-00771,CARDSHIELD,INT-0390798,COL-7735,2026-10-22T16:30:15,America/Chicago,active,,,,2026-10-22T21:32:15Z
ENR-0372808,ACC-00373,CARDSHIELD,INT-0291828,COL-4412,2026-09-04T12:42:17,America/Phoenix,active,,,,2026-09-04T19:44:17Z
ENR-0373084,ACC-00908,CARDSHIELD,INT-0404761,COL-8840,2026-09-01T11:57:17,America/Chicago,active,,,,2026-09-01T16:59:17Z
ENR-0374695,ACC-00860,CARDSHIELD,INT-0895846,COL-3131,2026-10-03T12:49:17,America/Phoenix,active,,,,2026-10-03T19:51:17Z
ENR-0375551,ACC-01034,CARDSHIELD,INT-0361288,COL-7712,2026-10-09T09:43:19,America/Chicago,active,,,,2026-10-09T14:45:19Z
ENR-0375879,ACC-00623,CARDSHIELD,INT-0168235,COL-7735,2026-09-24T13:22:17,America/Chicago,cancelled,2026-10-04T18:22:23Z,customer_request,phone,2026-09-24T18:24:17Z
ENR-0375960,ACC-01051,CARDSHIELD,INT-0347850,COL-8819,2026-09-10T15:00:15,America/Chicago,cancelled,2026-09-20T20:00:21Z,customer_request,phone,2026-09-10T20:02:15Z
ENR-0376072,ACC-00575,CARDSHIELD,INT-0071631,COL-8832,2026-11-11T12:34:13,America/Chicago,active,,,,2026-11-11T18:36:13Z
ENR-0376439,ACC-00599,CARDSHIELD,INT-0708105,COL-5530,2026-09-22T12:48:13,America/Phoenix,active,,,,2026-09-22T19:50:13Z
ENR-0376479,ACC-00501,CARDSHIELD,INT-0103424,COL-4430,2026-11-09T10:20:13,America/Phoenix,active,,,,2026-11-09T17:22:13Z
ENR-0378708,ACC-00221,CARDSHIELD,INT-0117883,COL-5503,2026-11-09T11:50:17,America/Phoenix,active,,,,2026-11-09T18:52:17Z
ENR-0379313,ACC-00984,CARDSHIELD,INT-0788666,COL-7730,2026-10-25T16:03:16,America/Chicago,active,,,,2026-10-25T21:05:16Z
ENR-0382431,ACC-00873,CARDSHIELD,INT-0469809,COL-8832,2026-09-04T13:42:15,America/Chicago,active,,,,2026-09-04T18:44:15Z
ENR-0384212,ACC-00699,CARDSHIELD,INT-0303980,COL-4403,2026-10-08T17:08:13,America/Phoenix,active,,,,2026-10-09T00:10:13Z
ENR-0385252,ACC-00799,CARDSHIELD,INT-0831791,COL-4403,2026-09-10T12:48:12,America/Phoenix,active,,,,2026-09-10T19:50:12Z
ENR-0387779,ACC-01084,CARDSHIELD,INT-0173210,COL-6630,2026-11-13T09:03:16,America/Chicago,active,,,,2026-11-13T15:05:16Z
ENR-0388989,ACC-00297,CARDSHIELD,INT-0856112,COL-8819,2026-11-12T16:56:18,America/Chicago,cancelled,2026-11-22T22:56:24Z,customer_request,phone,2026-11-12T22:58:18Z
ENR-0391356,ACC-00736,CARDSHIELD,INT-0052595,COL-7730,2026-10-25T18:15:17,America/Chicago,active,,,,2026-10-25T23:17:17Z
ENR-0391977,ACC-00784,CARDSHIELD,INT-0589001,COL-5535,2026-09-19T08:03:16,America/Phoenix,active,,,,2026-09-19T15:05:16Z
ENR-0392144,ACC-00921,CARDSHIELD,INT-0199580,COL-6637,2026-10-26T12:50:16,America/Chicago,active,,,,2026-10-26T17:52:16Z
ENR-0393489,ACC-01149,CARDSHIELD,INT-0479830,COL-7748,2026-10-16T18:48:14,America/Chicago,active,,,,2026-10-16T23:50:14Z
ENR-0395245,ACC-01008,CARDSHIELD,INT-0687879,COL-8840,2026-10-27T17:37:20,America/Chicago,active,,,,2026-10-27T22:39:20Z
ENR-0397286,ACC-00162,CARDSHIELD,INT-0155178,COL-7741,2026-09-21T15:01:14,America/Chicago,active,,,,2026-09-21T20:03:14Z
ENR-0399764,ACC-00601,CARDSHIELD,INT-0897504,COL-4430,2026-08-29T16:00:13,America/Phoenix,active,,,,2026-08-29T23:02:13Z
ENR-0400525,ACC-00249,CARDSHIELD,INT-0271368,COL-3108,2026-08-17T17:48:14,America/Phoenix,active,,,,2026-08-18T00:50:14Z
ENR-0403975,ACC-00038,CARDSHIELD,INT-0933460,COL-3150,2026-08-30T11:47:14,America/Phoenix,cancelled,2026-09-09T18:47:20Z,customer_request,phone,2026-08-30T18:49:14Z
ENR-0404985,ACC-00199,CARDSHIELD,INT-0752127,COL-8819,2026-10-08T16:08:13,America/Chicago,cancelled,2026-10-18T21:08:19Z,customer_request,phone,2026-10-08T21:10:13Z
ENR-0405275,ACC-00688,CARDSHIELD,INT-0226452,COL-6604,2026-10-13T09:27:12,America/Chicago,active,,,,2026-10-13T14:29:12Z
ENR-0406352,ACC-00501,CARDSHIELD,INT-0151168,COL-4403,2026-11-05T11:40:13,America/Phoenix,active,,,,2026-11-05T18:42:13Z
ENR-0410976,ACC-00008,CARDSHIELD,INT-0076895,COL-5510,2026-11-10T11:17:17,America/Phoenix,cancelled,2026-11-20T18:17:23Z,customer_request,phone,2026-11-10T18:19:17Z
ENR-0411975,ACC-00562,CARDSHIELD,INT-0622435,COL-8840,2026-09-01T13:21:12,America/Chicago,active,,,,2026-09-01T18:23:12Z
ENR-0411995,ACC-00673,CARDSHIELD,INT-0159144,COL-6637,2026-10-26T14:02:17,America/Chicago,cancelled,2026-11-05T19:02:23Z,customer_request,phone,2026-10-26T19:04:17Z
ENR-0413450,ACC-00875,CARDSHIELD,INT-0142284,COL-3122,2026-11-03T17:54:12,America/Phoenix,active,,,,2026-11-04T00:56:12Z
ENR-0415092,ACC-00488,CARDSHIELD,INT-0328192,COL-4436,2026-10-21T11:07:13,America/Phoenix,active,,,,2026-10-21T18:09:13Z
ENR-0416291,ACC-00260,CARDSHIELD,INT-0620906,COL-7741,2026-11-11T15:49:20,America/Chicago,active,,,,2026-11-11T21:51:20Z
ENR-0418181,ACC-00497,CARDSHIELD,INT-0140059,COL-8847,2026-09-26T16:56:17,America/Chicago,cancelled,2026-10-06T21:56:23Z,customer_request,phone,2026-09-26T21:58:17Z
ENR-0420470,ACC-01121,CARDSHIELD,INT-0159722,COL-8805,2026-10-14T12:50:19,America/Chicago,active,,,,2026-10-14T17:52:19Z
ENR-0421000,ACC-00200,CARDSHIELD,INT-0421000,COL-4421,2026-09-01T10:00:40,America/Phoenix,cancelled,2026-09-11T17:00:11Z,customer_request,phone,2026-09-01T17:02:40Z
ENR-0421001,ACC-00727,CARDSHIELD,INT-0421001,COL-4421,2026-09-04T10:00:40,America/Phoenix,cancelled,2026-09-14T17:00:11Z,customer_request,phone,2026-09-04T17:02:40Z
ENR-0421002,ACC-00968,CARDSHIELD,INT-0421002,COL-4421,2026-09-07T10:00:40,America/Phoenix,cancelled,2026-09-17T17:00:11Z,customer_request,phone,2026-09-07T17:02:40Z
ENR-0421003,ACC-00317,CARDSHIELD,INT-0421003,COL-4421,2026-09-10T10:00:40,America/Phoenix,cancelled,2026-09-20T17:00:11Z,customer_request,phone,2026-09-10T17:02:40Z
ENR-0421004,ACC-00937,CARDSHIELD,INT-0421004,COL-4421,2026-09-13T10:00:40,America/Phoenix,cancelled,2026-09-23T17:00:11Z,customer_request,phone,2026-09-13T17:02:40Z
ENR-0421005,ACC-00775,CARDSHIELD,INT-0421005,COL-4421,2026-09-16T10:00:40,America/Phoenix,cancelled,2026-09-26T17:00:11Z,customer_request,phone,2026-09-16T17:02:40Z
ENR-0421006,ACC-00199,CARDSHIELD,INT-0421006,COL-4421,2026-09-19T10:00:40,America/Phoenix,cancelled,2026-09-29T17:00:11Z,customer_request,phone,2026-09-19T17:02:40Z
ENR-0421007,ACC-00234,CARDSHIELD,INT-0421007,COL-4421,2026-09-22T10:00:40,America/Phoenix,cancelled,2026-10-02T17:00:11Z,customer_request,phone,2026-09-22T17:02:40Z
ENR-0421008,ACC-01150,CARDSHIELD,INT-0421008,COL-4421,2026-09-25T10:00:40,America/Phoenix,cancelled,2026-10-05T17:00:11Z,customer_request,phone,2026-09-25T17:02:40Z
ENR-0421009,ACC-00218,CARDSHIELD,INT-0421009,COL-4421,2026-09-28T10:00:40,America/Phoenix,cancelled,2026-10-08T17:00:11Z,customer_request,phone,2026-09-28T17:02:40Z
ENR-0421010,ACC-01048,CARDSHIELD,INT-0421010,COL-4421,2026-10-01T10:00:40,America/Phoenix,cancelled,2026-10-11T17:00:11Z,customer_request,phone,2026-10-01T17:02:40Z
ENR-0421011,ACC-00677,CARDSHIELD,INT-0421011,COL-4421,2026-10-04T10:00:40,America/Phoenix,cancelled,2026-10-14T17:00:11Z,customer_request,phone,2026-10-04T17:02:40Z
ENR-0421012,ACC-00722,CARDSHIELD,INT-0421012,COL-4421,2026-10-07T10:00:40,America/Phoenix,cancelled,2026-10-17T17:00:11Z,customer_request,phone,2026-10-07T17:02:40Z
ENR-0421013,ACC-00016,CARDSHIELD,INT-0421013,COL-4421,2026-10-10T10:00:40,America/Phoenix,active,,,,2026-10-10T17:02:40Z
ENR-0421014,ACC-00074,CARDSHIELD,INT-0421014,COL-4421,2026-10-13T10:00:40,America/Phoenix,active,,,,2026-10-13T17:02:40Z
ENR-0421015,ACC-00834,CARDSHIELD,INT-0421015,COL-4421,2026-10-16T10:00:40,America/Phoenix,active,,,,2026-10-16T17:02:40Z
ENR-0421016,ACC-00018,CARDSHIELD,INT-0421016,COL-4421,2026-10-19T10:00:40,America/Phoenix,active,,,,2026-10-19T17:02:40Z
ENR-0421017,ACC-00243,CARDSHIELD,INT-0421017,COL-4421,2026-10-22T10:00:40,America/Phoenix,active,,,,2026-10-22T17:02:40Z
ENR-0421018,ACC-00412,CARDSHIELD,INT-0421018,COL-4421,2026-10-25T10:00:40,America/Phoenix,active,,,,2026-10-25T17:02:40Z
ENR-0421019,ACC-00971,CARDSHIELD,INT-0421019,COL-4421,2026-10-28T10:00:40,America/Phoenix,active,,,,2026-10-28T17:02:40Z
ENR-0421020,ACC-00426,CARDSHIELD,INT-0421020,COL-4421,2026-10-31T10:00:40,America/Phoenix,active,,,,2026-10-31T17:02:40Z
ENR-0421021,ACC-00915,CARDSHIELD,INT-0421021,COL-4421,2026-11-03T10:00:40,America/Phoenix,active,,,,2026-11-03T17:02:40Z
ENR-0422017,ACC-00534,CARDSHIELD,INT-0463488,COL-3199,2026-10-13T17:03:17,America/Phoenix,active,,,,2026-10-14T00:05:17Z
ENR-0422954,ACC-00886,CARDSHIELD,INT-0795349,COL-6604,2026-09-15T15:55:17,America/Chicago,active,,,,2026-09-15T20:57:17Z
ENR-0425000,ACC-00900,CARDSHIELD,INT-0425000,COL-4425,2026-09-01T10:00:40,America/Phoenix,cancelled,2026-09-11T17:00:14Z,customer_request,phone,2026-09-01T17:02:40Z
ENR-0425001,ACC-00896,CARDSHIELD,INT-0425001,COL-4425,2026-09-04T10:00:40,America/Phoenix,cancelled,2026-09-14T17:00:14Z,customer_request,phone,2026-09-04T17:02:40Z
ENR-0425002,ACC-00445,CARDSHIELD,INT-0425002,COL-4425,2026-09-07T10:00:40,America/Phoenix,active,,,,2026-09-07T17:02:40Z
ENR-0425003,ACC-00967,CARDSHIELD,INT-0425003,COL-4425,2026-09-10T10:00:40,America/Phoenix,active,,,,2026-09-10T17:02:40Z
ENR-0425004,ACC-00272,CARDSHIELD,INT-0425004,COL-4425,2026-09-13T10:00:40,America/Phoenix,active,,,,2026-09-13T17:02:40Z
ENR-0425005,ACC-00137,CARDSHIELD,INT-0425005,COL-4425,2026-09-16T10:00:40,America/Phoenix,active,,,,2026-09-16T17:02:40Z
ENR-0425006,ACC-00573,CARDSHIELD,INT-0425006,COL-4425,2026-09-19T10:00:40,America/Phoenix,active,,,,2026-09-19T17:02:40Z
ENR-0425007,ACC-00221,CARDSHIELD,INT-0425007,COL-4425,2026-09-22T10:00:40,America/Phoenix,active,,,,2026-09-22T17:02:40Z
ENR-0425008,ACC-00100,CARDSHIELD,INT-0425008,COL-4425,2026-09-25T10:00:40,America/Phoenix,active,,,,2026-09-25T17:02:40Z
ENR-0425009,ACC-00342,CARDSHIELD,INT-0425009,COL-4425,2026-09-28T10:00:40,America/Phoenix,active,,,,2026-09-28T17:02:40Z
ENR-0425010,ACC-00965,CARDSHIELD,INT-0425010,COL-4425,2026-10-01T10:00:40,America/Phoenix,active,,,,2026-10-01T17:02:40Z
ENR-0425011,ACC-00665,CARDSHIELD,INT-0425011,COL-4425,2026-10-04T10:00:40,America/Phoenix,active,,,,2026-10-04T17:02:40Z
ENR-0425012,ACC-00706,CARDSHIELD,INT-0425012,COL-4425,2026-10-07T10:00:40,America/Phoenix,active,,,,2026-10-07T17:02:40Z
ENR-0425013,ACC-01043,CARDSHIELD,INT-0425013,COL-4425,2026-10-10T10:00:40,America/Phoenix,active,,,,2026-10-10T17:02:40Z
ENR-0425014,ACC-00175,CARDSHIELD,INT-0425014,COL-4425,2026-10-13T10:00:40,America/Phoenix,active,,,,2026-10-13T17:02:40Z
ENR-0425015,ACC-00678,CARDSHIELD,INT-0425015,COL-4425,2026-10-16T10:00:40,America/Phoenix,active,,,,2026-10-16T17:02:40Z
ENR-0425016,ACC-00230,CARDSHIELD,INT-0425016,COL-4425,2026-10-19T10:00:40,America/Phoenix,active,,,,2026-10-19T17:02:40Z
ENR-0425017,ACC-01101,CARDSHIELD,INT-0425017,COL-4425,2026-10-22T10:00:40,America/Phoenix,active,,,,2026-10-22T17:02:40Z
ENR-0425042,ACC-00451,CARDSHIELD,INT-0394666,COL-5512,2026-10-04T10:00:12,America/Phoenix,active,,,,2026-10-04T17:02:12Z
ENR-0426019,ACC-00447,CARDSHIELD,INT-0512871,COL-8819,2026-10-08T14:56:17,America/Chicago,active,,,,2026-10-08T19:58:17Z
ENR-0427314,ACC-00334,CARDSHIELD,INT-0763539,COL-3150,2026-11-13T17:03:18,America/Phoenix,cancelled,2026-11-24T00:03:24Z,customer_request,phone,2026-11-14T00:05:18Z
ENR-0428236,ACC-00251,CARDSHIELD,INT-0811112,COL-5512,2026-11-09T09:40:14,America/Phoenix,active,,,,2026-11-09T16:42:14Z
ENR-0428481,ACC-00184,CARDSHIELD,INT-0054131,COL-6658,2026-10-17T12:23:18,America/Chicago,cancelled,2026-10-27T17:23:24Z,customer_request,phone,2026-10-17T17:25:18Z
ENR-0432979,ACC-01073,CARDSHIELD,INT-0958673,COL-3163,2026-08-27T11:02:16,America/Phoenix,active,,,,2026-08-27T18:04:16Z
ENR-0433962,ACC-00758,CARDSHIELD,INT-0183096,COL-8813,2026-10-11T14:17:18,America/Chicago,active,,,,2026-10-11T19:19:18Z
ENR-0434861,ACC-00612,CARDSHIELD,INT-0202515,COL-3131,2026-10-03T14:01:12,America/Phoenix,cancelled,2026-10-13T21:01:18Z,customer_request,phone,2026-10-03T21:03:12Z
ENR-0439470,ACC-00708,CARDSHIELD,INT-0808412,COL-7741,2026-10-19T14:57:17,America/Chicago,active,,,,2026-10-19T19:59:17Z
ENR-0439494,ACC-00934,CARDSHIELD,INT-0915997,COL-7712,2026-11-06T14:03:15,America/Chicago,active,,,,2026-11-06T20:05:15Z
ENR-0439533,ACC-00860,CARDSHIELD,INT-0029583,COL-8870,2026-08-20T13:09:17,America/Chicago,active,,,,2026-08-20T18:11:17Z
ENR-0440594,ACC-00075,CARDSHIELD,INT-0182995,COL-4412,2026-10-30T11:34:14,America/Phoenix,active,,,,2026-10-30T18:36:14Z
ENR-0441039,ACC-00710,CARDSHIELD,INT-0412452,COL-8870,2026-08-20T15:09:17,America/Chicago,active,,,,2026-08-20T20:11:17Z
ENR-0442032,ACC-00388,CARDSHIELD,INT-0791818,COL-4409,2026-10-05T17:47:13,America/Phoenix,active,,,,2026-10-06T00:49:13Z
ENR-0443703,ACC-00958,CARDSHIELD,INT-0059826,COL-8813,2026-11-08T15:37:20,America/Chicago,active,,,,2026-11-08T21:39:20Z
ENR-0445702,ACC-00736,CARDSHIELD,INT-0782219,COL-4436,2026-10-21T09:55:17,America/Phoenix,active,,,,2026-10-21T16:57:17Z
ENR-0446863,ACC-00888,CARDSHIELD,INT-0044281,COL-8826,2026-10-05T18:47:12,America/Chicago,cancelled,2026-10-15T23:47:18Z,customer_request,phone,2026-10-05T23:49:12Z
ENR-0450251,ACC-00173,CARDSHIELD,INT-0816318,COL-5520,2026-10-26T13:02:18,America/Phoenix,active,,,,2026-10-26T20:04:18Z
ENR-0450419,ACC-00410,CARDSHIELD,INT-0590367,COL-6618,2026-11-04T12:29:19,America/Chicago,active,,,,2026-11-04T18:31:19Z
ENR-0451761,ACC-00951,CARDSHIELD,INT-0172662,COL-6622,2026-10-04T11:00:15,America/Chicago,active,,,,2026-10-04T16:02:15Z
ENR-0452884,ACC-00488,CARDSHIELD,INT-0684292,COL-7712,2026-09-11T10:47:12,America/Chicago,active,,,,2026-09-11T15:49:12Z
ENR-0453164,ACC-00610,CARDSHIELD,INT-0288311,COL-8840,2026-10-27T10:49:18,America/Chicago,active,,,,2026-10-27T15:51:18Z
ENR-0456773,ACC-00636,CARDSHIELD,INT-0476710,COL-4436,2026-08-26T14:15:17,America/Phoenix,active,,,,2026-08-26T21:17:17Z
ENR-0457205,ACC-00136,CARDSHIELD,INT-0019612,COL-3112,2026-10-09T12:55:19,America/Phoenix,cancelled,2026-10-19T19:55:25Z,customer_request,phone,2026-10-09T19:57:19Z
ENR-0461012,ACC-00601,CARDSHIELD,INT-0757806,COL-7708,2026-10-12T15:40:13,America/Chicago,cancelled,2026-10-22T20:40:19Z,customer_request,phone,2026-10-12T20:42:13Z
ENR-0461100,ACC-00425,CARDSHIELD,INT-0250944,COL-7735,2026-10-22T18:54:13,America/Chicago,active,,,,2026-10-22T23:56:13Z
ENR-0463017,ACC-01112,CARDSHIELD,INT-0632635,COL-7721,2026-11-12T15:01:12,America/Chicago,cancelled,2026-11-22T21:01:18Z,customer_request,phone,2026-11-12T21:03:12Z
ENR-0463040,ACC-00908,CARDSHIELD,INT-0937774,COL-8813,2026-10-11T12:17:16,America/Chicago,active,,,,2026-10-11T17:19:16Z
ENR-0463594,ACC-01010,CARDSHIELD,INT-0340698,COL-5526,2026-11-11T18:49:17,America/Phoenix,active,,,,2026-11-12T01:51:17Z
ENR-0464067,ACC-00973,CARDSHIELD,INT-0674699,COL-3122,2026-11-10T17:42:16,America/Phoenix,active,,,,2026-11-11T00:44:16Z
ENR-0465443,ACC-01010,CARDSHIELD,INT-0015626,COL-5510,2026-10-07T08:09:16,America/Phoenix,active,,,,2026-10-07T15:11:16Z
ENR-0468149,ACC-00436,CARDSHIELD,INT-0060364,COL-5535,2026-10-17T15:35:19,America/Phoenix,active,,,,2026-10-17T22:37:19Z
ENR-0469384,ACC-00662,CARDSHIELD,INT-0872538,COL-8870,2026-09-17T18:41:12,America/Chicago,active,,,,2026-09-17T23:43:12Z
ENR-0469470,ACC-00458,CARDSHIELD,INT-0640443,COL-4417,2026-09-29T13:17:18,America/Phoenix,active,,,,2026-09-29T20:19:18Z
ENR-0469631,ACC-00823,CARDSHIELD,INT-0792490,COL-8805,2026-09-16T11:42:16,America/Chicago,active,,,,2026-09-16T16:44:16Z
ENR-0470217,ACC-00712,CARDSHIELD,INT-0667521,COL-3177,2026-10-19T08:21:12,America/Phoenix,active,,,,2026-10-19T15:23:12Z
ENR-0470534,ACC-00499,CARDSHIELD,INT-0949595,COL-3190,2026-10-16T08:48:13,America/Phoenix,active,,,,2026-10-16T15:50:13Z
ENR-0470715,ACC-00836,CARDSHIELD,INT-0843145,COL-7730,2026-09-27T13:55:17,America/Chicago,active,,,,2026-09-27T18:57:17Z
ENR-0471421,ACC-00112,CARDSHIELD,INT-0002798,COL-7721,2026-10-03T13:01:14,America/Chicago,active,,,,2026-10-03T18:03:14Z
ENR-0473125,ACC-00358,CARDSHIELD,INT-0140886,COL-7705,2026-09-17T17:17:19,America/Chicago,cancelled,2026-09-27T22:17:25Z,customer_request,phone,2026-09-17T22:19:19Z
ENR-0474734,ACC-00175,CARDSHIELD,INT-0958397,COL-4412,2026-10-02T17:14:13,America/Phoenix,active,,,,2026-10-03T00:16:13Z
ENR-0477717,ACC-00951,CARDSHIELD,INT-0838328,COL-7748,2026-08-21T12:20:13,America/Chicago,active,,,,2026-08-21T17:22:13Z
ENR-0483591,ACC-00162,CARDSHIELD,INT-0600612,COL-7721,2026-10-31T16:21:13,America/Chicago,active,,,,2026-10-31T21:23:13Z
ENR-0485029,ACC-00001,CARDSHIELD,INT-0505836,COL-8847,2026-09-26T09:20:14,America/Chicago,active,,,,2026-09-26T14:22:14Z
ENR-0486952,ACC-01108,CARDSHIELD,INT-0212797,COL-3177,2026-08-24T09:17:17,America/Phoenix,active,,,,2026-08-24T16:19:17Z
ENR-0487360,ACC-00871,CARDSHIELD,INT-0660316,COL-6637,2026-11-09T09:30:16,America/Chicago,cancelled,2026-11-19T15:30:22Z,customer_request,phone,2026-11-09T15:32:16Z
ENR-0490916,ACC-01149,CARDSHIELD,INT-0535447,COL-6651,2026-11-13T16:08:12,America/Chicago,active,,,,2026-11-13T22:10:12Z
ENR-0491022,ACC-00534,CARDSHIELD,INT-0998166,COL-5518,2026-09-03T16:43:17,America/Phoenix,active,,,,2026-09-03T23:45:17Z
ENR-0492084,ACC-00123,CARDSHIELD,INT-0409067,COL-5503,2026-11-07T11:02:18,America/Phoenix,cancelled,2026-11-17T18:02:24Z,customer_request,phone,2026-11-07T18:04:18Z
ENR-0494362,ACC-01047,CARDSHIELD,INT-0506143,COL-4403,2026-09-10T10:36:18,America/Phoenix,active,,,,2026-09-10T17:38:18Z
ENR-0495920,ACC-00701,CARDSHIELD,INT-0103425,COL-7724,2026-10-28T09:00:12,America/Chicago,active,,,,2026-10-28T14:02:12Z
ENR-0497316,ACC-00136,CARDSHIELD,INT-0644082,COL-3150,2026-08-30T11:35:20,America/Phoenix,active,,,,2026-08-30T18:37:20Z
ENR-0503579,ACC-00625,CARDSHIELD,INT-0157148,COL-8805,2026-10-14T16:14:13,America/Chicago,active,,,,2026-10-14T21:16:13Z
ENR-0505243,ACC-00475,CARDSHIELD,INT-0724404,COL-6611,2026-10-10T09:54:13,America/Chicago,active,,,,2026-10-10T14:56:13Z
ENR-0505488,ACC-00312,CARDSHIELD,INT-0634263,COL-6645,2026-09-25T11:21:13,America/Chicago,active,,,,2026-09-25T16:23:13Z
ENR-0505500,ACC-00108,CARDSHIELD,INT-0292640,COL-5526,2026-08-28T16:37:19,America/Phoenix,active,,,,2026-08-28T23:39:19Z
ENR-0505548,ACC-01108,CARDSHIELD,INT-0714084,COL-3131,2026-10-03T10:37:20,America/Phoenix,active,,,,2026-10-03T17:39:20Z
ENR-0506131,ACC-01001,CARDSHIELD,INT-0573625,COL-8819,2026-11-09T12:40:12,America/Chicago,active,,,,2026-11-09T18:42:12Z
ENR-0508332,ACC-00421,CARDSHIELD,INT-0944207,COL-5520,2026-10-26T11:50:17,America/Phoenix,active,,,,2026-10-26T18:52:17Z
ENR-0510019,ACC-00421,CARDSHIELD,INT-0619968,COL-5503,2026-09-12T12:10:17,America/Phoenix,active,,,,2026-09-12T19:12:17Z
ENR-0512121,ACC-00034,CARDSHIELD,INT-0973779,COL-6630,2026-09-03T15:43:19,America/Chicago,active,,,,2026-09-03T20:45:19Z
ENR-0514347,ACC-00899,CARDSHIELD,INT-0773051,COL-7708,2026-08-17T16:48:12,America/Chicago,active,,,,2026-08-17T21:50:12Z
ENR-0514995,ACC-00634,CARDSHIELD,INT-0292546,COL-5518,2026-10-29T11:23:16,America/Phoenix,active,,,,2026-10-29T18:25:16Z
ENR-0516471,ACC-01012,CARDSHIELD,INT-0358708,COL-5547,2026-09-13T12:21:14,America/Phoenix,active,,,,2026-09-13T19:23:14Z
ENR-0517271,ACC-00897,CARDSHIELD,INT-0638929,COL-5512,2026-09-06T14:16:15,America/Phoenix,active,,,,2026-09-06T21:18:15Z
ENR-0520276,ACC-00434,CARDSHIELD,INT-0621864,COL-3150,2026-09-27T12:43:17,America/Phoenix,active,,,,2026-09-27T19:45:17Z
ENR-0522511,ACC-00375,CARDSHIELD,INT-0463183,COL-7716,2026-11-03T16:54:13,America/Chicago,cancelled,2026-11-13T22:54:19Z,customer_request,phone,2026-11-03T22:56:13Z
ENR-0522679,ACC-00499,CARDSHIELD,INT-0699636,COL-5512,2026-09-06T18:28:13,America/Phoenix,active,,,,2026-09-07T01:30:13Z
ENR-0523756,ACC-01058,CARDSHIELD,INT-0888239,COL-8870,2026-10-15T08:37:20,America/Chicago,active,,,,2026-10-15T13:39:20Z
ENR-0524237,ACC-00810,CARDSHIELD,INT-0991007,COL-3131,2026-09-05T09:29:17,America/Phoenix,cancelled,2026-09-15T16:29:23Z,customer_request,phone,2026-09-05T16:31:17Z
ENR-0526420,ACC-00447,CARDSHIELD,INT-0382837,COL-8847,2026-08-29T13:36:17,America/Chicago,active,,,,2026-08-29T18:38:17Z
ENR-0526517,ACC-01101,CARDSHIELD,INT-0921074,COL-6651,2026-08-25T08:40:14,America/Chicago,active,,,,2026-08-25T13:42:14Z
ENR-0529534,ACC-00188,CARDSHIELD,INT-0811989,COL-5535,2026-10-17T17:47:14,America/Phoenix,active,,,,2026-10-18T00:49:14Z
ENR-0530108,ACC-00199,CARDSHIELD,INT-0736153,COL-8847,2026-08-29T15:48:14,America/Chicago,active,,,,2026-08-29T20:50:14Z
ENR-0530861,ACC-00938,CARDSHIELD,INT-0657699,COL-8826,2026-11-02T10:07:15,America/Chicago,active,,,,2026-11-02T16:09:15Z
ENR-0532912,ACC-00760,CARDSHIELD,INT-0478695,COL-8870,2026-09-17T18:29:18,America/Chicago,active,,,,2026-09-17T23:31:18Z
ENR-0534077,ACC-00536,CARDSHIELD,INT-0652878,COL-5535,2026-09-19T10:15:17,America/Phoenix,active,,,,2026-09-19T17:17:17Z
ENR-0537231,ACC-00723,CARDSHIELD,INT-0331751,COL-8805,2026-11-10T16:02:17,America/Chicago,active,,,,2026-11-10T22:04:17Z
ENR-0539917,ACC-00525,CARDSHIELD,INT-0999016,COL-8805,2026-08-19T10:34:13,America/Chicago,cancelled,2026-08-29T15:34:19Z,customer_request,phone,2026-08-19T15:36:13Z
ENR-0541216,ACC-00662,CARDSHIELD,INT-0636514,COL-3177,2026-09-21T16:01:13,America/Phoenix,active,,,,2026-09-21T23:03:13Z
ENR-0542380,ACC-00910,CARDSHIELD,INT-0471276,COL-3131,2026-10-31T15:09:16,America/Phoenix,active,,,,2026-10-31T22:11:16Z
ENR-0542567,ACC-00636,CARDSHIELD,INT-0632156,COL-4409,2026-10-05T15:35:17,America/Phoenix,active,,,,2026-10-05T22:37:17Z
ENR-0542824,ACC-00697,CARDSHIELD,INT-0036712,COL-3141,2026-10-28T15:36:16,America/Phoenix,cancelled,2026-11-07T22:36:22Z,customer_request,phone,2026-10-28T22:38:16Z
ENR-0542869,ACC-00634,CARDSHIELD,INT-0002510,COL-5535,2026-09-19T10:03:17,America/Phoenix,active,,,,2026-09-19T17:05:17Z
ENR-0543831,ACC-00210,CARDSHIELD,INT-0729360,COL-7721,2026-10-03T13:49:20,America/Chicago,active,,,,2026-10-03T18:51:20Z
ENR-0545531,ACC-01084,CARDSHIELD,INT-0023826,COL-6604,2026-08-18T10:23:15,America/Chicago,active,,,,2026-08-18T15:25:15Z
ENR-0546019,ACC-00725,CARDSHIELD,INT-0523590,COL-8832,2026-10-30T10:34:12,America/Chicago,active,,,,2026-10-30T15:36:12Z
ENR-0547012,ACC-01134,CARDSHIELD,INT-0223467,COL-6630,2026-10-29T12:23:15,America/Chicago,active,,,,2026-10-29T17:25:15Z
ENR-0547513,ACC-00512,CARDSHIELD,INT-0687813,COL-8840,2026-10-27T10:01:13,America/Chicago,active,,,,2026-10-27T15:03:13Z
ENR-0548718,ACC-00771,CARDSHIELD,INT-0195016,COL-7716,2026-09-08T17:50:16,America/Chicago,active,,,,2026-09-08T22:52:16Z
ENR-0548903,ACC-00686,CARDSHIELD,INT-0306877,COL-7712,2026-11-06T16:15:17,America/Chicago,active,,,,2026-11-06T22:17:17Z
ENR-0550693,ACC-01123,CARDSHIELD,INT-0338803,COL-3163,2026-09-24T14:22:19,America/Phoenix,active,,,,2026-09-24T21:24:19Z
ENR-0550810,ACC-00999,CARDSHIELD,INT-0548436,COL-7724,2026-09-02T10:08:12,America/Chicago,active,,,,2026-09-02T15:10:12Z
ENR-0552039,ACC-00773,CARDSHIELD,INT-0649195,COL-8805,2026-08-19T08:22:17,America/Chicago,active,,,,2026-08-19T13:24:17Z
ENR-0553482,ACC-00358,CARDSHIELD,INT-0676290,COL-5547,2026-09-13T08:57:18,America/Phoenix,active,,,,2026-09-13T15:59:18Z
ENR-0556842,ACC-00821,CARDSHIELD,INT-0002280,COL-7716,2026-10-06T09:10:15,America/Chicago,active,,,,2026-10-06T14:12:15Z
ENR-0557553,ACC-00660,CARDSHIELD,INT-0515485,COL-8840,2026-09-01T13:09:17,America/Chicago,active,,,,2026-09-01T18:11:17Z
ENR-0557809,ACC-00986,CARDSHIELD,INT-0588159,COL-6630,2026-10-01T09:15:20,America/Chicago,active,,,,2026-10-01T14:17:20Z
ENR-0558194,ACC-00008,CARDSHIELD,INT-0332462,COL-3177,2026-09-21T12:37:20,America/Phoenix,active,,,,2026-09-21T19:39:20Z
ENR-0558214,ACC-01084,CARDSHIELD,INT-0973578,COL-7730,2026-09-27T11:43:19,America/Chicago,cancelled,2026-10-07T16:43:25Z,customer_request,phone,2026-09-27T16:45:19Z
ENR-0558429,ACC-01101,CARDSHIELD,INT-0601956,COL-8847,2026-08-29T17:00:15,America/Chicago,active,,,,2026-08-29T22:02:15Z
ENR-0560897,ACC-00658,CARDSHIELD,INT-0804726,COL-6618,2026-11-04T10:17:18,America/Chicago,active,,,,2026-11-04T16:19:18Z
ENR-0561440,ACC-01088,CARDSHIELD,INT-0895709,COL-3112,2026-11-06T17:27:14,America/Phoenix,cancelled,2026-11-17T00:27:20Z,customer_request,phone,2026-11-07T00:29:14Z
ENR-0562400,ACC-00758,CARDSHIELD,INT-0449858,COL-6618,2026-10-07T16:57:17,America/Chicago,cancelled,2026-10-17T21:57:23Z,customer_request,phone,2026-10-07T21:59:17Z
ENR-0564587,ACC-00684,CARDSHIELD,INT-0945116,COL-4409,2026-09-07T12:03:16,America/Phoenix,active,,,,2026-09-07T19:05:16Z
ENR-0564950,ACC-00760,CARDSHIELD,INT-0777498,COL-3131,2026-11-11T17:09:18,America/Phoenix,active,,,,2026-11-12T00:11:18Z
ENR-0565804,ACC-00888,CARDSHIELD,INT-0202315,COL-8853,2026-08-26T17:27:12,America/Chicago,active,,,,2026-08-26T22:29:12Z
ENR-0566000,ACC-00712,CARDSHIELD,INT-0045405,COL-3131,2026-09-05T09:41:13,America/Phoenix,active,,,,2026-09-05T16:43:13Z
ENR-0570022,ACC-00951,CARDSHIELD,INT-0041855,COL-6651,2026-08-25T10:40:12,America/Chicago,cancelled,2026-09-04T15:40:18Z,customer_request,phone,2026-08-25T15:42:12Z
ENR-0570282,ACC-00175,CARDSHIELD,INT-0380636,COL-7716,2026-10-06T15:34:14,America/Chicago,active,,,,2026-10-06T20:36:14Z
ENR-0574054,ACC-00188,CARDSHIELD,INT-0336953,COL-5518,2026-09-03T18:07:13,America/Phoenix,active,,,,2026-09-04T01:09:13Z
ENR-0575440,ACC-00597,CARDSHIELD,INT-0789776,COL-3108,2026-10-12T10:16:16,America/Phoenix,active,,,,2026-10-12T17:18:16Z
ENR-0576834,ACC-00762,CARDSHIELD,INT-0013871,COL-3177,2026-08-24T11:41:12,America/Phoenix,active,,,,2026-08-24T18:43:12Z
ENR-0577030,ACC-00523,CARDSHIELD,INT-0408884,COL-7716,2026-09-08T08:02:17,America/Chicago,active,,,,2026-09-08T13:04:17Z
ENR-0577619,ACC-00299,CARDSHIELD,INT-0893791,COL-8847,2026-10-24T10:28:13,America/Chicago,active,,,,2026-10-24T15:30:13Z
ENR-0583547,ACC-00562,CARDSHIELD,INT-0512764,COL-8870,2026-10-15T12:01:13,America/Chicago,active,,,,2026-10-15T17:03:13Z
ENR-0586071,ACC-00551,CARDSHIELD,INT-0739437,COL-4403,2026-09-10T14:00:13,America/Phoenix,active,,,,2026-09-10T21:02:13Z
ENR-0587299,ACC-00688,CARDSHIELD,INT-0776246,COL-6630,2026-09-03T08:07:13,America/Chicago,active,,,,2026-09-03T13:09:13Z
ENR-0587735,ACC-00373,CARDSHIELD,INT-0771887,COL-4442,2026-10-18T11:22:18,America/Phoenix,active,,,,2026-10-18T18:24:18Z
ENR-0588121,ACC-00508,CARDSHIELD,INT-0302205,COL-7721,2026-10-31T14:57:18,America/Chicago,active,,,,2026-10-31T19:59:18Z
ENR-0590650,ACC-00151,CARDSHIELD,INT-0898787,COL-3108,2026-08-17T17:00:14,America/Phoenix,active,,,,2026-08-18T00:02:14Z
ENR-0591125,ACC-00484,CARDSHIELD,INT-0103500,COL-3199,2026-09-15T14:43:17,America/Phoenix,active,,,,2026-09-15T21:45:17Z
ENR-0592418,ACC-00458,CARDSHIELD,INT-0795440,COL-7721,2026-10-03T11:37:19,America/Chicago,active,,,,2026-10-03T16:39:19Z
ENR-0596513,ACC-00734,CARDSHIELD,INT-0184199,COL-5535,2026-08-22T16:43:16,America/Phoenix,active,,,,2026-08-22T23:45:16Z
ENR-0597004,ACC-00897,CARDSHIELD,INT-0794598,COL-4403,2026-09-10T12:36:15,America/Phoenix,cancelled,2026-09-20T19:36:21Z,customer_request,phone,2026-09-10T19:38:15Z
ENR-0599874,ACC-00547,CARDSHIELD,INT-0325136,COL-3141,2026-11-12T17:36:17,America/Phoenix,active,,,,2026-11-13T00:38:17Z
ENR-0601630,ACC-00471,CARDSHIELD,INT-0052339,COL-4412,2026-09-04T12:30:18,America/Phoenix,active,,,,2026-09-04T19:32:18Z
ENR-0601955,ACC-00423,CARDSHIELD,INT-0158370,COL-4412,2026-10-02T15:02:17,America/Phoenix,active,,,,2026-10-02T22:04:17Z
ENR-0603260,ACC-00236,CARDSHIELD,INT-0652216,COL-3112,2026-09-11T18:35:18,America/Phoenix,active,,,,2026-09-12T01:37:18Z
ENR-0604138,ACC-00351,CARDSHIELD,INT-0473602,COL-5530,2026-09-22T14:00:14,America/Phoenix,active,,,,2026-09-22T21:02:14Z
ENR-0604492,ACC-00847,CARDSHIELD,INT-0580429,COL-5512,2026-11-01T11:56:15,America/Phoenix,active,,,,2026-11-01T18:58:15Z
ENR-0605161,ACC-00273,CARDSHIELD,INT-0632984,COL-5520,2026-09-28T08:42:17,America/Phoenix,active,,,,2026-09-28T15:44:17Z
ENR-0605859,ACC-00288,CARDSHIELD,INT-0199870,COL-5535,2026-09-19T12:27:13,America/Phoenix,active,,,,2026-09-19T19:29:13Z
ENR-0606629,ACC-00234,CARDSHIELD,INT-0471913,COL-8853,2026-08-26T13:03:18,America/Chicago,active,,,,2026-08-26T18:05:18Z
ENR-0607269,ACC-00847,CARDSHIELD,INT-0665784,COL-5530,2026-09-22T10:36:16,America/Phoenix,active,,,,2026-09-22T17:38:16Z
ENR-0609160,ACC-00288,CARDSHIELD,INT-0039916,COL-4409,2026-11-02T11:07:13,America/Phoenix,active,,,,2026-11-02T18:09:13Z
ENR-0611128,ACC-00738,CARDSHIELD,INT-0945492,COL-6630,2026-10-01T11:27:12,America/Chicago,active,,,,2026-10-01T16:29:12Z
ENR-0612313,ACC-00399,CARDSHIELD,INT-0861013,COL-3141,2026-09-30T14:28:13,America/Phoenix,active,,,,2026-09-30T21:30:13Z
ENR-0613842,ACC-01025,CARDSHIELD,INT-0701052,COL-5520,2026-09-28T12:54:12,America/Phoenix,active,,,,2026-09-28T19:56:12Z
ENR-0617319,ACC-00349,CARDSHIELD,INT-0827891,COL-3108,2026-10-12T12:28:14,America/Phoenix,active,,,,2026-10-12T19:30:14Z
ENR-0618520,ACC-00338,CARDSHIELD,INT-0870264,COL-4409,2026-09-07T14:27:13,America/Phoenix,active,,,,2026-09-07T21:29:13Z
ENR-0621564,ACC-00575,CARDSHIELD,INT-0801143,COL-6637,2026-10-26T14:14:12,America/Chicago,active,,,,2026-10-26T19:16:12Z
ENR-0624325,ACC-00271,CARDSHIELD,INT-0771962,COL-5503,2026-09-12T14:10:18,America/Phoenix,active,,,,2026-09-12T21:12:18Z
ENR-0625222,ACC-00508,CARDSHIELD,INT-0805698,COL-7705,2026-09-17T15:17:18,America/Chicago,active,,,,2026-09-17T20:19:18Z
ENR-0625755,ACC-00247,CARDSHIELD,INT-0180280,COL-7748,2026-10-16T16:36:17,America/Chicago,active,,,,2026-10-16T21:38:17Z
ENR-0626296,ACC-00412,CARDSHIELD,INT-0009653,COL-8840,2026-09-01T15:21:13,America/Chicago,active,,,,2026-09-01T20:23:13Z
ENR-0628001,ACC-00323,CARDSHIELD,INT-0304492,COL-4412,2026-10-30T09:22:18,America/Phoenix,active,,,,2026-10-30T16:24:18Z
ENR-0629378,ACC-00775,CARDSHIELD,INT-0055814,COL-8861,2026-10-18T12:34:12,America/Chicago,active,,,,2026-10-18T17:36:12Z
ENR-0630350,ACC-00810,CARDSHIELD,INT-0677657,COL-8840,2026-09-01T11:09:16,America/Chicago,active,,,,2026-09-01T16:11:16Z
ENR-0632030,ACC-00173,CARDSHIELD,INT-0562095,COL-5503,2026-09-12T14:22:18,America/Phoenix,active,,,,2026-09-12T21:24:18Z
ENR-0632855,ACC-00584,CARDSHIELD,INT-0841086,COL-5535,2026-11-13T18:43:17,America/Phoenix,active,,,,2026-11-14T01:45:17Z
ENR-0634949,ACC-01025,CARDSHIELD,INT-0546460,COL-5503,2026-11-07T13:14:14,America/Phoenix,active,,,,2026-11-07T20:16:14Z
ENR-0639494,ACC-00075,CARDSHIELD,INT-0964626,COL-5541,2026-09-16T12:54:14,America/Phoenix,active,,,,2026-09-16T19:56:14Z
ENR-0640427,ACC-00388,CARDSHIELD,INT-0712626,COL-4436,2026-08-26T16:27:13,America/Phoenix,active,,,,2026-08-26T23:29:13Z
ENR-0641593,ACC-00610,CARDSHIELD,INT-0063194,COL-6645,2026-10-23T12:29:17,America/Chicago,active,,,,2026-10-23T17:31:17Z
ENR-0642893,ACC-00660,CARDSHIELD,INT-0580241,COL-8813,2026-10-11T14:29:17,America/Chicago,active,,,,2026-10-11T19:31:17Z
ENR-0643978,ACC-00284,CARDSHIELD,INT-0176828,COL-8853,2026-09-23T16:23:18,America/Chicago,active,,,,2026-09-23T21:25:18Z
ENR-0644788,ACC-00334,CARDSHIELD,INT-0150662,COL-3112,2026-09-11T18:23:18,America/Phoenix,active,,,,2026-09-12T01:25:18Z
ENR-0647425,ACC-00251,CARDSHIELD,INT-0598644,COL-3190,2026-10-16T10:00:14,America/Phoenix,active,,,,2026-10-16T17:02:14Z
ENR-0647968,ACC-00171,CARDSHIELD,INT-0824719,COL-3163,2026-08-27T09:50:18,America/Phoenix,active,,,,2026-08-27T16:52:18Z
ENR-0648561,ACC-00138,CARDSHIELD,INT-0735559,COL-3199,2026-09-15T16:07:13,America/Phoenix,active,,,,2026-09-15T23:09:13Z
ENR-0648575,ACC-01075,CARDSHIELD,INT-0743783,COL-5541,2026-11-11T14:54:12,America/Phoenix,active,,,,2026-11-11T21:56:12Z
ENR-0648937,ACC-00025,CARDSHIELD,INT-0189805,COL-5520,2026-09-28T10:54:14,America/Phoenix,cancelled,2026-10-08T17:54:20Z,customer_request,phone,2026-09-28T17:56:14Z
ENR-0648949,ACC-00349,CARDSHIELD,INT-0133385,COL-3141,2026-09-02T11:08:13,America/Phoenix,active,,,,2026-09-02T18:10:13Z
ENR-0652676,ACC-00101,CARDSHIELD,INT-0011678,COL-8847,2026-08-29T15:00:14,America/Chicago,active,,,,2026-08-29T20:02:14Z
ENR-0653359,ACC-00573,CARDSHIELD,INT-0473066,COL-7716,2026-10-06T11:22:17,America/Chicago,active,,,,2026-10-06T16:24:17Z
ENR-0653460,ACC-00297,CARDSHIELD,INT-0694084,COL-6622,2026-10-04T18:36:17,America/Chicago,active,,,,2026-10-04T23:38:17Z
ENR-0655024,ACC-00862,CARDSHIELD,INT-0386047,COL-5547,2026-11-12T14:21:12,America/Phoenix,active,,,,2026-11-12T21:23:12Z
ENR-0655546,ACC-00899,CARDSHIELD,INT-0564270,COL-7724,2026-11-13T15:28:12,America/Chicago,active,,,,2026-11-13T21:30:12Z
ENR-0658519,ACC-00636,CARDSHIELD,INT-0461062,COL-7712,2026-10-09T13:55:18,America/Chicago,active,,,,2026-10-09T18:57:18Z
ENR-0659268,ACC-01049,CARDSHIELD,INT-0558048,COL-7724,2026-09-30T13:28:14,America/Chicago,active,,,,2026-09-30T18:30:14Z
ENR-0661080,ACC-00421,CARDSHIELD,INT-0840352,COL-5541,2026-09-16T10:30:17,America/Phoenix,active,,,,2026-09-16T17:32:17Z
ENR-0661128,ACC-00734,CARDSHIELD,INT-0023616,COL-4409,2026-10-05T15:23:16,America/Phoenix,active,,,,2026-10-05T22:25:16Z
ENR-0661595,ACC-00675,CARDSHIELD,INT-0300201,COL-8861,2026-08-23T17:54:12,America/Chicago,active,,,,2026-08-23T22:56:12Z
ENR-0664287,ACC-00649,CARDSHIELD,INT-0303603,COL-5512,2026-09-06T16:28:12,America/Phoenix,active,,,,2026-09-06T23:30:12Z
ENR-0664897,ACC-00823,CARDSHIELD,INT-0553904,COL-8832,2026-10-30T10:22:17,America/Chicago,cancelled,2026-11-09T15:22:23Z,customer_request,phone,2026-10-30T15:24:17Z
ENR-0665238,ACC-01138,CARDSHIELD,INT-0631278,COL-3150,2026-10-25T08:27:14,America/Phoenix,active,,,,2026-10-25T15:29:14Z
ENR-0666698,ACC-01101,CARDSHIELD,INT-0537915,COL-8819,2026-10-08T18:20:14,America/Chicago,active,,,,2026-10-08T23:22:14Z
ENR-0667835,ACC-00186,CARDSHIELD,INT-0574725,COL-3112,2026-11-06T15:15:19,America/Phoenix,active,,,,2026-11-06T22:17:19Z
ENR-0668358,ACC-00262,CARDSHIELD,INT-0839873,COL-6645,2026-08-28T08:01:14,America/Chicago,active,,,,2026-08-28T13:03:14Z
ENR-0668479,ACC-00851,CARDSHIELD,INT-0816514,COL-7724,2026-10-28T18:00:15,America/Chicago,active,,,,2026-10-28T23:02:15Z
ENR-0670129,ACC-00584,CARDSHIELD,INT-0460270,COL-5518,2026-10-01T08:03:17,America/Phoenix,active,,,,2026-10-01T15:05:17Z
ENR-0670467,ACC-00547,CARDSHIELD,INT-0258555,COL-3108,2026-09-14T18:56:17,America/Phoenix,active,,,,2026-09-15T01:58:17Z
ENR-0670885,ACC-00651,CARDSHIELD,INT-0602847,COL-7708,2026-08-17T18:00:13,America/Chicago,active,,,,2026-08-17T23:02:13Z
ENR-0671657,ACC-00423,CARDSHIELD,INT-0208888,COL-4442,2026-08-23T14:42:17,America/Phoenix,active,,,,2026-08-23T21:44:17Z
ENR-0672348,ACC-00247,CARDSHIELD,INT-0371218,COL-6651,2026-10-20T14:56:18,America/Chicago,active,,,,2026-10-20T19:58:18Z
ENR-0672980,ACC-00173,CARDSHIELD,INT-0652634,COL-5541,2026-09-16T12:42:19,America/Phoenix,active,,,,2026-09-16T19:44:19Z
ENR-0674721,ACC-00825,CARDSHIELD,INT-0868832,COL-3122,2026-10-06T14:34:12,America/Phoenix,active,,,,2026-10-06T21:36:12Z
ENR-0675164,ACC-00834,CARDSHIELD,INT-0430977,COL-7712,2026-11-13T08:23:16,America/Chicago,active,,,,2026-11-13T14:25:16Z
ENR-0677675,ACC-00651,CARDSHIELD,INT-0326347,COL-4430,2026-09-26T08:20:12,America/Phoenix,active,,,,2026-09-26T15:22:12Z
ENR-0679211,ACC-00934,CARDSHIELD,INT-0059254,COL-7730,2026-09-27T13:43:16,America/Chicago,active,,,,2026-09-27T18:45:16Z
ENR-0679499,ACC-00538,CARDSHIELD,INT-0065638,COL-7730,2026-08-30T12:47:13,America/Chicago,active,,,,2026-08-30T17:49:13Z
ENR-0679516,ACC-00408,CARDSHIELD,INT-0213653,COL-4417,2026-09-01T10:57:18,America/Phoenix,active,,,,2026-09-01T17:59:18Z
ENR-0680764,ACC-00808,CARDSHIELD,INT-0959007,COL-8813,2026-11-08T17:37:17,America/Chicago,active,,,,2026-11-08T23:39:17Z
ENR-0681734,ACC-00423,CARDSHIELD,INT-0153335,COL-7716,2026-10-06T13:22:18,America/Chicago,active,,,,2026-10-06T18:24:18Z
ENR-0683374,ACC-00625,CARDSHIELD,INT-0107302,COL-6637,2026-08-31T17:34:12,America/Chicago,active,,,,2026-08-31T22:36:12Z
ENR-0684114,ACC-00858,CARDSHIELD,INT-0443787,COL-6645,2026-10-23T10:17:17,America/Chicago,active,,,,2026-10-23T15:19:17Z
ENR-0684232,ACC-00797,CARDSHIELD,INT-0398702,COL-3190,2026-08-21T09:56:15,America/Phoenix,active,,,,2026-08-21T16:58:15Z
ENR-0684427,ACC-00101,CARDSHIELD,INT-0266078,COL-3108,2026-10-12T14:40:14,America/Phoenix,active,,,,2026-10-12T21:42:14Z
ENR-0684511,ACC-00125,CARDSHIELD,INT-0131101,COL-4442,2026-10-18T13:34:14,America/Phoenix,active,,,,2026-10-18T20:36:14Z
ENR-0687079,ACC-00723,CARDSHIELD,INT-0452100,COL-6637,2026-08-31T17:22:17,America/Chicago,active,,,,2026-08-31T22:24:17Z
ENR-0688956,ACC-00975,CARDSHIELD,INT-0588899,COL-3163,2026-08-27T11:14:14,America/Phoenix,active,,,,2026-08-27T18:16:14Z
ENR-0691809,ACC-00138,CARDSHIELD,INT-0063160,COL-5535,2026-09-19T14:27:14,America/Phoenix,active,,,,2026-09-19T21:29:14Z
ENR-0692409,ACC-01062,CARDSHIELD,INT-0189885,COL-7705,2026-10-15T13:01:12,America/Chicago,active,,,,2026-10-15T18:03:12Z
ENR-0693582,ACC-00801,CARDSHIELD,INT-0150328,COL-7724,2026-09-30T15:40:12,America/Chicago,active,,,,2026-09-30T20:42:12Z
ENR-0693943,ACC-00121,CARDSHIELD,INT-0146574,COL-8861,2026-10-18T08:10:18,America/Chicago,active,,,,2026-10-18T13:12:18Z
ENR-0697038,ACC-00197,CARDSHIELD,INT-0395977,COL-7748,2026-09-18T13:16:17,America/Chicago,active,,,,2026-09-18T18:18:17Z
ENR-0697158,ACC-00634,CARDSHIELD,INT-0382713,COL-3199,2026-09-15T12:43:16,America/Phoenix,active,,,,2026-09-15T19:45:16Z
ENR-0697280,ACC-00999,CARDSHIELD,INT-0980718,COL-7748,2026-10-16T09:48:12,America/Chicago,active,,,,2026-10-16T14:50:12Z
ENR-0698130,ACC-01021,CARDSHIELD,INT-0085277,COL-6637,2026-09-28T18:30:19,America/Chicago,active,,,,2026-09-28T23:32:19Z
ENR-0698729,ACC-00601,CARDSHIELD,INT-0935682,COL-4403,2026-10-08T17:20:12,America/Phoenix,active,,,,2026-10-09T00:22:12Z
ENR-0700129,ACC-00821,CARDSHIELD,INT-0792366,COL-6611,2026-10-10T18:30:16,America/Chicago,active,,,,2026-10-10T23:32:16Z
ENR-0700365,ACC-00925,CARDSHIELD,INT-0765379,COL-3122,2026-09-08T09:14:14,America/Phoenix,active,,,,2026-09-08T16:16:14Z
ENR-0702677,ACC-00408,CARDSHIELD,INT-0262440,COL-7721,2026-11-10T08:17:19,America/Chicago,active,,,,2026-11-10T14:19:19Z
ENR-0705737,ACC-00458,CARDSHIELD,INT-0877296,COL-7705,2026-08-20T12:57:18,America/Chicago,active,,,,2026-08-20T17:59:18Z
ENR-0705818,ACC-00186,CARDSHIELD,INT-0698716,COL-3199,2026-11-09T13:35:20,America/Phoenix,active,,,,2026-11-09T20:37:20Z
ENR-0707475,ACC-00008,CARDSHIELD,INT-0256296,COL-3131,2026-10-31T13:57:19,America/Phoenix,active,,,,2026-10-31T20:59:19Z
ENR-0713942,ACC-00701,CARDSHIELD,INT-0967485,COL-4430,2026-10-24T11:40:12,America/Phoenix,active,,,,2026-10-24T18:42:12Z
ENR-0714327,ACC-00212,CARDSHIELD,INT-0679034,COL-6618,2026-09-09T17:01:14,America/Chicago,active,,,,2026-09-09T22:03:14Z
ENR-0714371,ACC-00475,CARDSHIELD,INT-0618109,COL-6637,2026-08-31T08:34:13,America/Chicago,active,,,,2026-08-31T13:36:13Z
ENR-0715273,ACC-00097,CARDSHIELD,INT-0655759,COL-7708,2026-10-12T09:16:17,America/Chicago,active,,,,2026-10-12T14:18:17Z
ENR-0715508,ACC-00510,CARDSHIELD,INT-0094304,COL-8813,2026-11-11T16:29:19,America/Chicago,active,,,,2026-11-11T22:31:19Z
ENR-0715802,ACC-00288,CARDSHIELD,INT-0976693,COL-4436,2026-11-10T10:47:14,America/Phoenix,active,,,,2026-11-10T17:49:14Z
ENR-0717204,ACC-00260,CARDSHIELD,INT-0784123,COL-7705,2026-09-17T17:29:19,America/Chicago,active,,,,2026-09-17T22:31:19Z
ENR-0717264,ACC-00912,CARDSHIELD,INT-0801755,COL-5526,2026-08-28T18:01:12,America/Phoenix,active,,,,2026-08-29T01:03:12Z
ENR-0718236,ACC-00110,CARDSHIELD,INT-0919645,COL-7705,2026-11-11T08:29:20,America/Chicago,active,,,,2026-11-11T14:31:20Z
ENR-0718342,ACC-00684,CARDSHIELD,INT-0174257,COL-5518,2026-09-03T14:43:16,America/Phoenix,active,,,,2026-09-03T21:45:16Z
ENR-0719242,ACC-00749,CARDSHIELD,INT-0731478,COL-4430,2026-09-26T08:08:13,America/Phoenix,active,,,,2026-09-26T15:10:13Z
ENR-0719337,ACC-00375,CARDSHIELD,INT-0792364,COL-6611,2026-11-07T14:14:13,America/Chicago,active,,,,2026-11-07T20:16:13Z
ENR-0720617,ACC-01036,CARDSHIELD,INT-0152394,COL-6658,2026-09-19T11:15:20,America/Chicago,active,,,,2026-09-19T16:17:20Z
ENR-0720779,ACC-00558,CARDSHIELD,INT-0882181,COL-7721,2026-09-05T17:17:17,America/Chicago,active,,,,2026-09-05T22:19:17Z
ENR-0721606,ACC-00571,CARDSHIELD,INT-0169670,COL-4442,2026-09-20T17:50:17,America/Phoenix,active,,,,2026-09-21T00:52:17Z
ENR-0723370,ACC-00825,CARDSHIELD,INT-0193412,COL-3163,2026-11-11T13:14:12,America/Phoenix,active,,,,2026-11-11T20:16:12Z
ENR-0724173,ACC-00912,CARDSHIELD,INT-0902828,COL-5547,2026-10-11T17:41:12,America/Phoenix,active,,,,2026-10-12T00:43:12Z
ENR-0724220,ACC-00560,CARDSHIELD,INT-0520972,COL-6618,2026-11-04T10:29:17,America/Chicago,cancelled,2026-11-14T16:29:23Z,customer_request,phone,2026-11-04T16:31:17Z
ENR-0724265,ACC-00610,CARDSHIELD,INT-0070487,COL-8813,2026-09-13T11:09:18,America/Chicago,active,,,,2026-09-13T16:11:18Z
ENR-0725785,ACC-00251,CARDSHIELD,INT-0769604,COL-3141,2026-09-02T11:20:13,America/Phoenix,active,,,,2026-09-02T18:22:13Z
ENR-0726123,ACC-01058,CARDSHIELD,INT-0694817,COL-3131,2026-09-05T18:17:16,America/Phoenix,active,,,,2026-09-06T01:19:16Z
ENR-0726942,ACC-01134,CARDSHIELD,INT-0351962,COL-6604,2026-09-15T13:43:19,America/Chicago,active,,,,2026-09-15T18:45:19Z
ENR-0729181,ACC-00525,CARDSHIELD,INT-0681620,COL-6637,2026-09-28T11:54:12,America/Chicago,active,,,,2026-09-28T16:56:12Z
ENR-0730101,ACC-01034,CARDSHIELD,INT-0665404,COL-6604,2026-10-13T18:03:16,America/Chicago,active,,,,2026-10-13T23:05:16Z
ENR-0730956,ACC-00338,CARDSHIELD,INT-0797128,COL-4436,2026-10-21T13:07:13,America/Phoenix,cancelled,2026-10-31T20:07:19Z,customer_request,phone,2026-10-21T20:09:13Z
ENR-0731214,ACC-00823,CARDSHIELD,INT-0481144,COL-6637,2026-10-26T12:02:16,America/Chicago,active,,,,2026-10-26T17:04:16Z
ENR-0731399,ACC-00884,CARDSHIELD,INT-0199512,COL-4409,2026-10-05T13:23:16,America/Phoenix,active,,,,2026-10-05T20:25:16Z
ENR-0731787,ACC-00375,CARDSHIELD,INT-0851394,COL-7735,2026-09-24T15:34:13,America/Chicago,cancelled,2026-10-04T20:34:19Z,customer_request,phone,2026-09-24T20:36:13Z
ENR-0734847,ACC-00247,CARDSHIELD,INT-0300913,COL-6622,2026-09-06T15:16:18,America/Chicago,active,,,,2026-09-06T20:18:18Z
ENR-0735576,ACC-00725,CARDSHIELD,INT-0621191,COL-8861,2026-09-20T09:14:12,America/Chicago,active,,,,2026-09-20T14:16:12Z
ENR-0739174,ACC-00284,CARDSHIELD,INT-0117538,COL-3112,2026-11-06T15:03:18,America/Phoenix,active,,,,2026-11-06T22:05:18Z
ENR-0741483,ACC-00310,CARDSHIELD,INT-0763408,COL-7721,2026-09-05T08:29:18,America/Chicago,active,,,,2026-09-05T13:31:18Z
ENR-0744306,ACC-00988,CARDSHIELD,INT-0905165,COL-3112,2026-09-11T11:47:12,America/Phoenix,cancelled,2026-09-21T18:47:18Z,customer_request,phone,2026-09-11T18:49:12Z
ENR-0744791,ACC-00023,CARDSHIELD,INT-0373680,COL-3163,2026-10-22T17:42:18,America/Phoenix,active,,,,2026-10-23T00:44:18Z
ENR-0744815,ACC-00351,CARDSHIELD,INT-0888126,COL-3190,2026-09-18T16:40:13,America/Phoenix,active,,,,2026-09-18T23:42:13Z
ENR-0744882,ACC-00736,CARDSHIELD,INT-0006329,COL-7712,2026-09-11T08:35:17,America/Chicago,active,,,,2026-09-11T13:37:17Z
ENR-0746131,ACC-00486,CARDSHIELD,INT-0795459,COL-5518,2026-10-01T08:15:17,America/Phoenix,active,,,,2026-10-01T15:17:17Z
ENR-0747581,ACC-00047,CARDSHIELD,INT-0718036,COL-7708,2026-09-14T17:56:18,America/Chicago,active,,,,2026-09-14T22:58:18Z
ENR-0748426,ACC-00223,CARDSHIELD,INT-0633263,COL-5520,2026-08-31T16:22:18,America/Phoenix,cancelled,2026-09-10T23:22:24Z,customer_request,phone,2026-08-31T23:24:18Z
ENR-0748516,ACC-00788,CARDSHIELD,INT-0310737,COL-6630,2026-10-29T14:47:12,America/Chicago,active,,,,2026-10-29T19:49:12Z
ENR-0749401,ACC-00236,CARDSHIELD,INT-0497666,COL-3150,2026-10-25T17:15:18,America/Phoenix,active,,,,2026-10-26T00:17:18Z
ENR-0749692,ACC-00960,CARDSHIELD,INT-0180392,COL-3177,2026-10-19T17:09:16,America/Phoenix,active,,,,2026-10-20T00:11:16Z
ENR-0751081,ACC-00886,CARDSHIELD,INT-0150787,COL-6630,2026-10-29T14:35:17,America/Chicago,cancelled,2026-11-08T19:35:23Z,customer_request,phone,2026-10-29T19:37:17Z
ENR-0751376,ACC-00012,CARDSHIELD,INT-0097892,COL-7721,2026-10-31T18:21:14,America/Chicago,active,,,,2026-10-31T23:23:14Z
ENR-0751459,ACC-00786,CARDSHIELD,INT-0871800,COL-6604,2026-10-13T09:15:17,America/Chicago,active,,,,2026-10-13T14:17:17Z
ENR-0751527,ACC-00662,CARDSHIELD,INT-0509338,COL-3131,2026-10-31T17:21:12,America/Phoenix,active,,,,2026-11-01T00:23:12Z
ENR-0752150,ACC-00125,CARDSHIELD,INT-0210540,COL-4412,2026-09-04T14:54:14,America/Phoenix,active,,,,2026-09-04T21:56:14Z
ENR-0752450,ACC-00538,CARDSHIELD,INT-0867731,COL-6604,2026-11-10T11:27:13,America/Chicago,active,,,,2026-11-10T17:29:13Z
ENR-0752859,ACC-00260,CARDSHIELD,INT-0939131,COL-7721,2026-10-31T16:09:19,America/Chicago,active,,,,2026-10-31T21:11:19Z
ENR-0753663,ACC-00999,CARDSHIELD,INT-0017398,COL-7708,2026-10-12T11:28:14,America/Chicago,active,,,,2026-10-12T16:30:14Z
ENR-0756343,ACC-00588,CARDSHIELD,INT-0345625,COL-7712,2026-11-06T16:27:12,America/Chicago,active,,,,2026-11-06T22:29:12Z
ENR-0756614,ACC-00560,CARDSHIELD,INT-0476786,COL-6645,2026-09-25T09:09:18,America/Chicago,active,,,,2026-09-25T14:11:18Z
ENR-0756844,ACC-00147,CARDSHIELD,INT-0362248,COL-7724,2026-09-30T11:16:17,America/Chicago,cancelled,2026-10-10T16:16:23Z,customer_request,phone,2026-09-30T16:18:17Z
ENR-0759097,ACC-01008,CARDSHIELD,INT-0741222,COL-8870,2026-09-17T16:17:16,America/Chicago,active,,,,2026-09-17T21:19:16Z
ENR-0761749,ACC-00460,CARDSHIELD,INT-0533051,COL-6618,2026-09-09T15:49:18,America/Chicago,cancelled,2026-09-19T20:49:24Z,customer_request,phone,2026-09-09T20:51:18Z
ENR-0762016,ACC-00058,CARDSHIELD,INT-0121805,COL-5510,2026-09-09T14:37:20,America/Phoenix,active,,,,2026-09-09T21:39:20Z
ENR-0764106,ACC-00784,CARDSHIELD,INT-0569218,COL-4409,2026-11-02T18:43:16,America/Phoenix,active,,,,2026-11-03T01:45:16Z
ENR-0764930,ACC-00673,CARDSHIELD,INT-0459730,COL-7735,2026-10-22T16:42:16,America/Chicago,active,,,,2026-10-22T21:44:16Z
ENR-0765361,ACC-00747,CARDSHIELD,INT-0564751,COL-5512,2026-09-06T16:16:16,America/Phoenix,active,,,,2026-09-06T23:18:16Z
ENR-0765874,ACC-00034,CARDSHIELD,INT-0558915,COL-6658,2026-10-17T14:23:15,America/Chicago,active,,,,2026-10-17T19:25:15Z
ENR-0766631,ACC-01125,CARDSHIELD,INT-0860562,COL-5520,2026-08-31T18:34:14,America/Phoenix,active,,,,2026-09-01T01:36:14Z
ENR-0767068,ACC-00621,CARDSHIELD,INT-0503148,COL-4442,2026-10-18T09:10:17,America/Phoenix,active,,,,2026-10-18T16:12:17Z
ENR-0767446,ACC-00238,CARDSHIELD,INT-0530367,COL-5535,2026-08-22T09:07:13,America/Phoenix,active,,,,2026-08-22T16:09:13Z
ENR-0767997,ACC-00871,CARDSHIELD,INT-0530612,COL-7735,2026-09-24T11:10:16,America/Chicago,active,,,,2026-09-24T16:12:16Z
ENR-0769174,ACC-00997,CARDSHIELD,INT-0006626,COL-4430,2026-09-26T17:56:15,America/Phoenix,cancelled,2026-10-07T00:56:21Z,customer_request,phone,2026-09-27T00:58:15Z
ENR-0769277,ACC-00547,CARDSHIELD,INT-0754532,COL-8847,2026-10-24T08:16:16,America/Chicago,active,,,,2026-10-24T13:18:16Z
ENR-0769308,ACC-00408,CARDSHIELD,INT-0571265,COL-7705,2026-10-15T09:37:19,America/Chicago,active,,,,2026-10-15T14:39:19Z
ENR-0770925,ACC-00962,CARDSHIELD,INT-0332250,COL-4417,2026-09-29T08:41:12,America/Phoenix,active,,,,2026-09-29T15:43:12Z
ENR-0771226,ACC-00449,CARDSHIELD,INT-0460973,COL-3190,2026-09-18T16:28:13,America/Phoenix,active,,,,2026-09-18T23:30:13Z
ENR-0775086,ACC-00147,CARDSHIELD,INT-0818358,COL-7748,2026-08-21T10:56:18,America/Chicago,active,,,,2026-08-21T15:58:18Z
ENR-0776645,ACC-00849,CARDSHIELD,INT-0203186,COL-4430,2026-08-29T14:48:12,America/Phoenix,cancelled,2026-09-08T21:48:18Z,customer_request,phone,2026-08-29T21:50:12Z
ENR-0778513,ACC-00947,CARDSHIELD,INT-0212566,COL-5530,2026-08-25T16:16:15,America/Phoenix,cancelled,2026-09-04T23:16:21Z,customer_request,phone,2026-08-25T23:18:15Z
ENR-0779474,ACC-00286,CARDSHIELD,INT-0238640,COL-5518,2026-09-03T18:55:19,America/Phoenix,active,,,,2026-09-04T01:57:19Z
ENR-0780489,ACC-00025,CARDSHIELD,INT-0929090,COL-5541,2026-08-19T09:34:14,America/Phoenix,active,,,,2026-08-19T16:36:14Z
ENR-0781980,ACC-00536,CARDSHIELD,INT-0063797,COL-4436,2026-09-23T08:35:18,America/Phoenix,active,,,,2026-09-23T15:37:18Z
ENR-0783849,ACC-00099,CARDSHIELD,INT-0479634,COL-6651,2026-09-22T11:48:14,America/Chicago,active,,,,2026-09-22T16:50:14Z
ENR-0784134,ACC-00910,CARDSHIELD,INT-0356700,COL-3177,2026-09-21T14:49:17,America/Phoenix,active,,,,2026-09-21T21:51:17Z
ENR-0784502,ACC-00534,CARDSHIELD,INT-0253514,COL-3150,2026-08-30T18:23:16,America/Phoenix,active,,,,2026-08-31T01:25:16Z
ENR-0784998,ACC-00901,CARDSHIELD,INT-0123808,COL-7748,2026-10-16T09:00:15,America/Chicago,active,,,,2026-10-16T14:02:15Z
ENR-0786301,ACC-01071,CARDSHIELD,INT-0057140,COL-6637,2026-10-26T10:50:18,America/Chicago,active,,,,2026-10-26T15:52:18Z
ENR-0786925,ACC-01036,CARDSHIELD,INT-0590485,COL-6630,2026-10-29T12:35:19,America/Chicago,active,,,,2026-10-29T17:37:19Z
ENR-0792905,ACC-01051,CARDSHIELD,INT-0960802,COL-6651,2026-10-20T16:20:14,America/Chicago,active,,,,2026-10-20T21:22:14Z
ENR-0794527,ACC-00588,CARDSHIELD,INT-0508778,COL-7730,2026-09-27T15:07:13,America/Chicago,active,,,,2026-09-27T20:09:13Z
ENR-0795519,ACC-00658,CARDSHIELD,INT-0337991,COL-6645,2026-11-10T09:57:18,America/Chicago,active,,,,2026-11-10T15:59:18Z
ENR-0795541,ACC-00473,CARDSHIELD,INT-0318967,COL-7735,2026-11-10T15:22:18,America/Chicago,active,,,,2026-11-10T21:24:18Z
ENR-0797373,ACC-00273,CARDSHIELD,INT-0522721,COL-4412,2026-10-02T17:02:18,America/Phoenix,active,,,,2026-10-03T00:04:18Z
ENR-0798122,ACC-00708,CARDSHIELD,INT-0190715,COL-6618,2026-09-09T13:37:17,America/Chicago,active,,,,2026-09-09T18:39:17Z
ENR-0799917,ACC-00462,CARDSHIELD,INT-0625559,COL-8870,2026-08-20T17:21:13,America/Chicago,active,,,,2026-08-20T22:23:13Z
ENR-0804224,ACC-00262,CARDSHIELD,INT-0442574,COL-6618,2026-10-07T09:21:13,America/Chicago,active,,,,2026-10-07T14:23:13Z
ENR-0806903,ACC-00812,CARDSHIELD,INT-0313266,COL-3177,2026-09-21T14:01:12,America/Phoenix,cancelled,2026-10-01T21:01:18Z,customer_request,phone,2026-09-21T21:03:12Z
ENR-0808320,ACC-00525,CARDSHIELD,INT-0777994,COL-6611,2026-11-07T12:14:12,America/Chicago,cancelled,2026-11-17T18:14:18Z,customer_request,phone,2026-11-07T18:16:12Z
ENR-0808562,ACC-00971,CARDSHIELD,INT-0342088,COL-6637,2026-08-31T15:10:15,America/Chicago,active,,,,2026-08-31T20:12:15Z
ENR-0810974,ACC-00021,CARDSHIELD,INT-0382383,COL-8832,2026-10-02T14:50:18,America/Chicago,active,,,,2026-10-02T19:52:18Z
ENR-0811063,ACC-00086,CARDSHIELD,INT-0694881,COL-8853,2026-10-21T10:55:19,America/Chicago,active,,,,2026-10-21T15:57:19Z
ENR-0811313,ACC-00551,CARDSHIELD,INT-0678203,COL-4430,2026-10-24T13:40:13,America/Phoenix,active,,,,2026-10-24T20:42:13Z
ENR-0811988,ACC-00371,CARDSHIELD,INT-0829807,COL-5520,2026-09-28T08:30:18,America/Phoenix,active,,,,2026-09-28T15:32:18Z
ENR-0812115,ACC-00788,CARDSHIELD,INT-0502052,COL-6658,2026-09-19T13:27:12,America/Chicago,active,,,,2026-09-19T18:29:12Z
ENR-0814122,ACC-01038,CARDSHIELD,INT-0355090,COL-8853,2026-08-26T15:27:14,America/Chicago,cancelled,2026-09-05T20:27:20Z,customer_request,phone,2026-08-26T20:29:14Z
ENR-0820939,ACC-00147,CARDSHIELD,INT-0930444,COL-6622,2026-11-12T09:36:18,America/Chicago,active,,,,2026-11-12T15:38:18Z
ENR-0821861,ACC-00512,CARDSHIELD,INT-0494021,COL-8870,2026-09-17T09:41:13,America/Chicago,active,,,,2026-09-17T14:43:13Z
ENR-0822946,ACC-00886,CARDSHIELD,INT-0642225,COL-7730,2026-10-25T16:15:20,America/Chicago,active,,,,2026-10-25T21:17:20Z
ENR-0823731,ACC-00749,CARDSHIELD,INT-0652371,COL-5530,2026-09-22T10:48:12,America/Phoenix,active,,,,2026-09-22T17:50:12Z
ENR-0824097,ACC-01075,CARDSHIELD,INT-0814440,COL-5520,2026-10-26T15:14:14,America/Phoenix,active,,,,2026-10-26T22:16:14Z
ENR-0824426,ACC-00412,CARDSHIELD,INT-0047245,COL-8813,2026-10-11T16:41:13,America/Chicago,active,,,,2026-10-11T21:43:13Z
ENR-0824942,ACC-00301,CARDSHIELD,INT-0166097,COL-3190,2026-08-21T13:20:13,America/Phoenix,active,,,,2026-08-21T20:22:13Z
ENR-0824964,ACC-01075,CARDSHIELD,INT-0051612,COL-5503,2026-09-12T16:34:14,America/Phoenix,active,,,,2026-09-12T23:36:14Z
ENR-0825212,ACC-00051,CARDSHIELD,INT-0735487,COL-8847,2026-10-24T12:40:14,America/Chicago,active,,,,2026-10-24T17:42:14Z
ENR-0826612,ACC-00347,CARDSHIELD,INT-0622037,COL-6622,2026-11-01T10:56:17,America/Chicago,active,,,,2026-11-01T16:58:17Z
ENR-0828432,ACC-00401,CARDSHIELD,INT-0282138,COL-5512,2026-09-06T18:40:13,America/Phoenix,active,,,,2026-09-07T01:42:13Z
ENR-0830229,ACC-00308,CARDSHIELD,INT-0677856,COL-5547,2026-11-08T16:37:19,America/Phoenix,active,,,,2026-11-08T23:39:19Z
ENR-0833079,ACC-00071,CARDSHIELD,INT-0328572,COL-8832,2026-10-30T17:10:18,America/Chicago,active,,,,2026-10-30T22:12:18Z
ENR-0834327,ACC-00049,CARDSHIELD,INT-0513325,COL-6651,2026-08-25T08:28:15,America/Chicago,active,,,,2026-08-25T13:30:15Z
ENR-0837612,ACC-00986,CARDSHIELD,INT-0758546,COL-6658,2026-08-22T08:55:17,America/Chicago,active,,,,2026-08-22T13:57:17Z
ENR-0837654,ACC-00386,CARDSHIELD,INT-0931969,COL-5535,2026-09-19T12:15:18,America/Phoenix,active,,,,2026-09-19T19:17:18Z
ENR-0837724,ACC-00647,CARDSHIELD,INT-0028288,COL-3108,2026-08-17T13:36:16,America/Phoenix,active,,,,2026-08-17T20:38:16Z
ENR-0837792,ACC-00958,CARDSHIELD,INT-0014975,COL-8870,2026-08-20T13:57:17,America/Chicago,active,,,,2026-08-20T18:59:17Z
ENR-0837825,ACC-01008,CARDSHIELD,INT-0937528,COL-3131,2026-10-31T15:57:17,America/Phoenix,active,,,,2026-10-31T22:59:17Z
ENR-0837862,ACC-00997,CARDSHIELD,INT-0834134,COL-5530,2026-09-22T08:36:18,America/Phoenix,active,,,,2026-09-22T15:38:18Z
ENR-0838713,ACC-00060,CARDSHIELD,INT-0628951,COL-5547,2026-11-08T18:49:20,America/Phoenix,active,,,,2026-11-09T01:51:20Z
ENR-0841311,ACC-01123,CARDSHIELD,INT-0554166,COL-3122,2026-11-03T15:42:19,America/Phoenix,active,,,,2026-11-03T22:44:19Z
ENR-0841904,ACC-00160,CARDSHIELD,INT-0405822,COL-7705,2026-10-15T11:49:20,America/Chicago,active,,,,2026-10-15T16:51:20Z
ENR-0842102,ACC-00323,CARDSHIELD,INT-0048047,COL-4442,2026-09-20T08:02:18,America/Phoenix,active,,,,2026-09-20T15:04:18Z
ENR-0842397,ACC-00960,CARDSHIELD,INT-0714754,COL-5510,2026-09-09T16:49:17,America/Phoenix,active,,,,2026-09-09T23:51:17Z
ENR-0843114,ACC-00425,CARDSHIELD,INT-0701452,COL-6611,2026-09-12T17:34:13,America/Chicago,cancelled,2026-09-22T22:34:19Z,customer_request,phone,2026-09-12T22:36:13Z
ENR-0844352,ACC-00721,CARDSHIELD,INT-0464978,COL-7735,2026-09-24T13:10:17,America/Chicago,active,,,,2026-09-24T18:12:17Z
ENR-0847217,ACC-00721,CARDSHIELD,INT-0752591,COL-7716,2026-11-03T14:30:16,America/Chicago,active,,,,2026-11-03T20:32:16Z
ENR-0847435,ACC-00362,CARDSHIELD,INT-0382896,COL-8813,2026-09-13T13:21:13,America/Chicago,active,,,,2026-09-13T18:23:13Z
ENR-0849528,ACC-00497,CARDSHIELD,INT-0685811,COL-3108,2026-08-17T15:36:17,America/Phoenix,active,,,,2026-08-17T22:38:17Z
ENR-0852512,ACC-00460,CARDSHIELD,INT-0866078,COL-6645,2026-10-23T14:29:19,America/Chicago,active,,,,2026-10-23T19:31:19Z
ENR-0855896,ACC-01036,CARDSHIELD,INT-0075243,COL-8826,2026-11-02T10:55:16,America/Chicago,active,,,,2026-11-02T16:57:16Z
ENR-0857335,ACC-00062,CARDSHIELD,INT-0187583,COL-7741,2026-10-19T09:21:14,America/Chicago,active,,,,2026-10-19T14:23:14Z
ENR-0859213,ACC-00025,CARDSHIELD,INT-0587000,COL-4412,2026-10-02T08:14:14,America/Phoenix,active,,,,2026-10-02T15:16:14Z
ENR-0861589,ACC-00971,CARDSHIELD,INT-0694695,COL-6611,2026-10-10T16:30:19,America/Chicago,active,,,,2026-10-10T21:32:19Z
ENR-0861834,ACC-00936,CARDSHIELD,INT-0045254,COL-6630,2026-09-03T17:55:17,America/Chicago,active,,,,2026-09-03T22:57:17Z
ENR-0861885,ACC-00038,CARDSHIELD,INT-0513067,COL-3199,2026-10-13T10:27:14,America/Phoenix,active,,,,2026-10-13T17:29:14Z
ENR-0863960,ACC-00501,CARDSHIELD,INT-0387140,COL-5530,2026-09-22T12:00:13,America/Phoenix,active,,,,2026-09-22T19:02:13Z
ENR-0864079,ACC-00434,CARDSHIELD,INT-0427555,COL-3112,2026-11-06T13:03:17,America/Phoenix,active,,,,2026-11-06T20:05:17Z
ENR-0865012,ACC-00075,CARDSHIELD,INT-0270734,COL-4442,2026-11-11T10:14:14,America/Phoenix,cancelled,2026-11-21T17:14:20Z,customer_request,phone,2026-11-11T17:16:14Z
ENR-0865449,ACC-00371,CARDSHIELD,INT-0613797,COL-5503,2026-11-07T09:50:17,America/Phoenix,active,,,,2026-11-07T16:52:17Z
ENR-0866998,ACC-00699,CARDSHIELD,INT-0168150,COL-5512,2026-10-04T08:48:12,America/Phoenix,active,,,,2026-10-04T15:50:12Z
ENR-0867206,ACC-00121,CARDSHIELD,INT-0381810,COL-3122,2026-09-08T18:50:19,America/Phoenix,active,,,,2026-09-09T01:52:19Z
ENR-0867243,ACC-00949,CARDSHIELD,INT-0469134,COL-7708,2026-09-14T08:08:12,America/Chicago,active,,,,2026-09-14T13:10:12Z
ENR-0867353,ACC-00325,CARDSHIELD,INT-0601595,COL-7735,2026-08-27T12:14:14,America/Chicago,active,,,,2026-08-27T17:16:14Z
ENR-0867604,ACC-00684,CARDSHIELD,INT-0904562,COL-5535,2026-10-17T13:23:16,America/Phoenix,active,,,,2026-10-17T20:25:16Z
ENR-0869209,ACC-00599,CARDSHIELD,INT-0675189,COL-5512,2026-11-01T13:08:13,America/Phoenix,active,,,,2026-11-01T20:10:13Z
ENR-0869791,ACC-01060,CARDSHIELD,INT-0954581,COL-5526,2026-09-25T10:09:16,America/Phoenix,active,,,,2026-09-25T17:11:16Z
ENR-0871910,ACC-00584,CARDSHIELD,INT-0378734,COL-3199,2026-08-18T09:23:16,America/Phoenix,active,,,,2026-08-18T16:25:16Z
ENR-0872384,ACC-00560,CARDSHIELD,INT-0632149,COL-8813,2026-11-08T08:49:18,America/Chicago,active,,,,2026-11-08T14:51:18Z
ENR-0873723,ACC-01049,CARDSHIELD,INT-0696847,COL-7748,2026-08-21T12:08:12,America/Chicago,active,,,,2026-08-21T17:10:12Z
ENR-0874338,ACC-00721,CARDSHIELD,INT-0001557,COL-4442,2026-09-20T15:50:16,America/Phoenix,active,,,,2026-09-20T22:52:16Z
ENR-0875246,ACC-00921,CARDSHIELD,INT-0279048,COL-6611,2026-09-12T13:10:16,America/Chicago,active,,,,2026-09-12T18:12:16Z
ENR-0875525,ACC-00536,CARDSHIELD,INT-0804064,COL-4409,2026-11-02T09:55:18,America/Phoenix,active,,,,2026-11-02T16:57:18Z
ENR-0875875,ACC-00386,CARDSHIELD,INT-0630309,COL-3199,2026-09-15T14:55:18,America/Phoenix,active,,,,2026-09-15T21:57:18Z
ENR-0878795,ACC-00001,CARDSHIELD,INT-0063657,COL-3108,2026-11-09T08:00:15,America/Phoenix,cancelled,2026-11-19T15:00:21Z,customer_request,phone,2026-11-09T15:02:15Z
ENR-0880495,ACC-00073,CARDSHIELD,INT-0631497,COL-3163,2026-08-27T09:02:18,America/Phoenix,cancelled,2026-09-06T16:02:24Z,customer_request,phone,2026-08-27T16:04:18Z
ENR-0881508,ACC-00301,CARDSHIELD,INT-0421381,COL-5512,2026-10-04T12:00:14,America/Phoenix,active,,,,2026-10-04T19:02:14Z
ENR-0881810,ACC-01149,CARDSHIELD,INT-0368287,COL-6622,2026-09-06T17:28:14,America/Chicago,active,,,,2026-09-06T22:30:14Z
ENR-0885313,ACC-00060,CARDSHIELD,INT-0602256,COL-5526,2026-09-25T08:09:19,America/Phoenix,active,,,,2026-09-25T15:11:19Z
ENR-0889354,ACC-00551,CARDSHIELD,INT-0077377,COL-5530,2026-10-20T15:20:12,America/Phoenix,active,,,,2026-10-20T22:22:12Z
ENR-0890166,ACC-00138,CARDSHIELD,INT-0639154,COL-5518,2026-10-29T15:47:14,America/Phoenix,cancelled,2026-11-08T22:47:20Z,customer_request,phone,2026-10-29T22:49:14Z
ENR-0891066,ACC-00686,CARDSHIELD,INT-0883092,COL-7730,2026-11-09T15:55:17,America/Chicago,active,,,,2026-11-09T21:57:17Z
ENR-0891212,ACC-00701,CARDSHIELD,INT-0079635,COL-7708,2026-09-14T10:20:12,America/Chicago,active,,,,2026-09-14T15:22:12Z
ENR-0891240,ACC-00134,CARDSHIELD,INT-0828138,COL-6630,2026-10-29T10:23:18,America/Chicago,active,,,,2026-10-29T15:25:18Z
ENR-0891834,ACC-00760,CARDSHIELD,INT-0339236,COL-8840,2026-10-27T08:49:17,America/Chicago,active,,,,2026-10-27T13:51:17Z
ENR-0891909,ACC-00436,CARDSHIELD,INT-0285471,COL-4409,2026-11-09T14:15:19,America/Phoenix,active,,,,2026-11-09T21:17:19Z
ENR-0893931,ACC-00934,CARDSHIELD,INT-0304855,COL-4436,2026-09-23T15:23:15,America/Phoenix,active,,,,2026-09-23T22:25:15Z
ENR-0894609,ACC-00960,CARDSHIELD,INT-0048937,COL-3131,2026-09-05T18:29:20,America/Phoenix,active,,,,2026-09-06T01:31:20Z
ENR-0894757,ACC-00360,CARDSHIELD,INT-0693745,COL-7721,2026-10-03T11:49:18,America/Chicago,active,,,,2026-10-03T16:51:18Z
ENR-0894945,ACC-00010,CARDSHIELD,INT-0965062,COL-5526,2026-08-28T16:49:20,America/Phoenix,active,,,,2026-08-28T23:51:20Z
ENR-0895586,ACC-00558,CARDSHIELD,INT-0773199,COL-7741,2026-10-19T16:57:18,America/Chicago,active,,,,2026-10-19T21:59:18Z
ENR-0897644,ACC-00949,CARDSHIELD,INT-0431632,COL-7724,2026-10-28T18:48:12,America/Chicago,active,,,,2026-10-28T23:50:12Z
ENR-0900189,ACC-00171,CARDSHIELD,INT-0973695,COL-3122,2026-10-06T10:10:18,America/Phoenix,active,,,,2026-10-06T17:12:18Z
ENR-0900711,ACC-00962,CARDSHIELD,INT-0288584,COL-5526,2026-09-25T10:21:14,America/Phoenix,active,,,,2026-09-25T17:23:14Z
ENR-0901602,ACC-00249,CARDSHIELD,INT-0731601,COL-8819,2026-11-05T08:28:13,America/Chicago,active,,,,2026-11-05T14:30:13Z
ENR-0901698,ACC-00073,CARDSHIELD,INT-0672791,COL-5520,2026-11-10T18:22:19,America/Phoenix,active,,,,2026-11-11T01:24:19Z
ENR-0902340,ACC-00321,CARDSHIELD,INT-0082845,COL-3163,2026-08-27T18:50:17,America/Phoenix,active,,,,2026-08-28T01:52:17Z
ENR-0902765,ACC-01088,CARDSHIELD,INT-0291001,COL-3150,2026-09-27T16:07:14,America/Phoenix,cancelled,2026-10-07T23:07:20Z,customer_request,phone,2026-09-27T23:09:14Z
ENR-0907889,ACC-00749,CARDSHIELD,INT-0165483,COL-4403,2026-11-05T09:28:12,America/Phoenix,active,,,,2026-11-05T16:30:12Z
ENR-0909012,ACC-00686,CARDSHIELD,INT-0945550,COL-4436,2026-09-23T17:35:17,America/Phoenix,active,,,,2026-09-24T00:37:17Z
ENR-0909370,ACC-00384,CARDSHIELD,INT-0745032,COL-3112,2026-10-09T10:43:17,America/Phoenix,active,,,,2026-10-09T17:45:17Z
ENR-0911010,ACC-00236,CARDSHIELD,INT-0403090,COL-3199,2026-09-15T16:55:19,America/Phoenix,active,,,,2026-09-15T23:57:19Z
ENR-0911729,ACC-00223,CARDSHIELD,INT-0624882,COL-5541,2026-10-14T15:02:18,America/Phoenix,cancelled,2026-10-24T22:02:24Z,customer_request,phone,2026-10-14T22:04:18Z
ENR-0915042,ACC-00897,CARDSHIELD,INT-0820702,COL-5530,2026-10-20T13:56:15,America/Phoenix,active,,,,2026-10-20T20:58:15Z
ENR-0916594,ACC-00571,CARDSHIELD,INT-0408160,COL-5541,2026-09-16T08:30:16,America/Phoenix,active,,,,2026-09-16T15:32:16Z
ENR-0918690,ACC-00271,CARDSHIELD,INT-0170802,COL-3163,2026-10-22T15:30:18,America/Phoenix,cancelled,2026-11-01T22:30:24Z,customer_request,phone,2026-10-22T22:32:18Z
ENR-0918997,ACC-00712,CARDSHIELD,INT-0806274,COL-5510,2026-09-09T18:01:13,America/Phoenix,active,,,,2026-09-10T01:03:13Z
ENR-0920654,ACC-00171,CARDSHIELD,INT-0010591,COL-8861,2026-08-23T11:30:18,America/Chicago,active,,,,2026-08-23T16:32:18Z
ENR-0924241,ACC-00397,CARDSHIELD,INT-0943212,COL-8819,2026-09-10T11:36:17,America/Chicago,active,,,,2026-09-10T16:38:17Z
ENR-0926160,ACC-00971,CARDSHIELD,INT-0032680,COL-8805,2026-10-14T14:50:16,America/Chicago,active,,,,2026-10-14T19:52:16Z
ENR-0928335,ACC-00134,CARDSHIELD,INT-0320173,COL-6658,2026-09-19T09:03:18,America/Chicago,active,,,,2026-09-19T14:05:18Z
ENR-0929338,ACC-00399,CARDSHIELD,INT-0529293,COL-3108,2026-08-17T15:48:13,America/Phoenix,active,,,,2026-08-17T22:50:13Z
ENR-0931276,ACC-00323,CARDSHIELD,INT-0244460,COL-5541,2026-09-16T10:42:17,America/Phoenix,active,,,,2026-09-16T17:44:17Z
ENR-0932106,ACC-00397,CARDSHIELD,INT-0268640,COL-8847,2026-10-24T10:16:17,America/Chicago,active,,,,2026-10-24T15:18:17Z
ENR-0933529,ACC-00562,CARDSHIELD,INT-0332095,COL-3131,2026-09-05T11:41:13,America/Phoenix,active,,,,2026-09-05T18:43:13Z
ENR-0934882,ACC-01125,CARDSHIELD,INT-0886070,COL-5541,2026-10-14T17:14:14,America/Phoenix,cancelled,2026-10-25T00:14:20Z,customer_request,phone,2026-10-15T00:16:14Z
ENR-0934994,ACC-01099,CARDSHIELD,INT-0535502,COL-7724,2026-10-28T16:48:14,America/Chicago,cancelled,2026-11-07T21:48:20Z,customer_request,phone,2026-10-28T21:50:14Z
ENR-0935583,ACC-00947,CARDSHIELD,INT-0638093,COL-4403,2026-10-08T15:56:15,America/Phoenix,active,,,,2026-10-08T22:58:15Z
ENR-0937143,ACC-00410,CARDSHIELD,INT-0141054,COL-7741,2026-09-21T13:49:18,America/Chicago,active,,,,2026-09-21T18:51:18Z
ENR-0939820,ACC-00649,CARDSHIELD,INT-0536935,COL-4403,2026-11-13T14:48:13,America/Phoenix,active,,,,2026-11-13T21:50:13Z
ENR-0943580,ACC-00473,CARDSHIELD,INT-0722475,COL-4442,2026-09-20T17:02:17,America/Phoenix,active,,,,2026-09-21T00:04:17Z
ENR-0944001,ACC-01060,CARDSHIELD,INT-0757760,COL-5510,2026-11-04T11:29:21,America/Phoenix,active,,,,2026-11-04T18:31:21Z
ENR-0944526,ACC-01025,CARDSHIELD,INT-0613084,COL-3163,2026-09-24T14:34:14,America/Phoenix,active,,,,2026-09-24T21:36:14Z
ENR-0945962,ACC-01110,CARDSHIELD,INT-0091883,COL-5510,2026-09-09T14:49:20,America/Phoenix,active,,,,2026-09-09T21:51:20Z
ENR-0946958,ACC-00925,CARDSHIELD,INT-0001479,COL-5503,2026-09-12T18:34:12,America/Phoenix,active,,,,2026-09-13T01:36:12Z
ENR-0946966,ACC-00710,CARDSHIELD,INT-0854606,COL-8813,2026-11-08T17:49:17,America/Chicago,active,,,,2026-11-08T23:51:17Z
ENR-0947239,ACC-00208,CARDSHIELD,INT-0363606,COL-5526,2026-10-23T11:17:19,America/Phoenix,active,,,,2026-10-23T18:19:19Z
ENR-0947877,ACC-01108,CARDSHIELD,INT-0126521,COL-8870,2026-08-20T11:57:20,America/Chicago,active,,,,2026-08-20T16:59:20Z
ENR-0951069,ACC-00588,CARDSHIELD,INT-0288557,COL-6604,2026-08-18T14:47:13,America/Chicago,active,,,,2026-08-18T19:49:13Z
ENR-0951435,ACC-00425,CARDSHIELD,INT-0608467,COL-6637,2026-10-26T16:14:13,America/Chicago,active,,,,2026-10-26T21:16:13Z
ENR-0952411,ACC-00821,CARDSHIELD,INT-0222582,COL-7735,2026-08-27T08:50:16,America/Chicago,active,,,,2026-08-27T13:52:16Z
ENR-0956633,ACC-00110,CARDSHIELD,INT-0473783,COL-5547,2026-09-13T10:09:19,America/Phoenix,active,,,,2026-09-13T17:11:19Z
ENR-0958093,ACC-00310,CARDSHIELD,INT-0109370,COL-7741,2026-10-19T18:09:19,America/Chicago,active,,,,2026-10-19T23:11:19Z
ENR-0958833,ACC-00858,CARDSHIELD,INT-0528201,COL-8840,2026-10-27T08:37:17,America/Chicago,active,,,,2026-10-27T13:39:17Z
ENR-0959336,ACC-00358,CARDSHIELD,INT-0326486,COL-4417,2026-10-27T18:37:18,America/Phoenix,cancelled,2026-11-07T01:37:24Z,customer_request,phone,2026-10-28T01:39:18Z
ENR-0961189,ACC-00351,CARDSHIELD,INT-0344752,COL-5512,2026-11-01T15:20:12,America/Phoenix,cancelled,2026-11-11T22:20:18Z,customer_request,phone,2026-11-01T22:22:12Z
ENR-0961523,ACC-00184,CARDSHIELD,INT-0788981,COL-8826,2026-09-07T11:03:18,America/Chicago,active,,,,2026-09-07T16:05:18Z
ENR-0961531,ACC-00988,CARDSHIELD,INT-0761276,COL-8826,2026-09-07T13:27:14,America/Chicago,cancelled,2026-09-17T18:27:20Z,customer_request,phone,2026-09-07T18:29:14Z
ENR-0964108,ACC-00825,CARDSHIELD,INT-0625028,COL-8861,2026-08-23T15:54:12,America/Chicago,active,,,,2026-08-23T20:56:12Z
ENR-0964642,ACC-00023,CARDSHIELD,INT-0066031,COL-3122,2026-09-08T18:02:18,America/Phoenix,active,,,,2026-09-09T01:04:18Z
ENR-0965416,ACC-00647,CARDSHIELD,INT-0115816,COL-3141,2026-09-30T12:16:16,America/Phoenix,active,,,,2026-09-30T19:18:16Z
ENR-0965696,ACC-01047,CARDSHIELD,INT-0530146,COL-7708,2026-11-12T08:56:15,America/Chicago,active,,,,2026-11-12T14:58:15Z
ENR-0966001,ACC-01138,CARDSHIELD,INT-0172360,COL-3199,2026-09-15T18:07:14,America/Phoenix,active,,,,2026-09-16T01:09:14Z
ENR-0968354,ACC-00575,CARDSHIELD,INT-0110967,COL-8805,2026-09-16T13:54:13,America/Chicago,active,,,,2026-09-16T18:56:13Z
ENR-0968443,ACC-01147,CARDSHIELD,INT-0779242,COL-4430,2026-09-26T15:56:18,America/Phoenix,active,,,,2026-09-26T22:58:18Z
ENR-0968794,ACC-00023,CARDSHIELD,INT-0616994,COL-5503,2026-09-12T16:22:19,America/Phoenix,active,,,,2026-09-12T23:24:19Z
ENR-0969898,ACC-00401,CARDSHIELD,INT-0602919,COL-5530,2026-10-20T17:20:13,America/Phoenix,active,,,,2026-10-21T00:22:13Z
ENR-0972678,ACC-00499,CARDSHIELD,INT-0808550,COL-3141,2026-09-02T09:08:13,America/Phoenix,cancelled,2026-09-12T16:08:19Z,customer_request,phone,2026-09-02T16:10:13Z
ENR-0973331,ACC-00923,CARDSHIELD,INT-0877506,COL-8832,2026-10-02T16:02:16,America/Chicago,active,,,,2026-10-02T21:04:16Z
ENR-0974620,ACC-01112,CARDSHIELD,INT-0885072,COL-4417,2026-09-29T17:41:14,America/Phoenix,active,,,,2026-09-30T00:43:14Z
ENR-0974759,ACC-00399,CARDSHIELD,INT-0143605,COL-3190,2026-11-13T13:08:14,America/Phoenix,active,,,,2026-11-13T20:10:14Z
ENR-0975558,ACC-00021,CARDSHIELD,INT-0491600,COL-8861,2026-08-23T13:30:19,America/Chicago,active,,,,2026-08-23T18:32:19Z
ENR-0976332,ACC-00110,CARDSHIELD,INT-0305396,COL-4417,2026-10-27T09:49:20,America/Phoenix,cancelled,2026-11-06T16:49:26Z,customer_request,phone,2026-10-27T16:51:20Z
ENR-0977219,ACC-00221,CARDSHIELD,INT-0322376,COL-3163,2026-09-24T12:10:18,America/Phoenix,active,,,,2026-09-24T19:12:18Z
ENR-0977850,ACC-00325,CARDSHIELD,INT-0077780,COL-7716,2026-10-06T13:34:13,America/Chicago,active,,,,2026-10-06T18:36:13Z
ENR-0979047,ACC-00786,CARDSHIELD,INT-0508073,COL-7712,2026-10-09T11:55:16,America/Chicago,active,,,,2026-10-09T16:57:16Z
ENR-0979836,ACC-00034,CARDSHIELD,INT-0180149,COL-6604,2026-10-13T16:03:18,America/Chicago,active,,,,2026-10-13T21:05:18Z
ENR-0982547,ACC-00851,CARDSHIELD,INT-0644750,COL-7748,2026-09-18T17:40:12,America/Chicago,active,,,,2026-09-18T22:42:12Z
ENR-0984517,ACC-00710,CARDSHIELD,INT-0376842,COL-8840,2026-09-29T16:29:17,America/Chicago,active,,,,2026-09-29T21:31:17Z
ENR-0987093,ACC-00384,CARDSHIELD,INT-0066923,COL-8853,2026-08-26T11:03:17,America/Chicago,cancelled,2026-09-05T16:03:23Z,customer_request,phone,2026-08-26T16:05:17Z
ENR-0989689,ACC-00062,CARDSHIELD,INT-0313194,COL-7705,2026-10-15T11:01:14,America/Chicago,cancelled,2026-10-25T16:01:20Z,customer_request,phone,2026-10-15T16:03:14Z
ENR-0994873,ACC-00062,CARDSHIELD,INT-0831514,COL-7721,2026-09-05T10:41:14,America/Chicago,active,,,,2026-09-05T15:43:14Z
ENR-0998736,ACC-00658,CARDSHIELD,INT-0848552,COL-7741,2026-09-21T11:37:17,America/Chicago,active,,,,2026-09-21T16:39:17Z
ENR-0999470,ACC-00201,CARDSHIELD,INT-0591061,COL-3190,2026-09-18T18:40:14,America/Phoenix,active,,,,2026-09-19T01:42:14Z
ENR-9000101,ACC-90001,CARDSHIELD,INT-9000101,COL-3108,2026-11-12T13:11:32,America/Phoenix,active,,,,2026-11-12T20:13:32Z
ENR-9000801,ACC-90008,CARDSHIELD,INT-9000801,COL-7705,2026-11-09T11:01:40,America/Chicago,cancelled,2026-11-12T15:00:00Z,felt pushed,secure_message,2026-11-09T17:03:40Z
ENR-9000901,ACC-90009,CARDSHIELD,INT-9000901,COL-4417,2026-11-10T14:19:10,America/Phoenix,active,,,,2026-11-10T21:21:10Z
ENR-9001301,ACC-90013,CARDSHIELD,INT-9001301,COL-4421,2026-10-14T11:00:45,America/Phoenix,cancelled,2026-10-24T18:00:00Z,no consent,secure_message,2026-10-14T18:02:45Z
ENR-9001401,ACC-90014,CARDSHIELD,INT-9001401,COL-4425,2026-11-12T12:00:45,America/Phoenix,active,,,,2026-11-12T19:02:45Z
ENR-9001901,ACC-90019,CREDITWATCH_PLUS,INT-9001901,COL-3122,2026-11-09T14:32:10,America/Phoenix,active,,,,2026-11-09T21:34:10Z
ENR-9002101,ACC-90021,CARDSHIELD,INT-9002101,COL-3190,2026-11-11T13:05:31,America/Phoenix,active,,,,2026-11-11T20:07:31Z
ENR-9002301,ACC-90023,CARDSHIELD,INT-9002301,COL-3199,2026-11-13T10:06:10,America/Phoenix,active,,,,2026-11-13T17:08:10Z
