pref_id,customer_id,preference,value,set_at,set_by_interaction_id,sync_status,synced_to_desktop_at,available_at
PREF-0150000,CUS-00797,DO_NOT_SOLICIT,true,2026-10-12T16:00:00Z,,delayed,2026-10-20T15:00:00Z,2026-10-12T16:00:00Z
PREF-0150001,CUS-00067,DO_NOT_SOLICIT,true,2026-10-13T16:00:00Z,,delayed,2026-10-20T15:00:00Z,2026-10-13T16:00:00Z
PREF-0150002,CUS-00643,DO_NOT_SOLICIT,true,2026-10-14T16:00:00Z,,delayed,2026-10-20T15:00:00Z,2026-10-14T16:00:00Z
PREF-0150003,CUS-00424,DO_NOT_SOLICIT,true,2026-10-12T16:00:00Z,,delayed,2026-10-20T15:00:00Z,2026-10-12T16:00:00Z
PREF-0150004,CUS-00038,DO_NOT_SOLICIT,true,2026-10-13T16:00:00Z,,delayed,2026-10-20T15:00:00Z,2026-10-13T16:00:00Z
PREF-0150005,CUS-00307,DO_NOT_SOLICIT,true,2026-10-14T16:00:00Z,,delayed,2026-10-20T15:00:00Z,2026-10-14T16:00:00Z
PREF-0150006,CUS-00568,DO_NOT_SOLICIT,true,2026-10-12T16:00:00Z,,delayed,2026-10-20T15:00:00Z,2026-10-12T16:00:00Z
PREF-0150007,CUS-00525,DO_NOT_SOLICIT,true,2026-10-13T16:00:00Z,,delayed,2026-10-20T15:00:00Z,2026-10-13T16:00:00Z
PREF-015D0000,CUS-00001,DO_NOT_SOLICIT,true,2026-10-12T15:00:00Z,,delayed,2026-10-20T15:00:00Z,2026-10-12T15:00:00Z
PREF-015D0001,CUS-00002,DO_NOT_SOLICIT,true,2026-10-13T15:00:00Z,,delayed,2026-10-20T15:00:00Z,2026-10-13T15:00:00Z
PREF-015D0002,CUS-00003,DO_NOT_SOLICIT,true,2026-10-14T15:00:00Z,,delayed,2026-10-20T15:00:00Z,2026-10-14T15:00:00Z
PREF-015D0003,CUS-00004,DO_NOT_SOLICIT,true,2026-10-15T15:00:00Z,,delayed,2026-10-20T15:00:00Z,2026-10-15T15:00:00Z
PREF-015D0004,CUS-00005,DO_NOT_SOLICIT,true,2026-10-16T15:00:00Z,,delayed,2026-10-20T15:00:00Z,2026-10-16T15:00:00Z
PREF-015D0005,CUS-00006,DO_NOT_SOLICIT,true,2026-10-17T15:00:00Z,,delayed,2026-10-20T15:00:00Z,2026-10-17T15:00:00Z
PREF-015D0006,CUS-00007,DO_NOT_SOLICIT,true,2026-10-18T15:00:00Z,,delayed,2026-10-20T15:00:00Z,2026-10-18T15:00:00Z
PREF-015D0007,CUS-00008,DO_NOT_SOLICIT,true,2026-10-19T15:00:00Z,,delayed,2026-10-20T15:00:00Z,2026-10-19T15:00:00Z
PREF-015D0008,CUS-00009,DO_NOT_SOLICIT,true,2026-10-12T15:00:00Z,,delayed,2026-10-20T15:00:00Z,2026-10-12T15:00:00Z
PREF-015D0009,CUS-00010,DO_NOT_SOLICIT,true,2026-10-13T15:00:00Z,,delayed,2026-10-20T15:00:00Z,2026-10-13T15:00:00Z
PREF-015D0010,CUS-00011,DO_NOT_SOLICIT,true,2026-10-14T15:00:00Z,,delayed,2026-10-20T15:00:00Z,2026-10-14T15:00:00Z
PREF-015D0011,CUS-00012,DO_NOT_SOLICIT,true,2026-10-15T15:00:00Z,,delayed,2026-10-20T15:00:00Z,2026-10-15T15:00:00Z
PREF-015D0012,CUS-00013,DO_NOT_SOLICIT,true,2026-10-16T15:00:00Z,,delayed,2026-10-20T15:00:00Z,2026-10-16T15:00:00Z
PREF-015D0013,CUS-00014,DO_NOT_SOLICIT,true,2026-10-17T15:00:00Z,,delayed,2026-10-20T15:00:00Z,2026-10-17T15:00:00Z
PREF-015D0014,CUS-00015,DO_NOT_SOLICIT,true,2026-10-18T15:00:00Z,,delayed,2026-10-20T15:00:00Z,2026-10-18T15:00:00Z
PREF-015D0015,CUS-00016,DO_NOT_SOLICIT,true,2026-10-19T15:00:00Z,,delayed,2026-10-20T15:00:00Z,2026-10-19T15:00:00Z
PREF-015D0016,CUS-00017,DO_NOT_SOLICIT,true,2026-10-12T15:00:00Z,,delayed,2026-10-20T15:00:00Z,2026-10-12T15:00:00Z
PREF-015D0017,CUS-00018,DO_NOT_SOLICIT,true,2026-10-13T15:00:00Z,,delayed,2026-10-20T15:00:00Z,2026-10-13T15:00:00Z
PREF-015D0018,CUS-00019,DO_NOT_SOLICIT,true,2026-10-14T15:00:00Z,,delayed,2026-10-20T15:00:00Z,2026-10-14T15:00:00Z
PREF-015D0019,CUS-00020,DO_NOT_SOLICIT,true,2026-10-15T15:00:00Z,,delayed,2026-10-20T15:00:00Z,2026-10-15T15:00:00Z
PREF-015D0020,CUS-00021,DO_NOT_SOLICIT,true,2026-10-16T15:00:00Z,,delayed,2026-10-20T15:00:00Z,2026-10-16T15:00:00Z
PREF-015D0021,CUS-00022,DO_NOT_SOLICIT,true,2026-10-17T15:00:00Z,,delayed,2026-10-20T15:00:00Z,2026-10-17T15:00:00Z
PREF-015D0022,CUS-00023,DO_NOT_SOLICIT,true,2026-10-18T15:00:00Z,,delayed,2026-10-20T15:00:00Z,2026-10-18T15:00:00Z
PREF-015D0023,CUS-00024,DO_NOT_SOLICIT,true,2026-10-19T15:00:00Z,,delayed,2026-10-20T15:00:00Z,2026-10-19T15:00:00Z
PREF-015D0024,CUS-00025,DO_NOT_SOLICIT,true,2026-10-12T15:00:00Z,,delayed,2026-10-20T15:00:00Z,2026-10-12T15:00:00Z
PREF-015D0025,CUS-00026,DO_NOT_SOLICIT,true,2026-10-13T15:00:00Z,,delayed,2026-10-20T15:00:00Z,2026-10-13T15:00:00Z
PREF-015D0026,CUS-00027,DO_NOT_SOLICIT,true,2026-10-14T15:00:00Z,,delayed,2026-10-20T15:00:00Z,2026-10-14T15:00:00Z
PREF-015D0027,CUS-00028,DO_NOT_SOLICIT,true,2026-10-15T15:00:00Z,,delayed,2026-10-20T15:00:00Z,2026-10-15T15:00:00Z
PREF-015D0028,CUS-00029,DO_NOT_SOLICIT,true,2026-10-16T15:00:00Z,,delayed,2026-10-20T15:00:00Z,2026-10-16T15:00:00Z
PREF-015D0029,CUS-00030,DO_NOT_SOLICIT,true,2026-10-17T15:00:00Z,,delayed,2026-10-20T15:00:00Z,2026-10-17T15:00:00Z
PREF-015D0030,CUS-00031,DO_NOT_SOLICIT,true,2026-10-18T15:00:00Z,,delayed,2026-10-20T15:00:00Z,2026-10-18T15:00:00Z
PREF-015D0031,CUS-00032,DO_NOT_SOLICIT,true,2026-10-19T15:00:00Z,,delayed,2026-10-20T15:00:00Z,2026-10-19T15:00:00Z
PREF-015D0032,CUS-00033,DO_NOT_SOLICIT,true,2026-10-12T15:00:00Z,,delayed,2026-10-20T15:00:00Z,2026-10-12T15:00:00Z
PREF-015D0033,CUS-00034,DO_NOT_SOLICIT,true,2026-10-13T15:00:00Z,,delayed,2026-10-20T15:00:00Z,2026-10-13T15:00:00Z
PREF-015D0034,CUS-00035,DO_NOT_SOLICIT,true,2026-10-14T15:00:00Z,,delayed,2026-10-20T15:00:00Z,2026-10-14T15:00:00Z
PREF-015D0035,CUS-00036,DO_NOT_SOLICIT,true,2026-10-15T15:00:00Z,,delayed,2026-10-20T15:00:00Z,2026-10-15T15:00:00Z
PREF-015D0036,CUS-00037,DO_NOT_SOLICIT,true,2026-10-16T15:00:00Z,,delayed,2026-10-20T15:00:00Z,2026-10-16T15:00:00Z
PREF-015D0037,CUS-00038,DO_NOT_SOLICIT,true,2026-10-17T15:00:00Z,,delayed,2026-10-20T15:00:00Z,2026-10-17T15:00:00Z
PREF-015D0038,CUS-00039,DO_NOT_SOLICIT,true,2026-10-18T15:00:00Z,,delayed,2026-10-20T15:00:00Z,2026-10-18T15:00:00Z
PREF-015D0039,CUS-00040,DO_NOT_SOLICIT,true,2026-10-19T15:00:00Z,,delayed,2026-10-20T15:00:00Z,2026-10-19T15:00:00Z
PREF-015D0040,CUS-00041,DO_NOT_SOLICIT,true,2026-10-12T15:00:00Z,,delayed,2026-10-20T15:00:00Z,2026-10-12T15:00:00Z
PREF-015D0041,CUS-00042,DO_NOT_SOLICIT,true,2026-10-13T15:00:00Z,,delayed,2026-10-20T15:00:00Z,2026-10-13T15:00:00Z
PREF-015D0042,CUS-00043,DO_NOT_SOLICIT,true,2026-10-14T15:00:00Z,,delayed,2026-10-20T15:00:00Z,2026-10-14T15:00:00Z
PREF-015D0043,CUS-00044,DO_NOT_SOLICIT,true,2026-10-15T15:00:00Z,,delayed,2026-10-20T15:00:00Z,2026-10-15T15:00:00Z
PREF-015D0044,CUS-00045,DO_NOT_SOLICIT,true,2026-10-16T15:00:00Z,,delayed,2026-10-20T15:00:00Z,2026-10-16T15:00:00Z
PREF-015D0045,CUS-00046,DO_NOT_SOLICIT,true,2026-10-17T15:00:00Z,,delayed,2026-10-20T15:00:00Z,2026-10-17T15:00:00Z
PREF-015D0046,CUS-00047,DO_NOT_SOLICIT,true,2026-10-18T15:00:00Z,,delayed,2026-10-20T15:00:00Z,2026-10-18T15:00:00Z
PREF-015D0047,CUS-00048,DO_NOT_SOLICIT,true,2026-10-19T15:00:00Z,,delayed,2026-10-20T15:00:00Z,2026-10-19T15:00:00Z
PREF-015D0048,CUS-00049,DO_NOT_SOLICIT,true,2026-10-12T15:00:00Z,,delayed,2026-10-20T15:00:00Z,2026-10-12T15:00:00Z
PREF-015D0049,CUS-00050,DO_NOT_SOLICIT,true,2026-10-13T15:00:00Z,,delayed,2026-10-20T15:00:00Z,2026-10-13T15:00:00Z
PREF-015D0050,CUS-00051,DO_NOT_SOLICIT,true,2026-10-14T15:00:00Z,,delayed,2026-10-20T15:00:00Z,2026-10-14T15:00:00Z
PREF-015D0051,CUS-00052,DO_NOT_SOLICIT,true,2026-10-15T15:00:00Z,,delayed,2026-10-20T15:00:00Z,2026-10-15T15:00:00Z
PREF-015D0052,CUS-00053,DO_NOT_SOLICIT,true,2026-10-16T15:00:00Z,,delayed,2026-10-20T15:00:00Z,2026-10-16T15:00:00Z
PREF-015D0053,CUS-00054,DO_NOT_SOLICIT,true,2026-10-17T15:00:00Z,,delayed,2026-10-20T15:00:00Z,2026-10-17T15:00:00Z
PREF-015D0054,CUS-00055,DO_NOT_SOLICIT,true,2026-10-18T15:00:00Z,,delayed,2026-10-20T15:00:00Z,2026-10-18T15:00:00Z
PREF-015D0055,CUS-00056,DO_NOT_SOLICIT,true,2026-10-19T15:00:00Z,,delayed,2026-10-20T15:00:00Z,2026-10-19T15:00:00Z
PREF-015D0056,CUS-00057,DO_NOT_SOLICIT,true,2026-10-12T15:00:00Z,,delayed,2026-10-20T15:00:00Z,2026-10-12T15:00:00Z
PREF-015D0057,CUS-00058,DO_NOT_SOLICIT,true,2026-10-13T15:00:00Z,,delayed,2026-10-20T15:00:00Z,2026-10-13T15:00:00Z
PREF-015D0058,CUS-00059,DO_NOT_SOLICIT,true,2026-10-14T15:00:00Z,,delayed,2026-10-20T15:00:00Z,2026-10-14T15:00:00Z
PREF-015D0059,CUS-00060,DO_NOT_SOLICIT,true,2026-10-15T15:00:00Z,,delayed,2026-10-20T15:00:00Z,2026-10-15T15:00:00Z
PREF-015D0060,CUS-00061,DO_NOT_SOLICIT,true,2026-10-16T15:00:00Z,,delayed,2026-10-20T15:00:00Z,2026-10-16T15:00:00Z
PREF-015D0061,CUS-00062,DO_NOT_SOLICIT,true,2026-10-17T15:00:00Z,,delayed,2026-10-20T15:00:00Z,2026-10-17T15:00:00Z
PREF-015D0062,CUS-00063,DO_NOT_SOLICIT,true,2026-10-18T15:00:00Z,,delayed,2026-10-20T15:00:00Z,2026-10-18T15:00:00Z
PREF-015D0063,CUS-00064,DO_NOT_SOLICIT,true,2026-10-19T15:00:00Z,,delayed,2026-10-20T15:00:00Z,2026-10-19T15:00:00Z
PREF-015D0064,CUS-00065,DO_NOT_SOLICIT,true,2026-10-12T15:00:00Z,,delayed,2026-10-20T15:00:00Z,2026-10-12T15:00:00Z
PREF-015D0065,CUS-00066,DO_NOT_SOLICIT,true,2026-10-13T15:00:00Z,,delayed,2026-10-20T15:00:00Z,2026-10-13T15:00:00Z
PREF-015D0066,CUS-00067,DO_NOT_SOLICIT,true,2026-10-14T15:00:00Z,,delayed,2026-10-20T15:00:00Z,2026-10-14T15:00:00Z
PREF-015D0067,CUS-00068,DO_NOT_SOLICIT,true,2026-10-15T15:00:00Z,,delayed,2026-10-20T15:00:00Z,2026-10-15T15:00:00Z
PREF-015D0068,CUS-00069,DO_NOT_SOLICIT,true,2026-10-16T15:00:00Z,,delayed,2026-10-20T15:00:00Z,2026-10-16T15:00:00Z
PREF-015D0069,CUS-00070,DO_NOT_SOLICIT,true,2026-10-17T15:00:00Z,,delayed,2026-10-20T15:00:00Z,2026-10-17T15:00:00Z
PREF-015D0070,CUS-00071,DO_NOT_SOLICIT,true,2026-10-18T15:00:00Z,,delayed,2026-10-20T15:00:00Z,2026-10-18T15:00:00Z
PREF-015D0071,CUS-00072,DO_NOT_SOLICIT,true,2026-10-19T15:00:00Z,,delayed,2026-10-20T15:00:00Z,2026-10-19T15:00:00Z
PREF-015D0072,CUS-00073,DO_NOT_SOLICIT,true,2026-10-12T15:00:00Z,,delayed,2026-10-20T15:00:00Z,2026-10-12T15:00:00Z
PREF-015D0073,CUS-00074,DO_NOT_SOLICIT,true,2026-10-13T15:00:00Z,,delayed,2026-10-20T15:00:00Z,2026-10-13T15:00:00Z
PREF-015D0074,CUS-00075,DO_NOT_SOLICIT,true,2026-10-14T15:00:00Z,,delayed,2026-10-20T15:00:00Z,2026-10-14T15:00:00Z
PREF-015D0075,CUS-00076,DO_NOT_SOLICIT,true,2026-10-15T15:00:00Z,,delayed,2026-10-20T15:00:00Z,2026-10-15T15:00:00Z
PREF-015D0076,CUS-00077,DO_NOT_SOLICIT,true,2026-10-16T15:00:00Z,,delayed,2026-10-20T15:00:00Z,2026-10-16T15:00:00Z
PREF-015D0077,CUS-00078,DO_NOT_SOLICIT,true,2026-10-17T15:00:00Z,,delayed,2026-10-20T15:00:00Z,2026-10-17T15:00:00Z
PREF-015D0078,CUS-00079,DO_NOT_SOLICIT,true,2026-10-18T15:00:00Z,,delayed,2026-10-20T15:00:00Z,2026-10-18T15:00:00Z
PREF-015D0079,CUS-00080,DO_NOT_SOLICIT,true,2026-10-19T15:00:00Z,,delayed,2026-10-20T15:00:00Z,2026-10-19T15:00:00Z
PREF-015D0080,CUS-00081,DO_NOT_SOLICIT,true,2026-10-12T15:00:00Z,,delayed,2026-10-20T15:00:00Z,2026-10-12T15:00:00Z
PREF-015D0081,CUS-00082,DO_NOT_SOLICIT,true,2026-10-13T15:00:00Z,,delayed,2026-10-20T15:00:00Z,2026-10-13T15:00:00Z
PREF-015D0082,CUS-00083,DO_NOT_SOLICIT,true,2026-10-14T15:00:00Z,,delayed,2026-10-20T15:00:00Z,2026-10-14T15:00:00Z
PREF-015D0083,CUS-00084,DO_NOT_SOLICIT,true,2026-10-15T15:00:00Z,,delayed,2026-10-20T15:00:00Z,2026-10-15T15:00:00Z
PREF-015D0084,CUS-00085,DO_NOT_SOLICIT,true,2026-10-16T15:00:00Z,,delayed,2026-10-20T15:00:00Z,2026-10-16T15:00:00Z
PREF-015D0085,CUS-00086,DO_NOT_SOLICIT,true,2026-10-17T15:00:00Z,,delayed,2026-10-20T15:00:00Z,2026-10-17T15:00:00Z
PREF-015D0086,CUS-00087,DO_NOT_SOLICIT,true,2026-10-18T15:00:00Z,,delayed,2026-10-20T15:00:00Z,2026-10-18T15:00:00Z
PREF-015D0087,CUS-00088,DO_NOT_SOLICIT,true,2026-10-19T15:00:00Z,,delayed,2026-10-20T15:00:00Z,2026-10-19T15:00:00Z
PREF-015D0088,CUS-00089,DO_NOT_SOLICIT,true,2026-10-12T15:00:00Z,,delayed,2026-10-20T15:00:00Z,2026-10-12T15:00:00Z
PREF-015D0089,CUS-00090,DO_NOT_SOLICIT,true,2026-10-13T15:00:00Z,,delayed,2026-10-20T15:00:00Z,2026-10-13T15:00:00Z
PREF-015D0090,CUS-00091,DO_NOT_SOLICIT,true,2026-10-14T15:00:00Z,,delayed,2026-10-20T15:00:00Z,2026-10-14T15:00:00Z
PREF-015D0091,CUS-00092,DO_NOT_SOLICIT,true,2026-10-15T15:00:00Z,,delayed,2026-10-20T15:00:00Z,2026-10-15T15:00:00Z
PREF-015D0092,CUS-00093,DO_NOT_SOLICIT,true,2026-10-16T15:00:00Z,,delayed,2026-10-20T15:00:00Z,2026-10-16T15:00:00Z
PREF-015D0093,CUS-00094,DO_NOT_SOLICIT,true,2026-10-17T15:00:00Z,,delayed,2026-10-20T15:00:00Z,2026-10-17T15:00:00Z
PREF-015D0094,CUS-00095,DO_NOT_SOLICIT,true,2026-10-18T15:00:00Z,,delayed,2026-10-20T15:00:00Z,2026-10-18T15:00:00Z
PREF-015D0095,CUS-00096,DO_NOT_SOLICIT,true,2026-10-19T15:00:00Z,,delayed,2026-10-20T15:00:00Z,2026-10-19T15:00:00Z
PREF-015D0096,CUS-00097,DO_NOT_SOLICIT,true,2026-10-12T15:00:00Z,,delayed,2026-10-20T15:00:00Z,2026-10-12T15:00:00Z
PREF-015D0097,CUS-00098,DO_NOT_SOLICIT,true,2026-10-13T15:00:00Z,,delayed,2026-10-20T15:00:00Z,2026-10-13T15:00:00Z
PREF-015D0098,CUS-00099,DO_NOT_SOLICIT,true,2026-10-14T15:00:00Z,,delayed,2026-10-20T15:00:00Z,2026-10-14T15:00:00Z
PREF-015D0099,CUS-00100,DO_NOT_SOLICIT,true,2026-10-15T15:00:00Z,,delayed,2026-10-20T15:00:00Z,2026-10-15T15:00:00Z
PREF-015D0100,CUS-00101,DO_NOT_SOLICIT,true,2026-10-16T15:00:00Z,,delayed,2026-10-20T15:00:00Z,2026-10-16T15:00:00Z
PREF-015D0101,CUS-00102,DO_NOT_SOLICIT,true,2026-10-17T15:00:00Z,,delayed,2026-10-20T15:00:00Z,2026-10-17T15:00:00Z
PREF-015D0102,CUS-00103,DO_NOT_SOLICIT,true,2026-10-18T15:00:00Z,,delayed,2026-10-20T15:00:00Z,2026-10-18T15:00:00Z
PREF-015D0103,CUS-00104,DO_NOT_SOLICIT,true,2026-10-19T15:00:00Z,,delayed,2026-10-20T15:00:00Z,2026-10-19T15:00:00Z
PREF-015D0104,CUS-00105,DO_NOT_SOLICIT,true,2026-10-12T15:00:00Z,,delayed,2026-10-20T15:00:00Z,2026-10-12T15:00:00Z
PREF-015D0105,CUS-00106,DO_NOT_SOLICIT,true,2026-10-13T15:00:00Z,,delayed,2026-10-20T15:00:00Z,2026-10-13T15:00:00Z
PREF-015D0106,CUS-00107,DO_NOT_SOLICIT,true,2026-10-14T15:00:00Z,,delayed,2026-10-20T15:00:00Z,2026-10-14T15:00:00Z
PREF-015D0107,CUS-00108,DO_NOT_SOLICIT,true,2026-10-15T15:00:00Z,,delayed,2026-10-20T15:00:00Z,2026-10-15T15:00:00Z
PREF-015D0108,CUS-00109,DO_NOT_SOLICIT,true,2026-10-16T15:00:00Z,,delayed,2026-10-20T15:00:00Z,2026-10-16T15:00:00Z
PREF-015D0109,CUS-00110,DO_NOT_SOLICIT,true,2026-10-17T15:00:00Z,,delayed,2026-10-20T15:00:00Z,2026-10-17T15:00:00Z
PREF-015D0110,CUS-00111,DO_NOT_SOLICIT,true,2026-10-18T15:00:00Z,,delayed,2026-10-20T15:00:00Z,2026-10-18T15:00:00Z
PREF-015D0111,CUS-00112,DO_NOT_SOLICIT,true,2026-10-19T15:00:00Z,,delayed,2026-10-20T15:00:00Z,2026-10-19T15:00:00Z
PREF-015D0112,CUS-00113,DO_NOT_SOLICIT,true,2026-10-12T15:00:00Z,,delayed,2026-10-20T15:00:00Z,2026-10-12T15:00:00Z
PREF-015D0113,CUS-00114,DO_NOT_SOLICIT,true,2026-10-13T15:00:00Z,,delayed,2026-10-20T15:00:00Z,2026-10-13T15:00:00Z
PREF-015D0114,CUS-00115,DO_NOT_SOLICIT,true,2026-10-14T15:00:00Z,,delayed,2026-10-20T15:00:00Z,2026-10-14T15:00:00Z
PREF-015D0115,CUS-00116,DO_NOT_SOLICIT,true,2026-10-15T15:00:00Z,,delayed,2026-10-20T15:00:00Z,2026-10-15T15:00:00Z
PREF-015D0116,CUS-00117,DO_NOT_SOLICIT,true,2026-10-16T15:00:00Z,,delayed,2026-10-20T15:00:00Z,2026-10-16T15:00:00Z
PREF-015D0117,CUS-00118,DO_NOT_SOLICIT,true,2026-10-17T15:00:00Z,,delayed,2026-10-20T15:00:00Z,2026-10-17T15:00:00Z
PREF-015D0118,CUS-00119,DO_NOT_SOLICIT,true,2026-10-18T15:00:00Z,,delayed,2026-10-20T15:00:00Z,2026-10-18T15:00:00Z
PREF-015D0119,CUS-00120,DO_NOT_SOLICIT,true,2026-10-19T15:00:00Z,,delayed,2026-10-20T15:00:00Z,2026-10-19T15:00:00Z
PREF-015D0120,CUS-00121,DO_NOT_SOLICIT,true,2026-10-12T15:00:00Z,,delayed,2026-10-20T15:00:00Z,2026-10-12T15:00:00Z
PREF-015D0121,CUS-00122,DO_NOT_SOLICIT,true,2026-10-13T15:00:00Z,,delayed,2026-10-20T15:00:00Z,2026-10-13T15:00:00Z
PREF-015D0122,CUS-00123,DO_NOT_SOLICIT,true,2026-10-14T15:00:00Z,,delayed,2026-10-20T15:00:00Z,2026-10-14T15:00:00Z
PREF-015D0123,CUS-00124,DO_NOT_SOLICIT,true,2026-10-15T15:00:00Z,,delayed,2026-10-20T15:00:00Z,2026-10-15T15:00:00Z
PREF-015D0124,CUS-00125,DO_NOT_SOLICIT,true,2026-10-16T15:00:00Z,,delayed,2026-10-20T15:00:00Z,2026-10-16T15:00:00Z
PREF-015D0125,CUS-00126,DO_NOT_SOLICIT,true,2026-10-17T15:00:00Z,,delayed,2026-10-20T15:00:00Z,2026-10-17T15:00:00Z
PREF-015D0126,CUS-00127,DO_NOT_SOLICIT,true,2026-10-18T15:00:00Z,,delayed,2026-10-20T15:00:00Z,2026-10-18T15:00:00Z
PREF-015D0127,CUS-00128,DO_NOT_SOLICIT,true,2026-10-19T15:00:00Z,,delayed,2026-10-20T15:00:00Z,2026-10-19T15:00:00Z
PREF-015D0128,CUS-00129,DO_NOT_SOLICIT,true,2026-10-12T15:00:00Z,,delayed,2026-10-20T15:00:00Z,2026-10-12T15:00:00Z
PREF-015D0129,CUS-00130,DO_NOT_SOLICIT,true,2026-10-13T15:00:00Z,,delayed,2026-10-20T15:00:00Z,2026-10-13T15:00:00Z
PREF-015D0130,CUS-00131,DO_NOT_SOLICIT,true,2026-10-14T15:00:00Z,,delayed,2026-10-20T15:00:00Z,2026-10-14T15:00:00Z
PREF-015D0131,CUS-00132,DO_NOT_SOLICIT,true,2026-10-15T15:00:00Z,,delayed,2026-10-20T15:00:00Z,2026-10-15T15:00:00Z
PREF-015D0132,CUS-00133,DO_NOT_SOLICIT,true,2026-10-16T15:00:00Z,,delayed,2026-10-20T15:00:00Z,2026-10-16T15:00:00Z
PREF-015D0133,CUS-00134,DO_NOT_SOLICIT,true,2026-10-17T15:00:00Z,,delayed,2026-10-20T15:00:00Z,2026-10-17T15:00:00Z
PREF-015D0134,CUS-00135,DO_NOT_SOLICIT,true,2026-10-18T15:00:00Z,,delayed,2026-10-20T15:00:00Z,2026-10-18T15:00:00Z
PREF-015D0135,CUS-00136,DO_NOT_SOLICIT,true,2026-10-19T15:00:00Z,,delayed,2026-10-20T15:00:00Z,2026-10-19T15:00:00Z
PREF-015D0136,CUS-00137,DO_NOT_SOLICIT,true,2026-10-12T15:00:00Z,,delayed,2026-10-20T15:00:00Z,2026-10-12T15:00:00Z
PREF-015D0137,CUS-00138,DO_NOT_SOLICIT,true,2026-10-13T15:00:00Z,,delayed,2026-10-20T15:00:00Z,2026-10-13T15:00:00Z
PREF-015D0138,CUS-00139,DO_NOT_SOLICIT,true,2026-10-14T15:00:00Z,,delayed,2026-10-20T15:00:00Z,2026-10-14T15:00:00Z
PREF-015D0139,CUS-00140,DO_NOT_SOLICIT,true,2026-10-15T15:00:00Z,,delayed,2026-10-20T15:00:00Z,2026-10-15T15:00:00Z
PREF-015D0140,CUS-00141,DO_NOT_SOLICIT,true,2026-10-16T15:00:00Z,,delayed,2026-10-20T15:00:00Z,2026-10-16T15:00:00Z
PREF-015D0141,CUS-00142,DO_NOT_SOLICIT,true,2026-10-17T15:00:00Z,,delayed,2026-10-20T15:00:00Z,2026-10-17T15:00:00Z
PREF-015D0142,CUS-00143,DO_NOT_SOLICIT,true,2026-10-18T15:00:00Z,,delayed,2026-10-20T15:00:00Z,2026-10-18T15:00:00Z
PREF-015D0143,CUS-00144,DO_NOT_SOLICIT,true,2026-10-19T15:00:00Z,,delayed,2026-10-20T15:00:00Z,2026-10-19T15:00:00Z
PREF-015D0144,CUS-00145,DO_NOT_SOLICIT,true,2026-10-12T15:00:00Z,,delayed,2026-10-20T15:00:00Z,2026-10-12T15:00:00Z
PREF-015D0145,CUS-00146,DO_NOT_SOLICIT,true,2026-10-13T15:00:00Z,,delayed,2026-10-20T15:00:00Z,2026-10-13T15:00:00Z
PREF-015D0146,CUS-00147,DO_NOT_SOLICIT,true,2026-10-14T15:00:00Z,,delayed,2026-10-20T15:00:00Z,2026-10-14T15:00:00Z
PREF-015D0147,CUS-00148,DO_NOT_SOLICIT,true,2026-10-15T15:00:00Z,,delayed,2026-10-20T15:00:00Z,2026-10-15T15:00:00Z
PREF-015D0148,CUS-00149,DO_NOT_SOLICIT,true,2026-10-16T15:00:00Z,,delayed,2026-10-20T15:00:00Z,2026-10-16T15:00:00Z
PREF-015D0149,CUS-00150,DO_NOT_SOLICIT,true,2026-10-17T15:00:00Z,,delayed,2026-10-20T15:00:00Z,2026-10-17T15:00:00Z
PREF-015D0150,CUS-00151,DO_NOT_SOLICIT,true,2026-10-18T15:00:00Z,,delayed,2026-10-20T15:00:00Z,2026-10-18T15:00:00Z
PREF-015D0151,CUS-00152,DO_NOT_SOLICIT,true,2026-10-19T15:00:00Z,,delayed,2026-10-20T15:00:00Z,2026-10-19T15:00:00Z
PREF-015D0152,CUS-00153,DO_NOT_SOLICIT,true,2026-10-12T15:00:00Z,,delayed,2026-10-20T15:00:00Z,2026-10-12T15:00:00Z
PREF-015D0153,CUS-00154,DO_NOT_SOLICIT,true,2026-10-13T15:00:00Z,,delayed,2026-10-20T15:00:00Z,2026-10-13T15:00:00Z
PREF-015D0154,CUS-00155,DO_NOT_SOLICIT,true,2026-10-14T15:00:00Z,,delayed,2026-10-20T15:00:00Z,2026-10-14T15:00:00Z
PREF-015D0155,CUS-00156,DO_NOT_SOLICIT,true,2026-10-15T15:00:00Z,,delayed,2026-10-20T15:00:00Z,2026-10-15T15:00:00Z
PREF-015D0156,CUS-00157,DO_NOT_SOLICIT,true,2026-10-16T15:00:00Z,,delayed,2026-10-20T15:00:00Z,2026-10-16T15:00:00Z
PREF-015D0157,CUS-00158,DO_NOT_SOLICIT,true,2026-10-17T15:00:00Z,,delayed,2026-10-20T15:00:00Z,2026-10-17T15:00:00Z
PREF-015D0158,CUS-00159,DO_NOT_SOLICIT,true,2026-10-18T15:00:00Z,,delayed,2026-10-20T15:00:00Z,2026-10-18T15:00:00Z
PREF-015D0159,CUS-00160,DO_NOT_SOLICIT,true,2026-10-19T15:00:00Z,,delayed,2026-10-20T15:00:00Z,2026-10-19T15:00:00Z
PREF-015D0160,CUS-00161,DO_NOT_SOLICIT,true,2026-10-12T15:00:00Z,,delayed,2026-10-20T15:00:00Z,2026-10-12T15:00:00Z
PREF-015D0161,CUS-00162,DO_NOT_SOLICIT,true,2026-10-13T15:00:00Z,,delayed,2026-10-20T15:00:00Z,2026-10-13T15:00:00Z
PREF-015D0162,CUS-00163,DO_NOT_SOLICIT,true,2026-10-14T15:00:00Z,,delayed,2026-10-20T15:00:00Z,2026-10-14T15:00:00Z
PREF-015D0163,CUS-00164,DO_NOT_SOLICIT,true,2026-10-15T15:00:00Z,,delayed,2026-10-20T15:00:00Z,2026-10-15T15:00:00Z
PREF-015D0164,CUS-00165,DO_NOT_SOLICIT,true,2026-10-16T15:00:00Z,,delayed,2026-10-20T15:00:00Z,2026-10-16T15:00:00Z
PREF-015D0165,CUS-00166,DO_NOT_SOLICIT,true,2026-10-17T15:00:00Z,,delayed,2026-10-20T15:00:00Z,2026-10-17T15:00:00Z
PREF-015D0166,CUS-00167,DO_NOT_SOLICIT,true,2026-10-18T15:00:00Z,,delayed,2026-10-20T15:00:00Z,2026-10-18T15:00:00Z
PREF-015D0167,CUS-00168,DO_NOT_SOLICIT,true,2026-10-19T15:00:00Z,,delayed,2026-10-20T15:00:00Z,2026-10-19T15:00:00Z
PREF-015D0168,CUS-00169,DO_NOT_SOLICIT,true,2026-10-12T15:00:00Z,,delayed,2026-10-20T15:00:00Z,2026-10-12T15:00:00Z
PREF-015D0169,CUS-00170,DO_NOT_SOLICIT,true,2026-10-13T15:00:00Z,,delayed,2026-10-20T15:00:00Z,2026-10-13T15:00:00Z
PREF-015D0170,CUS-00171,DO_NOT_SOLICIT,true,2026-10-14T15:00:00Z,,delayed,2026-10-20T15:00:00Z,2026-10-14T15:00:00Z
PREF-015D0171,CUS-00172,DO_NOT_SOLICIT,true,2026-10-15T15:00:00Z,,delayed,2026-10-20T15:00:00Z,2026-10-15T15:00:00Z
PREF-015D0172,CUS-00173,DO_NOT_SOLICIT,true,2026-10-16T15:00:00Z,,delayed,2026-10-20T15:00:00Z,2026-10-16T15:00:00Z
PREF-015D0173,CUS-00174,DO_NOT_SOLICIT,true,2026-10-17T15:00:00Z,,delayed,2026-10-20T15:00:00Z,2026-10-17T15:00:00Z
PREF-015D0174,CUS-00175,DO_NOT_SOLICIT,true,2026-10-18T15:00:00Z,,delayed,2026-10-20T15:00:00Z,2026-10-18T15:00:00Z
PREF-015D0175,CUS-00176,DO_NOT_SOLICIT,true,2026-10-19T15:00:00Z,,delayed,2026-10-20T15:00:00Z,2026-10-19T15:00:00Z
PREF-015D0176,CUS-00177,DO_NOT_SOLICIT,true,2026-10-12T15:00:00Z,,delayed,2026-10-20T15:00:00Z,2026-10-12T15:00:00Z
PREF-015D0177,CUS-00178,DO_NOT_SOLICIT,true,2026-10-13T15:00:00Z,,delayed,2026-10-20T15:00:00Z,2026-10-13T15:00:00Z
PREF-015D0178,CUS-00179,DO_NOT_SOLICIT,true,2026-10-14T15:00:00Z,,delayed,2026-10-20T15:00:00Z,2026-10-14T15:00:00Z
PREF-015D0179,CUS-00180,DO_NOT_SOLICIT,true,2026-10-15T15:00:00Z,,delayed,2026-10-20T15:00:00Z,2026-10-15T15:00:00Z
PREF-015D0180,CUS-00181,DO_NOT_SOLICIT,true,2026-10-16T15:00:00Z,,delayed,2026-10-20T15:00:00Z,2026-10-16T15:00:00Z
PREF-015D0181,CUS-00182,DO_NOT_SOLICIT,true,2026-10-17T15:00:00Z,,delayed,2026-10-20T15:00:00Z,2026-10-17T15:00:00Z
PREF-015D0182,CUS-00183,DO_NOT_SOLICIT,true,2026-10-18T15:00:00Z,,delayed,2026-10-20T15:00:00Z,2026-10-18T15:00:00Z
PREF-015D0183,CUS-00184,DO_NOT_SOLICIT,true,2026-10-19T15:00:00Z,,delayed,2026-10-20T15:00:00Z,2026-10-19T15:00:00Z
PREF-015D0184,CUS-00185,DO_NOT_SOLICIT,true,2026-10-12T15:00:00Z,,delayed,2026-10-20T15:00:00Z,2026-10-12T15:00:00Z
PREF-015D0185,CUS-00186,DO_NOT_SOLICIT,true,2026-10-13T15:00:00Z,,delayed,2026-10-20T15:00:00Z,2026-10-13T15:00:00Z
PREF-015D0186,CUS-00187,DO_NOT_SOLICIT,true,2026-10-14T15:00:00Z,,delayed,2026-10-20T15:00:00Z,2026-10-14T15:00:00Z
PREF-015D0187,CUS-00188,DO_NOT_SOLICIT,true,2026-10-15T15:00:00Z,,delayed,2026-10-20T15:00:00Z,2026-10-15T15:00:00Z
PREF-015D0188,CUS-00189,DO_NOT_SOLICIT,true,2026-10-16T15:00:00Z,,delayed,2026-10-20T15:00:00Z,2026-10-16T15:00:00Z
PREF-015D0189,CUS-00190,DO_NOT_SOLICIT,true,2026-10-17T15:00:00Z,,delayed,2026-10-20T15:00:00Z,2026-10-17T15:00:00Z
PREF-015D0190,CUS-00191,DO_NOT_SOLICIT,true,2026-10-18T15:00:00Z,,delayed,2026-10-20T15:00:00Z,2026-10-18T15:00:00Z
PREF-015D0191,CUS-00192,DO_NOT_SOLICIT,true,2026-10-19T15:00:00Z,,delayed,2026-10-20T15:00:00Z,2026-10-19T15:00:00Z
PREF-015D0192,CUS-00193,DO_NOT_SOLICIT,true,2026-10-12T15:00:00Z,,delayed,2026-10-20T15:00:00Z,2026-10-12T15:00:00Z
PREF-015D0193,CUS-00194,DO_NOT_SOLICIT,true,2026-10-13T15:00:00Z,,delayed,2026-10-20T15:00:00Z,2026-10-13T15:00:00Z
PREF-015D0194,CUS-00195,DO_NOT_SOLICIT,true,2026-10-14T15:00:00Z,,delayed,2026-10-20T15:00:00Z,2026-10-14T15:00:00Z
PREF-015D0195,CUS-00196,DO_NOT_SOLICIT,true,2026-10-15T15:00:00Z,,delayed,2026-10-20T15:00:00Z,2026-10-15T15:00:00Z
PREF-015D0196,CUS-00197,DO_NOT_SOLICIT,true,2026-10-16T15:00:00Z,,delayed,2026-10-20T15:00:00Z,2026-10-16T15:00:00Z
PREF-015D0197,CUS-00198,DO_NOT_SOLICIT,true,2026-10-17T15:00:00Z,,delayed,2026-10-20T15:00:00Z,2026-10-17T15:00:00Z
PREF-015D0198,CUS-00199,DO_NOT_SOLICIT,true,2026-10-18T15:00:00Z,,delayed,2026-10-20T15:00:00Z,2026-10-18T15:00:00Z
PREF-015D0199,CUS-00200,DO_NOT_SOLICIT,true,2026-10-19T15:00:00Z,,delayed,2026-10-20T15:00:00Z,2026-10-19T15:00:00Z
PREF-015D0200,CUS-00201,DO_NOT_SOLICIT,true,2026-10-12T15:00:00Z,,delayed,2026-10-20T15:00:00Z,2026-10-12T15:00:00Z
PREF-015D0201,CUS-00202,DO_NOT_SOLICIT,true,2026-10-13T15:00:00Z,,delayed,2026-10-20T15:00:00Z,2026-10-13T15:00:00Z
PREF-015D0202,CUS-00203,DO_NOT_SOLICIT,true,2026-10-14T15:00:00Z,,delayed,2026-10-20T15:00:00Z,2026-10-14T15:00:00Z
PREF-015D0203,CUS-00204,DO_NOT_SOLICIT,true,2026-10-15T15:00:00Z,,delayed,2026-10-20T15:00:00Z,2026-10-15T15:00:00Z
PREF-015D0204,CUS-00205,DO_NOT_SOLICIT,true,2026-10-16T15:00:00Z,,delayed,2026-10-20T15:00:00Z,2026-10-16T15:00:00Z
PREF-015D0205,CUS-00206,DO_NOT_SOLICIT,true,2026-10-17T15:00:00Z,,delayed,2026-10-20T15:00:00Z,2026-10-17T15:00:00Z
PREF-015D0206,CUS-00207,DO_NOT_SOLICIT,true,2026-10-18T15:00:00Z,,delayed,2026-10-20T15:00:00Z,2026-10-18T15:00:00Z
PREF-015D0207,CUS-00208,DO_NOT_SOLICIT,true,2026-10-19T15:00:00Z,,delayed,2026-10-20T15:00:00Z,2026-10-19T15:00:00Z
PREF-015D0208,CUS-00209,DO_NOT_SOLICIT,true,2026-10-12T15:00:00Z,,delayed,2026-10-20T15:00:00Z,2026-10-12T15:00:00Z
PREF-015D0209,CUS-00210,DO_NOT_SOLICIT,true,2026-10-13T15:00:00Z,,delayed,2026-10-20T15:00:00Z,2026-10-13T15:00:00Z
PREF-015D0210,CUS-00211,DO_NOT_SOLICIT,true,2026-10-14T15:00:00Z,,delayed,2026-10-20T15:00:00Z,2026-10-14T15:00:00Z
PREF-015D0211,CUS-00212,DO_NOT_SOLICIT,true,2026-10-15T15:00:00Z,,delayed,2026-10-20T15:00:00Z,2026-10-15T15:00:00Z
PREF-015D0212,CUS-00213,DO_NOT_SOLICIT,true,2026-10-16T15:00:00Z,,delayed,2026-10-20T15:00:00Z,2026-10-16T15:00:00Z
PREF-015D0213,CUS-00214,DO_NOT_SOLICIT,true,2026-10-17T15:00:00Z,,delayed,2026-10-20T15:00:00Z,2026-10-17T15:00:00Z
PREF-015D0214,CUS-00215,DO_NOT_SOLICIT,true,2026-10-18T15:00:00Z,,delayed,2026-10-20T15:00:00Z,2026-10-18T15:00:00Z
PREF-015D0215,CUS-00216,DO_NOT_SOLICIT,true,2026-10-19T15:00:00Z,,delayed,2026-10-20T15:00:00Z,2026-10-19T15:00:00Z
PREF-015D0216,CUS-00217,DO_NOT_SOLICIT,true,2026-10-12T15:00:00Z,,delayed,2026-10-20T15:00:00Z,2026-10-12T15:00:00Z
PREF-015D0217,CUS-00218,DO_NOT_SOLICIT,true,2026-10-13T15:00:00Z,,delayed,2026-10-20T15:00:00Z,2026-10-13T15:00:00Z
PREF-015D0218,CUS-00219,DO_NOT_SOLICIT,true,2026-10-14T15:00:00Z,,delayed,2026-10-20T15:00:00Z,2026-10-14T15:00:00Z
PREF-015D0219,CUS-00220,DO_NOT_SOLICIT,true,2026-10-15T15:00:00Z,,delayed,2026-10-20T15:00:00Z,2026-10-15T15:00:00Z
PREF-015D0220,CUS-00221,DO_NOT_SOLICIT,true,2026-10-16T15:00:00Z,,delayed,2026-10-20T15:00:00Z,2026-10-16T15:00:00Z
PREF-015D0221,CUS-00222,DO_NOT_SOLICIT,true,2026-10-17T15:00:00Z,,delayed,2026-10-20T15:00:00Z,2026-10-17T15:00:00Z
PREF-015D0222,CUS-00223,DO_NOT_SOLICIT,true,2026-10-18T15:00:00Z,,delayed,2026-10-20T15:00:00Z,2026-10-18T15:00:00Z
PREF-015D0223,CUS-00224,DO_NOT_SOLICIT,true,2026-10-19T15:00:00Z,,delayed,2026-10-20T15:00:00Z,2026-10-19T15:00:00Z
PREF-015D0224,CUS-00225,DO_NOT_SOLICIT,true,2026-10-12T15:00:00Z,,delayed,2026-10-20T15:00:00Z,2026-10-12T15:00:00Z
PREF-015D0225,CUS-00226,DO_NOT_SOLICIT,true,2026-10-13T15:00:00Z,,delayed,2026-10-20T15:00:00Z,2026-10-13T15:00:00Z
PREF-015D0226,CUS-00227,DO_NOT_SOLICIT,true,2026-10-14T15:00:00Z,,delayed,2026-10-20T15:00:00Z,2026-10-14T15:00:00Z
PREF-015D0227,CUS-00228,DO_NOT_SOLICIT,true,2026-10-15T15:00:00Z,,delayed,2026-10-20T15:00:00Z,2026-10-15T15:00:00Z
PREF-015D0228,CUS-00229,DO_NOT_SOLICIT,true,2026-10-16T15:00:00Z,,delayed,2026-10-20T15:00:00Z,2026-10-16T15:00:00Z
PREF-015D0229,CUS-00230,DO_NOT_SOLICIT,true,2026-10-17T15:00:00Z,,delayed,2026-10-20T15:00:00Z,2026-10-17T15:00:00Z
PREF-015D0230,CUS-00231,DO_NOT_SOLICIT,true,2026-10-18T15:00:00Z,,delayed,2026-10-20T15:00:00Z,2026-10-18T15:00:00Z
PREF-015D0231,CUS-00232,DO_NOT_SOLICIT,true,2026-10-19T15:00:00Z,,delayed,2026-10-20T15:00:00Z,2026-10-19T15:00:00Z
PREF-015D0232,CUS-00233,DO_NOT_SOLICIT,true,2026-10-12T15:00:00Z,,delayed,2026-10-20T15:00:00Z,2026-10-12T15:00:00Z
PREF-015D0233,CUS-00234,DO_NOT_SOLICIT,true,2026-10-13T15:00:00Z,,delayed,2026-10-20T15:00:00Z,2026-10-13T15:00:00Z
PREF-015D0234,CUS-00235,DO_NOT_SOLICIT,true,2026-10-14T15:00:00Z,,delayed,2026-10-20T15:00:00Z,2026-10-14T15:00:00Z
PREF-015D0235,CUS-00236,DO_NOT_SOLICIT,true,2026-10-15T15:00:00Z,,delayed,2026-10-20T15:00:00Z,2026-10-15T15:00:00Z
PREF-015D0236,CUS-00237,DO_NOT_SOLICIT,true,2026-10-16T15:00:00Z,,delayed,2026-10-20T15:00:00Z,2026-10-16T15:00:00Z
PREF-015D0237,CUS-00238,DO_NOT_SOLICIT,true,2026-10-17T15:00:00Z,,delayed,2026-10-20T15:00:00Z,2026-10-17T15:00:00Z
PREF-015D0238,CUS-00239,DO_NOT_SOLICIT,true,2026-10-18T15:00:00Z,,delayed,2026-10-20T15:00:00Z,2026-10-18T15:00:00Z
PREF-015D0239,CUS-00240,DO_NOT_SOLICIT,true,2026-10-19T15:00:00Z,,delayed,2026-10-20T15:00:00Z,2026-10-19T15:00:00Z
PREF-015D0240,CUS-00241,DO_NOT_SOLICIT,true,2026-10-12T15:00:00Z,,delayed,2026-10-20T15:00:00Z,2026-10-12T15:00:00Z
PREF-015D0241,CUS-00242,DO_NOT_SOLICIT,true,2026-10-13T15:00:00Z,,delayed,2026-10-20T15:00:00Z,2026-10-13T15:00:00Z
PREF-015D0242,CUS-00243,DO_NOT_SOLICIT,true,2026-10-14T15:00:00Z,,delayed,2026-10-20T15:00:00Z,2026-10-14T15:00:00Z
PREF-015D0243,CUS-00244,DO_NOT_SOLICIT,true,2026-10-15T15:00:00Z,,delayed,2026-10-20T15:00:00Z,2026-10-15T15:00:00Z
PREF-015D0244,CUS-00245,DO_NOT_SOLICIT,true,2026-10-16T15:00:00Z,,delayed,2026-10-20T15:00:00Z,2026-10-16T15:00:00Z
PREF-015D0245,CUS-00246,DO_NOT_SOLICIT,true,2026-10-17T15:00:00Z,,delayed,2026-10-20T15:00:00Z,2026-10-17T15:00:00Z
PREF-015D0246,CUS-00247,DO_NOT_SOLICIT,true,2026-10-18T15:00:00Z,,delayed,2026-10-20T15:00:00Z,2026-10-18T15:00:00Z
PREF-015D0247,CUS-00248,DO_NOT_SOLICIT,true,2026-10-19T15:00:00Z,,delayed,2026-10-20T15:00:00Z,2026-10-19T15:00:00Z
PREF-015D0248,CUS-00249,DO_NOT_SOLICIT,true,2026-10-12T15:00:00Z,,delayed,2026-10-20T15:00:00Z,2026-10-12T15:00:00Z
PREF-015D0249,CUS-00250,DO_NOT_SOLICIT,true,2026-10-13T15:00:00Z,,delayed,2026-10-20T15:00:00Z,2026-10-13T15:00:00Z
PREF-015D0250,CUS-00251,DO_NOT_SOLICIT,true,2026-10-14T15:00:00Z,,delayed,2026-10-20T15:00:00Z,2026-10-14T15:00:00Z
PREF-015D0251,CUS-00252,DO_NOT_SOLICIT,true,2026-10-15T15:00:00Z,,delayed,2026-10-20T15:00:00Z,2026-10-15T15:00:00Z
PREF-015D0252,CUS-00253,DO_NOT_SOLICIT,true,2026-10-16T15:00:00Z,,delayed,2026-10-20T15:00:00Z,2026-10-16T15:00:00Z
PREF-015D0253,CUS-00254,DO_NOT_SOLICIT,true,2026-10-17T15:00:00Z,,delayed,2026-10-20T15:00:00Z,2026-10-17T15:00:00Z
PREF-015D0254,CUS-00255,DO_NOT_SOLICIT,true,2026-10-18T15:00:00Z,,delayed,2026-10-20T15:00:00Z,2026-10-18T15:00:00Z
PREF-015D0255,CUS-00256,DO_NOT_SOLICIT,true,2026-10-19T15:00:00Z,,delayed,2026-10-20T15:00:00Z,2026-10-19T15:00:00Z
PREF-015D0256,CUS-00257,DO_NOT_SOLICIT,true,2026-10-12T15:00:00Z,,delayed,2026-10-20T15:00:00Z,2026-10-12T15:00:00Z
PREF-015D0257,CUS-00258,DO_NOT_SOLICIT,true,2026-10-13T15:00:00Z,,delayed,2026-10-20T15:00:00Z,2026-10-13T15:00:00Z
PREF-015D0258,CUS-00259,DO_NOT_SOLICIT,true,2026-10-14T15:00:00Z,,delayed,2026-10-20T15:00:00Z,2026-10-14T15:00:00Z
PREF-015D0259,CUS-00260,DO_NOT_SOLICIT,true,2026-10-15T15:00:00Z,,delayed,2026-10-20T15:00:00Z,2026-10-15T15:00:00Z
PREF-015D0260,CUS-00261,DO_NOT_SOLICIT,true,2026-10-16T15:00:00Z,,delayed,2026-10-20T15:00:00Z,2026-10-16T15:00:00Z
PREF-015D0261,CUS-00262,DO_NOT_SOLICIT,true,2026-10-17T15:00:00Z,,delayed,2026-10-20T15:00:00Z,2026-10-17T15:00:00Z
PREF-015D0262,CUS-00263,DO_NOT_SOLICIT,true,2026-10-18T15:00:00Z,,delayed,2026-10-20T15:00:00Z,2026-10-18T15:00:00Z
PREF-015D0263,CUS-00264,DO_NOT_SOLICIT,true,2026-10-19T15:00:00Z,,delayed,2026-10-20T15:00:00Z,2026-10-19T15:00:00Z
PREF-015D0264,CUS-00265,DO_NOT_SOLICIT,true,2026-10-12T15:00:00Z,,delayed,2026-10-20T15:00:00Z,2026-10-12T15:00:00Z
PREF-015D0265,CUS-00266,DO_NOT_SOLICIT,true,2026-10-13T15:00:00Z,,delayed,2026-10-20T15:00:00Z,2026-10-13T15:00:00Z
PREF-015D0266,CUS-00267,DO_NOT_SOLICIT,true,2026-10-14T15:00:00Z,,delayed,2026-10-20T15:00:00Z,2026-10-14T15:00:00Z
PREF-015D0267,CUS-00268,DO_NOT_SOLICIT,true,2026-10-15T15:00:00Z,,delayed,2026-10-20T15:00:00Z,2026-10-15T15:00:00Z
PREF-015D0268,CUS-00269,DO_NOT_SOLICIT,true,2026-10-16T15:00:00Z,,delayed,2026-10-20T15:00:00Z,2026-10-16T15:00:00Z
PREF-015D0269,CUS-00270,DO_NOT_SOLICIT,true,2026-10-17T15:00:00Z,,delayed,2026-10-20T15:00:00Z,2026-10-17T15:00:00Z
PREF-015D0270,CUS-00271,DO_NOT_SOLICIT,true,2026-10-18T15:00:00Z,,delayed,2026-10-20T15:00:00Z,2026-10-18T15:00:00Z
PREF-015D0271,CUS-00272,DO_NOT_SOLICIT,true,2026-10-19T15:00:00Z,,delayed,2026-10-20T15:00:00Z,2026-10-19T15:00:00Z
PREF-015D0272,CUS-00273,DO_NOT_SOLICIT,true,2026-10-12T15:00:00Z,,delayed,2026-10-20T15:00:00Z,2026-10-12T15:00:00Z
PREF-015D0273,CUS-00274,DO_NOT_SOLICIT,true,2026-10-13T15:00:00Z,,delayed,2026-10-20T15:00:00Z,2026-10-13T15:00:00Z
PREF-015D0274,CUS-00275,DO_NOT_SOLICIT,true,2026-10-14T15:00:00Z,,delayed,2026-10-20T15:00:00Z,2026-10-14T15:00:00Z
PREF-015D0275,CUS-00276,DO_NOT_SOLICIT,true,2026-10-15T15:00:00Z,,delayed,2026-10-20T15:00:00Z,2026-10-15T15:00:00Z
PREF-015D0276,CUS-00277,DO_NOT_SOLICIT,true,2026-10-16T15:00:00Z,,delayed,2026-10-20T15:00:00Z,2026-10-16T15:00:00Z
PREF-015D0277,CUS-00278,DO_NOT_SOLICIT,true,2026-10-17T15:00:00Z,,delayed,2026-10-20T15:00:00Z,2026-10-17T15:00:00Z
PREF-015D0278,CUS-00279,DO_NOT_SOLICIT,true,2026-10-18T15:00:00Z,,delayed,2026-10-20T15:00:00Z,2026-10-18T15:00:00Z
PREF-015D0279,CUS-00280,DO_NOT_SOLICIT,true,2026-10-19T15:00:00Z,,delayed,2026-10-20T15:00:00Z,2026-10-19T15:00:00Z
PREF-015D0280,CUS-00281,DO_NOT_SOLICIT,true,2026-10-12T15:00:00Z,,delayed,2026-10-20T15:00:00Z,2026-10-12T15:00:00Z
PREF-015D0281,CUS-00282,DO_NOT_SOLICIT,true,2026-10-13T15:00:00Z,,delayed,2026-10-20T15:00:00Z,2026-10-13T15:00:00Z
PREF-015D0282,CUS-00283,DO_NOT_SOLICIT,true,2026-10-14T15:00:00Z,,delayed,2026-10-20T15:00:00Z,2026-10-14T15:00:00Z
PREF-015D0283,CUS-00284,DO_NOT_SOLICIT,true,2026-10-15T15:00:00Z,,delayed,2026-10-20T15:00:00Z,2026-10-15T15:00:00Z
PREF-015D0284,CUS-00285,DO_NOT_SOLICIT,true,2026-10-16T15:00:00Z,,delayed,2026-10-20T15:00:00Z,2026-10-16T15:00:00Z
PREF-015D0285,CUS-00286,DO_NOT_SOLICIT,true,2026-10-17T15:00:00Z,,delayed,2026-10-20T15:00:00Z,2026-10-17T15:00:00Z
PREF-015D0286,CUS-00287,DO_NOT_SOLICIT,true,2026-10-18T15:00:00Z,,delayed,2026-10-20T15:00:00Z,2026-10-18T15:00:00Z
PREF-015D0287,CUS-00288,DO_NOT_SOLICIT,true,2026-10-19T15:00:00Z,,delayed,2026-10-20T15:00:00Z,2026-10-19T15:00:00Z
PREF-015D0288,CUS-00289,DO_NOT_SOLICIT,true,2026-10-12T15:00:00Z,,delayed,2026-10-20T15:00:00Z,2026-10-12T15:00:00Z
PREF-015D0289,CUS-00290,DO_NOT_SOLICIT,true,2026-10-13T15:00:00Z,,delayed,2026-10-20T15:00:00Z,2026-10-13T15:00:00Z
PREF-015D0290,CUS-00291,DO_NOT_SOLICIT,true,2026-10-14T15:00:00Z,,delayed,2026-10-20T15:00:00Z,2026-10-14T15:00:00Z
PREF-015D0291,CUS-00292,DO_NOT_SOLICIT,true,2026-10-15T15:00:00Z,,delayed,2026-10-20T15:00:00Z,2026-10-15T15:00:00Z
PREF-015D0292,CUS-00293,DO_NOT_SOLICIT,true,2026-10-16T15:00:00Z,,delayed,2026-10-20T15:00:00Z,2026-10-16T15:00:00Z
PREF-015D0293,CUS-00294,DO_NOT_SOLICIT,true,2026-10-17T15:00:00Z,,delayed,2026-10-20T15:00:00Z,2026-10-17T15:00:00Z
PREF-015D0294,CUS-00295,DO_NOT_SOLICIT,true,2026-10-18T15:00:00Z,,delayed,2026-10-20T15:00:00Z,2026-10-18T15:00:00Z
PREF-015D0295,CUS-00296,DO_NOT_SOLICIT,true,2026-10-19T15:00:00Z,,delayed,2026-10-20T15:00:00Z,2026-10-19T15:00:00Z
PREF-015D0296,CUS-00297,DO_NOT_SOLICIT,true,2026-10-12T15:00:00Z,,delayed,2026-10-20T15:00:00Z,2026-10-12T15:00:00Z
PREF-015D0297,CUS-00298,DO_NOT_SOLICIT,true,2026-10-13T15:00:00Z,,delayed,2026-10-20T15:00:00Z,2026-10-13T15:00:00Z
PREF-015D0298,CUS-00299,DO_NOT_SOLICIT,true,2026-10-14T15:00:00Z,,delayed,2026-10-20T15:00:00Z,2026-10-14T15:00:00Z
PREF-015D0299,CUS-00300,DO_NOT_SOLICIT,true,2026-10-15T15:00:00Z,,delayed,2026-10-20T15:00:00Z,2026-10-15T15:00:00Z
PREF-015D0300,CUS-00301,DO_NOT_SOLICIT,true,2026-10-16T15:00:00Z,,delayed,2026-10-20T15:00:00Z,2026-10-16T15:00:00Z
PREF-015D0301,CUS-00302,DO_NOT_SOLICIT,true,2026-10-17T15:00:00Z,,delayed,2026-10-20T15:00:00Z,2026-10-17T15:00:00Z
PREF-015D0302,CUS-00303,DO_NOT_SOLICIT,true,2026-10-18T15:00:00Z,,delayed,2026-10-20T15:00:00Z,2026-10-18T15:00:00Z
PREF-015D0303,CUS-00304,DO_NOT_SOLICIT,true,2026-10-19T15:00:00Z,,delayed,2026-10-20T15:00:00Z,2026-10-19T15:00:00Z
PREF-015D0304,CUS-00305,DO_NOT_SOLICIT,true,2026-10-12T15:00:00Z,,delayed,2026-10-20T15:00:00Z,2026-10-12T15:00:00Z
PREF-015D0305,CUS-00306,DO_NOT_SOLICIT,true,2026-10-13T15:00:00Z,,delayed,2026-10-20T15:00:00Z,2026-10-13T15:00:00Z
PREF-015D0306,CUS-00307,DO_NOT_SOLICIT,true,2026-10-14T15:00:00Z,,delayed,2026-10-20T15:00:00Z,2026-10-14T15:00:00Z
PREF-015D0307,CUS-00308,DO_NOT_SOLICIT,true,2026-10-15T15:00:00Z,,delayed,2026-10-20T15:00:00Z,2026-10-15T15:00:00Z
PREF-015D0308,CUS-00309,DO_NOT_SOLICIT,true,2026-10-16T15:00:00Z,,delayed,2026-10-20T15:00:00Z,2026-10-16T15:00:00Z
PREF-015D0309,CUS-00310,DO_NOT_SOLICIT,true,2026-10-17T15:00:00Z,,delayed,2026-10-20T15:00:00Z,2026-10-17T15:00:00Z
PREF-015D0310,CUS-00311,DO_NOT_SOLICIT,true,2026-10-18T15:00:00Z,,delayed,2026-10-20T15:00:00Z,2026-10-18T15:00:00Z
PREF-015D0311,CUS-00312,DO_NOT_SOLICIT,true,2026-10-19T15:00:00Z,,delayed,2026-10-20T15:00:00Z,2026-10-19T15:00:00Z
PREF-015D0312,CUS-00313,DO_NOT_SOLICIT,true,2026-10-12T15:00:00Z,,delayed,2026-10-20T15:00:00Z,2026-10-12T15:00:00Z
PREF-015D0313,CUS-00314,DO_NOT_SOLICIT,true,2026-10-13T15:00:00Z,,delayed,2026-10-20T15:00:00Z,2026-10-13T15:00:00Z
PREF-015D0314,CUS-00315,DO_NOT_SOLICIT,true,2026-10-14T15:00:00Z,,delayed,2026-10-20T15:00:00Z,2026-10-14T15:00:00Z
PREF-015D0315,CUS-00316,DO_NOT_SOLICIT,true,2026-10-15T15:00:00Z,,delayed,2026-10-20T15:00:00Z,2026-10-15T15:00:00Z
PREF-015D0316,CUS-00317,DO_NOT_SOLICIT,true,2026-10-16T15:00:00Z,,delayed,2026-10-20T15:00:00Z,2026-10-16T15:00:00Z
PREF-015D0317,CUS-00318,DO_NOT_SOLICIT,true,2026-10-17T15:00:00Z,,delayed,2026-10-20T15:00:00Z,2026-10-17T15:00:00Z
PREF-015D0318,CUS-00319,DO_NOT_SOLICIT,true,2026-10-18T15:00:00Z,,delayed,2026-10-20T15:00:00Z,2026-10-18T15:00:00Z
PREF-015D0319,CUS-00320,DO_NOT_SOLICIT,true,2026-10-19T15:00:00Z,,delayed,2026-10-20T15:00:00Z,2026-10-19T15:00:00Z
PREF-015D0320,CUS-00321,DO_NOT_SOLICIT,true,2026-10-12T15:00:00Z,,delayed,2026-10-20T15:00:00Z,2026-10-12T15:00:00Z
PREF-015D0321,CUS-00322,DO_NOT_SOLICIT,true,2026-10-13T15:00:00Z,,delayed,2026-10-20T15:00:00Z,2026-10-13T15:00:00Z
PREF-015D0322,CUS-00323,DO_NOT_SOLICIT,true,2026-10-14T15:00:00Z,,delayed,2026-10-20T15:00:00Z,2026-10-14T15:00:00Z
PREF-015D0323,CUS-00324,DO_NOT_SOLICIT,true,2026-10-15T15:00:00Z,,delayed,2026-10-20T15:00:00Z,2026-10-15T15:00:00Z
PREF-015D0324,CUS-00325,DO_NOT_SOLICIT,true,2026-10-16T15:00:00Z,,delayed,2026-10-20T15:00:00Z,2026-10-16T15:00:00Z
PREF-015D0325,CUS-00326,DO_NOT_SOLICIT,true,2026-10-17T15:00:00Z,,delayed,2026-10-20T15:00:00Z,2026-10-17T15:00:00Z
PREF-015D0326,CUS-00327,DO_NOT_SOLICIT,true,2026-10-18T15:00:00Z,,delayed,2026-10-20T15:00:00Z,2026-10-18T15:00:00Z
PREF-015D0327,CUS-00328,DO_NOT_SOLICIT,true,2026-10-19T15:00:00Z,,delayed,2026-10-20T15:00:00Z,2026-10-19T15:00:00Z
PREF-015D0328,CUS-00329,DO_NOT_SOLICIT,true,2026-10-12T15:00:00Z,,delayed,2026-10-20T15:00:00Z,2026-10-12T15:00:00Z
PREF-015D0329,CUS-00330,DO_NOT_SOLICIT,true,2026-10-13T15:00:00Z,,delayed,2026-10-20T15:00:00Z,2026-10-13T15:00:00Z
PREF-015D0330,CUS-00331,DO_NOT_SOLICIT,true,2026-10-14T15:00:00Z,,delayed,2026-10-20T15:00:00Z,2026-10-14T15:00:00Z
PREF-015D0331,CUS-00332,DO_NOT_SOLICIT,true,2026-10-15T15:00:00Z,,delayed,2026-10-20T15:00:00Z,2026-10-15T15:00:00Z
PREF-015D0332,CUS-00333,DO_NOT_SOLICIT,true,2026-10-16T15:00:00Z,,delayed,2026-10-20T15:00:00Z,2026-10-16T15:00:00Z
PREF-015D0333,CUS-00334,DO_NOT_SOLICIT,true,2026-10-17T15:00:00Z,,delayed,2026-10-20T15:00:00Z,2026-10-17T15:00:00Z
PREF-015D0334,CUS-00335,DO_NOT_SOLICIT,true,2026-10-18T15:00:00Z,,delayed,2026-10-20T15:00:00Z,2026-10-18T15:00:00Z
PREF-015D0335,CUS-00336,DO_NOT_SOLICIT,true,2026-10-19T15:00:00Z,,delayed,2026-10-20T15:00:00Z,2026-10-19T15:00:00Z
PREF-015D0336,CUS-00337,DO_NOT_SOLICIT,true,2026-10-12T15:00:00Z,,delayed,2026-10-20T15:00:00Z,2026-10-12T15:00:00Z
PREF-015D0337,CUS-00338,DO_NOT_SOLICIT,true,2026-10-13T15:00:00Z,,delayed,2026-10-20T15:00:00Z,2026-10-13T15:00:00Z
PREF-015D0338,CUS-00339,DO_NOT_SOLICIT,true,2026-10-14T15:00:00Z,,delayed,2026-10-20T15:00:00Z,2026-10-14T15:00:00Z
PREF-015D0339,CUS-00340,DO_NOT_SOLICIT,true,2026-10-15T15:00:00Z,,delayed,2026-10-20T15:00:00Z,2026-10-15T15:00:00Z
PREF-015D0340,CUS-00341,DO_NOT_SOLICIT,true,2026-10-16T15:00:00Z,,delayed,2026-10-20T15:00:00Z,2026-10-16T15:00:00Z
PREF-015D0341,CUS-00342,DO_NOT_SOLICIT,true,2026-10-17T15:00:00Z,,delayed,2026-10-20T15:00:00Z,2026-10-17T15:00:00Z
PREF-015D0342,CUS-00343,DO_NOT_SOLICIT,true,2026-10-18T15:00:00Z,,delayed,2026-10-20T15:00:00Z,2026-10-18T15:00:00Z
PREF-015D0343,CUS-00344,DO_NOT_SOLICIT,true,2026-10-19T15:00:00Z,,delayed,2026-10-20T15:00:00Z,2026-10-19T15:00:00Z
PREF-015D0344,CUS-00345,DO_NOT_SOLICIT,true,2026-10-12T15:00:00Z,,delayed,2026-10-20T15:00:00Z,2026-10-12T15:00:00Z
PREF-015D0345,CUS-00346,DO_NOT_SOLICIT,true,2026-10-13T15:00:00Z,,delayed,2026-10-20T15:00:00Z,2026-10-13T15:00:00Z
PREF-015D0346,CUS-00347,DO_NOT_SOLICIT,true,2026-10-14T15:00:00Z,,delayed,2026-10-20T15:00:00Z,2026-10-14T15:00:00Z
PREF-015D0347,CUS-00348,DO_NOT_SOLICIT,true,2026-10-15T15:00:00Z,,delayed,2026-10-20T15:00:00Z,2026-10-15T15:00:00Z
PREF-015D0348,CUS-00349,DO_NOT_SOLICIT,true,2026-10-16T15:00:00Z,,delayed,2026-10-20T15:00:00Z,2026-10-16T15:00:00Z
PREF-015D0349,CUS-00350,DO_NOT_SOLICIT,true,2026-10-17T15:00:00Z,,delayed,2026-10-20T15:00:00Z,2026-10-17T15:00:00Z
PREF-015D0350,CUS-00351,DO_NOT_SOLICIT,true,2026-10-18T15:00:00Z,,delayed,2026-10-20T15:00:00Z,2026-10-18T15:00:00Z
PREF-015D0351,CUS-00352,DO_NOT_SOLICIT,true,2026-10-19T15:00:00Z,,delayed,2026-10-20T15:00:00Z,2026-10-19T15:00:00Z
PREF-015D0352,CUS-00353,DO_NOT_SOLICIT,true,2026-10-12T15:00:00Z,,delayed,2026-10-20T15:00:00Z,2026-10-12T15:00:00Z
PREF-015D0353,CUS-00354,DO_NOT_SOLICIT,true,2026-10-13T15:00:00Z,,delayed,2026-10-20T15:00:00Z,2026-10-13T15:00:00Z
PREF-015D0354,CUS-00355,DO_NOT_SOLICIT,true,2026-10-14T15:00:00Z,,delayed,2026-10-20T15:00:00Z,2026-10-14T15:00:00Z
PREF-015D0355,CUS-00356,DO_NOT_SOLICIT,true,2026-10-15T15:00:00Z,,delayed,2026-10-20T15:00:00Z,2026-10-15T15:00:00Z
PREF-015D0356,CUS-00357,DO_NOT_SOLICIT,true,2026-10-16T15:00:00Z,,delayed,2026-10-20T15:00:00Z,2026-10-16T15:00:00Z
PREF-015D0357,CUS-00358,DO_NOT_SOLICIT,true,2026-10-17T15:00:00Z,,delayed,2026-10-20T15:00:00Z,2026-10-17T15:00:00Z
PREF-015D0358,CUS-00359,DO_NOT_SOLICIT,true,2026-10-18T15:00:00Z,,delayed,2026-10-20T15:00:00Z,2026-10-18T15:00:00Z
PREF-015D0359,CUS-00360,DO_NOT_SOLICIT,true,2026-10-19T15:00:00Z,,delayed,2026-10-20T15:00:00Z,2026-10-19T15:00:00Z
PREF-015D0360,CUS-00361,DO_NOT_SOLICIT,true,2026-10-12T15:00:00Z,,delayed,2026-10-20T15:00:00Z,2026-10-12T15:00:00Z
PREF-015D0361,CUS-00362,DO_NOT_SOLICIT,true,2026-10-13T15:00:00Z,,delayed,2026-10-20T15:00:00Z,2026-10-13T15:00:00Z
PREF-015D0362,CUS-00363,DO_NOT_SOLICIT,true,2026-10-14T15:00:00Z,,delayed,2026-10-20T15:00:00Z,2026-10-14T15:00:00Z
PREF-015D0363,CUS-00364,DO_NOT_SOLICIT,true,2026-10-15T15:00:00Z,,delayed,2026-10-20T15:00:00Z,2026-10-15T15:00:00Z
PREF-015D0364,CUS-00365,DO_NOT_SOLICIT,true,2026-10-16T15:00:00Z,,delayed,2026-10-20T15:00:00Z,2026-10-16T15:00:00Z
PREF-015D0365,CUS-00366,DO_NOT_SOLICIT,true,2026-10-17T15:00:00Z,,delayed,2026-10-20T15:00:00Z,2026-10-17T15:00:00Z
PREF-015D0366,CUS-00367,DO_NOT_SOLICIT,true,2026-10-18T15:00:00Z,,delayed,2026-10-20T15:00:00Z,2026-10-18T15:00:00Z
PREF-015D0367,CUS-00368,DO_NOT_SOLICIT,true,2026-10-19T15:00:00Z,,delayed,2026-10-20T15:00:00Z,2026-10-19T15:00:00Z
PREF-015D0368,CUS-00369,DO_NOT_SOLICIT,true,2026-10-12T15:00:00Z,,delayed,2026-10-20T15:00:00Z,2026-10-12T15:00:00Z
PREF-015D0369,CUS-00370,DO_NOT_SOLICIT,true,2026-10-13T15:00:00Z,,delayed,2026-10-20T15:00:00Z,2026-10-13T15:00:00Z
PREF-015D0370,CUS-00371,DO_NOT_SOLICIT,true,2026-10-14T15:00:00Z,,delayed,2026-10-20T15:00:00Z,2026-10-14T15:00:00Z
PREF-015D0371,CUS-00372,DO_NOT_SOLICIT,true,2026-10-15T15:00:00Z,,delayed,2026-10-20T15:00:00Z,2026-10-15T15:00:00Z
PREF-015D0372,CUS-00373,DO_NOT_SOLICIT,true,2026-10-16T15:00:00Z,,delayed,2026-10-20T15:00:00Z,2026-10-16T15:00:00Z
PREF-015D0373,CUS-00374,DO_NOT_SOLICIT,true,2026-10-17T15:00:00Z,,delayed,2026-10-20T15:00:00Z,2026-10-17T15:00:00Z
PREF-015D0374,CUS-00375,DO_NOT_SOLICIT,true,2026-10-18T15:00:00Z,,delayed,2026-10-20T15:00:00Z,2026-10-18T15:00:00Z
PREF-015D0375,CUS-00376,DO_NOT_SOLICIT,true,2026-10-19T15:00:00Z,,delayed,2026-10-20T15:00:00Z,2026-10-19T15:00:00Z
PREF-015D0376,CUS-00377,DO_NOT_SOLICIT,true,2026-10-12T15:00:00Z,,delayed,2026-10-20T15:00:00Z,2026-10-12T15:00:00Z
PREF-015D0377,CUS-00378,DO_NOT_SOLICIT,true,2026-10-13T15:00:00Z,,delayed,2026-10-20T15:00:00Z,2026-10-13T15:00:00Z
PREF-015D0378,CUS-00379,DO_NOT_SOLICIT,true,2026-10-14T15:00:00Z,,delayed,2026-10-20T15:00:00Z,2026-10-14T15:00:00Z
PREF-015D0379,CUS-00380,DO_NOT_SOLICIT,true,2026-10-15T15:00:00Z,,delayed,2026-10-20T15:00:00Z,2026-10-15T15:00:00Z
PREF-015D0380,CUS-00381,DO_NOT_SOLICIT,true,2026-10-16T15:00:00Z,,delayed,2026-10-20T15:00:00Z,2026-10-16T15:00:00Z
PREF-015D0381,CUS-00382,DO_NOT_SOLICIT,true,2026-10-17T15:00:00Z,,delayed,2026-10-20T15:00:00Z,2026-10-17T15:00:00Z
PREF-015D0382,CUS-00383,DO_NOT_SOLICIT,true,2026-10-18T15:00:00Z,,delayed,2026-10-20T15:00:00Z,2026-10-18T15:00:00Z
PREF-015D0383,CUS-00384,DO_NOT_SOLICIT,true,2026-10-19T15:00:00Z,,delayed,2026-10-20T15:00:00Z,2026-10-19T15:00:00Z
PREF-015D0384,CUS-00385,DO_NOT_SOLICIT,true,2026-10-12T15:00:00Z,,delayed,2026-10-20T15:00:00Z,2026-10-12T15:00:00Z
PREF-015D0385,CUS-00386,DO_NOT_SOLICIT,true,2026-10-13T15:00:00Z,,delayed,2026-10-20T15:00:00Z,2026-10-13T15:00:00Z
PREF-015D0386,CUS-00387,DO_NOT_SOLICIT,true,2026-10-14T15:00:00Z,,delayed,2026-10-20T15:00:00Z,2026-10-14T15:00:00Z
PREF-015D0387,CUS-00388,DO_NOT_SOLICIT,true,2026-10-15T15:00:00Z,,delayed,2026-10-20T15:00:00Z,2026-10-15T15:00:00Z
PREF-015D0388,CUS-00389,DO_NOT_SOLICIT,true,2026-10-16T15:00:00Z,,delayed,2026-10-20T15:00:00Z,2026-10-16T15:00:00Z
PREF-015D0389,CUS-00390,DO_NOT_SOLICIT,true,2026-10-17T15:00:00Z,,delayed,2026-10-20T15:00:00Z,2026-10-17T15:00:00Z
PREF-015D0390,CUS-00391,DO_NOT_SOLICIT,true,2026-10-18T15:00:00Z,,delayed,2026-10-20T15:00:00Z,2026-10-18T15:00:00Z
PREF-015D0391,CUS-00392,DO_NOT_SOLICIT,true,2026-10-19T15:00:00Z,,delayed,2026-10-20T15:00:00Z,2026-10-19T15:00:00Z
PREF-015D0392,CUS-00393,DO_NOT_SOLICIT,true,2026-10-12T15:00:00Z,,delayed,2026-10-20T15:00:00Z,2026-10-12T15:00:00Z
PREF-015D0393,CUS-00394,DO_NOT_SOLICIT,true,2026-10-13T15:00:00Z,,delayed,2026-10-20T15:00:00Z,2026-10-13T15:00:00Z
PREF-015D0394,CUS-00395,DO_NOT_SOLICIT,true,2026-10-14T15:00:00Z,,delayed,2026-10-20T15:00:00Z,2026-10-14T15:00:00Z
PREF-015D0395,CUS-00396,DO_NOT_SOLICIT,true,2026-10-15T15:00:00Z,,delayed,2026-10-20T15:00:00Z,2026-10-15T15:00:00Z
PREF-015D0396,CUS-00397,DO_NOT_SOLICIT,true,2026-10-16T15:00:00Z,,delayed,2026-10-20T15:00:00Z,2026-10-16T15:00:00Z
PREF-015D0397,CUS-00398,DO_NOT_SOLICIT,true,2026-10-17T15:00:00Z,,delayed,2026-10-20T15:00:00Z,2026-10-17T15:00:00Z
PREF-015D0398,CUS-00399,DO_NOT_SOLICIT,true,2026-10-18T15:00:00Z,,delayed,2026-10-20T15:00:00Z,2026-10-18T15:00:00Z
PREF-015D0399,CUS-00400,DO_NOT_SOLICIT,true,2026-10-19T15:00:00Z,,delayed,2026-10-20T15:00:00Z,2026-10-19T15:00:00Z
PREF-015D0400,CUS-00401,DO_NOT_SOLICIT,true,2026-10-12T15:00:00Z,,delayed,2026-10-20T15:00:00Z,2026-10-12T15:00:00Z
PREF-015D0401,CUS-00402,DO_NOT_SOLICIT,true,2026-10-13T15:00:00Z,,delayed,2026-10-20T15:00:00Z,2026-10-13T15:00:00Z
PREF-015D0402,CUS-00403,DO_NOT_SOLICIT,true,2026-10-14T15:00:00Z,,delayed,2026-10-20T15:00:00Z,2026-10-14T15:00:00Z
PREF-015D0403,CUS-00404,DO_NOT_SOLICIT,true,2026-10-15T15:00:00Z,,delayed,2026-10-20T15:00:00Z,2026-10-15T15:00:00Z
PREF-015D0404,CUS-00405,DO_NOT_SOLICIT,true,2026-10-16T15:00:00Z,,delayed,2026-10-20T15:00:00Z,2026-10-16T15:00:00Z
PREF-015D0405,CUS-00406,DO_NOT_SOLICIT,true,2026-10-17T15:00:00Z,,delayed,2026-10-20T15:00:00Z,2026-10-17T15:00:00Z
PREF-015D0406,CUS-00407,DO_NOT_SOLICIT,true,2026-10-18T15:00:00Z,,delayed,2026-10-20T15:00:00Z,2026-10-18T15:00:00Z
PREF-015D0407,CUS-00408,DO_NOT_SOLICIT,true,2026-10-19T15:00:00Z,,delayed,2026-10-20T15:00:00Z,2026-10-19T15:00:00Z
PREF-015D0408,CUS-00409,DO_NOT_SOLICIT,true,2026-10-12T15:00:00Z,,delayed,2026-10-20T15:00:00Z,2026-10-12T15:00:00Z
PREF-015D0409,CUS-00410,DO_NOT_SOLICIT,true,2026-10-13T15:00:00Z,,delayed,2026-10-20T15:00:00Z,2026-10-13T15:00:00Z
PREF-015D0410,CUS-00411,DO_NOT_SOLICIT,true,2026-10-14T15:00:00Z,,delayed,2026-10-20T15:00:00Z,2026-10-14T15:00:00Z
PREF-015D0411,CUS-00412,DO_NOT_SOLICIT,true,2026-10-15T15:00:00Z,,delayed,2026-10-20T15:00:00Z,2026-10-15T15:00:00Z
PREF-015D0412,CUS-00413,DO_NOT_SOLICIT,true,2026-10-16T15:00:00Z,,delayed,2026-10-20T15:00:00Z,2026-10-16T15:00:00Z
PREF-015D0413,CUS-00414,DO_NOT_SOLICIT,true,2026-10-17T15:00:00Z,,delayed,2026-10-20T15:00:00Z,2026-10-17T15:00:00Z
PREF-015D0414,CUS-00415,DO_NOT_SOLICIT,true,2026-10-18T15:00:00Z,,delayed,2026-10-20T15:00:00Z,2026-10-18T15:00:00Z
PREF-015D0415,CUS-00416,DO_NOT_SOLICIT,true,2026-10-19T15:00:00Z,,delayed,2026-10-20T15:00:00Z,2026-10-19T15:00:00Z
PREF-015D0416,CUS-00417,DO_NOT_SOLICIT,true,2026-10-12T15:00:00Z,,delayed,2026-10-20T15:00:00Z,2026-10-12T15:00:00Z
PREF-015D0417,CUS-00418,DO_NOT_SOLICIT,true,2026-10-13T15:00:00Z,,delayed,2026-10-20T15:00:00Z,2026-10-13T15:00:00Z
PREF-015D0418,CUS-00419,DO_NOT_SOLICIT,true,2026-10-14T15:00:00Z,,delayed,2026-10-20T15:00:00Z,2026-10-14T15:00:00Z
PREF-015D0419,CUS-00420,DO_NOT_SOLICIT,true,2026-10-15T15:00:00Z,,delayed,2026-10-20T15:00:00Z,2026-10-15T15:00:00Z
PREF-015D0420,CUS-00421,DO_NOT_SOLICIT,true,2026-10-16T15:00:00Z,,delayed,2026-10-20T15:00:00Z,2026-10-16T15:00:00Z
PREF-015D0421,CUS-00422,DO_NOT_SOLICIT,true,2026-10-17T15:00:00Z,,delayed,2026-10-20T15:00:00Z,2026-10-17T15:00:00Z
PREF-015D0422,CUS-00423,DO_NOT_SOLICIT,true,2026-10-18T15:00:00Z,,delayed,2026-10-20T15:00:00Z,2026-10-18T15:00:00Z
PREF-015D0423,CUS-00424,DO_NOT_SOLICIT,true,2026-10-19T15:00:00Z,,delayed,2026-10-20T15:00:00Z,2026-10-19T15:00:00Z
PREF-015D0424,CUS-00425,DO_NOT_SOLICIT,true,2026-10-12T15:00:00Z,,delayed,2026-10-20T15:00:00Z,2026-10-12T15:00:00Z
PREF-015D0425,CUS-00426,DO_NOT_SOLICIT,true,2026-10-13T15:00:00Z,,delayed,2026-10-20T15:00:00Z,2026-10-13T15:00:00Z
PREF-015D0426,CUS-00427,DO_NOT_SOLICIT,true,2026-10-14T15:00:00Z,,delayed,2026-10-20T15:00:00Z,2026-10-14T15:00:00Z
PREF-015D0427,CUS-00428,DO_NOT_SOLICIT,true,2026-10-15T15:00:00Z,,delayed,2026-10-20T15:00:00Z,2026-10-15T15:00:00Z
PREF-015D0428,CUS-00429,DO_NOT_SOLICIT,true,2026-10-16T15:00:00Z,,delayed,2026-10-20T15:00:00Z,2026-10-16T15:00:00Z
PREF-015D0429,CUS-00430,DO_NOT_SOLICIT,true,2026-10-17T15:00:00Z,,delayed,2026-10-20T15:00:00Z,2026-10-17T15:00:00Z
PREF-015D0430,CUS-00431,DO_NOT_SOLICIT,true,2026-10-18T15:00:00Z,,delayed,2026-10-20T15:00:00Z,2026-10-18T15:00:00Z
PREF-015D0431,CUS-00432,DO_NOT_SOLICIT,true,2026-10-19T15:00:00Z,,delayed,2026-10-20T15:00:00Z,2026-10-19T15:00:00Z
PREF-015D0432,CUS-00433,DO_NOT_SOLICIT,true,2026-10-12T15:00:00Z,,delayed,2026-10-20T15:00:00Z,2026-10-12T15:00:00Z
PREF-015D0433,CUS-00434,DO_NOT_SOLICIT,true,2026-10-13T15:00:00Z,,delayed,2026-10-20T15:00:00Z,2026-10-13T15:00:00Z
PREF-015D0434,CUS-00435,DO_NOT_SOLICIT,true,2026-10-14T15:00:00Z,,delayed,2026-10-20T15:00:00Z,2026-10-14T15:00:00Z
PREF-015D0435,CUS-00436,DO_NOT_SOLICIT,true,2026-10-15T15:00:00Z,,delayed,2026-10-20T15:00:00Z,2026-10-15T15:00:00Z
PREF-015D0436,CUS-00437,DO_NOT_SOLICIT,true,2026-10-16T15:00:00Z,,delayed,2026-10-20T15:00:00Z,2026-10-16T15:00:00Z
PREF-015D0437,CUS-00438,DO_NOT_SOLICIT,true,2026-10-17T15:00:00Z,,delayed,2026-10-20T15:00:00Z,2026-10-17T15:00:00Z
PREF-015D0438,CUS-00439,DO_NOT_SOLICIT,true,2026-10-18T15:00:00Z,,delayed,2026-10-20T15:00:00Z,2026-10-18T15:00:00Z
PREF-015D0439,CUS-00440,DO_NOT_SOLICIT,true,2026-10-19T15:00:00Z,,delayed,2026-10-20T15:00:00Z,2026-10-19T15:00:00Z
PREF-015D0440,CUS-00441,DO_NOT_SOLICIT,true,2026-10-12T15:00:00Z,,delayed,2026-10-20T15:00:00Z,2026-10-12T15:00:00Z
PREF-015D0441,CUS-00442,DO_NOT_SOLICIT,true,2026-10-13T15:00:00Z,,delayed,2026-10-20T15:00:00Z,2026-10-13T15:00:00Z
PREF-015D0442,CUS-00443,DO_NOT_SOLICIT,true,2026-10-14T15:00:00Z,,delayed,2026-10-20T15:00:00Z,2026-10-14T15:00:00Z
PREF-015D0443,CUS-00444,DO_NOT_SOLICIT,true,2026-10-15T15:00:00Z,,delayed,2026-10-20T15:00:00Z,2026-10-15T15:00:00Z
PREF-015D0444,CUS-00445,DO_NOT_SOLICIT,true,2026-10-16T15:00:00Z,,delayed,2026-10-20T15:00:00Z,2026-10-16T15:00:00Z
PREF-015D0445,CUS-00446,DO_NOT_SOLICIT,true,2026-10-17T15:00:00Z,,delayed,2026-10-20T15:00:00Z,2026-10-17T15:00:00Z
PREF-015D0446,CUS-00447,DO_NOT_SOLICIT,true,2026-10-18T15:00:00Z,,delayed,2026-10-20T15:00:00Z,2026-10-18T15:00:00Z
PREF-015D0447,CUS-00448,DO_NOT_SOLICIT,true,2026-10-19T15:00:00Z,,delayed,2026-10-20T15:00:00Z,2026-10-19T15:00:00Z
PREF-015D0448,CUS-00449,DO_NOT_SOLICIT,true,2026-10-12T15:00:00Z,,delayed,2026-10-20T15:00:00Z,2026-10-12T15:00:00Z
PREF-015D0449,CUS-00450,DO_NOT_SOLICIT,true,2026-10-13T15:00:00Z,,delayed,2026-10-20T15:00:00Z,2026-10-13T15:00:00Z
PREF-015D0450,CUS-00451,DO_NOT_SOLICIT,true,2026-10-14T15:00:00Z,,delayed,2026-10-20T15:00:00Z,2026-10-14T15:00:00Z
PREF-015D0451,CUS-00452,DO_NOT_SOLICIT,true,2026-10-15T15:00:00Z,,delayed,2026-10-20T15:00:00Z,2026-10-15T15:00:00Z
PREF-015D0452,CUS-00453,DO_NOT_SOLICIT,true,2026-10-16T15:00:00Z,,delayed,2026-10-20T15:00:00Z,2026-10-16T15:00:00Z
PREF-015D0453,CUS-00454,DO_NOT_SOLICIT,true,2026-10-17T15:00:00Z,,delayed,2026-10-20T15:00:00Z,2026-10-17T15:00:00Z
PREF-015D0454,CUS-00455,DO_NOT_SOLICIT,true,2026-10-18T15:00:00Z,,delayed,2026-10-20T15:00:00Z,2026-10-18T15:00:00Z
PREF-015D0455,CUS-00456,DO_NOT_SOLICIT,true,2026-10-19T15:00:00Z,,delayed,2026-10-20T15:00:00Z,2026-10-19T15:00:00Z
PREF-015D0456,CUS-00457,DO_NOT_SOLICIT,true,2026-10-12T15:00:00Z,,delayed,2026-10-20T15:00:00Z,2026-10-12T15:00:00Z
PREF-015D0457,CUS-00458,DO_NOT_SOLICIT,true,2026-10-13T15:00:00Z,,delayed,2026-10-20T15:00:00Z,2026-10-13T15:00:00Z
PREF-015D0458,CUS-00459,DO_NOT_SOLICIT,true,2026-10-14T15:00:00Z,,delayed,2026-10-20T15:00:00Z,2026-10-14T15:00:00Z
PREF-015D0459,CUS-00460,DO_NOT_SOLICIT,true,2026-10-15T15:00:00Z,,delayed,2026-10-20T15:00:00Z,2026-10-15T15:00:00Z
PREF-015D0460,CUS-00461,DO_NOT_SOLICIT,true,2026-10-16T15:00:00Z,,delayed,2026-10-20T15:00:00Z,2026-10-16T15:00:00Z
PREF-015D0461,CUS-00462,DO_NOT_SOLICIT,true,2026-10-17T15:00:00Z,,delayed,2026-10-20T15:00:00Z,2026-10-17T15:00:00Z
PREF-015D0462,CUS-00463,DO_NOT_SOLICIT,true,2026-10-18T15:00:00Z,,delayed,2026-10-20T15:00:00Z,2026-10-18T15:00:00Z
PREF-015D0463,CUS-00464,DO_NOT_SOLICIT,true,2026-10-19T15:00:00Z,,delayed,2026-10-20T15:00:00Z,2026-10-19T15:00:00Z
PREF-015D0464,CUS-00465,DO_NOT_SOLICIT,true,2026-10-12T15:00:00Z,,delayed,2026-10-20T15:00:00Z,2026-10-12T15:00:00Z
PREF-015D0465,CUS-00466,DO_NOT_SOLICIT,true,2026-10-13T15:00:00Z,,delayed,2026-10-20T15:00:00Z,2026-10-13T15:00:00Z
PREF-015D0466,CUS-00467,DO_NOT_SOLICIT,true,2026-10-14T15:00:00Z,,delayed,2026-10-20T15:00:00Z,2026-10-14T15:00:00Z
PREF-015D0467,CUS-00468,DO_NOT_SOLICIT,true,2026-10-15T15:00:00Z,,delayed,2026-10-20T15:00:00Z,2026-10-15T15:00:00Z
PREF-015D0468,CUS-00469,DO_NOT_SOLICIT,true,2026-10-16T15:00:00Z,,delayed,2026-10-20T15:00:00Z,2026-10-16T15:00:00Z
PREF-015D0469,CUS-00470,DO_NOT_SOLICIT,true,2026-10-17T15:00:00Z,,delayed,2026-10-20T15:00:00Z,2026-10-17T15:00:00Z
PREF-015D0470,CUS-00471,DO_NOT_SOLICIT,true,2026-10-18T15:00:00Z,,delayed,2026-10-20T15:00:00Z,2026-10-18T15:00:00Z
PREF-015D0471,CUS-00472,DO_NOT_SOLICIT,true,2026-10-19T15:00:00Z,,delayed,2026-10-20T15:00:00Z,2026-10-19T15:00:00Z
PREF-015D0472,CUS-00473,DO_NOT_SOLICIT,true,2026-10-12T15:00:00Z,,delayed,2026-10-20T15:00:00Z,2026-10-12T15:00:00Z
PREF-015D0473,CUS-00474,DO_NOT_SOLICIT,true,2026-10-13T15:00:00Z,,delayed,2026-10-20T15:00:00Z,2026-10-13T15:00:00Z
PREF-015D0474,CUS-00475,DO_NOT_SOLICIT,true,2026-10-14T15:00:00Z,,delayed,2026-10-20T15:00:00Z,2026-10-14T15:00:00Z
PREF-015D0475,CUS-00476,DO_NOT_SOLICIT,true,2026-10-15T15:00:00Z,,delayed,2026-10-20T15:00:00Z,2026-10-15T15:00:00Z
PREF-015D0476,CUS-00477,DO_NOT_SOLICIT,true,2026-10-16T15:00:00Z,,delayed,2026-10-20T15:00:00Z,2026-10-16T15:00:00Z
PREF-015D0477,CUS-00478,DO_NOT_SOLICIT,true,2026-10-17T15:00:00Z,,delayed,2026-10-20T15:00:00Z,2026-10-17T15:00:00Z
PREF-015D0478,CUS-00479,DO_NOT_SOLICIT,true,2026-10-18T15:00:00Z,,delayed,2026-10-20T15:00:00Z,2026-10-18T15:00:00Z
PREF-015D0479,CUS-00480,DO_NOT_SOLICIT,true,2026-10-19T15:00:00Z,,delayed,2026-10-20T15:00:00Z,2026-10-19T15:00:00Z
PREF-015D0480,CUS-00481,DO_NOT_SOLICIT,true,2026-10-12T15:00:00Z,,delayed,2026-10-20T15:00:00Z,2026-10-12T15:00:00Z
PREF-015D0481,CUS-00482,DO_NOT_SOLICIT,true,2026-10-13T15:00:00Z,,delayed,2026-10-20T15:00:00Z,2026-10-13T15:00:00Z
PREF-015D0482,CUS-00483,DO_NOT_SOLICIT,true,2026-10-14T15:00:00Z,,delayed,2026-10-20T15:00:00Z,2026-10-14T15:00:00Z
PREF-015D0483,CUS-00484,DO_NOT_SOLICIT,true,2026-10-15T15:00:00Z,,delayed,2026-10-20T15:00:00Z,2026-10-15T15:00:00Z
PREF-015D0484,CUS-00485,DO_NOT_SOLICIT,true,2026-10-16T15:00:00Z,,delayed,2026-10-20T15:00:00Z,2026-10-16T15:00:00Z
PREF-015D0485,CUS-00486,DO_NOT_SOLICIT,true,2026-10-17T15:00:00Z,,delayed,2026-10-20T15:00:00Z,2026-10-17T15:00:00Z
PREF-015D0486,CUS-00487,DO_NOT_SOLICIT,true,2026-10-18T15:00:00Z,,delayed,2026-10-20T15:00:00Z,2026-10-18T15:00:00Z
PREF-015D0487,CUS-00488,DO_NOT_SOLICIT,true,2026-10-19T15:00:00Z,,delayed,2026-10-20T15:00:00Z,2026-10-19T15:00:00Z
PREF-015D0488,CUS-00489,DO_NOT_SOLICIT,true,2026-10-12T15:00:00Z,,delayed,2026-10-20T15:00:00Z,2026-10-12T15:00:00Z
PREF-015D0489,CUS-00490,DO_NOT_SOLICIT,true,2026-10-13T15:00:00Z,,delayed,2026-10-20T15:00:00Z,2026-10-13T15:00:00Z
PREF-015D0490,CUS-00491,DO_NOT_SOLICIT,true,2026-10-14T15:00:00Z,,delayed,2026-10-20T15:00:00Z,2026-10-14T15:00:00Z
PREF-015D0491,CUS-00492,DO_NOT_SOLICIT,true,2026-10-15T15:00:00Z,,delayed,2026-10-20T15:00:00Z,2026-10-15T15:00:00Z
PREF-015D0492,CUS-00493,DO_NOT_SOLICIT,true,2026-10-16T15:00:00Z,,delayed,2026-10-20T15:00:00Z,2026-10-16T15:00:00Z
PREF-015D0493,CUS-00494,DO_NOT_SOLICIT,true,2026-10-17T15:00:00Z,,delayed,2026-10-20T15:00:00Z,2026-10-17T15:00:00Z
PREF-015D0494,CUS-00495,DO_NOT_SOLICIT,true,2026-10-18T15:00:00Z,,delayed,2026-10-20T15:00:00Z,2026-10-18T15:00:00Z
PREF-015D0495,CUS-00496,DO_NOT_SOLICIT,true,2026-10-19T15:00:00Z,,delayed,2026-10-20T15:00:00Z,2026-10-19T15:00:00Z
PREF-015D0496,CUS-00497,DO_NOT_SOLICIT,true,2026-10-12T15:00:00Z,,delayed,2026-10-20T15:00:00Z,2026-10-12T15:00:00Z
PREF-015D0497,CUS-00498,DO_NOT_SOLICIT,true,2026-10-13T15:00:00Z,,delayed,2026-10-20T15:00:00Z,2026-10-13T15:00:00Z
PREF-015D0498,CUS-00499,DO_NOT_SOLICIT,true,2026-10-14T15:00:00Z,,delayed,2026-10-20T15:00:00Z,2026-10-14T15:00:00Z
PREF-015D0499,CUS-00500,DO_NOT_SOLICIT,true,2026-10-15T15:00:00Z,,delayed,2026-10-20T15:00:00Z,2026-10-15T15:00:00Z
PREF-015D0500,CUS-00501,DO_NOT_SOLICIT,true,2026-10-16T15:00:00Z,,delayed,2026-10-20T15:00:00Z,2026-10-16T15:00:00Z
PREF-015D0501,CUS-00502,DO_NOT_SOLICIT,true,2026-10-17T15:00:00Z,,delayed,2026-10-20T15:00:00Z,2026-10-17T15:00:00Z
PREF-015D0502,CUS-00503,DO_NOT_SOLICIT,true,2026-10-18T15:00:00Z,,delayed,2026-10-20T15:00:00Z,2026-10-18T15:00:00Z
PREF-015D0503,CUS-00504,DO_NOT_SOLICIT,true,2026-10-19T15:00:00Z,,delayed,2026-10-20T15:00:00Z,2026-10-19T15:00:00Z
PREF-015D0504,CUS-00505,DO_NOT_SOLICIT,true,2026-10-12T15:00:00Z,,delayed,2026-10-20T15:00:00Z,2026-10-12T15:00:00Z
PREF-015D0505,CUS-00506,DO_NOT_SOLICIT,true,2026-10-13T15:00:00Z,,delayed,2026-10-20T15:00:00Z,2026-10-13T15:00:00Z
PREF-015D0506,CUS-00507,DO_NOT_SOLICIT,true,2026-10-14T15:00:00Z,,delayed,2026-10-20T15:00:00Z,2026-10-14T15:00:00Z
PREF-015D0507,CUS-00508,DO_NOT_SOLICIT,true,2026-10-15T15:00:00Z,,delayed,2026-10-20T15:00:00Z,2026-10-15T15:00:00Z
PREF-015D0508,CUS-00509,DO_NOT_SOLICIT,true,2026-10-16T15:00:00Z,,delayed,2026-10-20T15:00:00Z,2026-10-16T15:00:00Z
PREF-015D0509,CUS-00510,DO_NOT_SOLICIT,true,2026-10-17T15:00:00Z,,delayed,2026-10-20T15:00:00Z,2026-10-17T15:00:00Z
PREF-015D0510,CUS-00511,DO_NOT_SOLICIT,true,2026-10-18T15:00:00Z,,delayed,2026-10-20T15:00:00Z,2026-10-18T15:00:00Z
PREF-015D0511,CUS-00512,DO_NOT_SOLICIT,true,2026-10-19T15:00:00Z,,delayed,2026-10-20T15:00:00Z,2026-10-19T15:00:00Z
PREF-015D0512,CUS-00513,DO_NOT_SOLICIT,true,2026-10-12T15:00:00Z,,delayed,2026-10-20T15:00:00Z,2026-10-12T15:00:00Z
PREF-015D0513,CUS-00514,DO_NOT_SOLICIT,true,2026-10-13T15:00:00Z,,delayed,2026-10-20T15:00:00Z,2026-10-13T15:00:00Z
PREF-015D0514,CUS-00515,DO_NOT_SOLICIT,true,2026-10-14T15:00:00Z,,delayed,2026-10-20T15:00:00Z,2026-10-14T15:00:00Z
PREF-015D0515,CUS-00516,DO_NOT_SOLICIT,true,2026-10-15T15:00:00Z,,delayed,2026-10-20T15:00:00Z,2026-10-15T15:00:00Z
PREF-015D0516,CUS-00517,DO_NOT_SOLICIT,true,2026-10-16T15:00:00Z,,delayed,2026-10-20T15:00:00Z,2026-10-16T15:00:00Z
PREF-015D0517,CUS-00518,DO_NOT_SOLICIT,true,2026-10-17T15:00:00Z,,delayed,2026-10-20T15:00:00Z,2026-10-17T15:00:00Z
PREF-015D0518,CUS-00519,DO_NOT_SOLICIT,true,2026-10-18T15:00:00Z,,delayed,2026-10-20T15:00:00Z,2026-10-18T15:00:00Z
PREF-015D0519,CUS-00520,DO_NOT_SOLICIT,true,2026-10-19T15:00:00Z,,delayed,2026-10-20T15:00:00Z,2026-10-19T15:00:00Z
PREF-015D0520,CUS-00521,DO_NOT_SOLICIT,true,2026-10-12T15:00:00Z,,delayed,2026-10-20T15:00:00Z,2026-10-12T15:00:00Z
PREF-015D0521,CUS-00522,DO_NOT_SOLICIT,true,2026-10-13T15:00:00Z,,delayed,2026-10-20T15:00:00Z,2026-10-13T15:00:00Z
PREF-015D0522,CUS-00523,DO_NOT_SOLICIT,true,2026-10-14T15:00:00Z,,delayed,2026-10-20T15:00:00Z,2026-10-14T15:00:00Z
PREF-015D0523,CUS-00524,DO_NOT_SOLICIT,true,2026-10-15T15:00:00Z,,delayed,2026-10-20T15:00:00Z,2026-10-15T15:00:00Z
PREF-015D0524,CUS-00525,DO_NOT_SOLICIT,true,2026-10-16T15:00:00Z,,delayed,2026-10-20T15:00:00Z,2026-10-16T15:00:00Z
PREF-015D0525,CUS-00526,DO_NOT_SOLICIT,true,2026-10-17T15:00:00Z,,delayed,2026-10-20T15:00:00Z,2026-10-17T15:00:00Z
PREF-015D0526,CUS-00527,DO_NOT_SOLICIT,true,2026-10-18T15:00:00Z,,delayed,2026-10-20T15:00:00Z,2026-10-18T15:00:00Z
PREF-015D0527,CUS-00528,DO_NOT_SOLICIT,true,2026-10-19T15:00:00Z,,delayed,2026-10-20T15:00:00Z,2026-10-19T15:00:00Z
PREF-015D0528,CUS-00529,DO_NOT_SOLICIT,true,2026-10-12T15:00:00Z,,delayed,2026-10-20T15:00:00Z,2026-10-12T15:00:00Z
PREF-015D0529,CUS-00530,DO_NOT_SOLICIT,true,2026-10-13T15:00:00Z,,delayed,2026-10-20T15:00:00Z,2026-10-13T15:00:00Z
PREF-015D0530,CUS-00531,DO_NOT_SOLICIT,true,2026-10-14T15:00:00Z,,delayed,2026-10-20T15:00:00Z,2026-10-14T15:00:00Z
PREF-015D0531,CUS-00532,DO_NOT_SOLICIT,true,2026-10-15T15:00:00Z,,delayed,2026-10-20T15:00:00Z,2026-10-15T15:00:00Z
PREF-015D0532,CUS-00533,DO_NOT_SOLICIT,true,2026-10-16T15:00:00Z,,delayed,2026-10-20T15:00:00Z,2026-10-16T15:00:00Z
PREF-015D0533,CUS-00534,DO_NOT_SOLICIT,true,2026-10-17T15:00:00Z,,delayed,2026-10-20T15:00:00Z,2026-10-17T15:00:00Z
PREF-015D0534,CUS-00535,DO_NOT_SOLICIT,true,2026-10-18T15:00:00Z,,delayed,2026-10-20T15:00:00Z,2026-10-18T15:00:00Z
PREF-015D0535,CUS-00536,DO_NOT_SOLICIT,true,2026-10-19T15:00:00Z,,delayed,2026-10-20T15:00:00Z,2026-10-19T15:00:00Z
PREF-015D0536,CUS-00537,DO_NOT_SOLICIT,true,2026-10-12T15:00:00Z,,delayed,2026-10-20T15:00:00Z,2026-10-12T15:00:00Z
PREF-015D0537,CUS-00538,DO_NOT_SOLICIT,true,2026-10-13T15:00:00Z,,delayed,2026-10-20T15:00:00Z,2026-10-13T15:00:00Z
PREF-015D0538,CUS-00539,DO_NOT_SOLICIT,true,2026-10-14T15:00:00Z,,delayed,2026-10-20T15:00:00Z,2026-10-14T15:00:00Z
PREF-015D0539,CUS-00540,DO_NOT_SOLICIT,true,2026-10-15T15:00:00Z,,delayed,2026-10-20T15:00:00Z,2026-10-15T15:00:00Z
PREF-015D0540,CUS-00541,DO_NOT_SOLICIT,true,2026-10-16T15:00:00Z,,delayed,2026-10-20T15:00:00Z,2026-10-16T15:00:00Z
PREF-015D0541,CUS-00542,DO_NOT_SOLICIT,true,2026-10-17T15:00:00Z,,delayed,2026-10-20T15:00:00Z,2026-10-17T15:00:00Z
PREF-015D0542,CUS-00543,DO_NOT_SOLICIT,true,2026-10-18T15:00:00Z,,delayed,2026-10-20T15:00:00Z,2026-10-18T15:00:00Z
PREF-015D0543,CUS-00544,DO_NOT_SOLICIT,true,2026-10-19T15:00:00Z,,delayed,2026-10-20T15:00:00Z,2026-10-19T15:00:00Z
PREF-015D0544,CUS-00545,DO_NOT_SOLICIT,true,2026-10-12T15:00:00Z,,delayed,2026-10-20T15:00:00Z,2026-10-12T15:00:00Z
PREF-015D0545,CUS-00546,DO_NOT_SOLICIT,true,2026-10-13T15:00:00Z,,delayed,2026-10-20T15:00:00Z,2026-10-13T15:00:00Z
PREF-015D0546,CUS-00547,DO_NOT_SOLICIT,true,2026-10-14T15:00:00Z,,delayed,2026-10-20T15:00:00Z,2026-10-14T15:00:00Z
PREF-015D0547,CUS-00548,DO_NOT_SOLICIT,true,2026-10-15T15:00:00Z,,delayed,2026-10-20T15:00:00Z,2026-10-15T15:00:00Z
PREF-015D0548,CUS-00549,DO_NOT_SOLICIT,true,2026-10-16T15:00:00Z,,delayed,2026-10-20T15:00:00Z,2026-10-16T15:00:00Z
PREF-015D0549,CUS-00550,DO_NOT_SOLICIT,true,2026-10-17T15:00:00Z,,delayed,2026-10-20T15:00:00Z,2026-10-17T15:00:00Z
PREF-015D0550,CUS-00551,DO_NOT_SOLICIT,true,2026-10-18T15:00:00Z,,delayed,2026-10-20T15:00:00Z,2026-10-18T15:00:00Z
PREF-015D0551,CUS-00552,DO_NOT_SOLICIT,true,2026-10-19T15:00:00Z,,delayed,2026-10-20T15:00:00Z,2026-10-19T15:00:00Z
PREF-015D0552,CUS-00553,DO_NOT_SOLICIT,true,2026-10-12T15:00:00Z,,delayed,2026-10-20T15:00:00Z,2026-10-12T15:00:00Z
PREF-015D0553,CUS-00554,DO_NOT_SOLICIT,true,2026-10-13T15:00:00Z,,delayed,2026-10-20T15:00:00Z,2026-10-13T15:00:00Z
PREF-015D0554,CUS-00555,DO_NOT_SOLICIT,true,2026-10-14T15:00:00Z,,delayed,2026-10-20T15:00:00Z,2026-10-14T15:00:00Z
PREF-015D0555,CUS-00556,DO_NOT_SOLICIT,true,2026-10-15T15:00:00Z,,delayed,2026-10-20T15:00:00Z,2026-10-15T15:00:00Z
PREF-015D0556,CUS-00557,DO_NOT_SOLICIT,true,2026-10-16T15:00:00Z,,delayed,2026-10-20T15:00:00Z,2026-10-16T15:00:00Z
PREF-015D0557,CUS-00558,DO_NOT_SOLICIT,true,2026-10-17T15:00:00Z,,delayed,2026-10-20T15:00:00Z,2026-10-17T15:00:00Z
PREF-015D0558,CUS-00559,DO_NOT_SOLICIT,true,2026-10-18T15:00:00Z,,delayed,2026-10-20T15:00:00Z,2026-10-18T15:00:00Z
PREF-015D0559,CUS-00560,DO_NOT_SOLICIT,true,2026-10-19T15:00:00Z,,delayed,2026-10-20T15:00:00Z,2026-10-19T15:00:00Z
PREF-015D0560,CUS-00561,DO_NOT_SOLICIT,true,2026-10-12T15:00:00Z,,delayed,2026-10-20T15:00:00Z,2026-10-12T15:00:00Z
PREF-015D0561,CUS-00562,DO_NOT_SOLICIT,true,2026-10-13T15:00:00Z,,delayed,2026-10-20T15:00:00Z,2026-10-13T15:00:00Z
PREF-015D0562,CUS-00563,DO_NOT_SOLICIT,true,2026-10-14T15:00:00Z,,delayed,2026-10-20T15:00:00Z,2026-10-14T15:00:00Z
PREF-015D0563,CUS-00564,DO_NOT_SOLICIT,true,2026-10-15T15:00:00Z,,delayed,2026-10-20T15:00:00Z,2026-10-15T15:00:00Z
PREF-015D0564,CUS-00565,DO_NOT_SOLICIT,true,2026-10-16T15:00:00Z,,delayed,2026-10-20T15:00:00Z,2026-10-16T15:00:00Z
PREF-015D0565,CUS-00566,DO_NOT_SOLICIT,true,2026-10-17T15:00:00Z,,delayed,2026-10-20T15:00:00Z,2026-10-17T15:00:00Z
PREF-015D0566,CUS-00567,DO_NOT_SOLICIT,true,2026-10-18T15:00:00Z,,delayed,2026-10-20T15:00:00Z,2026-10-18T15:00:00Z
PREF-015D0567,CUS-00568,DO_NOT_SOLICIT,true,2026-10-19T15:00:00Z,,delayed,2026-10-20T15:00:00Z,2026-10-19T15:00:00Z
PREF-015D0568,CUS-00569,DO_NOT_SOLICIT,true,2026-10-12T15:00:00Z,,delayed,2026-10-20T15:00:00Z,2026-10-12T15:00:00Z
PREF-015D0569,CUS-00570,DO_NOT_SOLICIT,true,2026-10-13T15:00:00Z,,delayed,2026-10-20T15:00:00Z,2026-10-13T15:00:00Z
PREF-015D0570,CUS-00571,DO_NOT_SOLICIT,true,2026-10-14T15:00:00Z,,delayed,2026-10-20T15:00:00Z,2026-10-14T15:00:00Z
PREF-015D0571,CUS-00572,DO_NOT_SOLICIT,true,2026-10-15T15:00:00Z,,delayed,2026-10-20T15:00:00Z,2026-10-15T15:00:00Z
PREF-015D0572,CUS-00573,DO_NOT_SOLICIT,true,2026-10-16T15:00:00Z,,delayed,2026-10-20T15:00:00Z,2026-10-16T15:00:00Z
PREF-015D0573,CUS-00574,DO_NOT_SOLICIT,true,2026-10-17T15:00:00Z,,delayed,2026-10-20T15:00:00Z,2026-10-17T15:00:00Z
PREF-015D0574,CUS-00575,DO_NOT_SOLICIT,true,2026-10-18T15:00:00Z,,delayed,2026-10-20T15:00:00Z,2026-10-18T15:00:00Z
PREF-015D0575,CUS-00576,DO_NOT_SOLICIT,true,2026-10-19T15:00:00Z,,delayed,2026-10-20T15:00:00Z,2026-10-19T15:00:00Z
PREF-015D0576,CUS-00577,DO_NOT_SOLICIT,true,2026-10-12T15:00:00Z,,delayed,2026-10-20T15:00:00Z,2026-10-12T15:00:00Z
PREF-015D0577,CUS-00578,DO_NOT_SOLICIT,true,2026-10-13T15:00:00Z,,delayed,2026-10-20T15:00:00Z,2026-10-13T15:00:00Z
PREF-015D0578,CUS-00579,DO_NOT_SOLICIT,true,2026-10-14T15:00:00Z,,delayed,2026-10-20T15:00:00Z,2026-10-14T15:00:00Z
PREF-015D0579,CUS-00580,DO_NOT_SOLICIT,true,2026-10-15T15:00:00Z,,delayed,2026-10-20T15:00:00Z,2026-10-15T15:00:00Z
PREF-015D0580,CUS-00581,DO_NOT_SOLICIT,true,2026-10-16T15:00:00Z,,delayed,2026-10-20T15:00:00Z,2026-10-16T15:00:00Z
PREF-015D0581,CUS-00582,DO_NOT_SOLICIT,true,2026-10-17T15:00:00Z,,delayed,2026-10-20T15:00:00Z,2026-10-17T15:00:00Z
PREF-015D0582,CUS-00583,DO_NOT_SOLICIT,true,2026-10-18T15:00:00Z,,delayed,2026-10-20T15:00:00Z,2026-10-18T15:00:00Z
PREF-015D0583,CUS-00584,DO_NOT_SOLICIT,true,2026-10-19T15:00:00Z,,delayed,2026-10-20T15:00:00Z,2026-10-19T15:00:00Z
PREF-015D0584,CUS-00585,DO_NOT_SOLICIT,true,2026-10-12T15:00:00Z,,delayed,2026-10-20T15:00:00Z,2026-10-12T15:00:00Z
PREF-015D0585,CUS-00586,DO_NOT_SOLICIT,true,2026-10-13T15:00:00Z,,delayed,2026-10-20T15:00:00Z,2026-10-13T15:00:00Z
PREF-015D0586,CUS-00587,DO_NOT_SOLICIT,true,2026-10-14T15:00:00Z,,delayed,2026-10-20T15:00:00Z,2026-10-14T15:00:00Z
PREF-015D0587,CUS-00588,DO_NOT_SOLICIT,true,2026-10-15T15:00:00Z,,delayed,2026-10-20T15:00:00Z,2026-10-15T15:00:00Z
PREF-015D0588,CUS-00589,DO_NOT_SOLICIT,true,2026-10-16T15:00:00Z,,delayed,2026-10-20T15:00:00Z,2026-10-16T15:00:00Z
PREF-015D0589,CUS-00590,DO_NOT_SOLICIT,true,2026-10-17T15:00:00Z,,delayed,2026-10-20T15:00:00Z,2026-10-17T15:00:00Z
PREF-015D0590,CUS-00591,DO_NOT_SOLICIT,true,2026-10-18T15:00:00Z,,delayed,2026-10-20T15:00:00Z,2026-10-18T15:00:00Z
PREF-015D0591,CUS-00592,DO_NOT_SOLICIT,true,2026-10-19T15:00:00Z,,delayed,2026-10-20T15:00:00Z,2026-10-19T15:00:00Z
PREF-015D0592,CUS-00593,DO_NOT_SOLICIT,true,2026-10-12T15:00:00Z,,delayed,2026-10-20T15:00:00Z,2026-10-12T15:00:00Z
PREF-015D0593,CUS-00594,DO_NOT_SOLICIT,true,2026-10-13T15:00:00Z,,delayed,2026-10-20T15:00:00Z,2026-10-13T15:00:00Z
PREF-015D0594,CUS-00595,DO_NOT_SOLICIT,true,2026-10-14T15:00:00Z,,delayed,2026-10-20T15:00:00Z,2026-10-14T15:00:00Z
PREF-015D0595,CUS-00596,DO_NOT_SOLICIT,true,2026-10-15T15:00:00Z,,delayed,2026-10-20T15:00:00Z,2026-10-15T15:00:00Z
PREF-015D0596,CUS-00597,DO_NOT_SOLICIT,true,2026-10-16T15:00:00Z,,delayed,2026-10-20T15:00:00Z,2026-10-16T15:00:00Z
PREF-015D0597,CUS-00598,DO_NOT_SOLICIT,true,2026-10-17T15:00:00Z,,delayed,2026-10-20T15:00:00Z,2026-10-17T15:00:00Z
PREF-015D0598,CUS-00599,DO_NOT_SOLICIT,true,2026-10-18T15:00:00Z,,delayed,2026-10-20T15:00:00Z,2026-10-18T15:00:00Z
PREF-015D0599,CUS-00600,DO_NOT_SOLICIT,true,2026-10-19T15:00:00Z,,delayed,2026-10-20T15:00:00Z,2026-10-19T15:00:00Z
PREF-015D0600,CUS-00601,DO_NOT_SOLICIT,true,2026-10-12T15:00:00Z,,delayed,2026-10-20T15:00:00Z,2026-10-12T15:00:00Z
PREF-015D0601,CUS-00602,DO_NOT_SOLICIT,true,2026-10-13T15:00:00Z,,delayed,2026-10-20T15:00:00Z,2026-10-13T15:00:00Z
PREF-015D0602,CUS-00603,DO_NOT_SOLICIT,true,2026-10-14T15:00:00Z,,delayed,2026-10-20T15:00:00Z,2026-10-14T15:00:00Z
PREF-015D0603,CUS-00604,DO_NOT_SOLICIT,true,2026-10-15T15:00:00Z,,delayed,2026-10-20T15:00:00Z,2026-10-15T15:00:00Z
PREF-015D0604,CUS-00605,DO_NOT_SOLICIT,true,2026-10-16T15:00:00Z,,delayed,2026-10-20T15:00:00Z,2026-10-16T15:00:00Z
PREF-015D0605,CUS-00606,DO_NOT_SOLICIT,true,2026-10-17T15:00:00Z,,delayed,2026-10-20T15:00:00Z,2026-10-17T15:00:00Z
PREF-015D0606,CUS-00607,DO_NOT_SOLICIT,true,2026-10-18T15:00:00Z,,delayed,2026-10-20T15:00:00Z,2026-10-18T15:00:00Z
PREF-015D0607,CUS-00608,DO_NOT_SOLICIT,true,2026-10-19T15:00:00Z,,delayed,2026-10-20T15:00:00Z,2026-10-19T15:00:00Z
PREF-015D0608,CUS-00609,DO_NOT_SOLICIT,true,2026-10-12T15:00:00Z,,delayed,2026-10-20T15:00:00Z,2026-10-12T15:00:00Z
PREF-015D0609,CUS-00610,DO_NOT_SOLICIT,true,2026-10-13T15:00:00Z,,delayed,2026-10-20T15:00:00Z,2026-10-13T15:00:00Z
PREF-015D0610,CUS-00611,DO_NOT_SOLICIT,true,2026-10-14T15:00:00Z,,delayed,2026-10-20T15:00:00Z,2026-10-14T15:00:00Z
PREF-015D0611,CUS-00612,DO_NOT_SOLICIT,true,2026-10-15T15:00:00Z,,delayed,2026-10-20T15:00:00Z,2026-10-15T15:00:00Z
PREF-015D0612,CUS-00613,DO_NOT_SOLICIT,true,2026-10-16T15:00:00Z,,delayed,2026-10-20T15:00:00Z,2026-10-16T15:00:00Z
PREF-015D0613,CUS-00614,DO_NOT_SOLICIT,true,2026-10-17T15:00:00Z,,delayed,2026-10-20T15:00:00Z,2026-10-17T15:00:00Z
PREF-015D0614,CUS-00615,DO_NOT_SOLICIT,true,2026-10-18T15:00:00Z,,delayed,2026-10-20T15:00:00Z,2026-10-18T15:00:00Z
PREF-015D0615,CUS-00616,DO_NOT_SOLICIT,true,2026-10-19T15:00:00Z,,delayed,2026-10-20T15:00:00Z,2026-10-19T15:00:00Z
PREF-015D0616,CUS-00617,DO_NOT_SOLICIT,true,2026-10-12T15:00:00Z,,delayed,2026-10-20T15:00:00Z,2026-10-12T15:00:00Z
PREF-015D0617,CUS-00618,DO_NOT_SOLICIT,true,2026-10-13T15:00:00Z,,delayed,2026-10-20T15:00:00Z,2026-10-13T15:00:00Z
PREF-015D0618,CUS-00619,DO_NOT_SOLICIT,true,2026-10-14T15:00:00Z,,delayed,2026-10-20T15:00:00Z,2026-10-14T15:00:00Z
PREF-015D0619,CUS-00620,DO_NOT_SOLICIT,true,2026-10-15T15:00:00Z,,delayed,2026-10-20T15:00:00Z,2026-10-15T15:00:00Z
PREF-015D0620,CUS-00621,DO_NOT_SOLICIT,true,2026-10-16T15:00:00Z,,delayed,2026-10-20T15:00:00Z,2026-10-16T15:00:00Z
PREF-015D0621,CUS-00622,DO_NOT_SOLICIT,true,2026-10-17T15:00:00Z,,delayed,2026-10-20T15:00:00Z,2026-10-17T15:00:00Z
PREF-015D0622,CUS-00623,DO_NOT_SOLICIT,true,2026-10-18T15:00:00Z,,delayed,2026-10-20T15:00:00Z,2026-10-18T15:00:00Z
PREF-015D0623,CUS-00624,DO_NOT_SOLICIT,true,2026-10-19T15:00:00Z,,delayed,2026-10-20T15:00:00Z,2026-10-19T15:00:00Z
PREF-015D0624,CUS-00625,DO_NOT_SOLICIT,true,2026-10-12T15:00:00Z,,delayed,2026-10-20T15:00:00Z,2026-10-12T15:00:00Z
PREF-015D0625,CUS-00626,DO_NOT_SOLICIT,true,2026-10-13T15:00:00Z,,delayed,2026-10-20T15:00:00Z,2026-10-13T15:00:00Z
PREF-015D0626,CUS-00627,DO_NOT_SOLICIT,true,2026-10-14T15:00:00Z,,delayed,2026-10-20T15:00:00Z,2026-10-14T15:00:00Z
PREF-015D0627,CUS-00628,DO_NOT_SOLICIT,true,2026-10-15T15:00:00Z,,delayed,2026-10-20T15:00:00Z,2026-10-15T15:00:00Z
PREF-015D0628,CUS-00629,DO_NOT_SOLICIT,true,2026-10-16T15:00:00Z,,delayed,2026-10-20T15:00:00Z,2026-10-16T15:00:00Z
PREF-015D0629,CUS-00630,DO_NOT_SOLICIT,true,2026-10-17T15:00:00Z,,delayed,2026-10-20T15:00:00Z,2026-10-17T15:00:00Z
PREF-015D0630,CUS-00631,DO_NOT_SOLICIT,true,2026-10-18T15:00:00Z,,delayed,2026-10-20T15:00:00Z,2026-10-18T15:00:00Z
PREF-015D0631,CUS-00632,DO_NOT_SOLICIT,true,2026-10-19T15:00:00Z,,delayed,2026-10-20T15:00:00Z,2026-10-19T15:00:00Z
PREF-015D0632,CUS-00633,DO_NOT_SOLICIT,true,2026-10-12T15:00:00Z,,delayed,2026-10-20T15:00:00Z,2026-10-12T15:00:00Z
PREF-015D0633,CUS-00634,DO_NOT_SOLICIT,true,2026-10-13T15:00:00Z,,delayed,2026-10-20T15:00:00Z,2026-10-13T15:00:00Z
PREF-015D0634,CUS-00635,DO_NOT_SOLICIT,true,2026-10-14T15:00:00Z,,delayed,2026-10-20T15:00:00Z,2026-10-14T15:00:00Z
PREF-015D0635,CUS-00636,DO_NOT_SOLICIT,true,2026-10-15T15:00:00Z,,delayed,2026-10-20T15:00:00Z,2026-10-15T15:00:00Z
PREF-015D0636,CUS-00637,DO_NOT_SOLICIT,true,2026-10-16T15:00:00Z,,delayed,2026-10-20T15:00:00Z,2026-10-16T15:00:00Z
PREF-015D0637,CUS-00638,DO_NOT_SOLICIT,true,2026-10-17T15:00:00Z,,delayed,2026-10-20T15:00:00Z,2026-10-17T15:00:00Z
PREF-015D0638,CUS-00639,DO_NOT_SOLICIT,true,2026-10-18T15:00:00Z,,delayed,2026-10-20T15:00:00Z,2026-10-18T15:00:00Z
PREF-015D0639,CUS-00640,DO_NOT_SOLICIT,true,2026-10-19T15:00:00Z,,delayed,2026-10-20T15:00:00Z,2026-10-19T15:00:00Z
PREF-015D0640,CUS-00641,DO_NOT_SOLICIT,true,2026-10-12T15:00:00Z,,delayed,2026-10-20T15:00:00Z,2026-10-12T15:00:00Z
PREF-015D0641,CUS-00642,DO_NOT_SOLICIT,true,2026-10-13T15:00:00Z,,delayed,2026-10-20T15:00:00Z,2026-10-13T15:00:00Z
PREF-015D0642,CUS-00643,DO_NOT_SOLICIT,true,2026-10-14T15:00:00Z,,delayed,2026-10-20T15:00:00Z,2026-10-14T15:00:00Z
PREF-015D0643,CUS-00644,DO_NOT_SOLICIT,true,2026-10-15T15:00:00Z,,delayed,2026-10-20T15:00:00Z,2026-10-15T15:00:00Z
PREF-015D0644,CUS-00645,DO_NOT_SOLICIT,true,2026-10-16T15:00:00Z,,delayed,2026-10-20T15:00:00Z,2026-10-16T15:00:00Z
PREF-015D0645,CUS-00646,DO_NOT_SOLICIT,true,2026-10-17T15:00:00Z,,delayed,2026-10-20T15:00:00Z,2026-10-17T15:00:00Z
PREF-015D0646,CUS-00647,DO_NOT_SOLICIT,true,2026-10-18T15:00:00Z,,delayed,2026-10-20T15:00:00Z,2026-10-18T15:00:00Z
PREF-015D0647,CUS-00648,DO_NOT_SOLICIT,true,2026-10-19T15:00:00Z,,delayed,2026-10-20T15:00:00Z,2026-10-19T15:00:00Z
PREF-015D0648,CUS-00649,DO_NOT_SOLICIT,true,2026-10-12T15:00:00Z,,delayed,2026-10-20T15:00:00Z,2026-10-12T15:00:00Z
PREF-015D0649,CUS-00650,DO_NOT_SOLICIT,true,2026-10-13T15:00:00Z,,delayed,2026-10-20T15:00:00Z,2026-10-13T15:00:00Z
PREF-015D0650,CUS-00651,DO_NOT_SOLICIT,true,2026-10-14T15:00:00Z,,delayed,2026-10-20T15:00:00Z,2026-10-14T15:00:00Z
PREF-015D0651,CUS-00652,DO_NOT_SOLICIT,true,2026-10-15T15:00:00Z,,delayed,2026-10-20T15:00:00Z,2026-10-15T15:00:00Z
PREF-015D0652,CUS-00653,DO_NOT_SOLICIT,true,2026-10-16T15:00:00Z,,delayed,2026-10-20T15:00:00Z,2026-10-16T15:00:00Z
PREF-015D0653,CUS-00654,DO_NOT_SOLICIT,true,2026-10-17T15:00:00Z,,delayed,2026-10-20T15:00:00Z,2026-10-17T15:00:00Z
PREF-015D0654,CUS-00655,DO_NOT_SOLICIT,true,2026-10-18T15:00:00Z,,delayed,2026-10-20T15:00:00Z,2026-10-18T15:00:00Z
PREF-015D0655,CUS-00656,DO_NOT_SOLICIT,true,2026-10-19T15:00:00Z,,delayed,2026-10-20T15:00:00Z,2026-10-19T15:00:00Z
PREF-015D0656,CUS-00657,DO_NOT_SOLICIT,true,2026-10-12T15:00:00Z,,delayed,2026-10-20T15:00:00Z,2026-10-12T15:00:00Z
PREF-015D0657,CUS-00658,DO_NOT_SOLICIT,true,2026-10-13T15:00:00Z,,delayed,2026-10-20T15:00:00Z,2026-10-13T15:00:00Z
PREF-015D0658,CUS-00659,DO_NOT_SOLICIT,true,2026-10-14T15:00:00Z,,delayed,2026-10-20T15:00:00Z,2026-10-14T15:00:00Z
PREF-015D0659,CUS-00660,DO_NOT_SOLICIT,true,2026-10-15T15:00:00Z,,delayed,2026-10-20T15:00:00Z,2026-10-15T15:00:00Z
PREF-015D0660,CUS-00661,DO_NOT_SOLICIT,true,2026-10-16T15:00:00Z,,delayed,2026-10-20T15:00:00Z,2026-10-16T15:00:00Z
PREF-015D0661,CUS-00662,DO_NOT_SOLICIT,true,2026-10-17T15:00:00Z,,delayed,2026-10-20T15:00:00Z,2026-10-17T15:00:00Z
PREF-015D0662,CUS-00663,DO_NOT_SOLICIT,true,2026-10-18T15:00:00Z,,delayed,2026-10-20T15:00:00Z,2026-10-18T15:00:00Z
PREF-015D0663,CUS-00664,DO_NOT_SOLICIT,true,2026-10-19T15:00:00Z,,delayed,2026-10-20T15:00:00Z,2026-10-19T15:00:00Z
PREF-015D0664,CUS-00665,DO_NOT_SOLICIT,true,2026-10-12T15:00:00Z,,delayed,2026-10-20T15:00:00Z,2026-10-12T15:00:00Z
PREF-015D0665,CUS-00666,DO_NOT_SOLICIT,true,2026-10-13T15:00:00Z,,delayed,2026-10-20T15:00:00Z,2026-10-13T15:00:00Z
PREF-015D0666,CUS-00667,DO_NOT_SOLICIT,true,2026-10-14T15:00:00Z,,delayed,2026-10-20T15:00:00Z,2026-10-14T15:00:00Z
PREF-015D0667,CUS-00668,DO_NOT_SOLICIT,true,2026-10-15T15:00:00Z,,delayed,2026-10-20T15:00:00Z,2026-10-15T15:00:00Z
PREF-015D0668,CUS-00669,DO_NOT_SOLICIT,true,2026-10-16T15:00:00Z,,delayed,2026-10-20T15:00:00Z,2026-10-16T15:00:00Z
PREF-015D0669,CUS-00670,DO_NOT_SOLICIT,true,2026-10-17T15:00:00Z,,delayed,2026-10-20T15:00:00Z,2026-10-17T15:00:00Z
PREF-015D0670,CUS-00671,DO_NOT_SOLICIT,true,2026-10-18T15:00:00Z,,delayed,2026-10-20T15:00:00Z,2026-10-18T15:00:00Z
PREF-015D0671,CUS-00672,DO_NOT_SOLICIT,true,2026-10-19T15:00:00Z,,delayed,2026-10-20T15:00:00Z,2026-10-19T15:00:00Z
PREF-015D0672,CUS-00673,DO_NOT_SOLICIT,true,2026-10-12T15:00:00Z,,delayed,2026-10-20T15:00:00Z,2026-10-12T15:00:00Z
PREF-015D0673,CUS-00674,DO_NOT_SOLICIT,true,2026-10-13T15:00:00Z,,delayed,2026-10-20T15:00:00Z,2026-10-13T15:00:00Z
PREF-015D0674,CUS-00675,DO_NOT_SOLICIT,true,2026-10-14T15:00:00Z,,delayed,2026-10-20T15:00:00Z,2026-10-14T15:00:00Z
PREF-015D0675,CUS-00676,DO_NOT_SOLICIT,true,2026-10-15T15:00:00Z,,delayed,2026-10-20T15:00:00Z,2026-10-15T15:00:00Z
PREF-015D0676,CUS-00677,DO_NOT_SOLICIT,true,2026-10-16T15:00:00Z,,delayed,2026-10-20T15:00:00Z,2026-10-16T15:00:00Z
PREF-015D0677,CUS-00678,DO_NOT_SOLICIT,true,2026-10-17T15:00:00Z,,delayed,2026-10-20T15:00:00Z,2026-10-17T15:00:00Z
PREF-015D0678,CUS-00679,DO_NOT_SOLICIT,true,2026-10-18T15:00:00Z,,delayed,2026-10-20T15:00:00Z,2026-10-18T15:00:00Z
PREF-015D0679,CUS-00680,DO_NOT_SOLICIT,true,2026-10-19T15:00:00Z,,delayed,2026-10-20T15:00:00Z,2026-10-19T15:00:00Z
PREF-015D0680,CUS-00681,DO_NOT_SOLICIT,true,2026-10-12T15:00:00Z,,delayed,2026-10-20T15:00:00Z,2026-10-12T15:00:00Z
PREF-015D0681,CUS-00682,DO_NOT_SOLICIT,true,2026-10-13T15:00:00Z,,delayed,2026-10-20T15:00:00Z,2026-10-13T15:00:00Z
PREF-015D0682,CUS-00683,DO_NOT_SOLICIT,true,2026-10-14T15:00:00Z,,delayed,2026-10-20T15:00:00Z,2026-10-14T15:00:00Z
PREF-015D0683,CUS-00684,DO_NOT_SOLICIT,true,2026-10-15T15:00:00Z,,delayed,2026-10-20T15:00:00Z,2026-10-15T15:00:00Z
PREF-015D0684,CUS-00685,DO_NOT_SOLICIT,true,2026-10-16T15:00:00Z,,delayed,2026-10-20T15:00:00Z,2026-10-16T15:00:00Z
PREF-015D0685,CUS-00686,DO_NOT_SOLICIT,true,2026-10-17T15:00:00Z,,delayed,2026-10-20T15:00:00Z,2026-10-17T15:00:00Z
PREF-015D0686,CUS-00687,DO_NOT_SOLICIT,true,2026-10-18T15:00:00Z,,delayed,2026-10-20T15:00:00Z,2026-10-18T15:00:00Z
PREF-015D0687,CUS-00688,DO_NOT_SOLICIT,true,2026-10-19T15:00:00Z,,delayed,2026-10-20T15:00:00Z,2026-10-19T15:00:00Z
PREF-015D0688,CUS-00689,DO_NOT_SOLICIT,true,2026-10-12T15:00:00Z,,delayed,2026-10-20T15:00:00Z,2026-10-12T15:00:00Z
PREF-015D0689,CUS-00690,DO_NOT_SOLICIT,true,2026-10-13T15:00:00Z,,delayed,2026-10-20T15:00:00Z,2026-10-13T15:00:00Z
PREF-015D0690,CUS-00691,DO_NOT_SOLICIT,true,2026-10-14T15:00:00Z,,delayed,2026-10-20T15:00:00Z,2026-10-14T15:00:00Z
PREF-015D0691,CUS-00692,DO_NOT_SOLICIT,true,2026-10-15T15:00:00Z,,delayed,2026-10-20T15:00:00Z,2026-10-15T15:00:00Z
PREF-015D0692,CUS-00693,DO_NOT_SOLICIT,true,2026-10-16T15:00:00Z,,delayed,2026-10-20T15:00:00Z,2026-10-16T15:00:00Z
PREF-015D0693,CUS-00694,DO_NOT_SOLICIT,true,2026-10-17T15:00:00Z,,delayed,2026-10-20T15:00:00Z,2026-10-17T15:00:00Z
PREF-015D0694,CUS-00695,DO_NOT_SOLICIT,true,2026-10-18T15:00:00Z,,delayed,2026-10-20T15:00:00Z,2026-10-18T15:00:00Z
PREF-015D0695,CUS-00696,DO_NOT_SOLICIT,true,2026-10-19T15:00:00Z,,delayed,2026-10-20T15:00:00Z,2026-10-19T15:00:00Z
PREF-015D0696,CUS-00697,DO_NOT_SOLICIT,true,2026-10-12T15:00:00Z,,delayed,2026-10-20T15:00:00Z,2026-10-12T15:00:00Z
PREF-015D0697,CUS-00698,DO_NOT_SOLICIT,true,2026-10-13T15:00:00Z,,delayed,2026-10-20T15:00:00Z,2026-10-13T15:00:00Z
PREF-015D0698,CUS-00699,DO_NOT_SOLICIT,true,2026-10-14T15:00:00Z,,delayed,2026-10-20T15:00:00Z,2026-10-14T15:00:00Z
PREF-015D0699,CUS-00700,DO_NOT_SOLICIT,true,2026-10-15T15:00:00Z,,delayed,2026-10-20T15:00:00Z,2026-10-15T15:00:00Z
PREF-015D0700,CUS-00701,DO_NOT_SOLICIT,true,2026-10-16T15:00:00Z,,delayed,2026-10-20T15:00:00Z,2026-10-16T15:00:00Z
PREF-015D0701,CUS-00702,DO_NOT_SOLICIT,true,2026-10-17T15:00:00Z,,delayed,2026-10-20T15:00:00Z,2026-10-17T15:00:00Z
PREF-015D0702,CUS-00703,DO_NOT_SOLICIT,true,2026-10-18T15:00:00Z,,delayed,2026-10-20T15:00:00Z,2026-10-18T15:00:00Z
PREF-015D0703,CUS-00704,DO_NOT_SOLICIT,true,2026-10-19T15:00:00Z,,delayed,2026-10-20T15:00:00Z,2026-10-19T15:00:00Z
PREF-015D0704,CUS-00705,DO_NOT_SOLICIT,true,2026-10-12T15:00:00Z,,delayed,2026-10-20T15:00:00Z,2026-10-12T15:00:00Z
PREF-015D0705,CUS-00706,DO_NOT_SOLICIT,true,2026-10-13T15:00:00Z,,delayed,2026-10-20T15:00:00Z,2026-10-13T15:00:00Z
PREF-015D0706,CUS-00707,DO_NOT_SOLICIT,true,2026-10-14T15:00:00Z,,delayed,2026-10-20T15:00:00Z,2026-10-14T15:00:00Z
PREF-015D0707,CUS-00708,DO_NOT_SOLICIT,true,2026-10-15T15:00:00Z,,delayed,2026-10-20T15:00:00Z,2026-10-15T15:00:00Z
PREF-015D0708,CUS-00709,DO_NOT_SOLICIT,true,2026-10-16T15:00:00Z,,delayed,2026-10-20T15:00:00Z,2026-10-16T15:00:00Z
PREF-015D0709,CUS-00710,DO_NOT_SOLICIT,true,2026-10-17T15:00:00Z,,delayed,2026-10-20T15:00:00Z,2026-10-17T15:00:00Z
PREF-015D0710,CUS-00711,DO_NOT_SOLICIT,true,2026-10-18T15:00:00Z,,delayed,2026-10-20T15:00:00Z,2026-10-18T15:00:00Z
PREF-015D0711,CUS-00712,DO_NOT_SOLICIT,true,2026-10-19T15:00:00Z,,delayed,2026-10-20T15:00:00Z,2026-10-19T15:00:00Z
PREF-015D0712,CUS-00713,DO_NOT_SOLICIT,true,2026-10-12T15:00:00Z,,delayed,2026-10-20T15:00:00Z,2026-10-12T15:00:00Z
PREF-015D0713,CUS-00714,DO_NOT_SOLICIT,true,2026-10-13T15:00:00Z,,delayed,2026-10-20T15:00:00Z,2026-10-13T15:00:00Z
PREF-015D0714,CUS-00715,DO_NOT_SOLICIT,true,2026-10-14T15:00:00Z,,delayed,2026-10-20T15:00:00Z,2026-10-14T15:00:00Z
PREF-015D0715,CUS-00716,DO_NOT_SOLICIT,true,2026-10-15T15:00:00Z,,delayed,2026-10-20T15:00:00Z,2026-10-15T15:00:00Z
PREF-015D0716,CUS-00717,DO_NOT_SOLICIT,true,2026-10-16T15:00:00Z,,delayed,2026-10-20T15:00:00Z,2026-10-16T15:00:00Z
PREF-015D0717,CUS-00718,DO_NOT_SOLICIT,true,2026-10-17T15:00:00Z,,delayed,2026-10-20T15:00:00Z,2026-10-17T15:00:00Z
PREF-015D0718,CUS-00719,DO_NOT_SOLICIT,true,2026-10-18T15:00:00Z,,delayed,2026-10-20T15:00:00Z,2026-10-18T15:00:00Z
PREF-015D0719,CUS-00720,DO_NOT_SOLICIT,true,2026-10-19T15:00:00Z,,delayed,2026-10-20T15:00:00Z,2026-10-19T15:00:00Z
PREF-015D0720,CUS-00721,DO_NOT_SOLICIT,true,2026-10-12T15:00:00Z,,delayed,2026-10-20T15:00:00Z,2026-10-12T15:00:00Z
PREF-015D0721,CUS-00722,DO_NOT_SOLICIT,true,2026-10-13T15:00:00Z,,delayed,2026-10-20T15:00:00Z,2026-10-13T15:00:00Z
PREF-015D0722,CUS-00723,DO_NOT_SOLICIT,true,2026-10-14T15:00:00Z,,delayed,2026-10-20T15:00:00Z,2026-10-14T15:00:00Z
PREF-015D0723,CUS-00724,DO_NOT_SOLICIT,true,2026-10-15T15:00:00Z,,delayed,2026-10-20T15:00:00Z,2026-10-15T15:00:00Z
PREF-015D0724,CUS-00725,DO_NOT_SOLICIT,true,2026-10-16T15:00:00Z,,delayed,2026-10-20T15:00:00Z,2026-10-16T15:00:00Z
PREF-015D0725,CUS-00726,DO_NOT_SOLICIT,true,2026-10-17T15:00:00Z,,delayed,2026-10-20T15:00:00Z,2026-10-17T15:00:00Z
PREF-015D0726,CUS-00727,DO_NOT_SOLICIT,true,2026-10-18T15:00:00Z,,delayed,2026-10-20T15:00:00Z,2026-10-18T15:00:00Z
PREF-015D0727,CUS-00728,DO_NOT_SOLICIT,true,2026-10-19T15:00:00Z,,delayed,2026-10-20T15:00:00Z,2026-10-19T15:00:00Z
PREF-015D0728,CUS-00729,DO_NOT_SOLICIT,true,2026-10-12T15:00:00Z,,delayed,2026-10-20T15:00:00Z,2026-10-12T15:00:00Z
PREF-015D0729,CUS-00730,DO_NOT_SOLICIT,true,2026-10-13T15:00:00Z,,delayed,2026-10-20T15:00:00Z,2026-10-13T15:00:00Z
PREF-015D0730,CUS-00731,DO_NOT_SOLICIT,true,2026-10-14T15:00:00Z,,delayed,2026-10-20T15:00:00Z,2026-10-14T15:00:00Z
PREF-015D0731,CUS-00732,DO_NOT_SOLICIT,true,2026-10-15T15:00:00Z,,delayed,2026-10-20T15:00:00Z,2026-10-15T15:00:00Z
PREF-015D0732,CUS-00733,DO_NOT_SOLICIT,true,2026-10-16T15:00:00Z,,delayed,2026-10-20T15:00:00Z,2026-10-16T15:00:00Z
PREF-015D0733,CUS-00734,DO_NOT_SOLICIT,true,2026-10-17T15:00:00Z,,delayed,2026-10-20T15:00:00Z,2026-10-17T15:00:00Z
PREF-015D0734,CUS-00735,DO_NOT_SOLICIT,true,2026-10-18T15:00:00Z,,delayed,2026-10-20T15:00:00Z,2026-10-18T15:00:00Z
PREF-015D0735,CUS-00736,DO_NOT_SOLICIT,true,2026-10-19T15:00:00Z,,delayed,2026-10-20T15:00:00Z,2026-10-19T15:00:00Z
PREF-015D0736,CUS-00737,DO_NOT_SOLICIT,true,2026-10-12T15:00:00Z,,delayed,2026-10-20T15:00:00Z,2026-10-12T15:00:00Z
PREF-015D0737,CUS-00738,DO_NOT_SOLICIT,true,2026-10-13T15:00:00Z,,delayed,2026-10-20T15:00:00Z,2026-10-13T15:00:00Z
PREF-015D0738,CUS-00739,DO_NOT_SOLICIT,true,2026-10-14T15:00:00Z,,delayed,2026-10-20T15:00:00Z,2026-10-14T15:00:00Z
PREF-015D0739,CUS-00740,DO_NOT_SOLICIT,true,2026-10-15T15:00:00Z,,delayed,2026-10-20T15:00:00Z,2026-10-15T15:00:00Z
PREF-015D0740,CUS-00741,DO_NOT_SOLICIT,true,2026-10-16T15:00:00Z,,delayed,2026-10-20T15:00:00Z,2026-10-16T15:00:00Z
PREF-015D0741,CUS-00742,DO_NOT_SOLICIT,true,2026-10-17T15:00:00Z,,delayed,2026-10-20T15:00:00Z,2026-10-17T15:00:00Z
PREF-015D0742,CUS-00743,DO_NOT_SOLICIT,true,2026-10-18T15:00:00Z,,delayed,2026-10-20T15:00:00Z,2026-10-18T15:00:00Z
PREF-015D0743,CUS-00744,DO_NOT_SOLICIT,true,2026-10-19T15:00:00Z,,delayed,2026-10-20T15:00:00Z,2026-10-19T15:00:00Z
PREF-015D0744,CUS-00745,DO_NOT_SOLICIT,true,2026-10-12T15:00:00Z,,delayed,2026-10-20T15:00:00Z,2026-10-12T15:00:00Z
PREF-015D0745,CUS-00746,DO_NOT_SOLICIT,true,2026-10-13T15:00:00Z,,delayed,2026-10-20T15:00:00Z,2026-10-13T15:00:00Z
PREF-015D0746,CUS-00747,DO_NOT_SOLICIT,true,2026-10-14T15:00:00Z,,delayed,2026-10-20T15:00:00Z,2026-10-14T15:00:00Z
PREF-015D0747,CUS-00748,DO_NOT_SOLICIT,true,2026-10-15T15:00:00Z,,delayed,2026-10-20T15:00:00Z,2026-10-15T15:00:00Z
PREF-015D0748,CUS-00749,DO_NOT_SOLICIT,true,2026-10-16T15:00:00Z,,delayed,2026-10-20T15:00:00Z,2026-10-16T15:00:00Z
PREF-015D0749,CUS-00750,DO_NOT_SOLICIT,true,2026-10-17T15:00:00Z,,delayed,2026-10-20T15:00:00Z,2026-10-17T15:00:00Z
PREF-015D0750,CUS-00751,DO_NOT_SOLICIT,true,2026-10-18T15:00:00Z,,delayed,2026-10-20T15:00:00Z,2026-10-18T15:00:00Z
PREF-015D0751,CUS-00752,DO_NOT_SOLICIT,true,2026-10-19T15:00:00Z,,delayed,2026-10-20T15:00:00Z,2026-10-19T15:00:00Z
PREF-015D0752,CUS-00753,DO_NOT_SOLICIT,true,2026-10-12T15:00:00Z,,delayed,2026-10-20T15:00:00Z,2026-10-12T15:00:00Z
PREF-015D0753,CUS-00754,DO_NOT_SOLICIT,true,2026-10-13T15:00:00Z,,delayed,2026-10-20T15:00:00Z,2026-10-13T15:00:00Z
PREF-015D0754,CUS-00755,DO_NOT_SOLICIT,true,2026-10-14T15:00:00Z,,delayed,2026-10-20T15:00:00Z,2026-10-14T15:00:00Z
PREF-015D0755,CUS-00756,DO_NOT_SOLICIT,true,2026-10-15T15:00:00Z,,delayed,2026-10-20T15:00:00Z,2026-10-15T15:00:00Z
PREF-015D0756,CUS-00757,DO_NOT_SOLICIT,true,2026-10-16T15:00:00Z,,delayed,2026-10-20T15:00:00Z,2026-10-16T15:00:00Z
PREF-015D0757,CUS-00758,DO_NOT_SOLICIT,true,2026-10-17T15:00:00Z,,delayed,2026-10-20T15:00:00Z,2026-10-17T15:00:00Z
PREF-015D0758,CUS-00759,DO_NOT_SOLICIT,true,2026-10-18T15:00:00Z,,delayed,2026-10-20T15:00:00Z,2026-10-18T15:00:00Z
PREF-015D0759,CUS-00760,DO_NOT_SOLICIT,true,2026-10-19T15:00:00Z,,delayed,2026-10-20T15:00:00Z,2026-10-19T15:00:00Z
PREF-015D0760,CUS-00761,DO_NOT_SOLICIT,true,2026-10-12T15:00:00Z,,delayed,2026-10-20T15:00:00Z,2026-10-12T15:00:00Z
PREF-015D0761,CUS-00762,DO_NOT_SOLICIT,true,2026-10-13T15:00:00Z,,delayed,2026-10-20T15:00:00Z,2026-10-13T15:00:00Z
PREF-015D0762,CUS-00763,DO_NOT_SOLICIT,true,2026-10-14T15:00:00Z,,delayed,2026-10-20T15:00:00Z,2026-10-14T15:00:00Z
PREF-015D0763,CUS-00764,DO_NOT_SOLICIT,true,2026-10-15T15:00:00Z,,delayed,2026-10-20T15:00:00Z,2026-10-15T15:00:00Z
PREF-015D0764,CUS-00765,DO_NOT_SOLICIT,true,2026-10-16T15:00:00Z,,delayed,2026-10-20T15:00:00Z,2026-10-16T15:00:00Z
PREF-015D0765,CUS-00766,DO_NOT_SOLICIT,true,2026-10-17T15:00:00Z,,delayed,2026-10-20T15:00:00Z,2026-10-17T15:00:00Z
PREF-015D0766,CUS-00767,DO_NOT_SOLICIT,true,2026-10-18T15:00:00Z,,delayed,2026-10-20T15:00:00Z,2026-10-18T15:00:00Z
PREF-015D0767,CUS-00768,DO_NOT_SOLICIT,true,2026-10-19T15:00:00Z,,delayed,2026-10-20T15:00:00Z,2026-10-19T15:00:00Z
PREF-015D0768,CUS-00769,DO_NOT_SOLICIT,true,2026-10-12T15:00:00Z,,delayed,2026-10-20T15:00:00Z,2026-10-12T15:00:00Z
PREF-015D0769,CUS-00770,DO_NOT_SOLICIT,true,2026-10-13T15:00:00Z,,delayed,2026-10-20T15:00:00Z,2026-10-13T15:00:00Z
PREF-015D0770,CUS-00771,DO_NOT_SOLICIT,true,2026-10-14T15:00:00Z,,delayed,2026-10-20T15:00:00Z,2026-10-14T15:00:00Z
PREF-015D0771,CUS-00772,DO_NOT_SOLICIT,true,2026-10-15T15:00:00Z,,delayed,2026-10-20T15:00:00Z,2026-10-15T15:00:00Z
PREF-015D0772,CUS-00773,DO_NOT_SOLICIT,true,2026-10-16T15:00:00Z,,delayed,2026-10-20T15:00:00Z,2026-10-16T15:00:00Z
PREF-015D0773,CUS-00774,DO_NOT_SOLICIT,true,2026-10-17T15:00:00Z,,delayed,2026-10-20T15:00:00Z,2026-10-17T15:00:00Z
PREF-015D0774,CUS-00775,DO_NOT_SOLICIT,true,2026-10-18T15:00:00Z,,delayed,2026-10-20T15:00:00Z,2026-10-18T15:00:00Z
PREF-015D0775,CUS-00776,DO_NOT_SOLICIT,true,2026-10-19T15:00:00Z,,delayed,2026-10-20T15:00:00Z,2026-10-19T15:00:00Z
PREF-015D0776,CUS-00777,DO_NOT_SOLICIT,true,2026-10-12T15:00:00Z,,delayed,2026-10-20T15:00:00Z,2026-10-12T15:00:00Z
PREF-015D0777,CUS-00778,DO_NOT_SOLICIT,true,2026-10-13T15:00:00Z,,delayed,2026-10-20T15:00:00Z,2026-10-13T15:00:00Z
PREF-015D0778,CUS-00779,DO_NOT_SOLICIT,true,2026-10-14T15:00:00Z,,delayed,2026-10-20T15:00:00Z,2026-10-14T15:00:00Z
PREF-015D0779,CUS-00780,DO_NOT_SOLICIT,true,2026-10-15T15:00:00Z,,delayed,2026-10-20T15:00:00Z,2026-10-15T15:00:00Z
PREF-015D0780,CUS-00781,DO_NOT_SOLICIT,true,2026-10-16T15:00:00Z,,delayed,2026-10-20T15:00:00Z,2026-10-16T15:00:00Z
PREF-015D0781,CUS-00782,DO_NOT_SOLICIT,true,2026-10-17T15:00:00Z,,delayed,2026-10-20T15:00:00Z,2026-10-17T15:00:00Z
PREF-015D0782,CUS-00783,DO_NOT_SOLICIT,true,2026-10-18T15:00:00Z,,delayed,2026-10-20T15:00:00Z,2026-10-18T15:00:00Z
PREF-015D0783,CUS-00784,DO_NOT_SOLICIT,true,2026-10-19T15:00:00Z,,delayed,2026-10-20T15:00:00Z,2026-10-19T15:00:00Z
PREF-015D0784,CUS-00785,DO_NOT_SOLICIT,true,2026-10-12T15:00:00Z,,delayed,2026-10-20T15:00:00Z,2026-10-12T15:00:00Z
PREF-015D0785,CUS-00786,DO_NOT_SOLICIT,true,2026-10-13T15:00:00Z,,delayed,2026-10-20T15:00:00Z,2026-10-13T15:00:00Z
PREF-015D0786,CUS-00787,DO_NOT_SOLICIT,true,2026-10-14T15:00:00Z,,delayed,2026-10-20T15:00:00Z,2026-10-14T15:00:00Z
PREF-015D0787,CUS-00788,DO_NOT_SOLICIT,true,2026-10-15T15:00:00Z,,delayed,2026-10-20T15:00:00Z,2026-10-15T15:00:00Z
PREF-015D0788,CUS-00789,DO_NOT_SOLICIT,true,2026-10-16T15:00:00Z,,delayed,2026-10-20T15:00:00Z,2026-10-16T15:00:00Z
PREF-015D0789,CUS-00790,DO_NOT_SOLICIT,true,2026-10-17T15:00:00Z,,delayed,2026-10-20T15:00:00Z,2026-10-17T15:00:00Z
PREF-015D0790,CUS-00791,DO_NOT_SOLICIT,true,2026-10-18T15:00:00Z,,delayed,2026-10-20T15:00:00Z,2026-10-18T15:00:00Z
PREF-015D0791,CUS-00792,DO_NOT_SOLICIT,true,2026-10-19T15:00:00Z,,delayed,2026-10-20T15:00:00Z,2026-10-19T15:00:00Z
PREF-015D0792,CUS-00793,DO_NOT_SOLICIT,true,2026-10-12T15:00:00Z,,delayed,2026-10-20T15:00:00Z,2026-10-12T15:00:00Z
PREF-015D0793,CUS-00794,DO_NOT_SOLICIT,true,2026-10-13T15:00:00Z,,delayed,2026-10-20T15:00:00Z,2026-10-13T15:00:00Z
PREF-015D0794,CUS-00795,DO_NOT_SOLICIT,true,2026-10-14T15:00:00Z,,delayed,2026-10-20T15:00:00Z,2026-10-14T15:00:00Z
PREF-015D0795,CUS-00796,DO_NOT_SOLICIT,true,2026-10-15T15:00:00Z,,delayed,2026-10-20T15:00:00Z,2026-10-15T15:00:00Z
PREF-015D0796,CUS-00797,DO_NOT_SOLICIT,true,2026-10-16T15:00:00Z,,delayed,2026-10-20T15:00:00Z,2026-10-16T15:00:00Z
PREF-015D0797,CUS-00798,DO_NOT_SOLICIT,true,2026-10-17T15:00:00Z,,delayed,2026-10-20T15:00:00Z,2026-10-17T15:00:00Z
PREF-015D0798,CUS-00799,DO_NOT_SOLICIT,true,2026-10-18T15:00:00Z,,delayed,2026-10-20T15:00:00Z,2026-10-18T15:00:00Z
PREF-015D0799,CUS-00800,DO_NOT_SOLICIT,true,2026-10-19T15:00:00Z,,delayed,2026-10-20T15:00:00Z,2026-10-19T15:00:00Z
PREF-015D0800,CUS-00801,DO_NOT_SOLICIT,true,2026-10-12T15:00:00Z,,delayed,2026-10-20T15:00:00Z,2026-10-12T15:00:00Z
PREF-015D0801,CUS-00802,DO_NOT_SOLICIT,true,2026-10-13T15:00:00Z,,delayed,2026-10-20T15:00:00Z,2026-10-13T15:00:00Z
PREF-015D0802,CUS-00803,DO_NOT_SOLICIT,true,2026-10-14T15:00:00Z,,delayed,2026-10-20T15:00:00Z,2026-10-14T15:00:00Z
PREF-015D0803,CUS-00804,DO_NOT_SOLICIT,true,2026-10-15T15:00:00Z,,delayed,2026-10-20T15:00:00Z,2026-10-15T15:00:00Z
PREF-015D0804,CUS-00805,DO_NOT_SOLICIT,true,2026-10-16T15:00:00Z,,delayed,2026-10-20T15:00:00Z,2026-10-16T15:00:00Z
PREF-015D0805,CUS-00806,DO_NOT_SOLICIT,true,2026-10-17T15:00:00Z,,delayed,2026-10-20T15:00:00Z,2026-10-17T15:00:00Z
PREF-015D0806,CUS-00807,DO_NOT_SOLICIT,true,2026-10-18T15:00:00Z,,delayed,2026-10-20T15:00:00Z,2026-10-18T15:00:00Z
PREF-015D0807,CUS-00808,DO_NOT_SOLICIT,true,2026-10-19T15:00:00Z,,delayed,2026-10-20T15:00:00Z,2026-10-19T15:00:00Z
PREF-015D0808,CUS-00809,DO_NOT_SOLICIT,true,2026-10-12T15:00:00Z,,delayed,2026-10-20T15:00:00Z,2026-10-12T15:00:00Z
PREF-015D0809,CUS-00810,DO_NOT_SOLICIT,true,2026-10-13T15:00:00Z,,delayed,2026-10-20T15:00:00Z,2026-10-13T15:00:00Z
PREF-015D0810,CUS-00811,DO_NOT_SOLICIT,true,2026-10-14T15:00:00Z,,delayed,2026-10-20T15:00:00Z,2026-10-14T15:00:00Z
PREF-015D0811,CUS-00812,DO_NOT_SOLICIT,true,2026-10-15T15:00:00Z,,delayed,2026-10-20T15:00:00Z,2026-10-15T15:00:00Z
PREF-015D0812,CUS-00813,DO_NOT_SOLICIT,true,2026-10-16T15:00:00Z,,delayed,2026-10-20T15:00:00Z,2026-10-16T15:00:00Z
PREF-015D0813,CUS-00814,DO_NOT_SOLICIT,true,2026-10-17T15:00:00Z,,delayed,2026-10-20T15:00:00Z,2026-10-17T15:00:00Z
PREF-015D0814,CUS-00815,DO_NOT_SOLICIT,true,2026-10-18T15:00:00Z,,delayed,2026-10-20T15:00:00Z,2026-10-18T15:00:00Z
PREF-015D0815,CUS-00816,DO_NOT_SOLICIT,true,2026-10-19T15:00:00Z,,delayed,2026-10-20T15:00:00Z,2026-10-19T15:00:00Z
PREF-015D0816,CUS-00817,DO_NOT_SOLICIT,true,2026-10-12T15:00:00Z,,delayed,2026-10-20T15:00:00Z,2026-10-12T15:00:00Z
PREF-015D0817,CUS-00818,DO_NOT_SOLICIT,true,2026-10-13T15:00:00Z,,delayed,2026-10-20T15:00:00Z,2026-10-13T15:00:00Z
PREF-015D0818,CUS-00819,DO_NOT_SOLICIT,true,2026-10-14T15:00:00Z,,delayed,2026-10-20T15:00:00Z,2026-10-14T15:00:00Z
PREF-015D0819,CUS-00820,DO_NOT_SOLICIT,true,2026-10-15T15:00:00Z,,delayed,2026-10-20T15:00:00Z,2026-10-15T15:00:00Z
PREF-015D0820,CUS-00821,DO_NOT_SOLICIT,true,2026-10-16T15:00:00Z,,delayed,2026-10-20T15:00:00Z,2026-10-16T15:00:00Z
PREF-015D0821,CUS-00822,DO_NOT_SOLICIT,true,2026-10-17T15:00:00Z,,delayed,2026-10-20T15:00:00Z,2026-10-17T15:00:00Z
PREF-015D0822,CUS-00823,DO_NOT_SOLICIT,true,2026-10-18T15:00:00Z,,delayed,2026-10-20T15:00:00Z,2026-10-18T15:00:00Z
PREF-015D0823,CUS-00824,DO_NOT_SOLICIT,true,2026-10-19T15:00:00Z,,delayed,2026-10-20T15:00:00Z,2026-10-19T15:00:00Z
PREF-015D0824,CUS-00825,DO_NOT_SOLICIT,true,2026-10-12T15:00:00Z,,delayed,2026-10-20T15:00:00Z,2026-10-12T15:00:00Z
PREF-015D0825,CUS-00826,DO_NOT_SOLICIT,true,2026-10-13T15:00:00Z,,delayed,2026-10-20T15:00:00Z,2026-10-13T15:00:00Z
PREF-015D0826,CUS-00827,DO_NOT_SOLICIT,true,2026-10-14T15:00:00Z,,delayed,2026-10-20T15:00:00Z,2026-10-14T15:00:00Z
PREF-015D0827,CUS-00828,DO_NOT_SOLICIT,true,2026-10-15T15:00:00Z,,delayed,2026-10-20T15:00:00Z,2026-10-15T15:00:00Z
PREF-015D0828,CUS-00829,DO_NOT_SOLICIT,true,2026-10-16T15:00:00Z,,delayed,2026-10-20T15:00:00Z,2026-10-16T15:00:00Z
PREF-015D0829,CUS-00830,DO_NOT_SOLICIT,true,2026-10-17T15:00:00Z,,delayed,2026-10-20T15:00:00Z,2026-10-17T15:00:00Z
PREF-015D0830,CUS-00831,DO_NOT_SOLICIT,true,2026-10-18T15:00:00Z,,delayed,2026-10-20T15:00:00Z,2026-10-18T15:00:00Z
PREF-015D0831,CUS-00832,DO_NOT_SOLICIT,true,2026-10-19T15:00:00Z,,delayed,2026-10-20T15:00:00Z,2026-10-19T15:00:00Z
PREF-015D0832,CUS-00833,DO_NOT_SOLICIT,true,2026-10-12T15:00:00Z,,delayed,2026-10-20T15:00:00Z,2026-10-12T15:00:00Z
PREF-015D0833,CUS-00834,DO_NOT_SOLICIT,true,2026-10-13T15:00:00Z,,delayed,2026-10-20T15:00:00Z,2026-10-13T15:00:00Z
PREF-015D0834,CUS-00835,DO_NOT_SOLICIT,true,2026-10-14T15:00:00Z,,delayed,2026-10-20T15:00:00Z,2026-10-14T15:00:00Z
PREF-015D0835,CUS-00836,DO_NOT_SOLICIT,true,2026-10-15T15:00:00Z,,delayed,2026-10-20T15:00:00Z,2026-10-15T15:00:00Z
PREF-015D0836,CUS-00837,DO_NOT_SOLICIT,true,2026-10-16T15:00:00Z,,delayed,2026-10-20T15:00:00Z,2026-10-16T15:00:00Z
PREF-015D0837,CUS-00838,DO_NOT_SOLICIT,true,2026-10-17T15:00:00Z,,delayed,2026-10-20T15:00:00Z,2026-10-17T15:00:00Z
PREF-015D0838,CUS-00839,DO_NOT_SOLICIT,true,2026-10-18T15:00:00Z,,delayed,2026-10-20T15:00:00Z,2026-10-18T15:00:00Z
PREF-015D0839,CUS-00840,DO_NOT_SOLICIT,true,2026-10-19T15:00:00Z,,delayed,2026-10-20T15:00:00Z,2026-10-19T15:00:00Z
PREF-015D0840,CUS-00841,DO_NOT_SOLICIT,true,2026-10-12T15:00:00Z,,delayed,2026-10-20T15:00:00Z,2026-10-12T15:00:00Z
PREF-015D0841,CUS-00842,DO_NOT_SOLICIT,true,2026-10-13T15:00:00Z,,delayed,2026-10-20T15:00:00Z,2026-10-13T15:00:00Z
PREF-015D0842,CUS-00843,DO_NOT_SOLICIT,true,2026-10-14T15:00:00Z,,delayed,2026-10-20T15:00:00Z,2026-10-14T15:00:00Z
PREF-015D0843,CUS-00844,DO_NOT_SOLICIT,true,2026-10-15T15:00:00Z,,delayed,2026-10-20T15:00:00Z,2026-10-15T15:00:00Z
PREF-015D0844,CUS-00845,DO_NOT_SOLICIT,true,2026-10-16T15:00:00Z,,delayed,2026-10-20T15:00:00Z,2026-10-16T15:00:00Z
PREF-015D0845,CUS-00846,DO_NOT_SOLICIT,true,2026-10-17T15:00:00Z,,delayed,2026-10-20T15:00:00Z,2026-10-17T15:00:00Z
PREF-015D0846,CUS-00847,DO_NOT_SOLICIT,true,2026-10-18T15:00:00Z,,delayed,2026-10-20T15:00:00Z,2026-10-18T15:00:00Z
PREF-015D0847,CUS-00848,DO_NOT_SOLICIT,true,2026-10-19T15:00:00Z,,delayed,2026-10-20T15:00:00Z,2026-10-19T15:00:00Z
PREF-015D0848,CUS-00849,DO_NOT_SOLICIT,true,2026-10-12T15:00:00Z,,delayed,2026-10-20T15:00:00Z,2026-10-12T15:00:00Z
PREF-015D0849,CUS-00850,DO_NOT_SOLICIT,true,2026-10-13T15:00:00Z,,delayed,2026-10-20T15:00:00Z,2026-10-13T15:00:00Z
PREF-015D0850,CUS-00851,DO_NOT_SOLICIT,true,2026-10-14T15:00:00Z,,delayed,2026-10-20T15:00:00Z,2026-10-14T15:00:00Z
PREF-015D0851,CUS-00852,DO_NOT_SOLICIT,true,2026-10-15T15:00:00Z,,delayed,2026-10-20T15:00:00Z,2026-10-15T15:00:00Z
PREF-015D0852,CUS-00853,DO_NOT_SOLICIT,true,2026-10-16T15:00:00Z,,delayed,2026-10-20T15:00:00Z,2026-10-16T15:00:00Z
PREF-015D0853,CUS-00854,DO_NOT_SOLICIT,true,2026-10-17T15:00:00Z,,delayed,2026-10-20T15:00:00Z,2026-10-17T15:00:00Z
PREF-015D0854,CUS-00855,DO_NOT_SOLICIT,true,2026-10-18T15:00:00Z,,delayed,2026-10-20T15:00:00Z,2026-10-18T15:00:00Z
PREF-015D0855,CUS-00856,DO_NOT_SOLICIT,true,2026-10-19T15:00:00Z,,delayed,2026-10-20T15:00:00Z,2026-10-19T15:00:00Z
PREF-015D0856,CUS-00857,DO_NOT_SOLICIT,true,2026-10-12T15:00:00Z,,delayed,2026-10-20T15:00:00Z,2026-10-12T15:00:00Z
PREF-015D0857,CUS-00858,DO_NOT_SOLICIT,true,2026-10-13T15:00:00Z,,delayed,2026-10-20T15:00:00Z,2026-10-13T15:00:00Z
PREF-015D0858,CUS-00859,DO_NOT_SOLICIT,true,2026-10-14T15:00:00Z,,delayed,2026-10-20T15:00:00Z,2026-10-14T15:00:00Z
PREF-015D0859,CUS-00860,DO_NOT_SOLICIT,true,2026-10-15T15:00:00Z,,delayed,2026-10-20T15:00:00Z,2026-10-15T15:00:00Z
PREF-015D0860,CUS-00861,DO_NOT_SOLICIT,true,2026-10-16T15:00:00Z,,delayed,2026-10-20T15:00:00Z,2026-10-16T15:00:00Z
PREF-015D0861,CUS-00862,DO_NOT_SOLICIT,true,2026-10-17T15:00:00Z,,delayed,2026-10-20T15:00:00Z,2026-10-17T15:00:00Z
PREF-015D0862,CUS-00863,DO_NOT_SOLICIT,true,2026-10-18T15:00:00Z,,delayed,2026-10-20T15:00:00Z,2026-10-18T15:00:00Z
PREF-015D0863,CUS-00864,DO_NOT_SOLICIT,true,2026-10-19T15:00:00Z,,delayed,2026-10-20T15:00:00Z,2026-10-19T15:00:00Z
PREF-015D0864,CUS-00865,DO_NOT_SOLICIT,true,2026-10-12T15:00:00Z,,delayed,2026-10-20T15:00:00Z,2026-10-12T15:00:00Z
PREF-015D0865,CUS-00866,DO_NOT_SOLICIT,true,2026-10-13T15:00:00Z,,delayed,2026-10-20T15:00:00Z,2026-10-13T15:00:00Z
PREF-015D0866,CUS-00867,DO_NOT_SOLICIT,true,2026-10-14T15:00:00Z,,delayed,2026-10-20T15:00:00Z,2026-10-14T15:00:00Z
PREF-015D0867,CUS-00868,DO_NOT_SOLICIT,true,2026-10-15T15:00:00Z,,delayed,2026-10-20T15:00:00Z,2026-10-15T15:00:00Z
PREF-015D0868,CUS-00869,DO_NOT_SOLICIT,true,2026-10-16T15:00:00Z,,delayed,2026-10-20T15:00:00Z,2026-10-16T15:00:00Z
PREF-015D0869,CUS-00870,DO_NOT_SOLICIT,true,2026-10-17T15:00:00Z,,delayed,2026-10-20T15:00:00Z,2026-10-17T15:00:00Z
PREF-015D0870,CUS-00871,DO_NOT_SOLICIT,true,2026-10-18T15:00:00Z,,delayed,2026-10-20T15:00:00Z,2026-10-18T15:00:00Z
PREF-015D0871,CUS-00872,DO_NOT_SOLICIT,true,2026-10-19T15:00:00Z,,delayed,2026-10-20T15:00:00Z,2026-10-19T15:00:00Z
PREF-015D0872,CUS-00873,DO_NOT_SOLICIT,true,2026-10-12T15:00:00Z,,delayed,2026-10-20T15:00:00Z,2026-10-12T15:00:00Z
PREF-015D0873,CUS-00874,DO_NOT_SOLICIT,true,2026-10-13T15:00:00Z,,delayed,2026-10-20T15:00:00Z,2026-10-13T15:00:00Z
PREF-015D0874,CUS-00875,DO_NOT_SOLICIT,true,2026-10-14T15:00:00Z,,delayed,2026-10-20T15:00:00Z,2026-10-14T15:00:00Z
PREF-015D0875,CUS-00876,DO_NOT_SOLICIT,true,2026-10-15T15:00:00Z,,delayed,2026-10-20T15:00:00Z,2026-10-15T15:00:00Z
PREF-015D0876,CUS-00877,DO_NOT_SOLICIT,true,2026-10-16T15:00:00Z,,delayed,2026-10-20T15:00:00Z,2026-10-16T15:00:00Z
PREF-015D0877,CUS-00878,DO_NOT_SOLICIT,true,2026-10-17T15:00:00Z,,delayed,2026-10-20T15:00:00Z,2026-10-17T15:00:00Z
PREF-015D0878,CUS-00879,DO_NOT_SOLICIT,true,2026-10-18T15:00:00Z,,delayed,2026-10-20T15:00:00Z,2026-10-18T15:00:00Z
PREF-015D0879,CUS-00880,DO_NOT_SOLICIT,true,2026-10-19T15:00:00Z,,delayed,2026-10-20T15:00:00Z,2026-10-19T15:00:00Z
PREF-015D0880,CUS-00881,DO_NOT_SOLICIT,true,2026-10-12T15:00:00Z,,delayed,2026-10-20T15:00:00Z,2026-10-12T15:00:00Z
PREF-015D0881,CUS-00882,DO_NOT_SOLICIT,true,2026-10-13T15:00:00Z,,delayed,2026-10-20T15:00:00Z,2026-10-13T15:00:00Z
PREF-015D0882,CUS-00883,DO_NOT_SOLICIT,true,2026-10-14T15:00:00Z,,delayed,2026-10-20T15:00:00Z,2026-10-14T15:00:00Z
PREF-015D0883,CUS-00884,DO_NOT_SOLICIT,true,2026-10-15T15:00:00Z,,delayed,2026-10-20T15:00:00Z,2026-10-15T15:00:00Z
PREF-015D0884,CUS-00885,DO_NOT_SOLICIT,true,2026-10-16T15:00:00Z,,delayed,2026-10-20T15:00:00Z,2026-10-16T15:00:00Z
PREF-015D0885,CUS-00886,DO_NOT_SOLICIT,true,2026-10-17T15:00:00Z,,delayed,2026-10-20T15:00:00Z,2026-10-17T15:00:00Z
PREF-015D0886,CUS-00887,DO_NOT_SOLICIT,true,2026-10-18T15:00:00Z,,delayed,2026-10-20T15:00:00Z,2026-10-18T15:00:00Z
PREF-015D0887,CUS-00888,DO_NOT_SOLICIT,true,2026-10-19T15:00:00Z,,delayed,2026-10-20T15:00:00Z,2026-10-19T15:00:00Z
PREF-015D0888,CUS-00889,DO_NOT_SOLICIT,true,2026-10-12T15:00:00Z,,delayed,2026-10-20T15:00:00Z,2026-10-12T15:00:00Z
PREF-015D0889,CUS-00890,DO_NOT_SOLICIT,true,2026-10-13T15:00:00Z,,delayed,2026-10-20T15:00:00Z,2026-10-13T15:00:00Z
PREF-015D0890,CUS-00891,DO_NOT_SOLICIT,true,2026-10-14T15:00:00Z,,delayed,2026-10-20T15:00:00Z,2026-10-14T15:00:00Z
PREF-015D0891,CUS-00892,DO_NOT_SOLICIT,true,2026-10-15T15:00:00Z,,delayed,2026-10-20T15:00:00Z,2026-10-15T15:00:00Z
PREF-015D0892,CUS-00893,DO_NOT_SOLICIT,true,2026-10-16T15:00:00Z,,delayed,2026-10-20T15:00:00Z,2026-10-16T15:00:00Z
PREF-015D0893,CUS-00894,DO_NOT_SOLICIT,true,2026-10-17T15:00:00Z,,delayed,2026-10-20T15:00:00Z,2026-10-17T15:00:00Z
PREF-015D0894,CUS-00895,DO_NOT_SOLICIT,true,2026-10-18T15:00:00Z,,delayed,2026-10-20T15:00:00Z,2026-10-18T15:00:00Z
PREF-015D0895,CUS-00896,DO_NOT_SOLICIT,true,2026-10-19T15:00:00Z,,delayed,2026-10-20T15:00:00Z,2026-10-19T15:00:00Z
PREF-015D0896,CUS-00897,DO_NOT_SOLICIT,true,2026-10-12T15:00:00Z,,delayed,2026-10-20T15:00:00Z,2026-10-12T15:00:00Z
PREF-015D0897,CUS-00898,DO_NOT_SOLICIT,true,2026-10-13T15:00:00Z,,delayed,2026-10-20T15:00:00Z,2026-10-13T15:00:00Z
PREF-015D0898,CUS-00899,DO_NOT_SOLICIT,true,2026-10-14T15:00:00Z,,delayed,2026-10-20T15:00:00Z,2026-10-14T15:00:00Z
PREF-015D0899,CUS-00900,DO_NOT_SOLICIT,true,2026-10-15T15:00:00Z,,delayed,2026-10-20T15:00:00Z,2026-10-15T15:00:00Z
PREF-015D0900,CUS-00901,DO_NOT_SOLICIT,true,2026-10-16T15:00:00Z,,delayed,2026-10-20T15:00:00Z,2026-10-16T15:00:00Z
PREF-015D0901,CUS-00902,DO_NOT_SOLICIT,true,2026-10-17T15:00:00Z,,delayed,2026-10-20T15:00:00Z,2026-10-17T15:00:00Z
PREF-015D0902,CUS-00903,DO_NOT_SOLICIT,true,2026-10-18T15:00:00Z,,delayed,2026-10-20T15:00:00Z,2026-10-18T15:00:00Z
PREF-015D0903,CUS-00904,DO_NOT_SOLICIT,true,2026-10-19T15:00:00Z,,delayed,2026-10-20T15:00:00Z,2026-10-19T15:00:00Z
PREF-015D0904,CUS-00905,DO_NOT_SOLICIT,true,2026-10-12T15:00:00Z,,delayed,2026-10-20T15:00:00Z,2026-10-12T15:00:00Z
PREF-015D0905,CUS-00906,DO_NOT_SOLICIT,true,2026-10-13T15:00:00Z,,delayed,2026-10-20T15:00:00Z,2026-10-13T15:00:00Z
PREF-015D0906,CUS-00907,DO_NOT_SOLICIT,true,2026-10-14T15:00:00Z,,delayed,2026-10-20T15:00:00Z,2026-10-14T15:00:00Z
PREF-015D0907,CUS-00908,DO_NOT_SOLICIT,true,2026-10-15T15:00:00Z,,delayed,2026-10-20T15:00:00Z,2026-10-15T15:00:00Z
PREF-015D0908,CUS-00909,DO_NOT_SOLICIT,true,2026-10-16T15:00:00Z,,delayed,2026-10-20T15:00:00Z,2026-10-16T15:00:00Z
PREF-015D0909,CUS-00910,DO_NOT_SOLICIT,true,2026-10-17T15:00:00Z,,delayed,2026-10-20T15:00:00Z,2026-10-17T15:00:00Z
PREF-015D0910,CUS-00911,DO_NOT_SOLICIT,true,2026-10-18T15:00:00Z,,delayed,2026-10-20T15:00:00Z,2026-10-18T15:00:00Z
PREF-015D0911,CUS-00912,DO_NOT_SOLICIT,true,2026-10-19T15:00:00Z,,delayed,2026-10-20T15:00:00Z,2026-10-19T15:00:00Z
PREF-015D0912,CUS-00913,DO_NOT_SOLICIT,true,2026-10-12T15:00:00Z,,delayed,2026-10-20T15:00:00Z,2026-10-12T15:00:00Z
PREF-015D0913,CUS-00914,DO_NOT_SOLICIT,true,2026-10-13T15:00:00Z,,delayed,2026-10-20T15:00:00Z,2026-10-13T15:00:00Z
PREF-015D0914,CUS-00915,DO_NOT_SOLICIT,true,2026-10-14T15:00:00Z,,delayed,2026-10-20T15:00:00Z,2026-10-14T15:00:00Z
PREF-015D0915,CUS-00916,DO_NOT_SOLICIT,true,2026-10-15T15:00:00Z,,delayed,2026-10-20T15:00:00Z,2026-10-15T15:00:00Z
PREF-015D0916,CUS-00917,DO_NOT_SOLICIT,true,2026-10-16T15:00:00Z,,delayed,2026-10-20T15:00:00Z,2026-10-16T15:00:00Z
PREF-015D0917,CUS-00918,DO_NOT_SOLICIT,true,2026-10-17T15:00:00Z,,delayed,2026-10-20T15:00:00Z,2026-10-17T15:00:00Z
PREF-015D0918,CUS-00919,DO_NOT_SOLICIT,true,2026-10-18T15:00:00Z,,delayed,2026-10-20T15:00:00Z,2026-10-18T15:00:00Z
PREF-015D0919,CUS-00920,DO_NOT_SOLICIT,true,2026-10-19T15:00:00Z,,delayed,2026-10-20T15:00:00Z,2026-10-19T15:00:00Z
PREF-015D0920,CUS-00921,DO_NOT_SOLICIT,true,2026-10-12T15:00:00Z,,delayed,2026-10-20T15:00:00Z,2026-10-12T15:00:00Z
PREF-015D0921,CUS-00922,DO_NOT_SOLICIT,true,2026-10-13T15:00:00Z,,delayed,2026-10-20T15:00:00Z,2026-10-13T15:00:00Z
PREF-015D0922,CUS-00923,DO_NOT_SOLICIT,true,2026-10-14T15:00:00Z,,delayed,2026-10-20T15:00:00Z,2026-10-14T15:00:00Z
PREF-015D0923,CUS-00924,DO_NOT_SOLICIT,true,2026-10-15T15:00:00Z,,delayed,2026-10-20T15:00:00Z,2026-10-15T15:00:00Z
PREF-015D0924,CUS-00925,DO_NOT_SOLICIT,true,2026-10-16T15:00:00Z,,delayed,2026-10-20T15:00:00Z,2026-10-16T15:00:00Z
PREF-015D0925,CUS-00926,DO_NOT_SOLICIT,true,2026-10-17T15:00:00Z,,delayed,2026-10-20T15:00:00Z,2026-10-17T15:00:00Z
PREF-015D0926,CUS-00927,DO_NOT_SOLICIT,true,2026-10-18T15:00:00Z,,delayed,2026-10-20T15:00:00Z,2026-10-18T15:00:00Z
PREF-015D0927,CUS-00928,DO_NOT_SOLICIT,true,2026-10-19T15:00:00Z,,delayed,2026-10-20T15:00:00Z,2026-10-19T15:00:00Z
PREF-015D0928,CUS-00929,DO_NOT_SOLICIT,true,2026-10-12T15:00:00Z,,delayed,2026-10-20T15:00:00Z,2026-10-12T15:00:00Z
PREF-015D0929,CUS-00930,DO_NOT_SOLICIT,true,2026-10-13T15:00:00Z,,delayed,2026-10-20T15:00:00Z,2026-10-13T15:00:00Z
PREF-015D0930,CUS-00931,DO_NOT_SOLICIT,true,2026-10-14T15:00:00Z,,delayed,2026-10-20T15:00:00Z,2026-10-14T15:00:00Z
PREF-015D0931,CUS-00932,DO_NOT_SOLICIT,true,2026-10-15T15:00:00Z,,delayed,2026-10-20T15:00:00Z,2026-10-15T15:00:00Z
PREF-015D0932,CUS-00933,DO_NOT_SOLICIT,true,2026-10-16T15:00:00Z,,delayed,2026-10-20T15:00:00Z,2026-10-16T15:00:00Z
PREF-015D0933,CUS-00934,DO_NOT_SOLICIT,true,2026-10-17T15:00:00Z,,delayed,2026-10-20T15:00:00Z,2026-10-17T15:00:00Z
PREF-015D0934,CUS-00935,DO_NOT_SOLICIT,true,2026-10-18T15:00:00Z,,delayed,2026-10-20T15:00:00Z,2026-10-18T15:00:00Z
PREF-015D0935,CUS-00936,DO_NOT_SOLICIT,true,2026-10-19T15:00:00Z,,delayed,2026-10-20T15:00:00Z,2026-10-19T15:00:00Z
PREF-015D0936,CUS-00937,DO_NOT_SOLICIT,true,2026-10-12T15:00:00Z,,delayed,2026-10-20T15:00:00Z,2026-10-12T15:00:00Z
PREF-015D0937,CUS-00938,DO_NOT_SOLICIT,true,2026-10-13T15:00:00Z,,delayed,2026-10-20T15:00:00Z,2026-10-13T15:00:00Z
PREF-015D0938,CUS-00939,DO_NOT_SOLICIT,true,2026-10-14T15:00:00Z,,delayed,2026-10-20T15:00:00Z,2026-10-14T15:00:00Z
PREF-015D0939,CUS-00940,DO_NOT_SOLICIT,true,2026-10-15T15:00:00Z,,delayed,2026-10-20T15:00:00Z,2026-10-15T15:00:00Z
PREF-015D0940,CUS-00941,DO_NOT_SOLICIT,true,2026-10-16T15:00:00Z,,delayed,2026-10-20T15:00:00Z,2026-10-16T15:00:00Z
PREF-015D0941,CUS-00942,DO_NOT_SOLICIT,true,2026-10-17T15:00:00Z,,delayed,2026-10-20T15:00:00Z,2026-10-17T15:00:00Z
PREF-015D0942,CUS-00943,DO_NOT_SOLICIT,true,2026-10-18T15:00:00Z,,delayed,2026-10-20T15:00:00Z,2026-10-18T15:00:00Z
PREF-015D0943,CUS-00944,DO_NOT_SOLICIT,true,2026-10-19T15:00:00Z,,delayed,2026-10-20T15:00:00Z,2026-10-19T15:00:00Z
PREF-015D0944,CUS-00945,DO_NOT_SOLICIT,true,2026-10-12T15:00:00Z,,delayed,2026-10-20T15:00:00Z,2026-10-12T15:00:00Z
PREF-015D0945,CUS-00946,DO_NOT_SOLICIT,true,2026-10-13T15:00:00Z,,delayed,2026-10-20T15:00:00Z,2026-10-13T15:00:00Z
PREF-015D0946,CUS-00947,DO_NOT_SOLICIT,true,2026-10-14T15:00:00Z,,delayed,2026-10-20T15:00:00Z,2026-10-14T15:00:00Z
PREF-015D0947,CUS-00948,DO_NOT_SOLICIT,true,2026-10-15T15:00:00Z,,delayed,2026-10-20T15:00:00Z,2026-10-15T15:00:00Z
PREF-015D0948,CUS-00949,DO_NOT_SOLICIT,true,2026-10-16T15:00:00Z,,delayed,2026-10-20T15:00:00Z,2026-10-16T15:00:00Z
PREF-015D0949,CUS-00950,DO_NOT_SOLICIT,true,2026-10-17T15:00:00Z,,delayed,2026-10-20T15:00:00Z,2026-10-17T15:00:00Z
PREF-015D0950,CUS-00951,DO_NOT_SOLICIT,true,2026-10-18T15:00:00Z,,delayed,2026-10-20T15:00:00Z,2026-10-18T15:00:00Z
PREF-015D0951,CUS-00952,DO_NOT_SOLICIT,true,2026-10-19T15:00:00Z,,delayed,2026-10-20T15:00:00Z,2026-10-19T15:00:00Z
PREF-015D0952,CUS-00953,DO_NOT_SOLICIT,true,2026-10-12T15:00:00Z,,delayed,2026-10-20T15:00:00Z,2026-10-12T15:00:00Z
PREF-015D0953,CUS-00954,DO_NOT_SOLICIT,true,2026-10-13T15:00:00Z,,delayed,2026-10-20T15:00:00Z,2026-10-13T15:00:00Z
PREF-015D0954,CUS-00955,DO_NOT_SOLICIT,true,2026-10-14T15:00:00Z,,delayed,2026-10-20T15:00:00Z,2026-10-14T15:00:00Z
PREF-015D0955,CUS-00956,DO_NOT_SOLICIT,true,2026-10-15T15:00:00Z,,delayed,2026-10-20T15:00:00Z,2026-10-15T15:00:00Z
PREF-015D0956,CUS-00957,DO_NOT_SOLICIT,true,2026-10-16T15:00:00Z,,delayed,2026-10-20T15:00:00Z,2026-10-16T15:00:00Z
PREF-015D0957,CUS-00958,DO_NOT_SOLICIT,true,2026-10-17T15:00:00Z,,delayed,2026-10-20T15:00:00Z,2026-10-17T15:00:00Z
PREF-015D0958,CUS-00959,DO_NOT_SOLICIT,true,2026-10-18T15:00:00Z,,delayed,2026-10-20T15:00:00Z,2026-10-18T15:00:00Z
PREF-015D0959,CUS-00960,DO_NOT_SOLICIT,true,2026-10-19T15:00:00Z,,delayed,2026-10-20T15:00:00Z,2026-10-19T15:00:00Z
PREF-015D0960,CUS-00961,DO_NOT_SOLICIT,true,2026-10-12T15:00:00Z,,delayed,2026-10-20T15:00:00Z,2026-10-12T15:00:00Z
PREF-015D0961,CUS-00962,DO_NOT_SOLICIT,true,2026-10-13T15:00:00Z,,delayed,2026-10-20T15:00:00Z,2026-10-13T15:00:00Z
PREF-015D0962,CUS-00963,DO_NOT_SOLICIT,true,2026-10-14T15:00:00Z,,delayed,2026-10-20T15:00:00Z,2026-10-14T15:00:00Z
PREF-015D0963,CUS-00964,DO_NOT_SOLICIT,true,2026-10-15T15:00:00Z,,delayed,2026-10-20T15:00:00Z,2026-10-15T15:00:00Z
PREF-015D0964,CUS-00965,DO_NOT_SOLICIT,true,2026-10-16T15:00:00Z,,delayed,2026-10-20T15:00:00Z,2026-10-16T15:00:00Z
PREF-015D0965,CUS-00966,DO_NOT_SOLICIT,true,2026-10-17T15:00:00Z,,delayed,2026-10-20T15:00:00Z,2026-10-17T15:00:00Z
PREF-015D0966,CUS-00967,DO_NOT_SOLICIT,true,2026-10-18T15:00:00Z,,delayed,2026-10-20T15:00:00Z,2026-10-18T15:00:00Z
PREF-015D0967,CUS-00968,DO_NOT_SOLICIT,true,2026-10-19T15:00:00Z,,delayed,2026-10-20T15:00:00Z,2026-10-19T15:00:00Z
PREF-015D0968,CUS-00969,DO_NOT_SOLICIT,true,2026-10-12T15:00:00Z,,delayed,2026-10-20T15:00:00Z,2026-10-12T15:00:00Z
PREF-015D0969,CUS-00970,DO_NOT_SOLICIT,true,2026-10-13T15:00:00Z,,delayed,2026-10-20T15:00:00Z,2026-10-13T15:00:00Z
PREF-015D0970,CUS-00971,DO_NOT_SOLICIT,true,2026-10-14T15:00:00Z,,delayed,2026-10-20T15:00:00Z,2026-10-14T15:00:00Z
PREF-015D0971,CUS-00972,DO_NOT_SOLICIT,true,2026-10-15T15:00:00Z,,delayed,2026-10-20T15:00:00Z,2026-10-15T15:00:00Z
PREF-015D0972,CUS-00973,DO_NOT_SOLICIT,true,2026-10-16T15:00:00Z,,delayed,2026-10-20T15:00:00Z,2026-10-16T15:00:00Z
PREF-015D0973,CUS-00974,DO_NOT_SOLICIT,true,2026-10-17T15:00:00Z,,delayed,2026-10-20T15:00:00Z,2026-10-17T15:00:00Z
PREF-015D0974,CUS-00975,DO_NOT_SOLICIT,true,2026-10-18T15:00:00Z,,delayed,2026-10-20T15:00:00Z,2026-10-18T15:00:00Z
PREF-015D0975,CUS-00976,DO_NOT_SOLICIT,true,2026-10-19T15:00:00Z,,delayed,2026-10-20T15:00:00Z,2026-10-19T15:00:00Z
PREF-015D0976,CUS-00977,DO_NOT_SOLICIT,true,2026-10-12T15:00:00Z,,delayed,2026-10-20T15:00:00Z,2026-10-12T15:00:00Z
PREF-015D0977,CUS-00978,DO_NOT_SOLICIT,true,2026-10-13T15:00:00Z,,delayed,2026-10-20T15:00:00Z,2026-10-13T15:00:00Z
PREF-015D0978,CUS-00979,DO_NOT_SOLICIT,true,2026-10-14T15:00:00Z,,delayed,2026-10-20T15:00:00Z,2026-10-14T15:00:00Z
PREF-015D0979,CUS-00980,DO_NOT_SOLICIT,true,2026-10-15T15:00:00Z,,delayed,2026-10-20T15:00:00Z,2026-10-15T15:00:00Z
PREF-015D0980,CUS-00981,DO_NOT_SOLICIT,true,2026-10-16T15:00:00Z,,delayed,2026-10-20T15:00:00Z,2026-10-16T15:00:00Z
PREF-015D0981,CUS-00982,DO_NOT_SOLICIT,true,2026-10-17T15:00:00Z,,delayed,2026-10-20T15:00:00Z,2026-10-17T15:00:00Z
PREF-015D0982,CUS-00983,DO_NOT_SOLICIT,true,2026-10-18T15:00:00Z,,delayed,2026-10-20T15:00:00Z,2026-10-18T15:00:00Z
PREF-015D0983,CUS-00984,DO_NOT_SOLICIT,true,2026-10-19T15:00:00Z,,delayed,2026-10-20T15:00:00Z,2026-10-19T15:00:00Z
PREF-015D0984,CUS-00985,DO_NOT_SOLICIT,true,2026-10-12T15:00:00Z,,delayed,2026-10-20T15:00:00Z,2026-10-12T15:00:00Z
PREF-015D0985,CUS-00986,DO_NOT_SOLICIT,true,2026-10-13T15:00:00Z,,delayed,2026-10-20T15:00:00Z,2026-10-13T15:00:00Z
PREF-015D0986,CUS-00987,DO_NOT_SOLICIT,true,2026-10-14T15:00:00Z,,delayed,2026-10-20T15:00:00Z,2026-10-14T15:00:00Z
PREF-015D0987,CUS-00988,DO_NOT_SOLICIT,true,2026-10-15T15:00:00Z,,delayed,2026-10-20T15:00:00Z,2026-10-15T15:00:00Z
PREF-015D0988,CUS-00989,DO_NOT_SOLICIT,true,2026-10-16T15:00:00Z,,delayed,2026-10-20T15:00:00Z,2026-10-16T15:00:00Z
PREF-015D0989,CUS-00990,DO_NOT_SOLICIT,true,2026-10-17T15:00:00Z,,delayed,2026-10-20T15:00:00Z,2026-10-17T15:00:00Z
PREF-015D0990,CUS-00991,DO_NOT_SOLICIT,true,2026-10-18T15:00:00Z,,delayed,2026-10-20T15:00:00Z,2026-10-18T15:00:00Z
PREF-015D0991,CUS-00992,DO_NOT_SOLICIT,true,2026-10-19T15:00:00Z,,delayed,2026-10-20T15:00:00Z,2026-10-19T15:00:00Z
PREF-015D0992,CUS-00993,DO_NOT_SOLICIT,true,2026-10-12T15:00:00Z,,delayed,2026-10-20T15:00:00Z,2026-10-12T15:00:00Z
PREF-015D0993,CUS-00994,DO_NOT_SOLICIT,true,2026-10-13T15:00:00Z,,delayed,2026-10-20T15:00:00Z,2026-10-13T15:00:00Z
PREF-015D0994,CUS-00995,DO_NOT_SOLICIT,true,2026-10-14T15:00:00Z,,delayed,2026-10-20T15:00:00Z,2026-10-14T15:00:00Z
PREF-015D0995,CUS-00996,DO_NOT_SOLICIT,true,2026-10-15T15:00:00Z,,delayed,2026-10-20T15:00:00Z,2026-10-15T15:00:00Z
PREF-015D0996,CUS-00997,DO_NOT_SOLICIT,true,2026-10-16T15:00:00Z,,delayed,2026-10-20T15:00:00Z,2026-10-16T15:00:00Z
PREF-015D0997,CUS-00998,DO_NOT_SOLICIT,true,2026-10-17T15:00:00Z,,delayed,2026-10-20T15:00:00Z,2026-10-17T15:00:00Z
PREF-015D0998,CUS-00999,DO_NOT_SOLICIT,true,2026-10-18T15:00:00Z,,delayed,2026-10-20T15:00:00Z,2026-10-18T15:00:00Z
PREF-015D0999,CUS-01000,DO_NOT_SOLICIT,true,2026-10-19T15:00:00Z,,delayed,2026-10-20T15:00:00Z,2026-10-19T15:00:00Z
PREF-015D1000,CUS-01001,DO_NOT_SOLICIT,true,2026-10-12T15:00:00Z,,delayed,2026-10-20T15:00:00Z,2026-10-12T15:00:00Z
PREF-015D1001,CUS-01002,DO_NOT_SOLICIT,true,2026-10-13T15:00:00Z,,delayed,2026-10-20T15:00:00Z,2026-10-13T15:00:00Z
PREF-015D1002,CUS-01003,DO_NOT_SOLICIT,true,2026-10-14T15:00:00Z,,delayed,2026-10-20T15:00:00Z,2026-10-14T15:00:00Z
PREF-015D1003,CUS-01004,DO_NOT_SOLICIT,true,2026-10-15T15:00:00Z,,delayed,2026-10-20T15:00:00Z,2026-10-15T15:00:00Z
PREF-015D1004,CUS-01005,DO_NOT_SOLICIT,true,2026-10-16T15:00:00Z,,delayed,2026-10-20T15:00:00Z,2026-10-16T15:00:00Z
PREF-015D1005,CUS-01006,DO_NOT_SOLICIT,true,2026-10-17T15:00:00Z,,delayed,2026-10-20T15:00:00Z,2026-10-17T15:00:00Z
PREF-015D1006,CUS-01007,DO_NOT_SOLICIT,true,2026-10-18T15:00:00Z,,delayed,2026-10-20T15:00:00Z,2026-10-18T15:00:00Z
PREF-015D1007,CUS-01008,DO_NOT_SOLICIT,true,2026-10-19T15:00:00Z,,delayed,2026-10-20T15:00:00Z,2026-10-19T15:00:00Z
PREF-015D1008,CUS-01009,DO_NOT_SOLICIT,true,2026-10-12T15:00:00Z,,delayed,2026-10-20T15:00:00Z,2026-10-12T15:00:00Z
PREF-015D1009,CUS-01010,DO_NOT_SOLICIT,true,2026-10-13T15:00:00Z,,delayed,2026-10-20T15:00:00Z,2026-10-13T15:00:00Z
PREF-015D1010,CUS-01011,DO_NOT_SOLICIT,true,2026-10-14T15:00:00Z,,delayed,2026-10-20T15:00:00Z,2026-10-14T15:00:00Z
PREF-015D1011,CUS-01012,DO_NOT_SOLICIT,true,2026-10-15T15:00:00Z,,delayed,2026-10-20T15:00:00Z,2026-10-15T15:00:00Z
PREF-015D1012,CUS-01013,DO_NOT_SOLICIT,true,2026-10-16T15:00:00Z,,delayed,2026-10-20T15:00:00Z,2026-10-16T15:00:00Z
PREF-015D1013,CUS-01014,DO_NOT_SOLICIT,true,2026-10-17T15:00:00Z,,delayed,2026-10-20T15:00:00Z,2026-10-17T15:00:00Z
PREF-015D1014,CUS-01015,DO_NOT_SOLICIT,true,2026-10-18T15:00:00Z,,delayed,2026-10-20T15:00:00Z,2026-10-18T15:00:00Z
PREF-015D1015,CUS-01016,DO_NOT_SOLICIT,true,2026-10-19T15:00:00Z,,delayed,2026-10-20T15:00:00Z,2026-10-19T15:00:00Z
PREF-015D1016,CUS-01017,DO_NOT_SOLICIT,true,2026-10-12T15:00:00Z,,delayed,2026-10-20T15:00:00Z,2026-10-12T15:00:00Z
PREF-015D1017,CUS-01018,DO_NOT_SOLICIT,true,2026-10-13T15:00:00Z,,delayed,2026-10-20T15:00:00Z,2026-10-13T15:00:00Z
PREF-015D1018,CUS-01019,DO_NOT_SOLICIT,true,2026-10-14T15:00:00Z,,delayed,2026-10-20T15:00:00Z,2026-10-14T15:00:00Z
PREF-015D1019,CUS-01020,DO_NOT_SOLICIT,true,2026-10-15T15:00:00Z,,delayed,2026-10-20T15:00:00Z,2026-10-15T15:00:00Z
PREF-015D1020,CUS-01021,DO_NOT_SOLICIT,true,2026-10-16T15:00:00Z,,delayed,2026-10-20T15:00:00Z,2026-10-16T15:00:00Z
PREF-015D1021,CUS-01022,DO_NOT_SOLICIT,true,2026-10-17T15:00:00Z,,delayed,2026-10-20T15:00:00Z,2026-10-17T15:00:00Z
PREF-015D1022,CUS-01023,DO_NOT_SOLICIT,true,2026-10-18T15:00:00Z,,delayed,2026-10-20T15:00:00Z,2026-10-18T15:00:00Z
PREF-015D1023,CUS-01024,DO_NOT_SOLICIT,true,2026-10-19T15:00:00Z,,delayed,2026-10-20T15:00:00Z,2026-10-19T15:00:00Z
PREF-015D1024,CUS-01025,DO_NOT_SOLICIT,true,2026-10-12T15:00:00Z,,delayed,2026-10-20T15:00:00Z,2026-10-12T15:00:00Z
PREF-015D1025,CUS-01026,DO_NOT_SOLICIT,true,2026-10-13T15:00:00Z,,delayed,2026-10-20T15:00:00Z,2026-10-13T15:00:00Z
PREF-015D1026,CUS-01027,DO_NOT_SOLICIT,true,2026-10-14T15:00:00Z,,delayed,2026-10-20T15:00:00Z,2026-10-14T15:00:00Z
PREF-015D1027,CUS-01028,DO_NOT_SOLICIT,true,2026-10-15T15:00:00Z,,delayed,2026-10-20T15:00:00Z,2026-10-15T15:00:00Z
PREF-015D1028,CUS-01029,DO_NOT_SOLICIT,true,2026-10-16T15:00:00Z,,delayed,2026-10-20T15:00:00Z,2026-10-16T15:00:00Z
PREF-015D1029,CUS-01030,DO_NOT_SOLICIT,true,2026-10-17T15:00:00Z,,delayed,2026-10-20T15:00:00Z,2026-10-17T15:00:00Z
PREF-015D1030,CUS-01031,DO_NOT_SOLICIT,true,2026-10-18T15:00:00Z,,delayed,2026-10-20T15:00:00Z,2026-10-18T15:00:00Z
PREF-015D1031,CUS-01032,DO_NOT_SOLICIT,true,2026-10-19T15:00:00Z,,delayed,2026-10-20T15:00:00Z,2026-10-19T15:00:00Z
PREF-015D1032,CUS-01033,DO_NOT_SOLICIT,true,2026-10-12T15:00:00Z,,delayed,2026-10-20T15:00:00Z,2026-10-12T15:00:00Z
PREF-015D1033,CUS-01034,DO_NOT_SOLICIT,true,2026-10-13T15:00:00Z,,delayed,2026-10-20T15:00:00Z,2026-10-13T15:00:00Z
PREF-015D1034,CUS-01035,DO_NOT_SOLICIT,true,2026-10-14T15:00:00Z,,delayed,2026-10-20T15:00:00Z,2026-10-14T15:00:00Z
PREF-015D1035,CUS-01036,DO_NOT_SOLICIT,true,2026-10-15T15:00:00Z,,delayed,2026-10-20T15:00:00Z,2026-10-15T15:00:00Z
PREF-015D1036,CUS-01037,DO_NOT_SOLICIT,true,2026-10-16T15:00:00Z,,delayed,2026-10-20T15:00:00Z,2026-10-16T15:00:00Z
PREF-015D1037,CUS-01038,DO_NOT_SOLICIT,true,2026-10-17T15:00:00Z,,delayed,2026-10-20T15:00:00Z,2026-10-17T15:00:00Z
PREF-015D1038,CUS-01039,DO_NOT_SOLICIT,true,2026-10-18T15:00:00Z,,delayed,2026-10-20T15:00:00Z,2026-10-18T15:00:00Z
PREF-015D1039,CUS-01040,DO_NOT_SOLICIT,true,2026-10-19T15:00:00Z,,delayed,2026-10-20T15:00:00Z,2026-10-19T15:00:00Z
PREF-015D1040,CUS-01041,DO_NOT_SOLICIT,true,2026-10-12T15:00:00Z,,delayed,2026-10-20T15:00:00Z,2026-10-12T15:00:00Z
PREF-015D1041,CUS-01042,DO_NOT_SOLICIT,true,2026-10-13T15:00:00Z,,delayed,2026-10-20T15:00:00Z,2026-10-13T15:00:00Z
PREF-015D1042,CUS-01043,DO_NOT_SOLICIT,true,2026-10-14T15:00:00Z,,delayed,2026-10-20T15:00:00Z,2026-10-14T15:00:00Z
PREF-015D1043,CUS-01044,DO_NOT_SOLICIT,true,2026-10-15T15:00:00Z,,delayed,2026-10-20T15:00:00Z,2026-10-15T15:00:00Z
PREF-015D1044,CUS-01045,DO_NOT_SOLICIT,true,2026-10-16T15:00:00Z,,delayed,2026-10-20T15:00:00Z,2026-10-16T15:00:00Z
PREF-015D1045,CUS-01046,DO_NOT_SOLICIT,true,2026-10-17T15:00:00Z,,delayed,2026-10-20T15:00:00Z,2026-10-17T15:00:00Z
PREF-015D1046,CUS-01047,DO_NOT_SOLICIT,true,2026-10-18T15:00:00Z,,delayed,2026-10-20T15:00:00Z,2026-10-18T15:00:00Z
PREF-015D1047,CUS-01048,DO_NOT_SOLICIT,true,2026-10-19T15:00:00Z,,delayed,2026-10-20T15:00:00Z,2026-10-19T15:00:00Z
PREF-015D1048,CUS-01049,DO_NOT_SOLICIT,true,2026-10-12T15:00:00Z,,delayed,2026-10-20T15:00:00Z,2026-10-12T15:00:00Z
PREF-015D1049,CUS-01050,DO_NOT_SOLICIT,true,2026-10-13T15:00:00Z,,delayed,2026-10-20T15:00:00Z,2026-10-13T15:00:00Z
PREF-015D1050,CUS-01051,DO_NOT_SOLICIT,true,2026-10-14T15:00:00Z,,delayed,2026-10-20T15:00:00Z,2026-10-14T15:00:00Z
PREF-015D1051,CUS-01052,DO_NOT_SOLICIT,true,2026-10-15T15:00:00Z,,delayed,2026-10-20T15:00:00Z,2026-10-15T15:00:00Z
PREF-015D1052,CUS-01053,DO_NOT_SOLICIT,true,2026-10-16T15:00:00Z,,delayed,2026-10-20T15:00:00Z,2026-10-16T15:00:00Z
PREF-015D1053,CUS-01054,DO_NOT_SOLICIT,true,2026-10-17T15:00:00Z,,delayed,2026-10-20T15:00:00Z,2026-10-17T15:00:00Z
PREF-015D1054,CUS-01055,DO_NOT_SOLICIT,true,2026-10-18T15:00:00Z,,delayed,2026-10-20T15:00:00Z,2026-10-18T15:00:00Z
PREF-015D1055,CUS-01056,DO_NOT_SOLICIT,true,2026-10-19T15:00:00Z,,delayed,2026-10-20T15:00:00Z,2026-10-19T15:00:00Z
PREF-015D1056,CUS-01057,DO_NOT_SOLICIT,true,2026-10-12T15:00:00Z,,delayed,2026-10-20T15:00:00Z,2026-10-12T15:00:00Z
PREF-015D1057,CUS-01058,DO_NOT_SOLICIT,true,2026-10-13T15:00:00Z,,delayed,2026-10-20T15:00:00Z,2026-10-13T15:00:00Z
PREF-015D1058,CUS-01059,DO_NOT_SOLICIT,true,2026-10-14T15:00:00Z,,delayed,2026-10-20T15:00:00Z,2026-10-14T15:00:00Z
PREF-015D1059,CUS-01060,DO_NOT_SOLICIT,true,2026-10-15T15:00:00Z,,delayed,2026-10-20T15:00:00Z,2026-10-15T15:00:00Z
PREF-015D1060,CUS-01061,DO_NOT_SOLICIT,true,2026-10-16T15:00:00Z,,delayed,2026-10-20T15:00:00Z,2026-10-16T15:00:00Z
PREF-015D1061,CUS-01062,DO_NOT_SOLICIT,true,2026-10-17T15:00:00Z,,delayed,2026-10-20T15:00:00Z,2026-10-17T15:00:00Z
PREF-015D1062,CUS-01063,DO_NOT_SOLICIT,true,2026-10-18T15:00:00Z,,delayed,2026-10-20T15:00:00Z,2026-10-18T15:00:00Z
PREF-015D1063,CUS-01064,DO_NOT_SOLICIT,true,2026-10-19T15:00:00Z,,delayed,2026-10-20T15:00:00Z,2026-10-19T15:00:00Z
PREF-015D1064,CUS-01065,DO_NOT_SOLICIT,true,2026-10-12T15:00:00Z,,delayed,2026-10-20T15:00:00Z,2026-10-12T15:00:00Z
PREF-015D1065,CUS-01066,DO_NOT_SOLICIT,true,2026-10-13T15:00:00Z,,delayed,2026-10-20T15:00:00Z,2026-10-13T15:00:00Z
PREF-015D1066,CUS-01067,DO_NOT_SOLICIT,true,2026-10-14T15:00:00Z,,delayed,2026-10-20T15:00:00Z,2026-10-14T15:00:00Z
PREF-015D1067,CUS-01068,DO_NOT_SOLICIT,true,2026-10-15T15:00:00Z,,delayed,2026-10-20T15:00:00Z,2026-10-15T15:00:00Z
PREF-015D1068,CUS-01069,DO_NOT_SOLICIT,true,2026-10-16T15:00:00Z,,delayed,2026-10-20T15:00:00Z,2026-10-16T15:00:00Z
PREF-015D1069,CUS-01070,DO_NOT_SOLICIT,true,2026-10-17T15:00:00Z,,delayed,2026-10-20T15:00:00Z,2026-10-17T15:00:00Z
PREF-015D1070,CUS-01071,DO_NOT_SOLICIT,true,2026-10-18T15:00:00Z,,delayed,2026-10-20T15:00:00Z,2026-10-18T15:00:00Z
PREF-015D1071,CUS-01072,DO_NOT_SOLICIT,true,2026-10-19T15:00:00Z,,delayed,2026-10-20T15:00:00Z,2026-10-19T15:00:00Z
PREF-015D1072,CUS-01073,DO_NOT_SOLICIT,true,2026-10-12T15:00:00Z,,delayed,2026-10-20T15:00:00Z,2026-10-12T15:00:00Z
PREF-015D1073,CUS-01074,DO_NOT_SOLICIT,true,2026-10-13T15:00:00Z,,delayed,2026-10-20T15:00:00Z,2026-10-13T15:00:00Z
PREF-015D1074,CUS-01075,DO_NOT_SOLICIT,true,2026-10-14T15:00:00Z,,delayed,2026-10-20T15:00:00Z,2026-10-14T15:00:00Z
PREF-015D1075,CUS-01076,DO_NOT_SOLICIT,true,2026-10-15T15:00:00Z,,delayed,2026-10-20T15:00:00Z,2026-10-15T15:00:00Z
PREF-015D1076,CUS-01077,DO_NOT_SOLICIT,true,2026-10-16T15:00:00Z,,delayed,2026-10-20T15:00:00Z,2026-10-16T15:00:00Z
PREF-015D1077,CUS-01078,DO_NOT_SOLICIT,true,2026-10-17T15:00:00Z,,delayed,2026-10-20T15:00:00Z,2026-10-17T15:00:00Z
PREF-015D1078,CUS-01079,DO_NOT_SOLICIT,true,2026-10-18T15:00:00Z,,delayed,2026-10-20T15:00:00Z,2026-10-18T15:00:00Z
PREF-015D1079,CUS-01080,DO_NOT_SOLICIT,true,2026-10-19T15:00:00Z,,delayed,2026-10-20T15:00:00Z,2026-10-19T15:00:00Z
PREF-015D1080,CUS-01081,DO_NOT_SOLICIT,true,2026-10-12T15:00:00Z,,delayed,2026-10-20T15:00:00Z,2026-10-12T15:00:00Z
PREF-015D1081,CUS-01082,DO_NOT_SOLICIT,true,2026-10-13T15:00:00Z,,delayed,2026-10-20T15:00:00Z,2026-10-13T15:00:00Z
PREF-015D1082,CUS-01083,DO_NOT_SOLICIT,true,2026-10-14T15:00:00Z,,delayed,2026-10-20T15:00:00Z,2026-10-14T15:00:00Z
PREF-015D1083,CUS-01084,DO_NOT_SOLICIT,true,2026-10-15T15:00:00Z,,delayed,2026-10-20T15:00:00Z,2026-10-15T15:00:00Z
PREF-015D1084,CUS-01085,DO_NOT_SOLICIT,true,2026-10-16T15:00:00Z,,delayed,2026-10-20T15:00:00Z,2026-10-16T15:00:00Z
PREF-015D1085,CUS-01086,DO_NOT_SOLICIT,true,2026-10-17T15:00:00Z,,delayed,2026-10-20T15:00:00Z,2026-10-17T15:00:00Z
PREF-015D1086,CUS-01087,DO_NOT_SOLICIT,true,2026-10-18T15:00:00Z,,delayed,2026-10-20T15:00:00Z,2026-10-18T15:00:00Z
PREF-015D1087,CUS-01088,DO_NOT_SOLICIT,true,2026-10-19T15:00:00Z,,delayed,2026-10-20T15:00:00Z,2026-10-19T15:00:00Z
PREF-015D1088,CUS-01089,DO_NOT_SOLICIT,true,2026-10-12T15:00:00Z,,delayed,2026-10-20T15:00:00Z,2026-10-12T15:00:00Z
PREF-015D1089,CUS-01090,DO_NOT_SOLICIT,true,2026-10-13T15:00:00Z,,delayed,2026-10-20T15:00:00Z,2026-10-13T15:00:00Z
PREF-015D1090,CUS-01091,DO_NOT_SOLICIT,true,2026-10-14T15:00:00Z,,delayed,2026-10-20T15:00:00Z,2026-10-14T15:00:00Z
PREF-015D1091,CUS-01092,DO_NOT_SOLICIT,true,2026-10-15T15:00:00Z,,delayed,2026-10-20T15:00:00Z,2026-10-15T15:00:00Z
PREF-015D1092,CUS-01093,DO_NOT_SOLICIT,true,2026-10-16T15:00:00Z,,delayed,2026-10-20T15:00:00Z,2026-10-16T15:00:00Z
PREF-015D1093,CUS-01094,DO_NOT_SOLICIT,true,2026-10-17T15:00:00Z,,delayed,2026-10-20T15:00:00Z,2026-10-17T15:00:00Z
PREF-015D1094,CUS-01095,DO_NOT_SOLICIT,true,2026-10-18T15:00:00Z,,delayed,2026-10-20T15:00:00Z,2026-10-18T15:00:00Z
PREF-015D1095,CUS-01096,DO_NOT_SOLICIT,true,2026-10-19T15:00:00Z,,delayed,2026-10-20T15:00:00Z,2026-10-19T15:00:00Z
PREF-015D1096,CUS-01097,DO_NOT_SOLICIT,true,2026-10-12T15:00:00Z,,delayed,2026-10-20T15:00:00Z,2026-10-12T15:00:00Z
PREF-015D1097,CUS-01098,DO_NOT_SOLICIT,true,2026-10-13T15:00:00Z,,delayed,2026-10-20T15:00:00Z,2026-10-13T15:00:00Z
PREF-015D1098,CUS-01099,DO_NOT_SOLICIT,true,2026-10-14T15:00:00Z,,delayed,2026-10-20T15:00:00Z,2026-10-14T15:00:00Z
PREF-015D1099,CUS-01100,DO_NOT_SOLICIT,true,2026-10-15T15:00:00Z,,delayed,2026-10-20T15:00:00Z,2026-10-15T15:00:00Z
PREF-015D1100,CUS-01101,DO_NOT_SOLICIT,true,2026-10-16T15:00:00Z,,delayed,2026-10-20T15:00:00Z,2026-10-16T15:00:00Z
PREF-015D1101,CUS-01102,DO_NOT_SOLICIT,true,2026-10-17T15:00:00Z,,delayed,2026-10-20T15:00:00Z,2026-10-17T15:00:00Z
PREF-015D1102,CUS-01103,DO_NOT_SOLICIT,true,2026-10-18T15:00:00Z,,delayed,2026-10-20T15:00:00Z,2026-10-18T15:00:00Z
PREF-015D1103,CUS-01104,DO_NOT_SOLICIT,true,2026-10-19T15:00:00Z,,delayed,2026-10-20T15:00:00Z,2026-10-19T15:00:00Z
PREF-015D1104,CUS-01105,DO_NOT_SOLICIT,true,2026-10-12T15:00:00Z,,delayed,2026-10-20T15:00:00Z,2026-10-12T15:00:00Z
PREF-015D1105,CUS-01106,DO_NOT_SOLICIT,true,2026-10-13T15:00:00Z,,delayed,2026-10-20T15:00:00Z,2026-10-13T15:00:00Z
PREF-015D1106,CUS-01107,DO_NOT_SOLICIT,true,2026-10-14T15:00:00Z,,delayed,2026-10-20T15:00:00Z,2026-10-14T15:00:00Z
PREF-015D1107,CUS-01108,DO_NOT_SOLICIT,true,2026-10-15T15:00:00Z,,delayed,2026-10-20T15:00:00Z,2026-10-15T15:00:00Z
PREF-015D1108,CUS-01109,DO_NOT_SOLICIT,true,2026-10-16T15:00:00Z,,delayed,2026-10-20T15:00:00Z,2026-10-16T15:00:00Z
PREF-015D1109,CUS-01110,DO_NOT_SOLICIT,true,2026-10-17T15:00:00Z,,delayed,2026-10-20T15:00:00Z,2026-10-17T15:00:00Z
PREF-015D1110,CUS-01111,DO_NOT_SOLICIT,true,2026-10-18T15:00:00Z,,delayed,2026-10-20T15:00:00Z,2026-10-18T15:00:00Z
PREF-015D1111,CUS-01112,DO_NOT_SOLICIT,true,2026-10-19T15:00:00Z,,delayed,2026-10-20T15:00:00Z,2026-10-19T15:00:00Z
PREF-015D1112,CUS-01113,DO_NOT_SOLICIT,true,2026-10-12T15:00:00Z,,delayed,2026-10-20T15:00:00Z,2026-10-12T15:00:00Z
PREF-015D1113,CUS-01114,DO_NOT_SOLICIT,true,2026-10-13T15:00:00Z,,delayed,2026-10-20T15:00:00Z,2026-10-13T15:00:00Z
PREF-015D1114,CUS-01115,DO_NOT_SOLICIT,true,2026-10-14T15:00:00Z,,delayed,2026-10-20T15:00:00Z,2026-10-14T15:00:00Z
PREF-015D1115,CUS-01116,DO_NOT_SOLICIT,true,2026-10-15T15:00:00Z,,delayed,2026-10-20T15:00:00Z,2026-10-15T15:00:00Z
PREF-015D1116,CUS-01117,DO_NOT_SOLICIT,true,2026-10-16T15:00:00Z,,delayed,2026-10-20T15:00:00Z,2026-10-16T15:00:00Z
PREF-015D1117,CUS-01118,DO_NOT_SOLICIT,true,2026-10-17T15:00:00Z,,delayed,2026-10-20T15:00:00Z,2026-10-17T15:00:00Z
PREF-015D1118,CUS-01119,DO_NOT_SOLICIT,true,2026-10-18T15:00:00Z,,delayed,2026-10-20T15:00:00Z,2026-10-18T15:00:00Z
PREF-015D1119,CUS-01120,DO_NOT_SOLICIT,true,2026-10-19T15:00:00Z,,delayed,2026-10-20T15:00:00Z,2026-10-19T15:00:00Z
PREF-015D1120,CUS-01121,DO_NOT_SOLICIT,true,2026-10-12T15:00:00Z,,delayed,2026-10-20T15:00:00Z,2026-10-12T15:00:00Z
PREF-015D1121,CUS-01122,DO_NOT_SOLICIT,true,2026-10-13T15:00:00Z,,delayed,2026-10-20T15:00:00Z,2026-10-13T15:00:00Z
PREF-015D1122,CUS-01123,DO_NOT_SOLICIT,true,2026-10-14T15:00:00Z,,delayed,2026-10-20T15:00:00Z,2026-10-14T15:00:00Z
PREF-015D1123,CUS-01124,DO_NOT_SOLICIT,true,2026-10-15T15:00:00Z,,delayed,2026-10-20T15:00:00Z,2026-10-15T15:00:00Z
PREF-015D1124,CUS-01125,DO_NOT_SOLICIT,true,2026-10-16T15:00:00Z,,delayed,2026-10-20T15:00:00Z,2026-10-16T15:00:00Z
PREF-015D1125,CUS-01126,DO_NOT_SOLICIT,true,2026-10-17T15:00:00Z,,delayed,2026-10-20T15:00:00Z,2026-10-17T15:00:00Z
PREF-015D1126,CUS-01127,DO_NOT_SOLICIT,true,2026-10-18T15:00:00Z,,delayed,2026-10-20T15:00:00Z,2026-10-18T15:00:00Z
PREF-015D1127,CUS-01128,DO_NOT_SOLICIT,true,2026-10-19T15:00:00Z,,delayed,2026-10-20T15:00:00Z,2026-10-19T15:00:00Z
PREF-015D1128,CUS-01129,DO_NOT_SOLICIT,true,2026-10-12T15:00:00Z,,delayed,2026-10-20T15:00:00Z,2026-10-12T15:00:00Z
PREF-015D1129,CUS-01130,DO_NOT_SOLICIT,true,2026-10-13T15:00:00Z,,delayed,2026-10-20T15:00:00Z,2026-10-13T15:00:00Z
PREF-015D1130,CUS-01131,DO_NOT_SOLICIT,true,2026-10-14T15:00:00Z,,delayed,2026-10-20T15:00:00Z,2026-10-14T15:00:00Z
PREF-015D1131,CUS-01132,DO_NOT_SOLICIT,true,2026-10-15T15:00:00Z,,delayed,2026-10-20T15:00:00Z,2026-10-15T15:00:00Z
PREF-015D1132,CUS-01133,DO_NOT_SOLICIT,true,2026-10-16T15:00:00Z,,delayed,2026-10-20T15:00:00Z,2026-10-16T15:00:00Z
PREF-015D1133,CUS-01134,DO_NOT_SOLICIT,true,2026-10-17T15:00:00Z,,delayed,2026-10-20T15:00:00Z,2026-10-17T15:00:00Z
PREF-015D1134,CUS-01135,DO_NOT_SOLICIT,true,2026-10-18T15:00:00Z,,delayed,2026-10-20T15:00:00Z,2026-10-18T15:00:00Z
PREF-015D1135,CUS-01136,DO_NOT_SOLICIT,true,2026-10-19T15:00:00Z,,delayed,2026-10-20T15:00:00Z,2026-10-19T15:00:00Z
PREF-015D1136,CUS-01137,DO_NOT_SOLICIT,true,2026-10-12T15:00:00Z,,delayed,2026-10-20T15:00:00Z,2026-10-12T15:00:00Z
PREF-015D1137,CUS-01138,DO_NOT_SOLICIT,true,2026-10-13T15:00:00Z,,delayed,2026-10-20T15:00:00Z,2026-10-13T15:00:00Z
PREF-015D1138,CUS-01139,DO_NOT_SOLICIT,true,2026-10-14T15:00:00Z,,delayed,2026-10-20T15:00:00Z,2026-10-14T15:00:00Z
PREF-015D1139,CUS-01140,DO_NOT_SOLICIT,true,2026-10-15T15:00:00Z,,delayed,2026-10-20T15:00:00Z,2026-10-15T15:00:00Z
PREF-015D1140,CUS-01141,DO_NOT_SOLICIT,true,2026-10-16T15:00:00Z,,delayed,2026-10-20T15:00:00Z,2026-10-16T15:00:00Z
PREF-015D1141,CUS-01142,DO_NOT_SOLICIT,true,2026-10-17T15:00:00Z,,delayed,2026-10-20T15:00:00Z,2026-10-17T15:00:00Z
PREF-015D1142,CUS-01143,DO_NOT_SOLICIT,true,2026-10-18T15:00:00Z,,delayed,2026-10-20T15:00:00Z,2026-10-18T15:00:00Z
PREF-015D1143,CUS-01144,DO_NOT_SOLICIT,true,2026-10-19T15:00:00Z,,delayed,2026-10-20T15:00:00Z,2026-10-19T15:00:00Z
PREF-015D1144,CUS-01145,DO_NOT_SOLICIT,true,2026-10-12T15:00:00Z,,delayed,2026-10-20T15:00:00Z,2026-10-12T15:00:00Z
PREF-015D1145,CUS-01146,DO_NOT_SOLICIT,true,2026-10-13T15:00:00Z,,delayed,2026-10-20T15:00:00Z,2026-10-13T15:00:00Z
PREF-015D1146,CUS-01147,DO_NOT_SOLICIT,true,2026-10-14T15:00:00Z,,delayed,2026-10-20T15:00:00Z,2026-10-14T15:00:00Z
PREF-015D1147,CUS-01148,DO_NOT_SOLICIT,true,2026-10-15T15:00:00Z,,delayed,2026-10-20T15:00:00Z,2026-10-15T15:00:00Z
PREF-015D1148,CUS-01149,DO_NOT_SOLICIT,true,2026-10-16T15:00:00Z,,delayed,2026-10-20T15:00:00Z,2026-10-16T15:00:00Z
PREF-015D1149,CUS-01150,DO_NOT_SOLICIT,true,2026-10-17T15:00:00Z,,delayed,2026-10-20T15:00:00Z,2026-10-17T15:00:00Z
PREF-015D1150,CUS-00001,DO_NOT_SOLICIT,true,2026-10-18T15:00:00Z,,delayed,2026-10-20T15:00:00Z,2026-10-18T15:00:00Z
PREF-015D1151,CUS-00002,DO_NOT_SOLICIT,true,2026-10-19T15:00:00Z,,delayed,2026-10-20T15:00:00Z,2026-10-19T15:00:00Z
PREF-015D1152,CUS-00003,DO_NOT_SOLICIT,true,2026-10-12T15:00:00Z,,delayed,2026-10-20T15:00:00Z,2026-10-12T15:00:00Z
PREF-015D1153,CUS-00004,DO_NOT_SOLICIT,true,2026-10-13T15:00:00Z,,delayed,2026-10-20T15:00:00Z,2026-10-13T15:00:00Z
PREF-015D1154,CUS-00005,DO_NOT_SOLICIT,true,2026-10-14T15:00:00Z,,delayed,2026-10-20T15:00:00Z,2026-10-14T15:00:00Z
PREF-015D1155,CUS-00006,DO_NOT_SOLICIT,true,2026-10-15T15:00:00Z,,delayed,2026-10-20T15:00:00Z,2026-10-15T15:00:00Z
PREF-015D1156,CUS-00007,DO_NOT_SOLICIT,true,2026-10-16T15:00:00Z,,delayed,2026-10-20T15:00:00Z,2026-10-16T15:00:00Z
PREF-015D1157,CUS-00008,DO_NOT_SOLICIT,true,2026-10-17T15:00:00Z,,delayed,2026-10-20T15:00:00Z,2026-10-17T15:00:00Z
PREF-015D1158,CUS-00009,DO_NOT_SOLICIT,true,2026-10-18T15:00:00Z,,delayed,2026-10-20T15:00:00Z,2026-10-18T15:00:00Z
PREF-015D1159,CUS-00010,DO_NOT_SOLICIT,true,2026-10-19T15:00:00Z,,delayed,2026-10-20T15:00:00Z,2026-10-19T15:00:00Z
PREF-015D1160,CUS-00011,DO_NOT_SOLICIT,true,2026-10-12T15:00:00Z,,delayed,2026-10-20T15:00:00Z,2026-10-12T15:00:00Z
PREF-015D1161,CUS-00012,DO_NOT_SOLICIT,true,2026-10-13T15:00:00Z,,delayed,2026-10-20T15:00:00Z,2026-10-13T15:00:00Z
PREF-015D1162,CUS-00013,DO_NOT_SOLICIT,true,2026-10-14T15:00:00Z,,delayed,2026-10-20T15:00:00Z,2026-10-14T15:00:00Z
PREF-015D1163,CUS-00014,DO_NOT_SOLICIT,true,2026-10-15T15:00:00Z,,delayed,2026-10-20T15:00:00Z,2026-10-15T15:00:00Z
PREF-015D1164,CUS-00015,DO_NOT_SOLICIT,true,2026-10-16T15:00:00Z,,delayed,2026-10-20T15:00:00Z,2026-10-16T15:00:00Z
PREF-015D1165,CUS-00016,DO_NOT_SOLICIT,true,2026-10-17T15:00:00Z,,delayed,2026-10-20T15:00:00Z,2026-10-17T15:00:00Z
PREF-015D1166,CUS-00017,DO_NOT_SOLICIT,true,2026-10-18T15:00:00Z,,delayed,2026-10-20T15:00:00Z,2026-10-18T15:00:00Z
PREF-015D1167,CUS-00018,DO_NOT_SOLICIT,true,2026-10-19T15:00:00Z,,delayed,2026-10-20T15:00:00Z,2026-10-19T15:00:00Z
PREF-015D1168,CUS-00019,DO_NOT_SOLICIT,true,2026-10-12T15:00:00Z,,delayed,2026-10-20T15:00:00Z,2026-10-12T15:00:00Z
PREF-015D1169,CUS-00020,DO_NOT_SOLICIT,true,2026-10-13T15:00:00Z,,delayed,2026-10-20T15:00:00Z,2026-10-13T15:00:00Z
PREF-015D1170,CUS-00021,DO_NOT_SOLICIT,true,2026-10-14T15:00:00Z,,delayed,2026-10-20T15:00:00Z,2026-10-14T15:00:00Z
PREF-015D1171,CUS-00022,DO_NOT_SOLICIT,true,2026-10-15T15:00:00Z,,delayed,2026-10-20T15:00:00Z,2026-10-15T15:00:00Z
PREF-015D1172,CUS-00023,DO_NOT_SOLICIT,true,2026-10-16T15:00:00Z,,delayed,2026-10-20T15:00:00Z,2026-10-16T15:00:00Z
PREF-015D1173,CUS-00024,DO_NOT_SOLICIT,true,2026-10-17T15:00:00Z,,delayed,2026-10-20T15:00:00Z,2026-10-17T15:00:00Z
PREF-015D1174,CUS-00025,DO_NOT_SOLICIT,true,2026-10-18T15:00:00Z,,delayed,2026-10-20T15:00:00Z,2026-10-18T15:00:00Z
PREF-015D1175,CUS-00026,DO_NOT_SOLICIT,true,2026-10-19T15:00:00Z,,delayed,2026-10-20T15:00:00Z,2026-10-19T15:00:00Z
PREF-015D1176,CUS-00027,DO_NOT_SOLICIT,true,2026-10-12T15:00:00Z,,delayed,2026-10-20T15:00:00Z,2026-10-12T15:00:00Z
PREF-015D1177,CUS-00028,DO_NOT_SOLICIT,true,2026-10-13T15:00:00Z,,delayed,2026-10-20T15:00:00Z,2026-10-13T15:00:00Z
PREF-015D1178,CUS-00029,DO_NOT_SOLICIT,true,2026-10-14T15:00:00Z,,delayed,2026-10-20T15:00:00Z,2026-10-14T15:00:00Z
PREF-015D1179,CUS-00030,DO_NOT_SOLICIT,true,2026-10-15T15:00:00Z,,delayed,2026-10-20T15:00:00Z,2026-10-15T15:00:00Z
PREF-015D1180,CUS-00031,DO_NOT_SOLICIT,true,2026-10-16T15:00:00Z,,delayed,2026-10-20T15:00:00Z,2026-10-16T15:00:00Z
PREF-015D1181,CUS-00032,DO_NOT_SOLICIT,true,2026-10-17T15:00:00Z,,delayed,2026-10-20T15:00:00Z,2026-10-17T15:00:00Z
PREF-015D1182,CUS-00033,DO_NOT_SOLICIT,true,2026-10-18T15:00:00Z,,delayed,2026-10-20T15:00:00Z,2026-10-18T15:00:00Z
PREF-015D1183,CUS-00034,DO_NOT_SOLICIT,true,2026-10-19T15:00:00Z,,delayed,2026-10-20T15:00:00Z,2026-10-19T15:00:00Z
PREF-015D1184,CUS-00035,DO_NOT_SOLICIT,true,2026-10-12T15:00:00Z,,delayed,2026-10-20T15:00:00Z,2026-10-12T15:00:00Z
PREF-015D1185,CUS-00036,DO_NOT_SOLICIT,true,2026-10-13T15:00:00Z,,delayed,2026-10-20T15:00:00Z,2026-10-13T15:00:00Z
PREF-015D1186,CUS-00037,DO_NOT_SOLICIT,true,2026-10-14T15:00:00Z,,delayed,2026-10-20T15:00:00Z,2026-10-14T15:00:00Z
PREF-015D1187,CUS-00038,DO_NOT_SOLICIT,true,2026-10-15T15:00:00Z,,delayed,2026-10-20T15:00:00Z,2026-10-15T15:00:00Z
PREF-015D1188,CUS-00039,DO_NOT_SOLICIT,true,2026-10-16T15:00:00Z,,delayed,2026-10-20T15:00:00Z,2026-10-16T15:00:00Z
PREF-015D1189,CUS-00040,DO_NOT_SOLICIT,true,2026-10-17T15:00:00Z,,delayed,2026-10-20T15:00:00Z,2026-10-17T15:00:00Z
PREF-015D1190,CUS-00041,DO_NOT_SOLICIT,true,2026-10-18T15:00:00Z,,delayed,2026-10-20T15:00:00Z,2026-10-18T15:00:00Z
PREF-015D1191,CUS-00042,DO_NOT_SOLICIT,true,2026-10-19T15:00:00Z,,delayed,2026-10-20T15:00:00Z,2026-10-19T15:00:00Z
PREF-015D1192,CUS-00043,DO_NOT_SOLICIT,true,2026-10-12T15:00:00Z,,delayed,2026-10-20T15:00:00Z,2026-10-12T15:00:00Z
PREF-015D1193,CUS-00044,DO_NOT_SOLICIT,true,2026-10-13T15:00:00Z,,delayed,2026-10-20T15:00:00Z,2026-10-13T15:00:00Z
PREF-015D1194,CUS-00045,DO_NOT_SOLICIT,true,2026-10-14T15:00:00Z,,delayed,2026-10-20T15:00:00Z,2026-10-14T15:00:00Z
PREF-015D1195,CUS-00046,DO_NOT_SOLICIT,true,2026-10-15T15:00:00Z,,delayed,2026-10-20T15:00:00Z,2026-10-15T15:00:00Z
PREF-015D1196,CUS-00047,DO_NOT_SOLICIT,true,2026-10-16T15:00:00Z,,delayed,2026-10-20T15:00:00Z,2026-10-16T15:00:00Z
PREF-015D1197,CUS-00048,DO_NOT_SOLICIT,true,2026-10-17T15:00:00Z,,delayed,2026-10-20T15:00:00Z,2026-10-17T15:00:00Z
PREF-015D1198,CUS-00049,DO_NOT_SOLICIT,true,2026-10-18T15:00:00Z,,delayed,2026-10-20T15:00:00Z,2026-10-18T15:00:00Z
PREF-015D1199,CUS-00050,DO_NOT_SOLICIT,true,2026-10-19T15:00:00Z,,delayed,2026-10-20T15:00:00Z,2026-10-19T15:00:00Z
PREF-015D1200,CUS-00051,DO_NOT_SOLICIT,true,2026-10-12T15:00:00Z,,delayed,2026-10-20T15:00:00Z,2026-10-12T15:00:00Z
PREF-015D1201,CUS-00052,DO_NOT_SOLICIT,true,2026-10-13T15:00:00Z,,delayed,2026-10-20T15:00:00Z,2026-10-13T15:00:00Z
PREF-015D1202,CUS-00053,DO_NOT_SOLICIT,true,2026-10-14T15:00:00Z,,delayed,2026-10-20T15:00:00Z,2026-10-14T15:00:00Z
PREF-015D1203,CUS-00054,DO_NOT_SOLICIT,true,2026-10-15T15:00:00Z,,delayed,2026-10-20T15:00:00Z,2026-10-15T15:00:00Z
PREF-015D1204,CUS-00055,DO_NOT_SOLICIT,true,2026-10-16T15:00:00Z,,delayed,2026-10-20T15:00:00Z,2026-10-16T15:00:00Z
PREF-9001801,CUS-90018,DO_NOT_SOLICIT,true,2026-10-12T16:02:00Z,INT-9001801,delayed,2026-10-20T15:00:00Z,2026-10-12T16:02:00Z
