qa_review_id,interaction_id,reviewer_id,reviewed_at,selected_by,verdict,category,notes,available_at
QA-A-00000,INT-0746924,R-A,2026-09-30T23:00:00Z,scanner,misconduct,MC-04,legacy historical QA label,2026-09-30T23:00:00Z
QA-A-00001,INT-0028192,R-A,2026-09-30T23:00:00Z,scanner,misconduct,MC-10,legacy historical QA label,2026-09-30T23:00:00Z
QA-A-00002,INT-0804934,R-A,2026-09-30T23:00:00Z,scanner,misconduct,MC-02,legacy historical QA label,2026-09-30T23:00:00Z
QA-A-00003,INT-0121573,R-A,2026-09-30T23:00:00Z,scanner,misconduct,MC-11,legacy historical QA label,2026-09-30T23:00:00Z
QA-A-00004,INT-0421008,R-A,2026-09-30T23:00:00Z,scanner,misconduct,MC-02,legacy historical QA label,2026-09-30T23:00:00Z
QA-A-00005,INT-0543174,R-A,2026-09-30T23:00:00Z,scanner,misconduct,MC-10,legacy historical QA label,2026-09-30T23:00:00Z
QA-A-00006,INT-0075185,R-A,2026-09-30T23:00:00Z,scanner,misconduct,MC-04,legacy historical QA label,2026-09-30T23:00:00Z
QA-A-00007,INT-0381430,R-A,2026-09-30T23:00:00Z,scanner,misconduct,MC-08,legacy historical QA label,2026-09-30T23:00:00Z
QA-A-00008,INT-0698292,R-A,2026-09-30T23:00:00Z,scanner,misconduct,MC-02,legacy historical QA label,2026-09-30T23:00:00Z
QA-A-00009,INT-0576193,R-A,2026-09-30T23:00:00Z,scanner,misconduct,MC-03,legacy historical QA label,2026-09-30T23:00:00Z
QA-A-00010,INT-0749949,R-A,2026-09-30T23:00:00Z,scanner,misconduct,MC-04,legacy historical QA label,2026-09-30T23:00:00Z
QA-A-00011,INT-0858160,R-A,2026-09-30T23:00:00Z,scanner,misconduct,MC-09,legacy historical QA label,2026-09-30T23:00:00Z
QA-A-00012,INT-0128265,R-A,2026-09-30T23:00:00Z,scanner,misconduct,MC-06,legacy historical QA label,2026-09-30T23:00:00Z
QA-A-00013,INT-0010333,R-A,2026-09-30T23:00:00Z,scanner,misconduct,MC-05,legacy historical QA label,2026-09-30T23:00:00Z
QA-A-00014,INT-0904722,R-A,2026-09-30T23:00:00Z,scanner,misconduct,MC-03,legacy historical QA label,2026-09-30T23:00:00Z
QA-A-00015,INT-0818769,R-A,2026-09-30T23:00:00Z,scanner,misconduct,MC-03,legacy historical QA label,2026-09-30T23:00:00Z
QA-A-00016,INT-0004605,R-A,2026-09-30T23:00:00Z,scanner,misconduct,MC-06,legacy historical QA label,2026-09-30T23:00:00Z
QA-A-00017,INT-0849316,R-A,2026-09-30T23:00:00Z,scanner,misconduct,MC-11,legacy historical QA label,2026-09-30T23:00:00Z
QA-A-00018,INT-0896734,R-A,2026-09-30T23:00:00Z,scanner,misconduct,MC-01,legacy historical QA label,2026-09-30T23:00:00Z
QA-A-00019,INT-0012588,R-A,2026-09-30T23:00:00Z,scanner,misconduct,MC-03,legacy historical QA label,2026-09-30T23:00:00Z
QA-A-00020,INT-0421005,R-A,2026-09-30T23:00:00Z,scanner,misconduct,MC-02,legacy historical QA label,2026-09-30T23:00:00Z
QA-A-00021,INT-0792490,R-A,2026-09-30T23:00:00Z,scanner,misconduct,MC-10,legacy historical QA label,2026-09-30T23:00:00Z
QA-A-00022,INT-0513097,R-A,2026-09-30T23:00:00Z,scanner,misconduct,MC-05,legacy historical QA label,2026-09-30T23:00:00Z
QA-A-00023,INT-0770661,R-A,2026-09-30T23:00:00Z,scanner,misconduct,MC-09,legacy historical QA label,2026-09-30T23:00:00Z
QA-A-00024,INT-0155178,R-A,2026-09-30T23:00:00Z,scanner,misconduct,MC-11,legacy historical QA label,2026-09-30T23:00:00Z
QA-A-00025,INT-0365182,R-A,2026-09-30T23:00:00Z,scanner,misconduct,MC-02,legacy historical QA label,2026-09-30T23:00:00Z
QA-A-00026,INT-0410822,R-A,2026-09-30T23:00:00Z,scanner,misconduct,MC-05,legacy historical QA label,2026-09-30T23:00:00Z
QA-A-00027,INT-0567521,R-A,2026-09-30T23:00:00Z,scanner,misconduct,MC-02,legacy historical QA label,2026-09-30T23:00:00Z
QA-A-00028,INT-0560621,R-A,2026-09-30T23:00:00Z,scanner,misconduct,MC-06,legacy historical QA label,2026-09-30T23:00:00Z
QA-A-00029,INT-0805660,R-A,2026-09-30T23:00:00Z,scanner,misconduct,MC-10,legacy historical QA label,2026-09-30T23:00:00Z
QA-A-00030,INT-0422118,R-A,2026-09-30T23:00:00Z,scanner,misconduct,MC-02,legacy historical QA label,2026-09-30T23:00:00Z
QA-A-00031,INT-0197901,R-A,2026-09-30T23:00:00Z,scanner,misconduct,MC-11,legacy historical QA label,2026-09-30T23:00:00Z
QA-A-00032,INT-0235518,R-A,2026-09-30T23:00:00Z,scanner,misconduct,MC-02,legacy historical QA label,2026-09-30T23:00:00Z
QA-A-00033,INT-0701070,R-A,2026-09-30T23:00:00Z,scanner,misconduct,MC-03,legacy historical QA label,2026-09-30T23:00:00Z
QA-A-00034,INT-0645427,R-A,2026-09-30T23:00:00Z,scanner,misconduct,MC-04,legacy historical QA label,2026-09-30T23:00:00Z
QA-A-00035,INT-0282138,R-A,2026-09-30T23:00:00Z,scanner,misconduct,MC-02,legacy historical QA label,2026-09-30T23:00:00Z
QA-A-00036,INT-0537001,R-A,2026-09-30T23:00:00Z,scanner,misconduct,MC-02,legacy historical QA label,2026-09-30T23:00:00Z
QA-A-00037,INT-0166165,R-A,2026-09-30T23:00:00Z,scanner,misconduct,MC-07,legacy historical QA label,2026-09-30T23:00:00Z
QA-A-00038,INT-0799977,R-A,2026-09-30T23:00:00Z,scanner,misconduct,MC-03,legacy historical QA label,2026-09-30T23:00:00Z
QA-A-00039,INT-0988475,R-A,2026-09-30T23:00:00Z,scanner,misconduct,MC-02,legacy historical QA label,2026-09-30T23:00:00Z
QA-A-00040,INT-0089616,R-A,2026-09-30T23:00:00Z,scanner,misconduct,MC-03,legacy historical QA label,2026-09-30T23:00:00Z
QA-A-00041,INT-0221263,R-A,2026-09-30T23:00:00Z,scanner,misconduct,MC-02,legacy historical QA label,2026-09-30T23:00:00Z
QA-A-00042,INT-0202333,R-A,2026-09-30T23:00:00Z,scanner,misconduct,MC-09,legacy historical QA label,2026-09-30T23:00:00Z
QA-A-00043,INT-0069972,R-A,2026-09-30T23:00:00Z,scanner,misconduct,MC-03,legacy historical QA label,2026-09-30T23:00:00Z
QA-A-00044,INT-0421007,R-A,2026-09-30T23:00:00Z,scanner,misconduct,MC-02,legacy historical QA label,2026-09-30T23:00:00Z
QA-A-00045,INT-0019021,R-A,2026-09-30T23:00:00Z,scanner,misconduct,MC-02,legacy historical QA label,2026-09-30T23:00:00Z
QA-A-00046,INT-0029920,R-A,2026-09-30T23:00:00Z,scanner,misconduct,MC-04,legacy historical QA label,2026-09-30T23:00:00Z
QA-A-00047,INT-0494021,R-A,2026-09-30T23:00:00Z,scanner,misconduct,MC-11,legacy historical QA label,2026-09-30T23:00:00Z
QA-A-00048,INT-0643318,R-A,2026-09-30T23:00:00Z,scanner,misconduct,MC-06,legacy historical QA label,2026-09-30T23:00:00Z
QA-A-00049,INT-0113050,R-A,2026-09-30T23:00:00Z,scanner,misconduct,MC-03,legacy historical QA label,2026-09-30T23:00:00Z
QA-A-00050,INT-0899715,R-A,2026-09-30T23:00:00Z,scanner,misconduct,MC-04,legacy historical QA label,2026-09-30T23:00:00Z
QA-A-00051,INT-0719832,R-A,2026-09-30T23:00:00Z,scanner,misconduct,MC-01,legacy historical QA label,2026-09-30T23:00:00Z
QA-A-00052,INT-0659008,R-A,2026-09-30T23:00:00Z,scanner,misconduct,MC-11,legacy historical QA label,2026-09-30T23:00:00Z
QA-A-00053,INT-0691793,R-A,2026-09-30T23:00:00Z,scanner,misconduct,MC-11,legacy historical QA label,2026-09-30T23:00:00Z
QA-A-00054,INT-0983733,R-A,2026-09-30T23:00:00Z,scanner,misconduct,MC-10,legacy historical QA label,2026-09-30T23:00:00Z
QA-A-00055,INT-0421002,R-A,2026-09-30T23:00:00Z,scanner,misconduct,MC-02,legacy historical QA label,2026-09-30T23:00:00Z
QA-A-00056,INT-0864487,R-A,2026-09-30T23:00:00Z,scanner,misconduct,MC-04,legacy historical QA label,2026-09-30T23:00:00Z
QA-A-00057,INT-0454160,R-A,2026-09-30T23:00:00Z,scanner,misconduct,MC-03,legacy historical QA label,2026-09-30T23:00:00Z
QA-A-00058,INT-0673799,R-A,2026-09-30T23:00:00Z,scanner,misconduct,MC-02,legacy historical QA label,2026-09-30T23:00:00Z
QA-A-00059,INT-0335474,R-A,2026-09-30T23:00:00Z,scanner,misconduct,MC-03,legacy historical QA label,2026-09-30T23:00:00Z
QA-A-00060,INT-0305456,R-A,2026-09-30T23:00:00Z,scanner,misconduct,MC-02,legacy historical QA label,2026-09-30T23:00:00Z
QA-A-00061,INT-0105952,R-A,2026-09-30T23:00:00Z,scanner,misconduct,MC-02,legacy historical QA label,2026-09-30T23:00:00Z
QA-A-00062,INT-0739167,R-A,2026-09-30T23:00:00Z,scanner,misconduct,MC-03,legacy historical QA label,2026-09-30T23:00:00Z
QA-A-00063,INT-0951050,R-A,2026-09-30T23:00:00Z,scanner,misconduct,MC-02,legacy historical QA label,2026-09-30T23:00:00Z
QA-A-00064,INT-0690011,R-A,2026-09-30T23:00:00Z,scanner,misconduct,MC-06,legacy historical QA label,2026-09-30T23:00:00Z
QA-A-00065,INT-0995724,R-A,2026-09-30T23:00:00Z,scanner,misconduct,MC-05,legacy historical QA label,2026-09-30T23:00:00Z
QA-A-00066,INT-0280890,R-A,2026-09-30T23:00:00Z,scanner,misconduct,MC-02,legacy historical QA label,2026-09-30T23:00:00Z
QA-A-00067,INT-0326627,R-A,2026-09-30T23:00:00Z,scanner,misconduct,MC-02,legacy historical QA label,2026-09-30T23:00:00Z
QA-A-00068,INT-0110242,R-A,2026-09-30T23:00:00Z,scanner,misconduct,MC-05,legacy historical QA label,2026-09-30T23:00:00Z
QA-A-00069,INT-0421006,R-A,2026-09-30T23:00:00Z,scanner,misconduct,MC-02,legacy historical QA label,2026-09-30T23:00:00Z
QA-A-00070,INT-0072122,R-A,2026-09-30T23:00:00Z,scanner,misconduct,MC-02,legacy historical QA label,2026-09-30T23:00:00Z
QA-A-00071,INT-0790653,R-A,2026-09-30T23:00:00Z,scanner,misconduct,MC-04,legacy historical QA label,2026-09-30T23:00:00Z
QA-A-00072,INT-0100537,R-A,2026-09-30T23:00:00Z,scanner,misconduct,MC-08,legacy historical QA label,2026-09-30T23:00:00Z
QA-A-00073,INT-0093703,R-A,2026-09-30T23:00:00Z,scanner,misconduct,MC-03,legacy historical QA label,2026-09-30T23:00:00Z
QA-A-00074,INT-0890770,R-A,2026-09-30T23:00:00Z,scanner,misconduct,MC-04,legacy historical QA label,2026-09-30T23:00:00Z
QA-A-00075,INT-0366936,R-A,2026-09-30T23:00:00Z,scanner,misconduct,MC-06,legacy historical QA label,2026-09-30T23:00:00Z
QA-A-00076,INT-0021051,R-A,2026-09-30T23:00:00Z,scanner,misconduct,MC-03,legacy historical QA label,2026-09-30T23:00:00Z
QA-A-00077,INT-0104176,R-A,2026-09-30T23:00:00Z,scanner,misconduct,MC-03,legacy historical QA label,2026-09-30T23:00:00Z
QA-A-00078,INT-0555953,R-A,2026-09-30T23:00:00Z,scanner,misconduct,MC-02,legacy historical QA label,2026-09-30T23:00:00Z
QA-A-00079,INT-0910750,R-A,2026-09-30T23:00:00Z,scanner,misconduct,MC-02,legacy historical QA label,2026-09-30T23:00:00Z
QA-A-00080,INT-0421003,R-A,2026-09-30T23:00:00Z,scanner,misconduct,MC-02,legacy historical QA label,2026-09-30T23:00:00Z
QA-A-00081,INT-0376017,R-A,2026-09-30T23:00:00Z,scanner,misconduct,MC-03,legacy historical QA label,2026-09-30T23:00:00Z
QA-A-00082,INT-0662236,R-A,2026-09-30T23:00:00Z,scanner,misconduct,MC-03,legacy historical QA label,2026-09-30T23:00:00Z
QA-A-00083,INT-0493596,R-A,2026-09-30T23:00:00Z,scanner,misconduct,MC-03,legacy historical QA label,2026-09-30T23:00:00Z
QA-A-00084,INT-0389547,R-A,2026-09-30T23:00:00Z,scanner,misconduct,MC-03,legacy historical QA label,2026-09-30T23:00:00Z
QA-A-00085,INT-0541736,R-A,2026-09-30T23:00:00Z,scanner,misconduct,MC-03,legacy historical QA label,2026-09-30T23:00:00Z
QA-A-00086,INT-0011716,R-A,2026-09-30T23:00:00Z,scanner,misconduct,MC-03,legacy historical QA label,2026-09-30T23:00:00Z
QA-A-00087,INT-0249448,R-A,2026-09-30T23:00:00Z,scanner,misconduct,MC-03,legacy historical QA label,2026-09-30T23:00:00Z
QA-A-00088,INT-0670315,R-A,2026-09-30T23:00:00Z,scanner,misconduct,MC-03,legacy historical QA label,2026-09-30T23:00:00Z
QA-A-00089,INT-0408160,R-A,2026-09-30T23:00:00Z,scanner,misconduct,MC-03,legacy historical QA label,2026-09-30T23:00:00Z
QA-A-00090,INT-0961745,R-A,2026-09-30T23:00:00Z,scanner,misconduct,MC-03,legacy historical QA label,2026-09-30T23:00:00Z
QA-A-00091,INT-0666937,R-A,2026-09-30T23:00:00Z,scanner,misconduct,MC-03,legacy historical QA label,2026-09-30T23:00:00Z
QA-A-00092,INT-0206169,R-A,2026-09-30T23:00:00Z,scanner,misconduct,MC-03,legacy historical QA label,2026-09-30T23:00:00Z
QA-A-00093,INT-0778465,R-A,2026-09-30T23:00:00Z,scanner,misconduct,MC-03,legacy historical QA label,2026-09-30T23:00:00Z
QA-A-00094,INT-0037112,R-A,2026-09-30T23:00:00Z,scanner,misconduct,MC-03,legacy historical QA label,2026-09-30T23:00:00Z
QA-A-00095,INT-0736841,R-A,2026-09-30T23:00:00Z,scanner,misconduct,MC-03,legacy historical QA label,2026-09-30T23:00:00Z
QA-A-00096,INT-0556703,R-A,2026-09-30T23:00:00Z,scanner,misconduct,MC-03,legacy historical QA label,2026-09-30T23:00:00Z
QA-A-00097,INT-0331437,R-A,2026-09-30T23:00:00Z,scanner,misconduct,MC-03,legacy historical QA label,2026-09-30T23:00:00Z
QA-A-00098,INT-0520403,R-A,2026-09-30T23:00:00Z,scanner,misconduct,MC-03,legacy historical QA label,2026-09-30T23:00:00Z
QA-A-00099,INT-0511070,R-A,2026-09-30T23:00:00Z,scanner,misconduct,MC-03,legacy historical QA label,2026-09-30T23:00:00Z
QA-A-00100,INT-0189663,R-A,2026-09-30T23:00:00Z,scanner,misconduct,MC-03,legacy historical QA label,2026-09-30T23:00:00Z
QA-A-00101,INT-0233457,R-A,2026-09-30T23:00:00Z,scanner,misconduct,MC-03,legacy historical QA label,2026-09-30T23:00:00Z
QA-A-00102,INT-0861934,R-A,2026-09-30T23:00:00Z,scanner,misconduct,MC-03,legacy historical QA label,2026-09-30T23:00:00Z
QA-A-00103,INT-0108831,R-A,2026-09-30T23:00:00Z,scanner,no_error,MC-03,legacy historical QA label,2026-09-30T23:00:00Z
QA-A-00104,INT-0097135,R-A,2026-09-30T23:00:00Z,scanner,no_error,MC-03,legacy historical QA label,2026-09-30T23:00:00Z
QA-A-00105,INT-0619099,R-A,2026-09-30T23:00:00Z,scanner,no_error,MC-03,legacy historical QA label,2026-09-30T23:00:00Z
QA-A-00106,INT-0009926,R-A,2026-09-30T23:00:00Z,scanner,no_error,MC-03,legacy historical QA label,2026-09-30T23:00:00Z
QA-A-00107,INT-0393642,R-A,2026-09-30T23:00:00Z,scanner,no_error,MC-03,legacy historical QA label,2026-09-30T23:00:00Z
QA-A-00108,INT-0576649,R-A,2026-09-30T23:00:00Z,scanner,no_error,MC-03,legacy historical QA label,2026-09-30T23:00:00Z
QA-A-00109,INT-0279048,R-A,2026-09-30T23:00:00Z,scanner,no_error,MC-03,legacy historical QA label,2026-09-30T23:00:00Z
QA-A-00110,INT-0868064,R-A,2026-09-30T23:00:00Z,scanner,no_error,MC-03,legacy historical QA label,2026-09-30T23:00:00Z
QA-A-00111,INT-0500015,R-A,2026-09-30T23:00:00Z,scanner,no_error,MC-03,legacy historical QA label,2026-09-30T23:00:00Z
QA-A-00112,INT-0720999,R-A,2026-09-30T23:00:00Z,scanner,no_error,MC-03,legacy historical QA label,2026-09-30T23:00:00Z
QA-A-00113,INT-0902469,R-A,2026-09-30T23:00:00Z,scanner,no_error,MC-03,legacy historical QA label,2026-09-30T23:00:00Z
QA-A-00114,INT-0752513,R-A,2026-09-30T23:00:00Z,scanner,no_error,MC-03,legacy historical QA label,2026-09-30T23:00:00Z
QA-A-00115,INT-0073119,R-A,2026-09-30T23:00:00Z,scanner,no_error,MC-03,legacy historical QA label,2026-09-30T23:00:00Z
QA-A-00116,INT-0612464,R-A,2026-09-30T23:00:00Z,scanner,no_error,MC-03,legacy historical QA label,2026-09-30T23:00:00Z
QA-A-00117,INT-0944092,R-A,2026-09-30T23:00:00Z,scanner,no_error,MC-03,legacy historical QA label,2026-09-30T23:00:00Z
QA-A-00118,INT-0983212,R-A,2026-09-30T23:00:00Z,scanner,no_error,MC-03,legacy historical QA label,2026-09-30T23:00:00Z
QA-A-00119,INT-0366611,R-A,2026-09-30T23:00:00Z,scanner,no_error,MC-03,legacy historical QA label,2026-09-30T23:00:00Z
QA-A-00120,INT-0131572,R-A,2026-09-30T23:00:00Z,scanner,no_error,MC-03,legacy historical QA label,2026-09-30T23:00:00Z
QA-A-00121,INT-0256173,R-A,2026-09-30T23:00:00Z,scanner,no_error,MC-03,legacy historical QA label,2026-09-30T23:00:00Z
QA-A-00122,INT-0290707,R-A,2026-09-30T23:00:00Z,scanner,no_error,MC-03,legacy historical QA label,2026-09-30T23:00:00Z
QA-A-00123,INT-0945772,R-A,2026-09-30T23:00:00Z,scanner,no_error,MC-03,legacy historical QA label,2026-09-30T23:00:00Z
QA-A-00124,INT-0320173,R-A,2026-09-30T23:00:00Z,scanner,no_error,MC-03,legacy historical QA label,2026-09-30T23:00:00Z
QA-A-00125,INT-0338383,R-A,2026-09-30T23:00:00Z,scanner,no_error,MC-03,legacy historical QA label,2026-09-30T23:00:00Z
QA-A-00126,INT-0281783,R-A,2026-09-30T23:00:00Z,scanner,no_error,MC-03,legacy historical QA label,2026-09-30T23:00:00Z
QA-A-00127,INT-0875764,R-A,2026-09-30T23:00:00Z,scanner,no_error,MC-03,legacy historical QA label,2026-09-30T23:00:00Z
QA-A-00128,INT-0297901,R-A,2026-09-30T23:00:00Z,scanner,no_error,MC-03,legacy historical QA label,2026-09-30T23:00:00Z
QA-A-00129,INT-0737154,R-A,2026-09-30T23:00:00Z,scanner,no_error,MC-03,legacy historical QA label,2026-09-30T23:00:00Z
QA-A-00130,INT-0175118,R-A,2026-09-30T23:00:00Z,scanner,no_error,MC-03,legacy historical QA label,2026-09-30T23:00:00Z
QA-A-00131,INT-0270373,R-A,2026-09-30T23:00:00Z,scanner,no_error,MC-03,legacy historical QA label,2026-09-30T23:00:00Z
QA-A-00132,INT-0482745,R-A,2026-09-30T23:00:00Z,scanner,no_error,MC-03,legacy historical QA label,2026-09-30T23:00:00Z
QA-A-00133,INT-0605742,R-A,2026-09-30T23:00:00Z,scanner,no_error,MC-03,legacy historical QA label,2026-09-30T23:00:00Z
QA-A-00134,INT-0896444,R-A,2026-09-30T23:00:00Z,scanner,no_error,MC-03,legacy historical QA label,2026-09-30T23:00:00Z
QA-A-00135,INT-0285210,R-A,2026-09-30T23:00:00Z,scanner,no_error,MC-03,legacy historical QA label,2026-09-30T23:00:00Z
QA-A-00136,INT-0634224,R-A,2026-09-30T23:00:00Z,scanner,no_error,MC-03,legacy historical QA label,2026-09-30T23:00:00Z
QA-A-00137,INT-0090270,R-A,2026-09-30T23:00:00Z,scanner,no_error,MC-03,legacy historical QA label,2026-09-30T23:00:00Z
QA-A-00138,INT-0962198,R-A,2026-09-30T23:00:00Z,scanner,no_error,MC-03,legacy historical QA label,2026-09-30T23:00:00Z
QA-A-00139,INT-0978932,R-A,2026-09-30T23:00:00Z,scanner,no_error,MC-03,legacy historical QA label,2026-09-30T23:00:00Z
QA-A-00140,INT-0477964,R-A,2026-09-30T23:00:00Z,scanner,no_error,MC-03,legacy historical QA label,2026-09-30T23:00:00Z
QA-A-00141,INT-0633263,R-A,2026-09-30T23:00:00Z,scanner,no_error,MC-03,legacy historical QA label,2026-09-30T23:00:00Z
QA-A-00142,INT-0502521,R-A,2026-09-30T23:00:00Z,scanner,no_error,MC-03,legacy historical QA label,2026-09-30T23:00:00Z
QA-A-00143,INT-0164869,R-A,2026-09-30T23:00:00Z,scanner,no_error,MC-03,legacy historical QA label,2026-09-30T23:00:00Z
QA-A-00144,INT-0905605,R-A,2026-09-30T23:00:00Z,scanner,no_error,MC-03,legacy historical QA label,2026-09-30T23:00:00Z
QA-A-00145,INT-0045857,R-A,2026-09-30T23:00:00Z,scanner,no_error,MC-03,legacy historical QA label,2026-09-30T23:00:00Z
QA-A-00146,INT-0205046,R-A,2026-09-30T23:00:00Z,scanner,no_error,MC-03,legacy historical QA label,2026-09-30T23:00:00Z
QA-A-00147,INT-0140242,R-A,2026-09-30T23:00:00Z,scanner,no_error,MC-03,legacy historical QA label,2026-09-30T23:00:00Z
QA-A-00148,INT-0981586,R-A,2026-09-30T23:00:00Z,scanner,no_error,MC-03,legacy historical QA label,2026-09-30T23:00:00Z
QA-A-00149,INT-0772076,R-A,2026-09-30T23:00:00Z,scanner,no_error,MC-03,legacy historical QA label,2026-09-30T23:00:00Z
QA-A-00150,INT-0443095,R-A,2026-09-30T23:00:00Z,scanner,no_error,MC-03,legacy historical QA label,2026-09-30T23:00:00Z
QA-A-00151,INT-0163007,R-A,2026-09-30T23:00:00Z,scanner,no_error,MC-03,legacy historical QA label,2026-09-30T23:00:00Z
QA-A-00152,INT-0542536,R-A,2026-09-30T23:00:00Z,scanner,no_error,MC-03,legacy historical QA label,2026-09-30T23:00:00Z
QA-A-00153,INT-0618109,R-A,2026-09-30T23:00:00Z,scanner,no_error,MC-03,legacy historical QA label,2026-09-30T23:00:00Z
QA-A-00154,INT-0272789,R-A,2026-09-30T23:00:00Z,scanner,no_error,MC-03,legacy historical QA label,2026-09-30T23:00:00Z
QA-A-00155,INT-0635825,R-A,2026-09-30T23:00:00Z,scanner,no_error,MC-03,legacy historical QA label,2026-09-30T23:00:00Z
QA-A-00156,INT-0496894,R-A,2026-09-30T23:00:00Z,scanner,no_error,MC-03,legacy historical QA label,2026-09-30T23:00:00Z
QA-A-00157,INT-0291567,R-A,2026-09-30T23:00:00Z,scanner,no_error,MC-03,legacy historical QA label,2026-09-30T23:00:00Z
QA-A-00158,INT-0028288,R-A,2026-09-30T23:00:00Z,scanner,no_error,MC-03,legacy historical QA label,2026-09-30T23:00:00Z
QA-A-00159,INT-0618769,R-A,2026-09-30T23:00:00Z,scanner,no_error,MC-03,legacy historical QA label,2026-09-30T23:00:00Z
QA-A-00160,INT-0571702,R-A,2026-09-30T23:00:00Z,scanner,no_error,MC-03,legacy historical QA label,2026-09-30T23:00:00Z
QA-A-00161,INT-0389498,R-A,2026-09-30T23:00:00Z,scanner,no_error,MC-03,legacy historical QA label,2026-09-30T23:00:00Z
QA-A-00162,INT-0679855,R-A,2026-09-30T23:00:00Z,scanner,no_error,MC-03,legacy historical QA label,2026-09-30T23:00:00Z
QA-A-00163,INT-0181445,R-A,2026-09-30T23:00:00Z,scanner,no_error,MC-03,legacy historical QA label,2026-09-30T23:00:00Z
QA-A-00164,INT-0613552,R-A,2026-09-30T23:00:00Z,scanner,no_error,MC-03,legacy historical QA label,2026-09-30T23:00:00Z
QA-A-00165,INT-0935042,R-A,2026-09-30T23:00:00Z,scanner,no_error,MC-03,legacy historical QA label,2026-09-30T23:00:00Z
QA-A-00166,INT-0848761,R-A,2026-09-30T23:00:00Z,scanner,no_error,MC-03,legacy historical QA label,2026-09-30T23:00:00Z
QA-A-00167,INT-0736801,R-A,2026-09-30T23:00:00Z,scanner,no_error,MC-03,legacy historical QA label,2026-09-30T23:00:00Z
QA-A-00168,INT-0241216,R-A,2026-09-30T23:00:00Z,scanner,no_error,MC-03,legacy historical QA label,2026-09-30T23:00:00Z
QA-A-00169,INT-0524422,R-A,2026-09-30T23:00:00Z,scanner,no_error,MC-03,legacy historical QA label,2026-09-30T23:00:00Z
QA-A-00170,INT-0765807,R-A,2026-09-30T23:00:00Z,scanner,no_error,MC-03,legacy historical QA label,2026-09-30T23:00:00Z
QA-A-00171,INT-0534642,R-A,2026-09-30T23:00:00Z,scanner,no_error,MC-03,legacy historical QA label,2026-09-30T23:00:00Z
QA-A-00172,INT-0675714,R-A,2026-09-30T23:00:00Z,scanner,no_error,MC-03,legacy historical QA label,2026-09-30T23:00:00Z
QA-A-00173,INT-0808550,R-A,2026-09-30T23:00:00Z,scanner,no_error,MC-03,legacy historical QA label,2026-09-30T23:00:00Z
QA-A-00174,INT-0382896,R-A,2026-09-30T23:00:00Z,scanner,no_error,MC-03,legacy historical QA label,2026-09-30T23:00:00Z
QA-A-00175,INT-0193087,R-A,2026-09-30T23:00:00Z,scanner,no_error,MC-03,legacy historical QA label,2026-09-30T23:00:00Z
QA-A-00176,INT-0967514,R-A,2026-09-30T23:00:00Z,scanner,no_error,MC-03,legacy historical QA label,2026-09-30T23:00:00Z
QA-A-00177,INT-0958759,R-A,2026-09-30T23:00:00Z,scanner,no_error,MC-03,legacy historical QA label,2026-09-30T23:00:00Z
QA-A-00178,INT-0823744,R-A,2026-09-30T23:00:00Z,scanner,no_error,MC-03,legacy historical QA label,2026-09-30T23:00:00Z
QA-A-00179,INT-0616248,R-A,2026-09-30T23:00:00Z,scanner,no_error,MC-03,legacy historical QA label,2026-09-30T23:00:00Z
QA-A-00180,INT-0366214,R-A,2026-09-30T23:00:00Z,scanner,no_error,MC-03,legacy historical QA label,2026-09-30T23:00:00Z
QA-A-00181,INT-0107183,R-A,2026-09-30T23:00:00Z,scanner,no_error,MC-03,legacy historical QA label,2026-09-30T23:00:00Z
QA-A-00182,INT-0306658,R-A,2026-09-30T23:00:00Z,scanner,no_error,MC-03,legacy historical QA label,2026-09-30T23:00:00Z
QA-A-00183,INT-0493084,R-A,2026-09-30T23:00:00Z,scanner,no_error,MC-03,legacy historical QA label,2026-09-30T23:00:00Z
QA-A-00184,INT-0082845,R-A,2026-09-30T23:00:00Z,scanner,no_error,MC-03,legacy historical QA label,2026-09-30T23:00:00Z
QA-A-00185,INT-0097492,R-A,2026-09-30T23:00:00Z,scanner,no_error,MC-03,legacy historical QA label,2026-09-30T23:00:00Z
QA-A-00186,INT-0127380,R-A,2026-09-30T23:00:00Z,scanner,no_error,MC-03,legacy historical QA label,2026-09-30T23:00:00Z
QA-A-00187,INT-0396007,R-A,2026-09-30T23:00:00Z,scanner,no_error,MC-03,legacy historical QA label,2026-09-30T23:00:00Z
QA-A-00188,INT-0041319,R-A,2026-09-30T23:00:00Z,scanner,no_error,MC-03,legacy historical QA label,2026-09-30T23:00:00Z
QA-A-00189,INT-0455561,R-A,2026-09-30T23:00:00Z,scanner,no_error,MC-03,legacy historical QA label,2026-09-30T23:00:00Z
QA-A-00190,INT-0774434,R-A,2026-09-30T23:00:00Z,scanner,no_error,MC-03,legacy historical QA label,2026-09-30T23:00:00Z
QA-A-00191,INT-0040951,R-A,2026-09-30T23:00:00Z,scanner,no_error,MC-03,legacy historical QA label,2026-09-30T23:00:00Z
QA-A-00192,INT-0526397,R-A,2026-09-30T23:00:00Z,scanner,no_error,MC-03,legacy historical QA label,2026-09-30T23:00:00Z
QA-A-00193,INT-0701707,R-A,2026-09-30T23:00:00Z,scanner,no_error,MC-03,legacy historical QA label,2026-09-30T23:00:00Z
QA-A-00194,INT-0005421,R-A,2026-09-30T23:00:00Z,scanner,no_error,MC-03,legacy historical QA label,2026-09-30T23:00:00Z
QA-A-00195,INT-0131927,R-A,2026-09-30T23:00:00Z,scanner,no_error,MC-03,legacy historical QA label,2026-09-30T23:00:00Z
QA-A-00196,INT-0662200,R-A,2026-09-30T23:00:00Z,scanner,no_error,MC-03,legacy historical QA label,2026-09-30T23:00:00Z
QA-A-00197,INT-0823159,R-A,2026-09-30T23:00:00Z,scanner,no_error,MC-03,legacy historical QA label,2026-09-30T23:00:00Z
QA-A-00198,INT-0623959,R-A,2026-09-30T23:00:00Z,scanner,no_error,MC-03,legacy historical QA label,2026-09-30T23:00:00Z
QA-A-00199,INT-0503248,R-A,2026-09-30T23:00:00Z,scanner,no_error,MC-03,legacy historical QA label,2026-09-30T23:00:00Z
QA-A-00200,INT-0693815,R-A,2026-09-30T23:00:00Z,scanner,no_error,MC-03,legacy historical QA label,2026-09-30T23:00:00Z
QA-A-00201,INT-0644253,R-A,2026-09-30T23:00:00Z,scanner,no_error,MC-03,legacy historical QA label,2026-09-30T23:00:00Z
QA-A-00202,INT-0001557,R-A,2026-09-30T23:00:00Z,scanner,no_error,MC-03,legacy historical QA label,2026-09-30T23:00:00Z
QA-A-00203,INT-0253105,R-A,2026-09-30T23:00:00Z,scanner,no_error,MC-03,legacy historical QA label,2026-09-30T23:00:00Z
QA-A-00204,INT-0299293,R-A,2026-09-30T23:00:00Z,scanner,no_error,MC-03,legacy historical QA label,2026-09-30T23:00:00Z
QA-A-00205,INT-0471444,R-A,2026-09-30T23:00:00Z,scanner,no_error,MC-03,legacy historical QA label,2026-09-30T23:00:00Z
QA-A-00206,INT-0150368,R-A,2026-09-30T23:00:00Z,scanner,no_error,MC-03,legacy historical QA label,2026-09-30T23:00:00Z
QA-A-00207,INT-0735559,R-A,2026-09-30T23:00:00Z,scanner,no_error,MC-03,legacy historical QA label,2026-09-30T23:00:00Z
QA-A-00208,INT-0654219,R-A,2026-09-30T23:00:00Z,scanner,no_error,MC-03,legacy historical QA label,2026-09-30T23:00:00Z
QA-A-00209,INT-0404635,R-A,2026-09-30T23:00:00Z,scanner,no_error,MC-03,legacy historical QA label,2026-09-30T23:00:00Z
QA-A-00210,INT-0946064,R-A,2026-09-30T23:00:00Z,scanner,no_error,MC-03,legacy historical QA label,2026-09-30T23:00:00Z
QA-A-00211,INT-0396422,R-A,2026-09-30T23:00:00Z,scanner,no_error,MC-03,legacy historical QA label,2026-09-30T23:00:00Z
QA-A-00212,INT-0647869,R-A,2026-09-30T23:00:00Z,scanner,no_error,MC-03,legacy historical QA label,2026-09-30T23:00:00Z
QA-A-00213,INT-0900778,R-A,2026-09-30T23:00:00Z,scanner,no_error,MC-03,legacy historical QA label,2026-09-30T23:00:00Z
QA-A-00214,INT-0649311,R-A,2026-09-30T23:00:00Z,scanner,no_error,MC-03,legacy historical QA label,2026-09-30T23:00:00Z
QA-A-00215,INT-0816372,R-A,2026-09-30T23:00:00Z,scanner,no_error,MC-03,legacy historical QA label,2026-09-30T23:00:00Z
QA-A-00216,INT-0304415,R-A,2026-09-30T23:00:00Z,scanner,no_error,MC-03,legacy historical QA label,2026-09-30T23:00:00Z
QA-A-00217,INT-0124718,R-A,2026-09-30T23:00:00Z,scanner,no_error,MC-03,legacy historical QA label,2026-09-30T23:00:00Z
QA-A-00218,INT-0311230,R-A,2026-09-30T23:00:00Z,scanner,no_error,MC-03,legacy historical QA label,2026-09-30T23:00:00Z
QA-A-00219,INT-0663022,R-A,2026-09-30T23:00:00Z,scanner,no_error,MC-03,legacy historical QA label,2026-09-30T23:00:00Z
QA-A-00220,INT-0696847,R-A,2026-09-30T23:00:00Z,scanner,no_error,MC-03,legacy historical QA label,2026-09-30T23:00:00Z
QA-A-00221,INT-0673179,R-A,2026-09-30T23:00:00Z,scanner,no_error,MC-03,legacy historical QA label,2026-09-30T23:00:00Z
QA-A-00222,INT-0231817,R-A,2026-09-30T23:00:00Z,scanner,no_error,MC-03,legacy historical QA label,2026-09-30T23:00:00Z
QA-A-00223,INT-0540492,R-A,2026-09-30T23:00:00Z,scanner,no_error,MC-03,legacy historical QA label,2026-09-30T23:00:00Z
QA-A-00224,INT-0440318,R-A,2026-09-30T23:00:00Z,scanner,no_error,MC-03,legacy historical QA label,2026-09-30T23:00:00Z
QA-A-00225,INT-0792889,R-A,2026-09-30T23:00:00Z,scanner,no_error,MC-03,legacy historical QA label,2026-09-30T23:00:00Z
QA-A-00226,INT-0161418,R-A,2026-09-30T23:00:00Z,scanner,no_error,MC-03,legacy historical QA label,2026-09-30T23:00:00Z
QA-A-00227,INT-0829892,R-A,2026-09-30T23:00:00Z,scanner,no_error,MC-03,legacy historical QA label,2026-09-30T23:00:00Z
QA-A-00228,INT-0774976,R-A,2026-09-30T23:00:00Z,scanner,no_error,MC-03,legacy historical QA label,2026-09-30T23:00:00Z
QA-A-00229,INT-0892630,R-A,2026-09-30T23:00:00Z,scanner,no_error,MC-03,legacy historical QA label,2026-09-30T23:00:00Z
QA-A-00230,INT-0098404,R-A,2026-09-30T23:00:00Z,scanner,no_error,MC-03,legacy historical QA label,2026-09-30T23:00:00Z
QA-A-00231,INT-0032125,R-A,2026-09-30T23:00:00Z,scanner,no_error,MC-03,legacy historical QA label,2026-09-30T23:00:00Z
QA-A-00232,INT-0446298,R-A,2026-09-30T23:00:00Z,scanner,no_error,MC-03,legacy historical QA label,2026-09-30T23:00:00Z
QA-A-00233,INT-0227106,R-A,2026-09-30T23:00:00Z,scanner,no_error,MC-03,legacy historical QA label,2026-09-30T23:00:00Z
QA-A-00234,INT-0152205,R-A,2026-09-30T23:00:00Z,scanner,no_error,MC-03,legacy historical QA label,2026-09-30T23:00:00Z
QA-A-00235,INT-0838403,R-A,2026-09-30T23:00:00Z,scanner,no_error,MC-03,legacy historical QA label,2026-09-30T23:00:00Z
QA-A-00236,INT-0103655,R-A,2026-09-30T23:00:00Z,scanner,no_error,MC-03,legacy historical QA label,2026-09-30T23:00:00Z
QA-A-00237,INT-0780534,R-A,2026-09-30T23:00:00Z,scanner,no_error,MC-03,legacy historical QA label,2026-09-30T23:00:00Z
QA-A-00238,INT-0618656,R-A,2026-09-30T23:00:00Z,scanner,no_error,MC-03,legacy historical QA label,2026-09-30T23:00:00Z
QA-A-00239,INT-0081680,R-A,2026-09-30T23:00:00Z,scanner,no_error,MC-03,legacy historical QA label,2026-09-30T23:00:00Z
QA-A-00240,INT-0697470,R-A,2026-09-30T23:00:00Z,scanner,no_error,MC-03,legacy historical QA label,2026-09-30T23:00:00Z
QA-A-00241,INT-0352100,R-A,2026-09-30T23:00:00Z,scanner,no_error,MC-03,legacy historical QA label,2026-09-30T23:00:00Z
QA-A-00242,INT-0082395,R-A,2026-09-30T23:00:00Z,random,no_error,MC-03,legacy historical QA label,2026-09-30T23:00:00Z
QA-A-00243,INT-0462636,R-A,2026-09-30T23:00:00Z,random,no_error,MC-03,legacy historical QA label,2026-09-30T23:00:00Z
QA-A-00244,INT-0181115,R-A,2026-09-30T23:00:00Z,random,no_error,MC-03,legacy historical QA label,2026-09-30T23:00:00Z
QA-A-00245,INT-0098547,R-A,2026-09-30T23:00:00Z,random,no_error,MC-03,legacy historical QA label,2026-09-30T23:00:00Z
QA-A-00246,INT-0718036,R-A,2026-09-30T23:00:00Z,random,no_error,MC-03,legacy historical QA label,2026-09-30T23:00:00Z
QA-A-00247,INT-0606867,R-A,2026-09-30T23:00:00Z,random,no_error,MC-03,legacy historical QA label,2026-09-30T23:00:00Z
QA-A-00248,INT-0372172,R-A,2026-09-30T23:00:00Z,random,no_error,MC-03,legacy historical QA label,2026-09-30T23:00:00Z
QA-A-00249,INT-0662389,R-A,2026-09-30T23:00:00Z,random,no_error,MC-03,legacy historical QA label,2026-09-30T23:00:00Z
QA-A-00250,INT-0432460,R-A,2026-09-30T23:00:00Z,random,no_error,MC-03,legacy historical QA label,2026-09-30T23:00:00Z
QA-A-00251,INT-0575225,R-A,2026-09-30T23:00:00Z,random,no_error,MC-03,legacy historical QA label,2026-09-30T23:00:00Z
QA-A-00252,INT-0551925,R-A,2026-09-30T23:00:00Z,random,no_error,MC-03,legacy historical QA label,2026-09-30T23:00:00Z
QA-A-00253,INT-0969411,R-A,2026-09-30T23:00:00Z,random,no_error,MC-03,legacy historical QA label,2026-09-30T23:00:00Z
QA-A-00254,INT-0152394,R-A,2026-09-30T23:00:00Z,random,no_error,MC-03,legacy historical QA label,2026-09-30T23:00:00Z
QA-A-00255,INT-0668333,R-A,2026-09-30T23:00:00Z,random,no_error,MC-03,legacy historical QA label,2026-09-30T23:00:00Z
QA-A-00256,INT-0933394,R-A,2026-09-30T23:00:00Z,random,no_error,MC-03,legacy historical QA label,2026-09-30T23:00:00Z
QA-A-00257,INT-0910820,R-A,2026-09-30T23:00:00Z,random,no_error,MC-03,legacy historical QA label,2026-09-30T23:00:00Z
QA-A-00258,INT-0626186,R-A,2026-09-30T23:00:00Z,random,no_error,MC-03,legacy historical QA label,2026-09-30T23:00:00Z
QA-A-00259,INT-0176828,R-A,2026-09-30T23:00:00Z,random,no_error,MC-03,legacy historical QA label,2026-09-30T23:00:00Z
QA-A-00260,INT-0930906,R-A,2026-09-30T23:00:00Z,random,no_error,MC-03,legacy historical QA label,2026-09-30T23:00:00Z
QA-A-00261,INT-0355163,R-A,2026-09-30T23:00:00Z,random,no_error,MC-03,legacy historical QA label,2026-09-30T23:00:00Z
QA-A-00262,INT-0403090,R-A,2026-09-30T23:00:00Z,random,no_error,MC-03,legacy historical QA label,2026-09-30T23:00:00Z
QA-A-00263,INT-0529389,R-A,2026-09-30T23:00:00Z,random,no_error,MC-03,legacy historical QA label,2026-09-30T23:00:00Z
QA-A-00264,INT-0413227,R-A,2026-09-30T23:00:00Z,random,no_error,MC-03,legacy historical QA label,2026-09-30T23:00:00Z
QA-A-00265,INT-0215603,R-A,2026-09-30T23:00:00Z,random,no_error,MC-03,legacy historical QA label,2026-09-30T23:00:00Z
QA-A-00266,INT-0602847,R-A,2026-09-30T23:00:00Z,random,no_error,MC-03,legacy historical QA label,2026-09-30T23:00:00Z
QA-A-00267,INT-0767215,R-A,2026-09-30T23:00:00Z,random,no_error,MC-03,legacy historical QA label,2026-09-30T23:00:00Z
QA-A-00268,INT-0038582,R-A,2026-09-30T23:00:00Z,random,no_error,MC-03,legacy historical QA label,2026-09-30T23:00:00Z
QA-A-00269,INT-0539917,R-A,2026-09-30T23:00:00Z,random,no_error,MC-03,legacy historical QA label,2026-09-30T23:00:00Z
QA-A-00270,INT-0481292,R-A,2026-09-30T23:00:00Z,random,no_error,MC-03,legacy historical QA label,2026-09-30T23:00:00Z
QA-A-00271,INT-0951778,R-A,2026-09-30T23:00:00Z,random,no_error,MC-03,legacy historical QA label,2026-09-30T23:00:00Z
QA-A-00272,INT-0457703,R-A,2026-09-30T23:00:00Z,random,no_error,MC-03,legacy historical QA label,2026-09-30T23:00:00Z
QA-A-00273,INT-0398702,R-A,2026-09-30T23:00:00Z,random,no_error,MC-03,legacy historical QA label,2026-09-30T23:00:00Z
QA-A-00274,INT-0465476,R-A,2026-09-30T23:00:00Z,random,no_error,MC-03,legacy historical QA label,2026-09-30T23:00:00Z
QA-A-00275,INT-0952126,R-A,2026-09-30T23:00:00Z,random,no_error,MC-03,legacy historical QA label,2026-09-30T23:00:00Z
QA-A-00276,INT-0399312,R-A,2026-09-30T23:00:00Z,random,no_error,MC-03,legacy historical QA label,2026-09-30T23:00:00Z
QA-A-00277,INT-0892135,R-A,2026-09-30T23:00:00Z,random,no_error,MC-03,legacy historical QA label,2026-09-30T23:00:00Z
QA-A-00278,INT-0228922,R-A,2026-09-30T23:00:00Z,random,no_error,MC-03,legacy historical QA label,2026-09-30T23:00:00Z
QA-A-00279,INT-0881300,R-A,2026-09-30T23:00:00Z,random,no_error,MC-03,legacy historical QA label,2026-09-30T23:00:00Z
QA-A-00280,INT-0990168,R-A,2026-09-30T23:00:00Z,random,no_error,MC-03,legacy historical QA label,2026-09-30T23:00:00Z
QA-A-00281,INT-0909318,R-A,2026-09-30T23:00:00Z,random,no_error,MC-03,legacy historical QA label,2026-09-30T23:00:00Z
QA-A-00282,INT-0734341,R-A,2026-09-30T23:00:00Z,random,no_error,MC-03,legacy historical QA label,2026-09-30T23:00:00Z
QA-A-00283,INT-0346041,R-A,2026-09-30T23:00:00Z,random,no_error,MC-03,legacy historical QA label,2026-09-30T23:00:00Z
QA-A-00284,INT-0425000,R-A,2026-09-30T23:00:00Z,random,no_error,MC-03,legacy historical QA label,2026-09-30T23:00:00Z
QA-A-00285,INT-0318001,R-A,2026-09-30T23:00:00Z,random,no_error,MC-03,legacy historical QA label,2026-09-30T23:00:00Z
QA-A-00286,INT-0148043,R-A,2026-09-30T23:00:00Z,random,no_error,MC-03,legacy historical QA label,2026-09-30T23:00:00Z
QA-A-00287,INT-0334855,R-A,2026-09-30T23:00:00Z,random,no_error,MC-03,legacy historical QA label,2026-09-30T23:00:00Z
QA-A-00288,INT-0612204,R-A,2026-09-30T23:00:00Z,random,no_error,MC-03,legacy historical QA label,2026-09-30T23:00:00Z
QA-A-00289,INT-0263395,R-A,2026-09-30T23:00:00Z,random,no_error,MC-03,legacy historical QA label,2026-09-30T23:00:00Z
QA-A-00290,INT-0661255,R-A,2026-09-30T23:00:00Z,random,no_error,MC-03,legacy historical QA label,2026-09-30T23:00:00Z
QA-A-00291,INT-0897972,R-A,2026-09-30T23:00:00Z,random,no_error,MC-03,legacy historical QA label,2026-09-30T23:00:00Z
QA-A-00292,INT-0618939,R-A,2026-09-30T23:00:00Z,random,no_error,MC-03,legacy historical QA label,2026-09-30T23:00:00Z
QA-A-00293,INT-0266710,R-A,2026-09-30T23:00:00Z,random,no_error,MC-03,legacy historical QA label,2026-09-30T23:00:00Z
QA-A-00294,INT-0912009,R-A,2026-09-30T23:00:00Z,random,no_error,MC-03,legacy historical QA label,2026-09-30T23:00:00Z
QA-A-00295,INT-0644750,R-A,2026-09-30T23:00:00Z,random,no_error,MC-03,legacy historical QA label,2026-09-30T23:00:00Z
QA-A-00296,INT-0045057,R-A,2026-09-30T23:00:00Z,random,no_error,MC-03,legacy historical QA label,2026-09-30T23:00:00Z
QA-A-00297,INT-0601492,R-A,2026-09-30T23:00:00Z,random,no_error,MC-03,legacy historical QA label,2026-09-30T23:00:00Z
QA-A-00298,INT-0652634,R-A,2026-09-30T23:00:00Z,random,no_error,MC-03,legacy historical QA label,2026-09-30T23:00:00Z
QA-A-00299,INT-0332507,R-A,2026-09-30T23:00:00Z,random,no_error,MC-03,legacy historical QA label,2026-09-30T23:00:00Z
QA-A-00300,INT-0423909,R-A,2026-09-30T23:00:00Z,random,no_error,MC-03,legacy historical QA label,2026-09-30T23:00:00Z
QA-A-00301,INT-0916388,R-A,2026-09-30T23:00:00Z,random,no_error,MC-03,legacy historical QA label,2026-09-30T23:00:00Z
QA-A-00302,INT-0396958,R-A,2026-09-30T23:00:00Z,random,no_error,MC-03,legacy historical QA label,2026-09-30T23:00:00Z
QA-A-00303,INT-0396458,R-A,2026-09-30T23:00:00Z,random,no_error,MC-03,legacy historical QA label,2026-09-30T23:00:00Z
QA-A-00304,INT-0691060,R-A,2026-09-30T23:00:00Z,random,no_error,MC-03,legacy historical QA label,2026-09-30T23:00:00Z
QA-A-00305,INT-0757903,R-A,2026-09-30T23:00:00Z,random,no_error,MC-03,legacy historical QA label,2026-09-30T23:00:00Z
QA-A-00306,INT-0911279,R-A,2026-09-30T23:00:00Z,random,no_error,MC-03,legacy historical QA label,2026-09-30T23:00:00Z
QA-A-00307,INT-0009361,R-A,2026-09-30T23:00:00Z,random,no_error,MC-03,legacy historical QA label,2026-09-30T23:00:00Z
QA-A-00308,INT-0186951,R-A,2026-09-30T23:00:00Z,random,no_error,MC-03,legacy historical QA label,2026-09-30T23:00:00Z
QA-A-00309,INT-0213199,R-A,2026-09-30T23:00:00Z,random,no_error,MC-03,legacy historical QA label,2026-09-30T23:00:00Z
QA-A-00310,INT-0065364,R-A,2026-09-30T23:00:00Z,random,no_error,MC-03,legacy historical QA label,2026-09-30T23:00:00Z
QA-A-00311,INT-0795349,R-A,2026-09-30T23:00:00Z,random,no_error,MC-03,legacy historical QA label,2026-09-30T23:00:00Z
QA-A-00312,INT-0683482,R-A,2026-09-30T23:00:00Z,random,no_error,MC-03,legacy historical QA label,2026-09-30T23:00:00Z
QA-A-00313,INT-0327399,R-A,2026-09-30T23:00:00Z,random,no_error,MC-03,legacy historical QA label,2026-09-30T23:00:00Z
QA-A-00314,INT-0569034,R-A,2026-09-30T23:00:00Z,random,no_error,MC-03,legacy historical QA label,2026-09-30T23:00:00Z
QA-A-00315,INT-0513033,R-A,2026-09-30T23:00:00Z,random,no_error,MC-03,legacy historical QA label,2026-09-30T23:00:00Z
QA-A-00316,INT-0730139,R-A,2026-09-30T23:00:00Z,random,no_error,MC-03,legacy historical QA label,2026-09-30T23:00:00Z
QA-A-00317,INT-0033536,R-A,2026-09-30T23:00:00Z,random,no_error,MC-03,legacy historical QA label,2026-09-30T23:00:00Z
QA-A-00318,INT-0780300,R-A,2026-09-30T23:00:00Z,random,no_error,MC-03,legacy historical QA label,2026-09-30T23:00:00Z
QA-A-00319,INT-0103120,R-A,2026-09-30T23:00:00Z,random,no_error,MC-03,legacy historical QA label,2026-09-30T23:00:00Z
QA-A-00320,INT-0676224,R-A,2026-09-30T23:00:00Z,random,no_error,MC-03,legacy historical QA label,2026-09-30T23:00:00Z
QA-A-00321,INT-0471299,R-A,2026-09-30T23:00:00Z,random,no_error,MC-03,legacy historical QA label,2026-09-30T23:00:00Z
QA-A-00322,INT-0995759,R-A,2026-09-30T23:00:00Z,random,no_error,MC-03,legacy historical QA label,2026-09-30T23:00:00Z
QA-A-00323,INT-0601821,R-A,2026-09-30T23:00:00Z,random,no_error,MC-03,legacy historical QA label,2026-09-30T23:00:00Z
QA-A-00324,INT-0242658,R-A,2026-09-30T23:00:00Z,random,no_error,MC-03,legacy historical QA label,2026-09-30T23:00:00Z
QA-A-00325,INT-0318503,R-A,2026-09-30T23:00:00Z,random,no_error,MC-03,legacy historical QA label,2026-09-30T23:00:00Z
QA-A-00326,INT-0765289,R-A,2026-09-30T23:00:00Z,random,no_error,MC-03,legacy historical QA label,2026-09-30T23:00:00Z
QA-A-00327,INT-0404854,R-A,2026-09-30T23:00:00Z,random,no_error,MC-03,legacy historical QA label,2026-09-30T23:00:00Z
QA-A-00328,INT-0922820,R-A,2026-09-30T23:00:00Z,random,no_error,MC-03,legacy historical QA label,2026-09-30T23:00:00Z
QA-A-00329,INT-0697844,R-A,2026-09-30T23:00:00Z,random,no_error,MC-03,legacy historical QA label,2026-09-30T23:00:00Z
QA-A-00330,INT-0951170,R-A,2026-09-30T23:00:00Z,random,no_error,MC-03,legacy historical QA label,2026-09-30T23:00:00Z
QA-A-00331,INT-0545256,R-A,2026-09-30T23:00:00Z,random,no_error,MC-03,legacy historical QA label,2026-09-30T23:00:00Z
QA-A-00332,INT-0952855,R-A,2026-09-30T23:00:00Z,random,no_error,MC-03,legacy historical QA label,2026-09-30T23:00:00Z
QA-A-00333,INT-0570209,R-A,2026-09-30T23:00:00Z,random,no_error,MC-03,legacy historical QA label,2026-09-30T23:00:00Z
QA-A-00334,INT-0555815,R-A,2026-09-30T23:00:00Z,random,no_error,MC-03,legacy historical QA label,2026-09-30T23:00:00Z
QA-A-00335,INT-0731373,R-A,2026-09-30T23:00:00Z,random,no_error,MC-03,legacy historical QA label,2026-09-30T23:00:00Z
QA-A-00336,INT-0716670,R-A,2026-09-30T23:00:00Z,random,no_error,MC-03,legacy historical QA label,2026-09-30T23:00:00Z
QA-A-00337,INT-0573839,R-A,2026-09-30T23:00:00Z,random,no_error,MC-03,legacy historical QA label,2026-09-30T23:00:00Z
QA-A-00338,INT-0425992,R-A,2026-09-30T23:00:00Z,random,no_error,MC-03,legacy historical QA label,2026-09-30T23:00:00Z
QA-A-00339,INT-0087905,R-A,2026-09-30T23:00:00Z,random,no_error,MC-03,legacy historical QA label,2026-09-30T23:00:00Z
QA-A-00340,INT-0658551,R-A,2026-09-30T23:00:00Z,random,no_error,MC-03,legacy historical QA label,2026-09-30T23:00:00Z
QA-A-00341,INT-0761276,R-A,2026-09-30T23:00:00Z,random,no_error,MC-03,legacy historical QA label,2026-09-30T23:00:00Z
QA-A-00342,INT-0549950,R-A,2026-09-30T23:00:00Z,random,no_error,MC-03,legacy historical QA label,2026-09-30T23:00:00Z
QA-A-00343,INT-0394312,R-A,2026-09-30T23:00:00Z,random,no_error,MC-03,legacy historical QA label,2026-09-30T23:00:00Z
QA-A-00344,INT-0435632,R-A,2026-09-30T23:00:00Z,random,no_error,MC-03,legacy historical QA label,2026-09-30T23:00:00Z
QA-A-00345,INT-0805698,R-A,2026-09-30T23:00:00Z,random,no_error,MC-03,legacy historical QA label,2026-09-30T23:00:00Z
QA-A-00346,INT-0113546,R-A,2026-09-30T23:00:00Z,random,no_error,MC-03,legacy historical QA label,2026-09-30T23:00:00Z
QA-B-00000,INT-0504871,R-B,2026-09-30T23:00:00Z,scanner,misconduct,MC-04,legacy historical QA label,2026-09-30T23:00:00Z
QA-B-00001,INT-0421008,R-B,2026-09-30T23:00:00Z,scanner,misconduct,MC-02,legacy historical QA label,2026-09-30T23:00:00Z
QA-B-00002,INT-0421001,R-B,2026-09-30T23:00:00Z,scanner,misconduct,MC-02,legacy historical QA label,2026-09-30T23:00:00Z
QA-B-00003,INT-0421002,R-B,2026-09-30T23:00:00Z,scanner,misconduct,MC-02,legacy historical QA label,2026-09-30T23:00:00Z
QA-B-00004,INT-0805660,R-B,2026-09-30T23:00:00Z,scanner,misconduct,MC-10,legacy historical QA label,2026-09-30T23:00:00Z
QA-B-00005,INT-0983733,R-B,2026-09-30T23:00:00Z,scanner,misconduct,MC-10,legacy historical QA label,2026-09-30T23:00:00Z
QA-B-00006,INT-0804934,R-B,2026-09-30T23:00:00Z,scanner,misconduct,MC-02,legacy historical QA label,2026-09-30T23:00:00Z
QA-B-00007,INT-0522095,R-B,2026-09-30T23:00:00Z,scanner,misconduct,MC-02,legacy historical QA label,2026-09-30T23:00:00Z
QA-B-00008,INT-0028192,R-B,2026-09-30T23:00:00Z,scanner,misconduct,MC-10,legacy historical QA label,2026-09-30T23:00:00Z
QA-B-00009,INT-0113050,R-B,2026-09-30T23:00:00Z,scanner,misconduct,MC-03,legacy historical QA label,2026-09-30T23:00:00Z
QA-B-00010,INT-0381430,R-B,2026-09-30T23:00:00Z,scanner,misconduct,MC-08,legacy historical QA label,2026-09-30T23:00:00Z
QA-B-00011,INT-0799977,R-B,2026-09-30T23:00:00Z,scanner,misconduct,MC-03,legacy historical QA label,2026-09-30T23:00:00Z
QA-B-00012,INT-0513097,R-B,2026-09-30T23:00:00Z,scanner,misconduct,MC-05,legacy historical QA label,2026-09-30T23:00:00Z
QA-B-00013,INT-0089616,R-B,2026-09-30T23:00:00Z,scanner,misconduct,MC-03,legacy historical QA label,2026-09-30T23:00:00Z
QA-B-00014,INT-0739167,R-B,2026-09-30T23:00:00Z,scanner,misconduct,MC-03,legacy historical QA label,2026-09-30T23:00:00Z
QA-B-00015,INT-0555953,R-B,2026-09-30T23:00:00Z,scanner,misconduct,MC-02,legacy historical QA label,2026-09-30T23:00:00Z
QA-B-00016,INT-0564920,R-B,2026-09-30T23:00:00Z,scanner,misconduct,MC-01,legacy historical QA label,2026-09-30T23:00:00Z
QA-B-00017,INT-0818769,R-B,2026-09-30T23:00:00Z,scanner,misconduct,MC-03,legacy historical QA label,2026-09-30T23:00:00Z
QA-B-00018,INT-0004605,R-B,2026-09-30T23:00:00Z,scanner,misconduct,MC-06,legacy historical QA label,2026-09-30T23:00:00Z
QA-B-00019,INT-0100537,R-B,2026-09-30T23:00:00Z,scanner,misconduct,MC-08,legacy historical QA label,2026-09-30T23:00:00Z
QA-B-00020,INT-0080320,R-B,2026-09-30T23:00:00Z,scanner,misconduct,MC-10,legacy historical QA label,2026-09-30T23:00:00Z
QA-B-00021,INT-0421003,R-B,2026-09-30T23:00:00Z,scanner,misconduct,MC-02,legacy historical QA label,2026-09-30T23:00:00Z
QA-B-00022,INT-0421007,R-B,2026-09-30T23:00:00Z,scanner,misconduct,MC-02,legacy historical QA label,2026-09-30T23:00:00Z
QA-B-00023,INT-0012588,R-B,2026-09-30T23:00:00Z,scanner,misconduct,MC-03,legacy historical QA label,2026-09-30T23:00:00Z
QA-B-00024,INT-0072122,R-B,2026-09-30T23:00:00Z,scanner,misconduct,MC-02,legacy historical QA label,2026-09-30T23:00:00Z
QA-B-00025,INT-0746924,R-B,2026-09-30T23:00:00Z,scanner,misconduct,MC-04,legacy historical QA label,2026-09-30T23:00:00Z
QA-B-00026,INT-0305456,R-B,2026-09-30T23:00:00Z,scanner,misconduct,MC-02,legacy historical QA label,2026-09-30T23:00:00Z
QA-B-00027,INT-0691793,R-B,2026-09-30T23:00:00Z,scanner,misconduct,MC-11,legacy historical QA label,2026-09-30T23:00:00Z
QA-B-00028,INT-0235518,R-B,2026-09-30T23:00:00Z,scanner,misconduct,MC-02,legacy historical QA label,2026-09-30T23:00:00Z
QA-B-00029,INT-0211894,R-B,2026-09-30T23:00:00Z,scanner,misconduct,MC-08,legacy historical QA label,2026-09-30T23:00:00Z
QA-B-00030,INT-0659008,R-B,2026-09-30T23:00:00Z,scanner,misconduct,MC-11,legacy historical QA label,2026-09-30T23:00:00Z
QA-B-00031,INT-0508719,R-B,2026-09-30T23:00:00Z,scanner,misconduct,MC-03,legacy historical QA label,2026-09-30T23:00:00Z
QA-B-00032,INT-0010333,R-B,2026-09-30T23:00:00Z,scanner,misconduct,MC-05,legacy historical QA label,2026-09-30T23:00:00Z
QA-B-00033,INT-0749949,R-B,2026-09-30T23:00:00Z,scanner,misconduct,MC-04,legacy historical QA label,2026-09-30T23:00:00Z
QA-B-00034,INT-0335474,R-B,2026-09-30T23:00:00Z,scanner,misconduct,MC-03,legacy historical QA label,2026-09-30T23:00:00Z
QA-B-00035,INT-0988475,R-B,2026-09-30T23:00:00Z,scanner,misconduct,MC-02,legacy historical QA label,2026-09-30T23:00:00Z
QA-B-00036,INT-0382964,R-B,2026-09-30T23:00:00Z,scanner,misconduct,MC-02,legacy historical QA label,2026-09-30T23:00:00Z
QA-B-00037,INT-0140886,R-B,2026-09-30T23:00:00Z,scanner,misconduct,MC-03,legacy historical QA label,2026-09-30T23:00:00Z
QA-B-00038,INT-0112564,R-B,2026-09-30T23:00:00Z,scanner,misconduct,MC-06,legacy historical QA label,2026-09-30T23:00:00Z
QA-B-00039,INT-0454160,R-B,2026-09-30T23:00:00Z,scanner,misconduct,MC-03,legacy historical QA label,2026-09-30T23:00:00Z
QA-B-00040,INT-0864487,R-B,2026-09-30T23:00:00Z,scanner,misconduct,MC-04,legacy historical QA label,2026-09-30T23:00:00Z
QA-B-00041,INT-0429707,R-B,2026-09-30T23:00:00Z,scanner,misconduct,MC-05,legacy historical QA label,2026-09-30T23:00:00Z
QA-B-00042,INT-0326627,R-B,2026-09-30T23:00:00Z,scanner,misconduct,MC-02,legacy historical QA label,2026-09-30T23:00:00Z
QA-B-00043,INT-0221263,R-B,2026-09-30T23:00:00Z,scanner,misconduct,MC-02,legacy historical QA label,2026-09-30T23:00:00Z
QA-B-00044,INT-0614316,R-B,2026-09-30T23:00:00Z,scanner,misconduct,MC-03,legacy historical QA label,2026-09-30T23:00:00Z
QA-B-00045,INT-0197901,R-B,2026-09-30T23:00:00Z,scanner,misconduct,MC-11,legacy historical QA label,2026-09-30T23:00:00Z
QA-B-00046,INT-0292616,R-B,2026-09-30T23:00:00Z,scanner,misconduct,MC-06,legacy historical QA label,2026-09-30T23:00:00Z
QA-B-00047,INT-0366936,R-B,2026-09-30T23:00:00Z,scanner,misconduct,MC-06,legacy historical QA label,2026-09-30T23:00:00Z
QA-B-00048,INT-0422118,R-B,2026-09-30T23:00:00Z,scanner,misconduct,MC-02,legacy historical QA label,2026-09-30T23:00:00Z
QA-B-00049,INT-0725886,R-B,2026-09-30T23:00:00Z,scanner,misconduct,MC-02,legacy historical QA label,2026-09-30T23:00:00Z
QA-B-00050,INT-0421004,R-B,2026-09-30T23:00:00Z,scanner,misconduct,MC-02,legacy historical QA label,2026-09-30T23:00:00Z
QA-B-00051,INT-0121573,R-B,2026-09-30T23:00:00Z,scanner,misconduct,MC-11,legacy historical QA label,2026-09-30T23:00:00Z
QA-B-00052,INT-0019021,R-B,2026-09-30T23:00:00Z,scanner,misconduct,MC-02,legacy historical QA label,2026-09-30T23:00:00Z
QA-B-00053,INT-0021051,R-B,2026-09-30T23:00:00Z,scanner,misconduct,MC-03,legacy historical QA label,2026-09-30T23:00:00Z
QA-B-00054,INT-0421005,R-B,2026-09-30T23:00:00Z,scanner,misconduct,MC-02,legacy historical QA label,2026-09-30T23:00:00Z
QA-B-00055,INT-0268085,R-B,2026-09-30T23:00:00Z,scanner,misconduct,MC-05,legacy historical QA label,2026-09-30T23:00:00Z
QA-B-00056,INT-0166165,R-B,2026-09-30T23:00:00Z,scanner,misconduct,MC-07,legacy historical QA label,2026-09-30T23:00:00Z
QA-B-00057,INT-0069972,R-B,2026-09-30T23:00:00Z,scanner,misconduct,MC-03,legacy historical QA label,2026-09-30T23:00:00Z
QA-B-00058,INT-0910750,R-B,2026-09-30T23:00:00Z,scanner,misconduct,MC-02,legacy historical QA label,2026-09-30T23:00:00Z
QA-B-00059,INT-0890770,R-B,2026-09-30T23:00:00Z,scanner,misconduct,MC-04,legacy historical QA label,2026-09-30T23:00:00Z
QA-B-00060,INT-0899715,R-B,2026-09-30T23:00:00Z,scanner,misconduct,MC-04,legacy historical QA label,2026-09-30T23:00:00Z
QA-B-00061,INT-0155178,R-B,2026-09-30T23:00:00Z,scanner,misconduct,MC-11,legacy historical QA label,2026-09-30T23:00:00Z
QA-B-00062,INT-0365182,R-B,2026-09-30T23:00:00Z,scanner,misconduct,MC-02,legacy historical QA label,2026-09-30T23:00:00Z
QA-B-00063,INT-0202333,R-B,2026-09-30T23:00:00Z,scanner,misconduct,MC-09,legacy historical QA label,2026-09-30T23:00:00Z
QA-B-00064,INT-0701070,R-B,2026-09-30T23:00:00Z,scanner,misconduct,MC-03,legacy historical QA label,2026-09-30T23:00:00Z
QA-B-00065,INT-0995724,R-B,2026-09-30T23:00:00Z,scanner,misconduct,MC-05,legacy historical QA label,2026-09-30T23:00:00Z
QA-B-00066,INT-0421000,R-B,2026-09-30T23:00:00Z,scanner,misconduct,MC-02,legacy historical QA label,2026-09-30T23:00:00Z
QA-B-00067,INT-0690011,R-B,2026-09-30T23:00:00Z,scanner,misconduct,MC-06,legacy historical QA label,2026-09-30T23:00:00Z
QA-B-00068,INT-0896734,R-B,2026-09-30T23:00:00Z,scanner,misconduct,MC-01,legacy historical QA label,2026-09-30T23:00:00Z
QA-B-00069,INT-0421006,R-B,2026-09-30T23:00:00Z,scanner,misconduct,MC-02,legacy historical QA label,2026-09-30T23:00:00Z
QA-B-00070,INT-0128265,R-B,2026-09-30T23:00:00Z,scanner,misconduct,MC-06,legacy historical QA label,2026-09-30T23:00:00Z
QA-B-00071,INT-0497040,R-B,2026-09-30T23:00:00Z,scanner,misconduct,MC-06,legacy historical QA label,2026-09-30T23:00:00Z
QA-B-00072,INT-0567521,R-B,2026-09-30T23:00:00Z,scanner,misconduct,MC-02,legacy historical QA label,2026-09-30T23:00:00Z
QA-B-00073,INT-0698292,R-B,2026-09-30T23:00:00Z,scanner,misconduct,MC-02,legacy historical QA label,2026-09-30T23:00:00Z
QA-B-00074,INT-0110242,R-B,2026-09-30T23:00:00Z,scanner,misconduct,MC-05,legacy historical QA label,2026-09-30T23:00:00Z
QA-B-00075,INT-0462703,R-B,2026-09-30T23:00:00Z,scanner,misconduct,MC-03,legacy historical QA label,2026-09-30T23:00:00Z
QA-B-00076,INT-0358708,R-B,2026-09-30T23:00:00Z,scanner,misconduct,MC-03,legacy historical QA label,2026-09-30T23:00:00Z
QA-B-00077,INT-0718036,R-B,2026-09-30T23:00:00Z,scanner,misconduct,MC-03,legacy historical QA label,2026-09-30T23:00:00Z
QA-B-00078,INT-0178431,R-B,2026-09-30T23:00:00Z,scanner,misconduct,MC-03,legacy historical QA label,2026-09-30T23:00:00Z
QA-B-00079,INT-0181201,R-B,2026-09-30T23:00:00Z,scanner,misconduct,MC-03,legacy historical QA label,2026-09-30T23:00:00Z
QA-B-00080,INT-0404635,R-B,2026-09-30T23:00:00Z,scanner,misconduct,MC-03,legacy historical QA label,2026-09-30T23:00:00Z
QA-B-00081,INT-0987871,R-B,2026-09-30T23:00:00Z,scanner,misconduct,MC-03,legacy historical QA label,2026-09-30T23:00:00Z
QA-B-00082,INT-0663560,R-B,2026-09-30T23:00:00Z,scanner,misconduct,MC-03,legacy historical QA label,2026-09-30T23:00:00Z
QA-B-00083,INT-0054782,R-B,2026-09-30T23:00:00Z,scanner,misconduct,MC-03,legacy historical QA label,2026-09-30T23:00:00Z
QA-B-00084,INT-0412571,R-B,2026-09-30T23:00:00Z,scanner,misconduct,MC-03,legacy historical QA label,2026-09-30T23:00:00Z
QA-B-00085,INT-0161878,R-B,2026-09-30T23:00:00Z,scanner,misconduct,MC-03,legacy historical QA label,2026-09-30T23:00:00Z
QA-B-00086,INT-0550821,R-B,2026-09-30T23:00:00Z,scanner,misconduct,MC-03,legacy historical QA label,2026-09-30T23:00:00Z
QA-B-00087,INT-0437582,R-B,2026-09-30T23:00:00Z,scanner,misconduct,MC-03,legacy historical QA label,2026-09-30T23:00:00Z
QA-B-00088,INT-0356429,R-B,2026-09-30T23:00:00Z,scanner,misconduct,MC-03,legacy historical QA label,2026-09-30T23:00:00Z
QA-B-00089,INT-0025291,R-B,2026-09-30T23:00:00Z,scanner,misconduct,MC-03,legacy historical QA label,2026-09-30T23:00:00Z
QA-B-00090,INT-0896444,R-B,2026-09-30T23:00:00Z,scanner,misconduct,MC-03,legacy historical QA label,2026-09-30T23:00:00Z
QA-B-00091,INT-0892630,R-B,2026-09-30T23:00:00Z,scanner,misconduct,MC-03,legacy historical QA label,2026-09-30T23:00:00Z
QA-B-00092,INT-0002005,R-B,2026-09-30T23:00:00Z,scanner,misconduct,MC-03,legacy historical QA label,2026-09-30T23:00:00Z
QA-B-00093,INT-0732102,R-B,2026-09-30T23:00:00Z,scanner,misconduct,MC-03,legacy historical QA label,2026-09-30T23:00:00Z
QA-B-00094,INT-0269661,R-B,2026-09-30T23:00:00Z,scanner,misconduct,MC-03,legacy historical QA label,2026-09-30T23:00:00Z
QA-B-00095,INT-0086769,R-B,2026-09-30T23:00:00Z,scanner,misconduct,MC-03,legacy historical QA label,2026-09-30T23:00:00Z
QA-B-00096,INT-0626186,R-B,2026-09-30T23:00:00Z,scanner,misconduct,MC-03,legacy historical QA label,2026-09-30T23:00:00Z
QA-B-00097,INT-0863599,R-B,2026-09-30T23:00:00Z,scanner,misconduct,MC-03,legacy historical QA label,2026-09-30T23:00:00Z
QA-B-00098,INT-0539732,R-B,2026-09-30T23:00:00Z,scanner,misconduct,MC-03,legacy historical QA label,2026-09-30T23:00:00Z
QA-B-00099,INT-0425001,R-B,2026-09-30T23:00:00Z,scanner,misconduct,MC-03,legacy historical QA label,2026-09-30T23:00:00Z
QA-B-00100,INT-0515154,R-B,2026-09-30T23:00:00Z,scanner,misconduct,MC-03,legacy historical QA label,2026-09-30T23:00:00Z
QA-B-00101,INT-0618656,R-B,2026-09-30T23:00:00Z,scanner,no_error,MC-03,legacy historical QA label,2026-09-30T23:00:00Z
QA-B-00102,INT-0148043,R-B,2026-09-30T23:00:00Z,scanner,no_error,MC-03,legacy historical QA label,2026-09-30T23:00:00Z
QA-B-00103,INT-0616994,R-B,2026-09-30T23:00:00Z,scanner,no_error,MC-03,legacy historical QA label,2026-09-30T23:00:00Z
QA-B-00104,INT-0014975,R-B,2026-09-30T23:00:00Z,scanner,no_error,MC-03,legacy historical QA label,2026-09-30T23:00:00Z
QA-B-00105,INT-0501029,R-B,2026-09-30T23:00:00Z,scanner,no_error,MC-03,legacy historical QA label,2026-09-30T23:00:00Z
QA-B-00106,INT-0127380,R-B,2026-09-30T23:00:00Z,scanner,no_error,MC-03,legacy historical QA label,2026-09-30T23:00:00Z
QA-B-00107,INT-0775952,R-B,2026-09-30T23:00:00Z,scanner,no_error,MC-03,legacy historical QA label,2026-09-30T23:00:00Z
QA-B-00108,INT-0260247,R-B,2026-09-30T23:00:00Z,scanner,no_error,MC-03,legacy historical QA label,2026-09-30T23:00:00Z
QA-B-00109,INT-0348008,R-B,2026-09-30T23:00:00Z,scanner,no_error,MC-03,legacy historical QA label,2026-09-30T23:00:00Z
QA-B-00110,INT-0056275,R-B,2026-09-30T23:00:00Z,scanner,no_error,MC-03,legacy historical QA label,2026-09-30T23:00:00Z
QA-B-00111,INT-0100521,R-B,2026-09-30T23:00:00Z,scanner,no_error,MC-03,legacy historical QA label,2026-09-30T23:00:00Z
QA-B-00112,INT-0118050,R-B,2026-09-30T23:00:00Z,scanner,no_error,MC-03,legacy historical QA label,2026-09-30T23:00:00Z
QA-B-00113,INT-0986268,R-B,2026-09-30T23:00:00Z,scanner,no_error,MC-03,legacy historical QA label,2026-09-30T23:00:00Z
QA-B-00114,INT-0526585,R-B,2026-09-30T23:00:00Z,scanner,no_error,MC-03,legacy historical QA label,2026-09-30T23:00:00Z
QA-B-00115,INT-0131572,R-B,2026-09-30T23:00:00Z,scanner,no_error,MC-03,legacy historical QA label,2026-09-30T23:00:00Z
QA-B-00116,INT-0181115,R-B,2026-09-30T23:00:00Z,scanner,no_error,MC-03,legacy historical QA label,2026-09-30T23:00:00Z
QA-B-00117,INT-0195016,R-B,2026-09-30T23:00:00Z,scanner,no_error,MC-03,legacy historical QA label,2026-09-30T23:00:00Z
QA-B-00118,INT-0397234,R-B,2026-09-30T23:00:00Z,scanner,no_error,MC-03,legacy historical QA label,2026-09-30T23:00:00Z
QA-B-00119,INT-0868604,R-B,2026-09-30T23:00:00Z,scanner,no_error,MC-03,legacy historical QA label,2026-09-30T23:00:00Z
QA-B-00120,INT-0174257,R-B,2026-09-30T23:00:00Z,scanner,no_error,MC-03,legacy historical QA label,2026-09-30T23:00:00Z
QA-B-00121,INT-0196150,R-B,2026-09-30T23:00:00Z,scanner,no_error,MC-03,legacy historical QA label,2026-09-30T23:00:00Z
QA-B-00122,INT-0809129,R-B,2026-09-30T23:00:00Z,scanner,no_error,MC-03,legacy historical QA label,2026-09-30T23:00:00Z
QA-B-00123,INT-0749234,R-B,2026-09-30T23:00:00Z,scanner,no_error,MC-03,legacy historical QA label,2026-09-30T23:00:00Z
QA-B-00124,INT-0953594,R-B,2026-09-30T23:00:00Z,scanner,no_error,MC-03,legacy historical QA label,2026-09-30T23:00:00Z
QA-B-00125,INT-0699206,R-B,2026-09-30T23:00:00Z,scanner,no_error,MC-03,legacy historical QA label,2026-09-30T23:00:00Z
QA-B-00126,INT-0720399,R-B,2026-09-30T23:00:00Z,scanner,no_error,MC-03,legacy historical QA label,2026-09-30T23:00:00Z
QA-B-00127,INT-0238640,R-B,2026-09-30T23:00:00Z,scanner,no_error,MC-03,legacy historical QA label,2026-09-30T23:00:00Z
QA-B-00128,INT-0955602,R-B,2026-09-30T23:00:00Z,scanner,no_error,MC-03,legacy historical QA label,2026-09-30T23:00:00Z
QA-B-00129,INT-0300194,R-B,2026-09-30T23:00:00Z,scanner,no_error,MC-03,legacy historical QA label,2026-09-30T23:00:00Z
QA-B-00130,INT-0617819,R-B,2026-09-30T23:00:00Z,scanner,no_error,MC-03,legacy historical QA label,2026-09-30T23:00:00Z
QA-B-00131,INT-0662389,R-B,2026-09-30T23:00:00Z,scanner,no_error,MC-03,legacy historical QA label,2026-09-30T23:00:00Z
QA-B-00132,INT-0289824,R-B,2026-09-30T23:00:00Z,scanner,no_error,MC-03,legacy historical QA label,2026-09-30T23:00:00Z
QA-B-00133,INT-0030326,R-B,2026-09-30T23:00:00Z,scanner,no_error,MC-03,legacy historical QA label,2026-09-30T23:00:00Z
QA-B-00134,INT-0493084,R-B,2026-09-30T23:00:00Z,scanner,no_error,MC-03,legacy historical QA label,2026-09-30T23:00:00Z
QA-B-00135,INT-0662236,R-B,2026-09-30T23:00:00Z,scanner,no_error,MC-03,legacy historical QA label,2026-09-30T23:00:00Z
QA-B-00136,INT-0489113,R-B,2026-09-30T23:00:00Z,scanner,no_error,MC-03,legacy historical QA label,2026-09-30T23:00:00Z
QA-B-00137,INT-0259975,R-B,2026-09-30T23:00:00Z,scanner,no_error,MC-03,legacy historical QA label,2026-09-30T23:00:00Z
QA-B-00138,INT-0533372,R-B,2026-09-30T23:00:00Z,scanner,no_error,MC-03,legacy historical QA label,2026-09-30T23:00:00Z
QA-B-00139,INT-0951778,R-B,2026-09-30T23:00:00Z,scanner,no_error,MC-03,legacy historical QA label,2026-09-30T23:00:00Z
QA-B-00140,INT-0723573,R-B,2026-09-30T23:00:00Z,scanner,no_error,MC-03,legacy historical QA label,2026-09-30T23:00:00Z
QA-B-00141,INT-0037130,R-B,2026-09-30T23:00:00Z,scanner,no_error,MC-03,legacy historical QA label,2026-09-30T23:00:00Z
QA-B-00142,INT-0304415,R-B,2026-09-30T23:00:00Z,scanner,no_error,MC-03,legacy historical QA label,2026-09-30T23:00:00Z
QA-B-00143,INT-0819583,R-B,2026-09-30T23:00:00Z,scanner,no_error,MC-03,legacy historical QA label,2026-09-30T23:00:00Z
QA-B-00144,INT-0787497,R-B,2026-09-30T23:00:00Z,scanner,no_error,MC-03,legacy historical QA label,2026-09-30T23:00:00Z
QA-B-00145,INT-0773101,R-B,2026-09-30T23:00:00Z,scanner,no_error,MC-03,legacy historical QA label,2026-09-30T23:00:00Z
QA-B-00146,INT-0052339,R-B,2026-09-30T23:00:00Z,scanner,no_error,MC-03,legacy historical QA label,2026-09-30T23:00:00Z
QA-B-00147,INT-0533721,R-B,2026-09-30T23:00:00Z,scanner,no_error,MC-03,legacy historical QA label,2026-09-30T23:00:00Z
QA-B-00148,INT-0088866,R-B,2026-09-30T23:00:00Z,scanner,no_error,MC-03,legacy historical QA label,2026-09-30T23:00:00Z
QA-B-00149,INT-0097539,R-B,2026-09-30T23:00:00Z,scanner,no_error,MC-03,legacy historical QA label,2026-09-30T23:00:00Z
QA-B-00150,INT-0909539,R-B,2026-09-30T23:00:00Z,scanner,no_error,MC-03,legacy historical QA label,2026-09-30T23:00:00Z
QA-B-00151,INT-0260652,R-B,2026-09-30T23:00:00Z,scanner,no_error,MC-03,legacy historical QA label,2026-09-30T23:00:00Z
QA-B-00152,INT-0698486,R-B,2026-09-30T23:00:00Z,scanner,no_error,MC-03,legacy historical QA label,2026-09-30T23:00:00Z
QA-B-00153,INT-0563956,R-B,2026-09-30T23:00:00Z,scanner,no_error,MC-03,legacy historical QA label,2026-09-30T23:00:00Z
QA-B-00154,INT-0298225,R-B,2026-09-30T23:00:00Z,scanner,no_error,MC-03,legacy historical QA label,2026-09-30T23:00:00Z
QA-B-00155,INT-0757173,R-B,2026-09-30T23:00:00Z,scanner,no_error,MC-03,legacy historical QA label,2026-09-30T23:00:00Z
QA-B-00156,INT-0416537,R-B,2026-09-30T23:00:00Z,scanner,no_error,MC-03,legacy historical QA label,2026-09-30T23:00:00Z
QA-B-00157,INT-0687731,R-B,2026-09-30T23:00:00Z,scanner,no_error,MC-03,legacy historical QA label,2026-09-30T23:00:00Z
QA-B-00158,INT-0663022,R-B,2026-09-30T23:00:00Z,scanner,no_error,MC-03,legacy historical QA label,2026-09-30T23:00:00Z
QA-B-00159,INT-0275457,R-B,2026-09-30T23:00:00Z,scanner,no_error,MC-03,legacy historical QA label,2026-09-30T23:00:00Z
QA-B-00160,INT-0476710,R-B,2026-09-30T23:00:00Z,scanner,no_error,MC-03,legacy historical QA label,2026-09-30T23:00:00Z
QA-B-00161,INT-0312568,R-B,2026-09-30T23:00:00Z,scanner,no_error,MC-03,legacy historical QA label,2026-09-30T23:00:00Z
QA-B-00162,INT-0010982,R-B,2026-09-30T23:00:00Z,scanner,no_error,MC-03,legacy historical QA label,2026-09-30T23:00:00Z
QA-B-00163,INT-0847026,R-B,2026-09-30T23:00:00Z,scanner,no_error,MC-03,legacy historical QA label,2026-09-30T23:00:00Z
QA-B-00164,INT-0282436,R-B,2026-09-30T23:00:00Z,scanner,no_error,MC-03,legacy historical QA label,2026-09-30T23:00:00Z
QA-B-00165,INT-0642012,R-B,2026-09-30T23:00:00Z,scanner,no_error,MC-03,legacy historical QA label,2026-09-30T23:00:00Z
QA-B-00166,INT-0549938,R-B,2026-09-30T23:00:00Z,scanner,no_error,MC-03,legacy historical QA label,2026-09-30T23:00:00Z
QA-B-00167,INT-0133404,R-B,2026-09-30T23:00:00Z,scanner,no_error,MC-03,legacy historical QA label,2026-09-30T23:00:00Z
QA-B-00168,INT-0729663,R-B,2026-09-30T23:00:00Z,scanner,no_error,MC-03,legacy historical QA label,2026-09-30T23:00:00Z
QA-B-00169,INT-0181530,R-B,2026-09-30T23:00:00Z,scanner,no_error,MC-03,legacy historical QA label,2026-09-30T23:00:00Z
QA-B-00170,INT-0647490,R-B,2026-09-30T23:00:00Z,scanner,no_error,MC-03,legacy historical QA label,2026-09-30T23:00:00Z
QA-B-00171,INT-0331730,R-B,2026-09-30T23:00:00Z,scanner,no_error,MC-03,legacy historical QA label,2026-09-30T23:00:00Z
QA-B-00172,INT-0497304,R-B,2026-09-30T23:00:00Z,scanner,no_error,MC-03,legacy historical QA label,2026-09-30T23:00:00Z
QA-B-00173,INT-0368389,R-B,2026-09-30T23:00:00Z,scanner,no_error,MC-03,legacy historical QA label,2026-09-30T23:00:00Z
QA-B-00174,INT-0109247,R-B,2026-09-30T23:00:00Z,scanner,no_error,MC-03,legacy historical QA label,2026-09-30T23:00:00Z
QA-B-00175,INT-0035142,R-B,2026-09-30T23:00:00Z,scanner,no_error,MC-03,legacy historical QA label,2026-09-30T23:00:00Z
QA-B-00176,INT-0510039,R-B,2026-09-30T23:00:00Z,scanner,no_error,MC-03,legacy historical QA label,2026-09-30T23:00:00Z
QA-B-00177,INT-0761458,R-B,2026-09-30T23:00:00Z,scanner,no_error,MC-03,legacy historical QA label,2026-09-30T23:00:00Z
QA-B-00178,INT-0428079,R-B,2026-09-30T23:00:00Z,scanner,no_error,MC-03,legacy historical QA label,2026-09-30T23:00:00Z
QA-B-00179,INT-0434018,R-B,2026-09-30T23:00:00Z,scanner,no_error,MC-03,legacy historical QA label,2026-09-30T23:00:00Z
QA-B-00180,INT-0936433,R-B,2026-09-30T23:00:00Z,scanner,no_error,MC-03,legacy historical QA label,2026-09-30T23:00:00Z
QA-B-00181,INT-0307265,R-B,2026-09-30T23:00:00Z,scanner,no_error,MC-03,legacy historical QA label,2026-09-30T23:00:00Z
QA-B-00182,INT-0889455,R-B,2026-09-30T23:00:00Z,scanner,no_error,MC-03,legacy historical QA label,2026-09-30T23:00:00Z
QA-B-00183,INT-0551779,R-B,2026-09-30T23:00:00Z,scanner,no_error,MC-03,legacy historical QA label,2026-09-30T23:00:00Z
QA-B-00184,INT-0752056,R-B,2026-09-30T23:00:00Z,scanner,no_error,MC-03,legacy historical QA label,2026-09-30T23:00:00Z
QA-B-00185,INT-0126558,R-B,2026-09-30T23:00:00Z,scanner,no_error,MC-03,legacy historical QA label,2026-09-30T23:00:00Z
QA-B-00186,INT-0626082,R-B,2026-09-30T23:00:00Z,scanner,no_error,MC-03,legacy historical QA label,2026-09-30T23:00:00Z
QA-B-00187,INT-0229829,R-B,2026-09-30T23:00:00Z,scanner,no_error,MC-03,legacy historical QA label,2026-09-30T23:00:00Z
QA-B-00188,INT-0794598,R-B,2026-09-30T23:00:00Z,scanner,no_error,MC-03,legacy historical QA label,2026-09-30T23:00:00Z
QA-B-00189,INT-0569034,R-B,2026-09-30T23:00:00Z,scanner,no_error,MC-03,legacy historical QA label,2026-09-30T23:00:00Z
QA-B-00190,INT-0253529,R-B,2026-09-30T23:00:00Z,scanner,no_error,MC-03,legacy historical QA label,2026-09-30T23:00:00Z
QA-B-00191,INT-0183313,R-B,2026-09-30T23:00:00Z,scanner,no_error,MC-03,legacy historical QA label,2026-09-30T23:00:00Z
QA-B-00192,INT-0992222,R-B,2026-09-30T23:00:00Z,scanner,no_error,MC-03,legacy historical QA label,2026-09-30T23:00:00Z
QA-B-00193,INT-0493287,R-B,2026-09-30T23:00:00Z,scanner,no_error,MC-03,legacy historical QA label,2026-09-30T23:00:00Z
QA-B-00194,INT-0007164,R-B,2026-09-30T23:00:00Z,scanner,no_error,MC-03,legacy historical QA label,2026-09-30T23:00:00Z
QA-B-00195,INT-0614797,R-B,2026-09-30T23:00:00Z,scanner,no_error,MC-03,legacy historical QA label,2026-09-30T23:00:00Z
QA-B-00196,INT-0291567,R-B,2026-09-30T23:00:00Z,scanner,no_error,MC-03,legacy historical QA label,2026-09-30T23:00:00Z
QA-B-00197,INT-0027901,R-B,2026-09-30T23:00:00Z,scanner,no_error,MC-03,legacy historical QA label,2026-09-30T23:00:00Z
QA-B-00198,INT-0063708,R-B,2026-09-30T23:00:00Z,scanner,no_error,MC-03,legacy historical QA label,2026-09-30T23:00:00Z
QA-B-00199,INT-0549950,R-B,2026-09-30T23:00:00Z,scanner,no_error,MC-03,legacy historical QA label,2026-09-30T23:00:00Z
QA-B-00200,INT-0395828,R-B,2026-09-30T23:00:00Z,scanner,no_error,MC-03,legacy historical QA label,2026-09-30T23:00:00Z
QA-B-00201,INT-0848761,R-B,2026-09-30T23:00:00Z,scanner,no_error,MC-03,legacy historical QA label,2026-09-30T23:00:00Z
QA-B-00202,INT-0932505,R-B,2026-09-30T23:00:00Z,scanner,no_error,MC-03,legacy historical QA label,2026-09-30T23:00:00Z
QA-B-00203,INT-0486429,R-B,2026-09-30T23:00:00Z,scanner,no_error,MC-03,legacy historical QA label,2026-09-30T23:00:00Z
QA-B-00204,INT-0534648,R-B,2026-09-30T23:00:00Z,scanner,no_error,MC-03,legacy historical QA label,2026-09-30T23:00:00Z
QA-B-00205,INT-0689782,R-B,2026-09-30T23:00:00Z,scanner,no_error,MC-03,legacy historical QA label,2026-09-30T23:00:00Z
QA-B-00206,INT-0474274,R-B,2026-09-30T23:00:00Z,scanner,no_error,MC-03,legacy historical QA label,2026-09-30T23:00:00Z
QA-B-00207,INT-0190077,R-B,2026-09-30T23:00:00Z,scanner,no_error,MC-03,legacy historical QA label,2026-09-30T23:00:00Z
QA-B-00208,INT-0551497,R-B,2026-09-30T23:00:00Z,scanner,no_error,MC-03,legacy historical QA label,2026-09-30T23:00:00Z
QA-B-00209,INT-0315776,R-B,2026-09-30T23:00:00Z,scanner,no_error,MC-03,legacy historical QA label,2026-09-30T23:00:00Z
QA-B-00210,INT-0701452,R-B,2026-09-30T23:00:00Z,scanner,no_error,MC-03,legacy historical QA label,2026-09-30T23:00:00Z
QA-B-00211,INT-0044403,R-B,2026-09-30T23:00:00Z,scanner,no_error,MC-03,legacy historical QA label,2026-09-30T23:00:00Z
QA-B-00212,INT-0432014,R-B,2026-09-30T23:00:00Z,scanner,no_error,MC-03,legacy historical QA label,2026-09-30T23:00:00Z
QA-B-00213,INT-0939858,R-B,2026-09-30T23:00:00Z,scanner,no_error,MC-03,legacy historical QA label,2026-09-30T23:00:00Z
QA-B-00214,INT-0316184,R-B,2026-09-30T23:00:00Z,scanner,no_error,MC-03,legacy historical QA label,2026-09-30T23:00:00Z
QA-B-00215,INT-0172514,R-B,2026-09-30T23:00:00Z,scanner,no_error,MC-03,legacy historical QA label,2026-09-30T23:00:00Z
QA-B-00216,INT-0627929,R-B,2026-09-30T23:00:00Z,scanner,no_error,MC-03,legacy historical QA label,2026-09-30T23:00:00Z
QA-B-00217,INT-0322645,R-B,2026-09-30T23:00:00Z,scanner,no_error,MC-03,legacy historical QA label,2026-09-30T23:00:00Z
QA-B-00218,INT-0715413,R-B,2026-09-30T23:00:00Z,scanner,no_error,MC-03,legacy historical QA label,2026-09-30T23:00:00Z
QA-B-00219,INT-0492937,R-B,2026-09-30T23:00:00Z,scanner,no_error,MC-03,legacy historical QA label,2026-09-30T23:00:00Z
QA-B-00220,INT-0931948,R-B,2026-09-30T23:00:00Z,scanner,no_error,MC-03,legacy historical QA label,2026-09-30T23:00:00Z
QA-B-00221,INT-0861934,R-B,2026-09-30T23:00:00Z,scanner,no_error,MC-03,legacy historical QA label,2026-09-30T23:00:00Z
QA-B-00222,INT-0503248,R-B,2026-09-30T23:00:00Z,scanner,no_error,MC-03,legacy historical QA label,2026-09-30T23:00:00Z
QA-B-00223,INT-0401550,R-B,2026-09-30T23:00:00Z,scanner,no_error,MC-03,legacy historical QA label,2026-09-30T23:00:00Z
QA-B-00224,INT-0797182,R-B,2026-09-30T23:00:00Z,scanner,no_error,MC-03,legacy historical QA label,2026-09-30T23:00:00Z
QA-B-00225,INT-0612721,R-B,2026-09-30T23:00:00Z,scanner,no_error,MC-03,legacy historical QA label,2026-09-30T23:00:00Z
QA-B-00226,INT-0175118,R-B,2026-09-30T23:00:00Z,scanner,no_error,MC-03,legacy historical QA label,2026-09-30T23:00:00Z
QA-B-00227,INT-0364573,R-B,2026-09-30T23:00:00Z,scanner,no_error,MC-03,legacy historical QA label,2026-09-30T23:00:00Z
QA-B-00228,INT-0571702,R-B,2026-09-30T23:00:00Z,scanner,no_error,MC-03,legacy historical QA label,2026-09-30T23:00:00Z
QA-B-00229,INT-0368283,R-B,2026-09-30T23:00:00Z,scanner,no_error,MC-03,legacy historical QA label,2026-09-30T23:00:00Z
QA-B-00230,INT-0872538,R-B,2026-09-30T23:00:00Z,scanner,no_error,MC-03,legacy historical QA label,2026-09-30T23:00:00Z
QA-B-00231,INT-0013871,R-B,2026-09-30T23:00:00Z,scanner,no_error,MC-03,legacy historical QA label,2026-09-30T23:00:00Z
QA-B-00232,INT-0265161,R-B,2026-09-30T23:00:00Z,scanner,no_error,MC-03,legacy historical QA label,2026-09-30T23:00:00Z
QA-B-00233,INT-0672699,R-B,2026-09-30T23:00:00Z,scanner,no_error,MC-03,legacy historical QA label,2026-09-30T23:00:00Z
QA-B-00234,INT-0094170,R-B,2026-09-30T23:00:00Z,scanner,no_error,MC-03,legacy historical QA label,2026-09-30T23:00:00Z
QA-B-00235,INT-0103500,R-B,2026-09-30T23:00:00Z,scanner,no_error,MC-03,legacy historical QA label,2026-09-30T23:00:00Z
QA-B-00236,INT-0653305,R-B,2026-09-30T23:00:00Z,scanner,no_error,MC-03,legacy historical QA label,2026-09-30T23:00:00Z
QA-B-00237,INT-0742382,R-B,2026-09-30T23:00:00Z,scanner,no_error,MC-03,legacy historical QA label,2026-09-30T23:00:00Z
QA-B-00238,INT-0655867,R-B,2026-09-30T23:00:00Z,scanner,no_error,MC-03,legacy historical QA label,2026-09-30T23:00:00Z
QA-B-00239,INT-0352849,R-B,2026-09-30T23:00:00Z,scanner,no_error,MC-03,legacy historical QA label,2026-09-30T23:00:00Z
QA-B-00240,INT-0052397,R-B,2026-09-30T23:00:00Z,scanner,no_error,MC-03,legacy historical QA label,2026-09-30T23:00:00Z
QA-B-00241,INT-0999838,R-B,2026-09-30T23:00:00Z,scanner,no_error,MC-03,legacy historical QA label,2026-09-30T23:00:00Z
QA-B-00242,INT-0065364,R-B,2026-09-30T23:00:00Z,random,no_error,MC-03,legacy historical QA label,2026-09-30T23:00:00Z
QA-B-00243,INT-0806274,R-B,2026-09-30T23:00:00Z,random,no_error,MC-03,legacy historical QA label,2026-09-30T23:00:00Z
QA-B-00244,INT-0765910,R-B,2026-09-30T23:00:00Z,random,no_error,MC-03,legacy historical QA label,2026-09-30T23:00:00Z
QA-B-00245,INT-0583419,R-B,2026-09-30T23:00:00Z,random,no_error,MC-03,legacy historical QA label,2026-09-30T23:00:00Z
QA-B-00246,INT-0689477,R-B,2026-09-30T23:00:00Z,random,no_error,MC-03,legacy historical QA label,2026-09-30T23:00:00Z
QA-B-00247,INT-0913893,R-B,2026-09-30T23:00:00Z,random,no_error,MC-03,legacy historical QA label,2026-09-30T23:00:00Z
QA-B-00248,INT-0592693,R-B,2026-09-30T23:00:00Z,random,no_error,MC-03,legacy historical QA label,2026-09-30T23:00:00Z
QA-B-00249,INT-0381198,R-B,2026-09-30T23:00:00Z,random,no_error,MC-03,legacy historical QA label,2026-09-30T23:00:00Z
QA-B-00250,INT-0764250,R-B,2026-09-30T23:00:00Z,random,no_error,MC-03,legacy historical QA label,2026-09-30T23:00:00Z
QA-B-00251,INT-0431780,R-B,2026-09-30T23:00:00Z,random,no_error,MC-03,legacy historical QA label,2026-09-30T23:00:00Z
QA-B-00252,INT-0249550,R-B,2026-09-30T23:00:00Z,random,no_error,MC-03,legacy historical QA label,2026-09-30T23:00:00Z
QA-B-00253,INT-0488108,R-B,2026-09-30T23:00:00Z,random,no_error,MC-03,legacy historical QA label,2026-09-30T23:00:00Z
QA-B-00254,INT-0654066,R-B,2026-09-30T23:00:00Z,random,no_error,MC-03,legacy historical QA label,2026-09-30T23:00:00Z
QA-B-00255,INT-0921667,R-B,2026-09-30T23:00:00Z,random,no_error,MC-03,legacy historical QA label,2026-09-30T23:00:00Z
QA-B-00256,INT-0152435,R-B,2026-09-30T23:00:00Z,random,no_error,MC-03,legacy historical QA label,2026-09-30T23:00:00Z
QA-B-00257,INT-0166097,R-B,2026-09-30T23:00:00Z,random,no_error,MC-03,legacy historical QA label,2026-09-30T23:00:00Z
QA-B-00258,INT-0748466,R-B,2026-09-30T23:00:00Z,random,no_error,MC-03,legacy historical QA label,2026-09-30T23:00:00Z
QA-B-00259,INT-0179880,R-B,2026-09-30T23:00:00Z,random,no_error,MC-03,legacy historical QA label,2026-09-30T23:00:00Z
QA-B-00260,INT-0803291,R-B,2026-09-30T23:00:00Z,random,no_error,MC-03,legacy historical QA label,2026-09-30T23:00:00Z
QA-B-00261,INT-0168109,R-B,2026-09-30T23:00:00Z,random,no_error,MC-03,legacy historical QA label,2026-09-30T23:00:00Z
QA-B-00262,INT-0466215,R-B,2026-09-30T23:00:00Z,random,no_error,MC-03,legacy historical QA label,2026-09-30T23:00:00Z
QA-B-00263,INT-0119287,R-B,2026-09-30T23:00:00Z,random,no_error,MC-03,legacy historical QA label,2026-09-30T23:00:00Z
QA-B-00264,INT-0042444,R-B,2026-09-30T23:00:00Z,random,no_error,MC-03,legacy historical QA label,2026-09-30T23:00:00Z
QA-B-00265,INT-0504583,R-B,2026-09-30T23:00:00Z,random,no_error,MC-03,legacy historical QA label,2026-09-30T23:00:00Z
QA-B-00266,INT-0187350,R-B,2026-09-30T23:00:00Z,random,no_error,MC-03,legacy historical QA label,2026-09-30T23:00:00Z
QA-B-00267,INT-0589318,R-B,2026-09-30T23:00:00Z,random,no_error,MC-03,legacy historical QA label,2026-09-30T23:00:00Z
QA-B-00268,INT-0745908,R-B,2026-09-30T23:00:00Z,random,no_error,MC-03,legacy historical QA label,2026-09-30T23:00:00Z
QA-B-00269,INT-0750789,R-B,2026-09-30T23:00:00Z,random,no_error,MC-03,legacy historical QA label,2026-09-30T23:00:00Z
QA-B-00270,INT-0225662,R-B,2026-09-30T23:00:00Z,random,no_error,MC-03,legacy historical QA label,2026-09-30T23:00:00Z
QA-B-00271,INT-0408409,R-B,2026-09-30T23:00:00Z,random,no_error,MC-03,legacy historical QA label,2026-09-30T23:00:00Z
QA-B-00272,INT-0589541,R-B,2026-09-30T23:00:00Z,random,no_error,MC-03,legacy historical QA label,2026-09-30T23:00:00Z
QA-B-00273,INT-0403896,R-B,2026-09-30T23:00:00Z,random,no_error,MC-03,legacy historical QA label,2026-09-30T23:00:00Z
QA-B-00274,INT-0127616,R-B,2026-09-30T23:00:00Z,random,no_error,MC-03,legacy historical QA label,2026-09-30T23:00:00Z
QA-B-00275,INT-0288584,R-B,2026-09-30T23:00:00Z,random,no_error,MC-03,legacy historical QA label,2026-09-30T23:00:00Z
QA-B-00276,INT-0388683,R-B,2026-09-30T23:00:00Z,random,no_error,MC-03,legacy historical QA label,2026-09-30T23:00:00Z
QA-B-00277,INT-0554426,R-B,2026-09-30T23:00:00Z,random,no_error,MC-03,legacy historical QA label,2026-09-30T23:00:00Z
QA-B-00278,INT-0632001,R-B,2026-09-30T23:00:00Z,random,no_error,MC-03,legacy historical QA label,2026-09-30T23:00:00Z
QA-B-00279,INT-0597820,R-B,2026-09-30T23:00:00Z,random,no_error,MC-03,legacy historical QA label,2026-09-30T23:00:00Z
QA-B-00280,INT-0327929,R-B,2026-09-30T23:00:00Z,random,no_error,MC-03,legacy historical QA label,2026-09-30T23:00:00Z
QA-B-00281,INT-0443098,R-B,2026-09-30T23:00:00Z,random,no_error,MC-03,legacy historical QA label,2026-09-30T23:00:00Z
QA-B-00282,INT-0512090,R-B,2026-09-30T23:00:00Z,random,no_error,MC-03,legacy historical QA label,2026-09-30T23:00:00Z
QA-B-00283,INT-0669028,R-B,2026-09-30T23:00:00Z,random,no_error,MC-03,legacy historical QA label,2026-09-30T23:00:00Z
QA-B-00284,INT-0591400,R-B,2026-09-30T23:00:00Z,random,no_error,MC-03,legacy historical QA label,2026-09-30T23:00:00Z
QA-B-00285,INT-0400346,R-B,2026-09-30T23:00:00Z,random,no_error,MC-03,legacy historical QA label,2026-09-30T23:00:00Z
QA-B-00286,INT-0725158,R-B,2026-09-30T23:00:00Z,random,no_error,MC-03,legacy historical QA label,2026-09-30T23:00:00Z
QA-B-00287,INT-0477263,R-B,2026-09-30T23:00:00Z,random,no_error,MC-03,legacy historical QA label,2026-09-30T23:00:00Z
QA-B-00288,INT-0770437,R-B,2026-09-30T23:00:00Z,random,no_error,MC-03,legacy historical QA label,2026-09-30T23:00:00Z
QA-B-00289,INT-0864446,R-B,2026-09-30T23:00:00Z,random,no_error,MC-03,legacy historical QA label,2026-09-30T23:00:00Z
QA-B-00290,INT-0440521,R-B,2026-09-30T23:00:00Z,random,no_error,MC-03,legacy historical QA label,2026-09-30T23:00:00Z
QA-B-00291,INT-0361452,R-B,2026-09-30T23:00:00Z,random,no_error,MC-03,legacy historical QA label,2026-09-30T23:00:00Z
QA-B-00292,INT-0577170,R-B,2026-09-30T23:00:00Z,random,no_error,MC-03,legacy historical QA label,2026-09-30T23:00:00Z
QA-B-00293,INT-0870264,R-B,2026-09-30T23:00:00Z,random,no_error,MC-03,legacy historical QA label,2026-09-30T23:00:00Z
QA-B-00294,INT-0836490,R-B,2026-09-30T23:00:00Z,random,no_error,MC-03,legacy historical QA label,2026-09-30T23:00:00Z
QA-B-00295,INT-0223840,R-B,2026-09-30T23:00:00Z,random,no_error,MC-03,legacy historical QA label,2026-09-30T23:00:00Z
QA-B-00296,INT-0083104,R-B,2026-09-30T23:00:00Z,random,no_error,MC-03,legacy historical QA label,2026-09-30T23:00:00Z
QA-B-00297,INT-0361526,R-B,2026-09-30T23:00:00Z,random,no_error,MC-03,legacy historical QA label,2026-09-30T23:00:00Z
QA-B-00298,INT-0359178,R-B,2026-09-30T23:00:00Z,random,no_error,MC-03,legacy historical QA label,2026-09-30T23:00:00Z
QA-B-00299,INT-0122039,R-B,2026-09-30T23:00:00Z,random,no_error,MC-03,legacy historical QA label,2026-09-30T23:00:00Z
QA-B-00300,INT-0117947,R-B,2026-09-30T23:00:00Z,random,no_error,MC-03,legacy historical QA label,2026-09-30T23:00:00Z
QA-B-00301,INT-0332095,R-B,2026-09-30T23:00:00Z,random,no_error,MC-03,legacy historical QA label,2026-09-30T23:00:00Z
QA-B-00302,INT-0784123,R-B,2026-09-30T23:00:00Z,random,no_error,MC-03,legacy historical QA label,2026-09-30T23:00:00Z
QA-B-00303,INT-0682860,R-B,2026-09-30T23:00:00Z,random,no_error,MC-03,legacy historical QA label,2026-09-30T23:00:00Z
QA-B-00304,INT-0237161,R-B,2026-09-30T23:00:00Z,random,no_error,MC-03,legacy historical QA label,2026-09-30T23:00:00Z
QA-B-00305,INT-0548562,R-B,2026-09-30T23:00:00Z,random,no_error,MC-03,legacy historical QA label,2026-09-30T23:00:00Z
QA-B-00306,INT-0171127,R-B,2026-09-30T23:00:00Z,random,no_error,MC-03,legacy historical QA label,2026-09-30T23:00:00Z
QA-B-00307,INT-0931380,R-B,2026-09-30T23:00:00Z,random,no_error,MC-03,legacy historical QA label,2026-09-30T23:00:00Z
QA-B-00308,INT-0716670,R-B,2026-09-30T23:00:00Z,random,no_error,MC-03,legacy historical QA label,2026-09-30T23:00:00Z
QA-B-00309,INT-0756640,R-B,2026-09-30T23:00:00Z,random,no_error,MC-03,legacy historical QA label,2026-09-30T23:00:00Z
QA-B-00310,INT-0615161,R-B,2026-09-30T23:00:00Z,random,no_error,MC-03,legacy historical QA label,2026-09-30T23:00:00Z
QA-B-00311,INT-0530612,R-B,2026-09-30T23:00:00Z,random,no_error,MC-03,legacy historical QA label,2026-09-30T23:00:00Z
QA-B-00312,INT-0666507,R-B,2026-09-30T23:00:00Z,random,no_error,MC-03,legacy historical QA label,2026-09-30T23:00:00Z
QA-B-00313,INT-0908871,R-B,2026-09-30T23:00:00Z,random,no_error,MC-03,legacy historical QA label,2026-09-30T23:00:00Z
QA-B-00314,INT-0767459,R-B,2026-09-30T23:00:00Z,random,no_error,MC-03,legacy historical QA label,2026-09-30T23:00:00Z
QA-B-00315,INT-0805402,R-B,2026-09-30T23:00:00Z,random,no_error,MC-03,legacy historical QA label,2026-09-30T23:00:00Z
QA-B-00316,INT-0762440,R-B,2026-09-30T23:00:00Z,random,no_error,MC-03,legacy historical QA label,2026-09-30T23:00:00Z
QA-B-00317,INT-0725597,R-B,2026-09-30T23:00:00Z,random,no_error,MC-03,legacy historical QA label,2026-09-30T23:00:00Z
QA-B-00318,INT-0145147,R-B,2026-09-30T23:00:00Z,random,no_error,MC-03,legacy historical QA label,2026-09-30T23:00:00Z
QA-B-00319,INT-0470365,R-B,2026-09-30T23:00:00Z,random,no_error,MC-03,legacy historical QA label,2026-09-30T23:00:00Z
QA-B-00320,INT-0865061,R-B,2026-09-30T23:00:00Z,random,no_error,MC-03,legacy historical QA label,2026-09-30T23:00:00Z
QA-B-00321,INT-0407340,R-B,2026-09-30T23:00:00Z,random,no_error,MC-03,legacy historical QA label,2026-09-30T23:00:00Z
QA-B-00322,INT-0421265,R-B,2026-09-30T23:00:00Z,random,no_error,MC-03,legacy historical QA label,2026-09-30T23:00:00Z
QA-B-00323,INT-0538007,R-B,2026-09-30T23:00:00Z,random,no_error,MC-03,legacy historical QA label,2026-09-30T23:00:00Z
QA-B-00324,INT-0631464,R-B,2026-09-30T23:00:00Z,random,no_error,MC-03,legacy historical QA label,2026-09-30T23:00:00Z
QA-B-00325,INT-0115679,R-B,2026-09-30T23:00:00Z,random,no_error,MC-03,legacy historical QA label,2026-09-30T23:00:00Z
QA-B-00326,INT-0393642,R-B,2026-09-30T23:00:00Z,random,no_error,MC-03,legacy historical QA label,2026-09-30T23:00:00Z
QA-B-00327,INT-0373533,R-B,2026-09-30T23:00:00Z,random,no_error,MC-03,legacy historical QA label,2026-09-30T23:00:00Z
QA-B-00328,INT-0157710,R-B,2026-09-30T23:00:00Z,random,no_error,MC-03,legacy historical QA label,2026-09-30T23:00:00Z
QA-B-00329,INT-0860275,R-B,2026-09-30T23:00:00Z,random,no_error,MC-03,legacy historical QA label,2026-09-30T23:00:00Z
QA-B-00330,INT-0897167,R-B,2026-09-30T23:00:00Z,random,no_error,MC-03,legacy historical QA label,2026-09-30T23:00:00Z
QA-B-00331,INT-0549956,R-B,2026-09-30T23:00:00Z,random,no_error,MC-03,legacy historical QA label,2026-09-30T23:00:00Z
QA-B-00332,INT-0335979,R-B,2026-09-30T23:00:00Z,random,no_error,MC-03,legacy historical QA label,2026-09-30T23:00:00Z
QA-B-00333,INT-0355379,R-B,2026-09-30T23:00:00Z,random,no_error,MC-03,legacy historical QA label,2026-09-30T23:00:00Z
QA-B-00334,INT-0989835,R-B,2026-09-30T23:00:00Z,random,no_error,MC-03,legacy historical QA label,2026-09-30T23:00:00Z
QA-B-00335,INT-0225607,R-B,2026-09-30T23:00:00Z,random,no_error,MC-03,legacy historical QA label,2026-09-30T23:00:00Z
QA-B-00336,INT-0300201,R-B,2026-09-30T23:00:00Z,random,no_error,MC-03,legacy historical QA label,2026-09-30T23:00:00Z
QA-B-00337,INT-0555906,R-B,2026-09-30T23:00:00Z,random,no_error,MC-03,legacy historical QA label,2026-09-30T23:00:00Z
QA-B-00338,INT-0100473,R-B,2026-09-30T23:00:00Z,random,no_error,MC-03,legacy historical QA label,2026-09-30T23:00:00Z
QA-B-00339,INT-0244460,R-B,2026-09-30T23:00:00Z,random,no_error,MC-03,legacy historical QA label,2026-09-30T23:00:00Z
QA-B-00340,INT-0936626,R-B,2026-09-30T23:00:00Z,random,no_error,MC-03,legacy historical QA label,2026-09-30T23:00:00Z
QA-B-00341,INT-0286044,R-B,2026-09-30T23:00:00Z,random,no_error,MC-03,legacy historical QA label,2026-09-30T23:00:00Z
QA-B-00342,INT-0157983,R-B,2026-09-30T23:00:00Z,random,no_error,MC-03,legacy historical QA label,2026-09-30T23:00:00Z
QA-B-00343,INT-0264199,R-B,2026-09-30T23:00:00Z,random,no_error,MC-03,legacy historical QA label,2026-09-30T23:00:00Z
QA-B-00344,INT-0699389,R-B,2026-09-30T23:00:00Z,random,no_error,MC-03,legacy historical QA label,2026-09-30T23:00:00Z
QA-B-00345,INT-0327399,R-B,2026-09-30T23:00:00Z,random,no_error,MC-03,legacy historical QA label,2026-09-30T23:00:00Z
QA-B-00346,INT-0605823,R-B,2026-09-30T23:00:00Z,random,no_error,MC-03,legacy historical QA label,2026-09-30T23:00:00Z
QA-C-00000,INT-0690011,R-C,2026-09-30T23:00:00Z,scanner,misconduct,MC-06,legacy historical QA label,2026-09-30T23:00:00Z
QA-C-00001,INT-0017211,R-C,2026-09-30T23:00:00Z,scanner,misconduct,MC-02,legacy historical QA label,2026-09-30T23:00:00Z
QA-C-00002,INT-0643318,R-C,2026-09-30T23:00:00Z,scanner,misconduct,MC-06,legacy historical QA label,2026-09-30T23:00:00Z
QA-C-00003,INT-0093703,R-C,2026-09-30T23:00:00Z,scanner,misconduct,MC-03,legacy historical QA label,2026-09-30T23:00:00Z
QA-C-00004,INT-0382964,R-C,2026-09-30T23:00:00Z,scanner,misconduct,MC-02,legacy historical QA label,2026-09-30T23:00:00Z
QA-C-00005,INT-0421008,R-C,2026-09-30T23:00:00Z,scanner,misconduct,MC-02,legacy historical QA label,2026-09-30T23:00:00Z
QA-C-00006,INT-0155178,R-C,2026-09-30T23:00:00Z,scanner,misconduct,MC-11,legacy historical QA label,2026-09-30T23:00:00Z
QA-C-00007,INT-0494021,R-C,2026-09-30T23:00:00Z,scanner,misconduct,MC-11,legacy historical QA label,2026-09-30T23:00:00Z
QA-C-00008,INT-0112564,R-C,2026-09-30T23:00:00Z,scanner,misconduct,MC-06,legacy historical QA label,2026-09-30T23:00:00Z
QA-C-00009,INT-0983733,R-C,2026-09-30T23:00:00Z,scanner,misconduct,MC-10,legacy historical QA label,2026-09-30T23:00:00Z
QA-C-00010,INT-0113050,R-C,2026-09-30T23:00:00Z,scanner,misconduct,MC-03,legacy historical QA label,2026-09-30T23:00:00Z
QA-C-00011,INT-0770661,R-C,2026-09-30T23:00:00Z,scanner,misconduct,MC-09,legacy historical QA label,2026-09-30T23:00:00Z
QA-C-00012,INT-0522095,R-C,2026-09-30T23:00:00Z,scanner,misconduct,MC-02,legacy historical QA label,2026-09-30T23:00:00Z
QA-C-00013,INT-0899715,R-C,2026-09-30T23:00:00Z,scanner,misconduct,MC-04,legacy historical QA label,2026-09-30T23:00:00Z
QA-C-00014,INT-0028192,R-C,2026-09-30T23:00:00Z,scanner,misconduct,MC-10,legacy historical QA label,2026-09-30T23:00:00Z
QA-C-00015,INT-0004605,R-C,2026-09-30T23:00:00Z,scanner,misconduct,MC-06,legacy historical QA label,2026-09-30T23:00:00Z
QA-C-00016,INT-0513097,R-C,2026-09-30T23:00:00Z,scanner,misconduct,MC-05,legacy historical QA label,2026-09-30T23:00:00Z
QA-C-00017,INT-0421003,R-C,2026-09-30T23:00:00Z,scanner,misconduct,MC-02,legacy historical QA label,2026-09-30T23:00:00Z
QA-C-00018,INT-0421007,R-C,2026-09-30T23:00:00Z,scanner,misconduct,MC-02,legacy historical QA label,2026-09-30T23:00:00Z
QA-C-00019,INT-0749949,R-C,2026-09-30T23:00:00Z,scanner,misconduct,MC-04,legacy historical QA label,2026-09-30T23:00:00Z
QA-C-00020,INT-0128265,R-C,2026-09-30T23:00:00Z,scanner,misconduct,MC-06,legacy historical QA label,2026-09-30T23:00:00Z
QA-C-00021,INT-0202333,R-C,2026-09-30T23:00:00Z,scanner,misconduct,MC-09,legacy historical QA label,2026-09-30T23:00:00Z
QA-C-00022,INT-0221263,R-C,2026-09-30T23:00:00Z,scanner,misconduct,MC-02,legacy historical QA label,2026-09-30T23:00:00Z
QA-C-00023,INT-0858160,R-C,2026-09-30T23:00:00Z,scanner,misconduct,MC-09,legacy historical QA label,2026-09-30T23:00:00Z
QA-C-00024,INT-0818769,R-C,2026-09-30T23:00:00Z,scanner,misconduct,MC-03,legacy historical QA label,2026-09-30T23:00:00Z
QA-C-00025,INT-0614316,R-C,2026-09-30T23:00:00Z,scanner,misconduct,MC-03,legacy historical QA label,2026-09-30T23:00:00Z
QA-C-00026,INT-0410822,R-C,2026-09-30T23:00:00Z,scanner,misconduct,MC-05,legacy historical QA label,2026-09-30T23:00:00Z
QA-C-00027,INT-0021051,R-C,2026-09-30T23:00:00Z,scanner,misconduct,MC-03,legacy historical QA label,2026-09-30T23:00:00Z
QA-C-00028,INT-0896734,R-C,2026-09-30T23:00:00Z,scanner,misconduct,MC-01,legacy historical QA label,2026-09-30T23:00:00Z
QA-C-00029,INT-0365182,R-C,2026-09-30T23:00:00Z,scanner,misconduct,MC-02,legacy historical QA label,2026-09-30T23:00:00Z
QA-C-00030,INT-0508719,R-C,2026-09-30T23:00:00Z,scanner,misconduct,MC-03,legacy historical QA label,2026-09-30T23:00:00Z
QA-C-00031,INT-0268085,R-C,2026-09-30T23:00:00Z,scanner,misconduct,MC-05,legacy historical QA label,2026-09-30T23:00:00Z
QA-C-00032,INT-0292616,R-C,2026-09-30T23:00:00Z,scanner,misconduct,MC-06,legacy historical QA label,2026-09-30T23:00:00Z
QA-C-00033,INT-0421000,R-C,2026-09-30T23:00:00Z,scanner,misconduct,MC-02,legacy historical QA label,2026-09-30T23:00:00Z
QA-C-00034,INT-0733054,R-C,2026-09-30T23:00:00Z,scanner,misconduct,MC-03,legacy historical QA label,2026-09-30T23:00:00Z
QA-C-00035,INT-0110242,R-C,2026-09-30T23:00:00Z,scanner,misconduct,MC-05,legacy historical QA label,2026-09-30T23:00:00Z
QA-C-00036,INT-0197901,R-C,2026-09-30T23:00:00Z,scanner,misconduct,MC-11,legacy historical QA label,2026-09-30T23:00:00Z
QA-C-00037,INT-0282138,R-C,2026-09-30T23:00:00Z,scanner,misconduct,MC-02,legacy historical QA label,2026-09-30T23:00:00Z
QA-C-00038,INT-0072122,R-C,2026-09-30T23:00:00Z,scanner,misconduct,MC-02,legacy historical QA label,2026-09-30T23:00:00Z
QA-C-00039,INT-0719832,R-C,2026-09-30T23:00:00Z,scanner,misconduct,MC-01,legacy historical QA label,2026-09-30T23:00:00Z
QA-C-00040,INT-0280890,R-C,2026-09-30T23:00:00Z,scanner,misconduct,MC-02,legacy historical QA label,2026-09-30T23:00:00Z
QA-C-00041,INT-0454160,R-C,2026-09-30T23:00:00Z,scanner,misconduct,MC-03,legacy historical QA label,2026-09-30T23:00:00Z
QA-C-00042,INT-0910750,R-C,2026-09-30T23:00:00Z,scanner,misconduct,MC-02,legacy historical QA label,2026-09-30T23:00:00Z
QA-C-00043,INT-0904722,R-C,2026-09-30T23:00:00Z,scanner,misconduct,MC-03,legacy historical QA label,2026-09-30T23:00:00Z
QA-C-00044,INT-0497040,R-C,2026-09-30T23:00:00Z,scanner,misconduct,MC-06,legacy historical QA label,2026-09-30T23:00:00Z
QA-C-00045,INT-0075185,R-C,2026-09-30T23:00:00Z,scanner,misconduct,MC-04,legacy historical QA label,2026-09-30T23:00:00Z
QA-C-00046,INT-0089616,R-C,2026-09-30T23:00:00Z,scanner,misconduct,MC-03,legacy historical QA label,2026-09-30T23:00:00Z
QA-C-00047,INT-0684665,R-C,2026-09-30T23:00:00Z,scanner,misconduct,MC-11,legacy historical QA label,2026-09-30T23:00:00Z
QA-C-00048,INT-0080320,R-C,2026-09-30T23:00:00Z,scanner,misconduct,MC-10,legacy historical QA label,2026-09-30T23:00:00Z
QA-C-00049,INT-0576193,R-C,2026-09-30T23:00:00Z,scanner,misconduct,MC-03,legacy historical QA label,2026-09-30T23:00:00Z
QA-C-00050,INT-0100537,R-C,2026-09-30T23:00:00Z,scanner,misconduct,MC-08,legacy historical QA label,2026-09-30T23:00:00Z
QA-C-00051,INT-0421005,R-C,2026-09-30T23:00:00Z,scanner,misconduct,MC-02,legacy historical QA label,2026-09-30T23:00:00Z
QA-C-00052,INT-0105952,R-C,2026-09-30T23:00:00Z,scanner,misconduct,MC-02,legacy historical QA label,2026-09-30T23:00:00Z
QA-C-00053,INT-0537001,R-C,2026-09-30T23:00:00Z,scanner,misconduct,MC-02,legacy historical QA label,2026-09-30T23:00:00Z
QA-C-00054,INT-0473490,R-C,2026-09-30T23:00:00Z,scanner,misconduct,MC-05,legacy historical QA label,2026-09-30T23:00:00Z
QA-C-00055,INT-0019021,R-C,2026-09-30T23:00:00Z,scanner,misconduct,MC-02,legacy historical QA label,2026-09-30T23:00:00Z
QA-C-00056,INT-0742664,R-C,2026-09-30T23:00:00Z,scanner,misconduct,MC-02,legacy historical QA label,2026-09-30T23:00:00Z
QA-C-00057,INT-0366936,R-C,2026-09-30T23:00:00Z,scanner,misconduct,MC-06,legacy historical QA label,2026-09-30T23:00:00Z
QA-C-00058,INT-0805660,R-C,2026-09-30T23:00:00Z,scanner,misconduct,MC-10,legacy historical QA label,2026-09-30T23:00:00Z
QA-C-00059,INT-0335474,R-C,2026-09-30T23:00:00Z,scanner,misconduct,MC-03,legacy historical QA label,2026-09-30T23:00:00Z
QA-C-00060,INT-0659008,R-C,2026-09-30T23:00:00Z,scanner,misconduct,MC-11,legacy historical QA label,2026-09-30T23:00:00Z
QA-C-00061,INT-0140886,R-C,2026-09-30T23:00:00Z,scanner,misconduct,MC-03,legacy historical QA label,2026-09-30T23:00:00Z
QA-C-00062,INT-0725886,R-C,2026-09-30T23:00:00Z,scanner,misconduct,MC-02,legacy historical QA label,2026-09-30T23:00:00Z
QA-C-00063,INT-0799977,R-C,2026-09-30T23:00:00Z,scanner,misconduct,MC-03,legacy historical QA label,2026-09-30T23:00:00Z
QA-C-00064,INT-0804934,R-C,2026-09-30T23:00:00Z,scanner,misconduct,MC-02,legacy historical QA label,2026-09-30T23:00:00Z
QA-C-00065,INT-0567521,R-C,2026-09-30T23:00:00Z,scanner,misconduct,MC-02,legacy historical QA label,2026-09-30T23:00:00Z
QA-C-00066,INT-0166165,R-C,2026-09-30T23:00:00Z,scanner,misconduct,MC-07,legacy historical QA label,2026-09-30T23:00:00Z
QA-C-00067,INT-0010333,R-C,2026-09-30T23:00:00Z,scanner,misconduct,MC-05,legacy historical QA label,2026-09-30T23:00:00Z
QA-C-00068,INT-0104176,R-C,2026-09-30T23:00:00Z,scanner,misconduct,MC-03,legacy historical QA label,2026-09-30T23:00:00Z
QA-C-00069,INT-0421004,R-C,2026-09-30T23:00:00Z,scanner,misconduct,MC-02,legacy historical QA label,2026-09-30T23:00:00Z
QA-C-00070,INT-0746924,R-C,2026-09-30T23:00:00Z,scanner,misconduct,MC-04,legacy historical QA label,2026-09-30T23:00:00Z
QA-C-00071,INT-0543174,R-C,2026-09-30T23:00:00Z,scanner,misconduct,MC-10,legacy historical QA label,2026-09-30T23:00:00Z
QA-C-00072,INT-0790653,R-C,2026-09-30T23:00:00Z,scanner,misconduct,MC-04,legacy historical QA label,2026-09-30T23:00:00Z
QA-C-00073,INT-0235518,R-C,2026-09-30T23:00:00Z,scanner,misconduct,MC-02,legacy historical QA label,2026-09-30T23:00:00Z
QA-C-00074,INT-0429707,R-C,2026-09-30T23:00:00Z,scanner,misconduct,MC-05,legacy historical QA label,2026-09-30T23:00:00Z
QA-C-00075,INT-0555953,R-C,2026-09-30T23:00:00Z,scanner,misconduct,MC-02,legacy historical QA label,2026-09-30T23:00:00Z
QA-C-00076,INT-0121573,R-C,2026-09-30T23:00:00Z,scanner,misconduct,MC-11,legacy historical QA label,2026-09-30T23:00:00Z
QA-C-00077,INT-0645427,R-C,2026-09-30T23:00:00Z,scanner,misconduct,MC-04,legacy historical QA label,2026-09-30T23:00:00Z
QA-C-00078,INT-0673799,R-C,2026-09-30T23:00:00Z,scanner,misconduct,MC-02,legacy historical QA label,2026-09-30T23:00:00Z
QA-C-00079,INT-0029920,R-C,2026-09-30T23:00:00Z,scanner,misconduct,MC-04,legacy historical QA label,2026-09-30T23:00:00Z
QA-C-00080,INT-0849316,R-C,2026-09-30T23:00:00Z,scanner,misconduct,MC-11,legacy historical QA label,2026-09-30T23:00:00Z
QA-C-00081,INT-0988475,R-C,2026-09-30T23:00:00Z,scanner,misconduct,MC-02,legacy historical QA label,2026-09-30T23:00:00Z
QA-C-00082,INT-0491600,R-C,2026-09-30T23:00:00Z,scanner,misconduct,MC-03,legacy historical QA label,2026-09-30T23:00:00Z
QA-C-00083,INT-0707978,R-C,2026-09-30T23:00:00Z,scanner,misconduct,MC-03,legacy historical QA label,2026-09-30T23:00:00Z
QA-C-00084,INT-0264483,R-C,2026-09-30T23:00:00Z,scanner,misconduct,MC-03,legacy historical QA label,2026-09-30T23:00:00Z
QA-C-00085,INT-0136482,R-C,2026-09-30T23:00:00Z,scanner,misconduct,MC-03,legacy historical QA label,2026-09-30T23:00:00Z
QA-C-00086,INT-0512803,R-C,2026-09-30T23:00:00Z,scanner,misconduct,MC-03,legacy historical QA label,2026-09-30T23:00:00Z
QA-C-00087,INT-0861301,R-C,2026-09-30T23:00:00Z,scanner,misconduct,MC-03,legacy historical QA label,2026-09-30T23:00:00Z
QA-C-00088,INT-0653305,R-C,2026-09-30T23:00:00Z,scanner,misconduct,MC-03,legacy historical QA label,2026-09-30T23:00:00Z
QA-C-00089,INT-0493596,R-C,2026-09-30T23:00:00Z,scanner,misconduct,MC-03,legacy historical QA label,2026-09-30T23:00:00Z
QA-C-00090,INT-0435632,R-C,2026-09-30T23:00:00Z,scanner,misconduct,MC-03,legacy historical QA label,2026-09-30T23:00:00Z
QA-C-00091,INT-0654219,R-C,2026-09-30T23:00:00Z,scanner,misconduct,MC-03,legacy historical QA label,2026-09-30T23:00:00Z
QA-C-00092,INT-0124430,R-C,2026-09-30T23:00:00Z,scanner,misconduct,MC-03,legacy historical QA label,2026-09-30T23:00:00Z
QA-C-00093,INT-0575725,R-C,2026-09-30T23:00:00Z,scanner,misconduct,MC-03,legacy historical QA label,2026-09-30T23:00:00Z
QA-C-00094,INT-0939858,R-C,2026-09-30T23:00:00Z,scanner,misconduct,MC-03,legacy historical QA label,2026-09-30T23:00:00Z
QA-C-00095,INT-0643955,R-C,2026-09-30T23:00:00Z,scanner,misconduct,MC-03,legacy historical QA label,2026-09-30T23:00:00Z
QA-C-00096,INT-0497304,R-C,2026-09-30T23:00:00Z,scanner,misconduct,MC-03,legacy historical QA label,2026-09-30T23:00:00Z
QA-C-00097,INT-0168109,R-C,2026-09-30T23:00:00Z,scanner,misconduct,MC-03,legacy historical QA label,2026-09-30T23:00:00Z
QA-C-00098,INT-0301623,R-C,2026-09-30T23:00:00Z,scanner,misconduct,MC-03,legacy historical QA label,2026-09-30T23:00:00Z
QA-C-00099,INT-0225662,R-C,2026-09-30T23:00:00Z,scanner,misconduct,MC-03,legacy historical QA label,2026-09-30T23:00:00Z
QA-C-00100,INT-0936579,R-C,2026-09-30T23:00:00Z,scanner,misconduct,MC-03,legacy historical QA label,2026-09-30T23:00:00Z
QA-C-00101,INT-0346211,R-C,2026-09-30T23:00:00Z,scanner,misconduct,MC-03,legacy historical QA label,2026-09-30T23:00:00Z
QA-C-00102,INT-0339729,R-C,2026-09-30T23:00:00Z,scanner,misconduct,MC-03,legacy historical QA label,2026-09-30T23:00:00Z
QA-C-00103,INT-0293226,R-C,2026-09-30T23:00:00Z,scanner,misconduct,MC-03,legacy historical QA label,2026-09-30T23:00:00Z
QA-C-00104,INT-0011916,R-C,2026-09-30T23:00:00Z,scanner,misconduct,MC-03,legacy historical QA label,2026-09-30T23:00:00Z
QA-C-00105,INT-0181445,R-C,2026-09-30T23:00:00Z,scanner,misconduct,MC-03,legacy historical QA label,2026-09-30T23:00:00Z
QA-C-00106,INT-0966663,R-C,2026-09-30T23:00:00Z,scanner,misconduct,MC-03,legacy historical QA label,2026-09-30T23:00:00Z
QA-C-00107,INT-0045857,R-C,2026-09-30T23:00:00Z,scanner,misconduct,MC-03,legacy historical QA label,2026-09-30T23:00:00Z
QA-C-00108,INT-0391566,R-C,2026-09-30T23:00:00Z,scanner,misconduct,MC-03,legacy historical QA label,2026-09-30T23:00:00Z
QA-C-00109,INT-0361594,R-C,2026-09-30T23:00:00Z,scanner,no_error,MC-03,legacy historical QA label,2026-09-30T23:00:00Z
QA-C-00110,INT-0374754,R-C,2026-09-30T23:00:00Z,scanner,no_error,MC-03,legacy historical QA label,2026-09-30T23:00:00Z
QA-C-00111,INT-0757173,R-C,2026-09-30T23:00:00Z,scanner,no_error,MC-03,legacy historical QA label,2026-09-30T23:00:00Z
QA-C-00112,INT-0541736,R-C,2026-09-30T23:00:00Z,scanner,no_error,MC-03,legacy historical QA label,2026-09-30T23:00:00Z
QA-C-00113,INT-0238782,R-C,2026-09-30T23:00:00Z,scanner,no_error,MC-03,legacy historical QA label,2026-09-30T23:00:00Z
QA-C-00114,INT-0334079,R-C,2026-09-30T23:00:00Z,scanner,no_error,MC-03,legacy historical QA label,2026-09-30T23:00:00Z
QA-C-00115,INT-0921667,R-C,2026-09-30T23:00:00Z,scanner,no_error,MC-03,legacy historical QA label,2026-09-30T23:00:00Z
QA-C-00116,INT-0371153,R-C,2026-09-30T23:00:00Z,scanner,no_error,MC-03,legacy historical QA label,2026-09-30T23:00:00Z
QA-C-00117,INT-0020913,R-C,2026-09-30T23:00:00Z,scanner,no_error,MC-03,legacy historical QA label,2026-09-30T23:00:00Z
QA-C-00118,INT-0401550,R-C,2026-09-30T23:00:00Z,scanner,no_error,MC-03,legacy historical QA label,2026-09-30T23:00:00Z
QA-C-00119,INT-0991007,R-C,2026-09-30T23:00:00Z,scanner,no_error,MC-03,legacy historical QA label,2026-09-30T23:00:00Z
QA-C-00120,INT-0980270,R-C,2026-09-30T23:00:00Z,scanner,no_error,MC-03,legacy historical QA label,2026-09-30T23:00:00Z
QA-C-00121,INT-0678295,R-C,2026-09-30T23:00:00Z,scanner,no_error,MC-03,legacy historical QA label,2026-09-30T23:00:00Z
QA-C-00122,INT-0352364,R-C,2026-09-30T23:00:00Z,scanner,no_error,MC-03,legacy historical QA label,2026-09-30T23:00:00Z
QA-C-00123,INT-0629584,R-C,2026-09-30T23:00:00Z,scanner,no_error,MC-03,legacy historical QA label,2026-09-30T23:00:00Z
QA-C-00124,INT-0110967,R-C,2026-09-30T23:00:00Z,scanner,no_error,MC-03,legacy historical QA label,2026-09-30T23:00:00Z
QA-C-00125,INT-0703535,R-C,2026-09-30T23:00:00Z,scanner,no_error,MC-03,legacy historical QA label,2026-09-30T23:00:00Z
QA-C-00126,INT-0647014,R-C,2026-09-30T23:00:00Z,scanner,no_error,MC-03,legacy historical QA label,2026-09-30T23:00:00Z
QA-C-00127,INT-0863740,R-C,2026-09-30T23:00:00Z,scanner,no_error,MC-03,legacy historical QA label,2026-09-30T23:00:00Z
QA-C-00128,INT-0153912,R-C,2026-09-30T23:00:00Z,scanner,no_error,MC-03,legacy historical QA label,2026-09-30T23:00:00Z
QA-C-00129,INT-0916388,R-C,2026-09-30T23:00:00Z,scanner,no_error,MC-03,legacy historical QA label,2026-09-30T23:00:00Z
QA-C-00130,INT-0773101,R-C,2026-09-30T23:00:00Z,scanner,no_error,MC-03,legacy historical QA label,2026-09-30T23:00:00Z
QA-C-00131,INT-0436564,R-C,2026-09-30T23:00:00Z,scanner,no_error,MC-03,legacy historical QA label,2026-09-30T23:00:00Z
QA-C-00132,INT-0714754,R-C,2026-09-30T23:00:00Z,scanner,no_error,MC-03,legacy historical QA label,2026-09-30T23:00:00Z
QA-C-00133,INT-0699206,R-C,2026-09-30T23:00:00Z,scanner,no_error,MC-03,legacy historical QA label,2026-09-30T23:00:00Z
QA-C-00134,INT-0491823,R-C,2026-09-30T23:00:00Z,scanner,no_error,MC-03,legacy historical QA label,2026-09-30T23:00:00Z
QA-C-00135,INT-0986524,R-C,2026-09-30T23:00:00Z,scanner,no_error,MC-03,legacy historical QA label,2026-09-30T23:00:00Z
QA-C-00136,INT-0998820,R-C,2026-09-30T23:00:00Z,scanner,no_error,MC-03,legacy historical QA label,2026-09-30T23:00:00Z
QA-C-00137,INT-0057435,R-C,2026-09-30T23:00:00Z,scanner,no_error,MC-03,legacy historical QA label,2026-09-30T23:00:00Z
QA-C-00138,INT-0605331,R-C,2026-09-30T23:00:00Z,scanner,no_error,MC-03,legacy historical QA label,2026-09-30T23:00:00Z
QA-C-00139,INT-0429907,R-C,2026-09-30T23:00:00Z,scanner,no_error,MC-03,legacy historical QA label,2026-09-30T23:00:00Z
QA-C-00140,INT-0497453,R-C,2026-09-30T23:00:00Z,scanner,no_error,MC-03,legacy historical QA label,2026-09-30T23:00:00Z
QA-C-00141,INT-0761458,R-C,2026-09-30T23:00:00Z,scanner,no_error,MC-03,legacy historical QA label,2026-09-30T23:00:00Z
QA-C-00142,INT-0875613,R-C,2026-09-30T23:00:00Z,scanner,no_error,MC-03,legacy historical QA label,2026-09-30T23:00:00Z
QA-C-00143,INT-0209347,R-C,2026-09-30T23:00:00Z,scanner,no_error,MC-03,legacy historical QA label,2026-09-30T23:00:00Z
QA-C-00144,INT-0421605,R-C,2026-09-30T23:00:00Z,scanner,no_error,MC-03,legacy historical QA label,2026-09-30T23:00:00Z
QA-C-00145,INT-0924199,R-C,2026-09-30T23:00:00Z,scanner,no_error,MC-03,legacy historical QA label,2026-09-30T23:00:00Z
QA-C-00146,INT-0594723,R-C,2026-09-30T23:00:00Z,scanner,no_error,MC-03,legacy historical QA label,2026-09-30T23:00:00Z
QA-C-00147,INT-0644082,R-C,2026-09-30T23:00:00Z,scanner,no_error,MC-03,legacy historical QA label,2026-09-30T23:00:00Z
QA-C-00148,INT-0406508,R-C,2026-09-30T23:00:00Z,scanner,no_error,MC-03,legacy historical QA label,2026-09-30T23:00:00Z
QA-C-00149,INT-0251588,R-C,2026-09-30T23:00:00Z,scanner,no_error,MC-03,legacy historical QA label,2026-09-30T23:00:00Z
QA-C-00150,INT-0219076,R-C,2026-09-30T23:00:00Z,scanner,no_error,MC-03,legacy historical QA label,2026-09-30T23:00:00Z
QA-C-00151,INT-0256173,R-C,2026-09-30T23:00:00Z,scanner,no_error,MC-03,legacy historical QA label,2026-09-30T23:00:00Z
QA-C-00152,INT-0241724,R-C,2026-09-30T23:00:00Z,scanner,no_error,MC-03,legacy historical QA label,2026-09-30T23:00:00Z
QA-C-00153,INT-0001557,R-C,2026-09-30T23:00:00Z,scanner,no_error,MC-03,legacy historical QA label,2026-09-30T23:00:00Z
QA-C-00154,INT-0437582,R-C,2026-09-30T23:00:00Z,scanner,no_error,MC-03,legacy historical QA label,2026-09-30T23:00:00Z
QA-C-00155,INT-0931969,R-C,2026-09-30T23:00:00Z,scanner,no_error,MC-03,legacy historical QA label,2026-09-30T23:00:00Z
QA-C-00156,INT-0836672,R-C,2026-09-30T23:00:00Z,scanner,no_error,MC-03,legacy historical QA label,2026-09-30T23:00:00Z
QA-C-00157,INT-0927208,R-C,2026-09-30T23:00:00Z,scanner,no_error,MC-03,legacy historical QA label,2026-09-30T23:00:00Z
QA-C-00158,INT-0476189,R-C,2026-09-30T23:00:00Z,scanner,no_error,MC-03,legacy historical QA label,2026-09-30T23:00:00Z
QA-C-00159,INT-0583419,R-C,2026-09-30T23:00:00Z,scanner,no_error,MC-03,legacy historical QA label,2026-09-30T23:00:00Z
QA-C-00160,INT-0418964,R-C,2026-09-30T23:00:00Z,scanner,no_error,MC-03,legacy historical QA label,2026-09-30T23:00:00Z
QA-C-00161,INT-0902830,R-C,2026-09-30T23:00:00Z,scanner,no_error,MC-03,legacy historical QA label,2026-09-30T23:00:00Z
QA-C-00162,INT-0253529,R-C,2026-09-30T23:00:00Z,scanner,no_error,MC-03,legacy historical QA label,2026-09-30T23:00:00Z
QA-C-00163,INT-0362697,R-C,2026-09-30T23:00:00Z,scanner,no_error,MC-03,legacy historical QA label,2026-09-30T23:00:00Z
QA-C-00164,INT-0402016,R-C,2026-09-30T23:00:00Z,scanner,no_error,MC-03,legacy historical QA label,2026-09-30T23:00:00Z
QA-C-00165,INT-0023435,R-C,2026-09-30T23:00:00Z,scanner,no_error,MC-03,legacy historical QA label,2026-09-30T23:00:00Z
QA-C-00166,INT-0582652,R-C,2026-09-30T23:00:00Z,scanner,no_error,MC-03,legacy historical QA label,2026-09-30T23:00:00Z
QA-C-00167,INT-0193112,R-C,2026-09-30T23:00:00Z,scanner,no_error,MC-03,legacy historical QA label,2026-09-30T23:00:00Z
QA-C-00168,INT-0813129,R-C,2026-09-30T23:00:00Z,scanner,no_error,MC-03,legacy historical QA label,2026-09-30T23:00:00Z
QA-C-00169,INT-0591400,R-C,2026-09-30T23:00:00Z,scanner,no_error,MC-03,legacy historical QA label,2026-09-30T23:00:00Z
QA-C-00170,INT-0097603,R-C,2026-09-30T23:00:00Z,scanner,no_error,MC-03,legacy historical QA label,2026-09-30T23:00:00Z
QA-C-00171,INT-0216434,R-C,2026-09-30T23:00:00Z,scanner,no_error,MC-03,legacy historical QA label,2026-09-30T23:00:00Z
QA-C-00172,INT-0628571,R-C,2026-09-30T23:00:00Z,scanner,no_error,MC-03,legacy historical QA label,2026-09-30T23:00:00Z
QA-C-00173,INT-0925119,R-C,2026-09-30T23:00:00Z,scanner,no_error,MC-03,legacy historical QA label,2026-09-30T23:00:00Z
QA-C-00174,INT-0644253,R-C,2026-09-30T23:00:00Z,scanner,no_error,MC-03,legacy historical QA label,2026-09-30T23:00:00Z
QA-C-00175,INT-0474349,R-C,2026-09-30T23:00:00Z,scanner,no_error,MC-03,legacy historical QA label,2026-09-30T23:00:00Z
QA-C-00176,INT-0548436,R-C,2026-09-30T23:00:00Z,scanner,no_error,MC-03,legacy historical QA label,2026-09-30T23:00:00Z
QA-C-00177,INT-0887990,R-C,2026-09-30T23:00:00Z,scanner,no_error,MC-03,legacy historical QA label,2026-09-30T23:00:00Z
QA-C-00178,INT-0490276,R-C,2026-09-30T23:00:00Z,scanner,no_error,MC-03,legacy historical QA label,2026-09-30T23:00:00Z
QA-C-00179,INT-0432509,R-C,2026-09-30T23:00:00Z,scanner,no_error,MC-03,legacy historical QA label,2026-09-30T23:00:00Z
QA-C-00180,INT-0742586,R-C,2026-09-30T23:00:00Z,scanner,no_error,MC-03,legacy historical QA label,2026-09-30T23:00:00Z
QA-C-00181,INT-0131572,R-C,2026-09-30T23:00:00Z,scanner,no_error,MC-03,legacy historical QA label,2026-09-30T23:00:00Z
QA-C-00182,INT-0964654,R-C,2026-09-30T23:00:00Z,scanner,no_error,MC-03,legacy historical QA label,2026-09-30T23:00:00Z
QA-C-00183,INT-0715474,R-C,2026-09-30T23:00:00Z,scanner,no_error,MC-03,legacy historical QA label,2026-09-30T23:00:00Z
QA-C-00184,INT-0649733,R-C,2026-09-30T23:00:00Z,scanner,no_error,MC-03,legacy historical QA label,2026-09-30T23:00:00Z
QA-C-00185,INT-0393642,R-C,2026-09-30T23:00:00Z,scanner,no_error,MC-03,legacy historical QA label,2026-09-30T23:00:00Z
QA-C-00186,INT-0361139,R-C,2026-09-30T23:00:00Z,scanner,no_error,MC-03,legacy historical QA label,2026-09-30T23:00:00Z
QA-C-00187,INT-0918277,R-C,2026-09-30T23:00:00Z,scanner,no_error,MC-03,legacy historical QA label,2026-09-30T23:00:00Z
QA-C-00188,INT-0061546,R-C,2026-09-30T23:00:00Z,scanner,no_error,MC-03,legacy historical QA label,2026-09-30T23:00:00Z
QA-C-00189,INT-0479634,R-C,2026-09-30T23:00:00Z,scanner,no_error,MC-03,legacy historical QA label,2026-09-30T23:00:00Z
QA-C-00190,INT-0269591,R-C,2026-09-30T23:00:00Z,scanner,no_error,MC-03,legacy historical QA label,2026-09-30T23:00:00Z
QA-C-00191,INT-0154929,R-C,2026-09-30T23:00:00Z,scanner,no_error,MC-03,legacy historical QA label,2026-09-30T23:00:00Z
QA-C-00192,INT-0951778,R-C,2026-09-30T23:00:00Z,scanner,no_error,MC-03,legacy historical QA label,2026-09-30T23:00:00Z
QA-C-00193,INT-0056677,R-C,2026-09-30T23:00:00Z,scanner,no_error,MC-03,legacy historical QA label,2026-09-30T23:00:00Z
QA-C-00194,INT-0338526,R-C,2026-09-30T23:00:00Z,scanner,no_error,MC-03,legacy historical QA label,2026-09-30T23:00:00Z
QA-C-00195,INT-0023699,R-C,2026-09-30T23:00:00Z,scanner,no_error,MC-03,legacy historical QA label,2026-09-30T23:00:00Z
QA-C-00196,INT-0238640,R-C,2026-09-30T23:00:00Z,scanner,no_error,MC-03,legacy historical QA label,2026-09-30T23:00:00Z
QA-C-00197,INT-0825335,R-C,2026-09-30T23:00:00Z,scanner,no_error,MC-03,legacy historical QA label,2026-09-30T23:00:00Z
QA-C-00198,INT-0148832,R-C,2026-09-30T23:00:00Z,scanner,no_error,MC-03,legacy historical QA label,2026-09-30T23:00:00Z
QA-C-00199,INT-0489113,R-C,2026-09-30T23:00:00Z,scanner,no_error,MC-03,legacy historical QA label,2026-09-30T23:00:00Z
QA-C-00200,INT-0161885,R-C,2026-09-30T23:00:00Z,scanner,no_error,MC-03,legacy historical QA label,2026-09-30T23:00:00Z
QA-C-00201,INT-0526531,R-C,2026-09-30T23:00:00Z,scanner,no_error,MC-03,legacy historical QA label,2026-09-30T23:00:00Z
QA-C-00202,INT-0774976,R-C,2026-09-30T23:00:00Z,scanner,no_error,MC-03,legacy historical QA label,2026-09-30T23:00:00Z
QA-C-00203,INT-0943336,R-C,2026-09-30T23:00:00Z,scanner,no_error,MC-03,legacy historical QA label,2026-09-30T23:00:00Z
QA-C-00204,INT-0610205,R-C,2026-09-30T23:00:00Z,scanner,no_error,MC-03,legacy historical QA label,2026-09-30T23:00:00Z
QA-C-00205,INT-0973779,R-C,2026-09-30T23:00:00Z,scanner,no_error,MC-03,legacy historical QA label,2026-09-30T23:00:00Z
QA-C-00206,INT-0734513,R-C,2026-09-30T23:00:00Z,scanner,no_error,MC-03,legacy historical QA label,2026-09-30T23:00:00Z
QA-C-00207,INT-0492368,R-C,2026-09-30T23:00:00Z,scanner,no_error,MC-03,legacy historical QA label,2026-09-30T23:00:00Z
QA-C-00208,INT-0250506,R-C,2026-09-30T23:00:00Z,scanner,no_error,MC-03,legacy historical QA label,2026-09-30T23:00:00Z
QA-C-00209,INT-0834134,R-C,2026-09-30T23:00:00Z,scanner,no_error,MC-03,legacy historical QA label,2026-09-30T23:00:00Z
QA-C-00210,INT-0705426,R-C,2026-09-30T23:00:00Z,scanner,no_error,MC-03,legacy historical QA label,2026-09-30T23:00:00Z
QA-C-00211,INT-0201101,R-C,2026-09-30T23:00:00Z,scanner,no_error,MC-03,legacy historical QA label,2026-09-30T23:00:00Z
QA-C-00212,INT-0203658,R-C,2026-09-30T23:00:00Z,scanner,no_error,MC-03,legacy historical QA label,2026-09-30T23:00:00Z
QA-C-00213,INT-0614406,R-C,2026-09-30T23:00:00Z,scanner,no_error,MC-03,legacy historical QA label,2026-09-30T23:00:00Z
QA-C-00214,INT-0561140,R-C,2026-09-30T23:00:00Z,scanner,no_error,MC-03,legacy historical QA label,2026-09-30T23:00:00Z
QA-C-00215,INT-0916047,R-C,2026-09-30T23:00:00Z,scanner,no_error,MC-03,legacy historical QA label,2026-09-30T23:00:00Z
QA-C-00216,INT-0381198,R-C,2026-09-30T23:00:00Z,scanner,no_error,MC-03,legacy historical QA label,2026-09-30T23:00:00Z
QA-C-00217,INT-0073211,R-C,2026-09-30T23:00:00Z,scanner,no_error,MC-03,legacy historical QA label,2026-09-30T23:00:00Z
QA-C-00218,INT-0496332,R-C,2026-09-30T23:00:00Z,scanner,no_error,MC-03,legacy historical QA label,2026-09-30T23:00:00Z
QA-C-00219,INT-0248969,R-C,2026-09-30T23:00:00Z,scanner,no_error,MC-03,legacy historical QA label,2026-09-30T23:00:00Z
QA-C-00220,INT-0958956,R-C,2026-09-30T23:00:00Z,scanner,no_error,MC-03,legacy historical QA label,2026-09-30T23:00:00Z
QA-C-00221,INT-0148996,R-C,2026-09-30T23:00:00Z,scanner,no_error,MC-03,legacy historical QA label,2026-09-30T23:00:00Z
QA-C-00222,INT-0734473,R-C,2026-09-30T23:00:00Z,scanner,no_error,MC-03,legacy historical QA label,2026-09-30T23:00:00Z
QA-C-00223,INT-0662200,R-C,2026-09-30T23:00:00Z,scanner,no_error,MC-03,legacy historical QA label,2026-09-30T23:00:00Z
QA-C-00224,INT-0654066,R-C,2026-09-30T23:00:00Z,scanner,no_error,MC-03,legacy historical QA label,2026-09-30T23:00:00Z
QA-C-00225,INT-0897972,R-C,2026-09-30T23:00:00Z,scanner,no_error,MC-03,legacy historical QA label,2026-09-30T23:00:00Z
QA-C-00226,INT-0129376,R-C,2026-09-30T23:00:00Z,scanner,no_error,MC-03,legacy historical QA label,2026-09-30T23:00:00Z
QA-C-00227,INT-0134450,R-C,2026-09-30T23:00:00Z,scanner,no_error,MC-03,legacy historical QA label,2026-09-30T23:00:00Z
QA-C-00228,INT-0179875,R-C,2026-09-30T23:00:00Z,scanner,no_error,MC-03,legacy historical QA label,2026-09-30T23:00:00Z
QA-C-00229,INT-0907163,R-C,2026-09-30T23:00:00Z,scanner,no_error,MC-03,legacy historical QA label,2026-09-30T23:00:00Z
QA-C-00230,INT-0469809,R-C,2026-09-30T23:00:00Z,scanner,no_error,MC-03,legacy historical QA label,2026-09-30T23:00:00Z
QA-C-00231,INT-0619099,R-C,2026-09-30T23:00:00Z,scanner,no_error,MC-03,legacy historical QA label,2026-09-30T23:00:00Z
QA-C-00232,INT-0801755,R-C,2026-09-30T23:00:00Z,scanner,no_error,MC-03,legacy historical QA label,2026-09-30T23:00:00Z
QA-C-00233,INT-0941685,R-C,2026-09-30T23:00:00Z,scanner,no_error,MC-03,legacy historical QA label,2026-09-30T23:00:00Z
QA-C-00234,INT-0279608,R-C,2026-09-30T23:00:00Z,scanner,no_error,MC-03,legacy historical QA label,2026-09-30T23:00:00Z
QA-C-00235,INT-0167259,R-C,2026-09-30T23:00:00Z,scanner,no_error,MC-03,legacy historical QA label,2026-09-30T23:00:00Z
QA-C-00236,INT-0794640,R-C,2026-09-30T23:00:00Z,scanner,no_error,MC-03,legacy historical QA label,2026-09-30T23:00:00Z
QA-C-00237,INT-0115679,R-C,2026-09-30T23:00:00Z,scanner,no_error,MC-03,legacy historical QA label,2026-09-30T23:00:00Z
QA-C-00238,INT-0587022,R-C,2026-09-30T23:00:00Z,scanner,no_error,MC-03,legacy historical QA label,2026-09-30T23:00:00Z
QA-C-00239,INT-0250544,R-C,2026-09-30T23:00:00Z,scanner,no_error,MC-03,legacy historical QA label,2026-09-30T23:00:00Z
QA-C-00240,INT-0063797,R-C,2026-09-30T23:00:00Z,scanner,no_error,MC-03,legacy historical QA label,2026-09-30T23:00:00Z
QA-C-00241,INT-0179896,R-C,2026-09-30T23:00:00Z,scanner,no_error,MC-03,legacy historical QA label,2026-09-30T23:00:00Z
QA-C-00242,INT-0874633,R-C,2026-09-30T23:00:00Z,random,no_error,MC-03,legacy historical QA label,2026-09-30T23:00:00Z
QA-C-00243,INT-0413651,R-C,2026-09-30T23:00:00Z,random,no_error,MC-03,legacy historical QA label,2026-09-30T23:00:00Z
QA-C-00244,INT-0665784,R-C,2026-09-30T23:00:00Z,random,no_error,MC-03,legacy historical QA label,2026-09-30T23:00:00Z
QA-C-00245,INT-0213199,R-C,2026-09-30T23:00:00Z,random,no_error,MC-03,legacy historical QA label,2026-09-30T23:00:00Z
QA-C-00246,INT-0777870,R-C,2026-09-30T23:00:00Z,random,no_error,MC-03,legacy historical QA label,2026-09-30T23:00:00Z
QA-C-00247,INT-0913436,R-C,2026-09-30T23:00:00Z,random,no_error,MC-03,legacy historical QA label,2026-09-30T23:00:00Z
QA-C-00248,INT-0395618,R-C,2026-09-30T23:00:00Z,random,no_error,MC-03,legacy historical QA label,2026-09-30T23:00:00Z
QA-C-00249,INT-0540492,R-C,2026-09-30T23:00:00Z,random,no_error,MC-03,legacy historical QA label,2026-09-30T23:00:00Z
QA-C-00250,INT-0601956,R-C,2026-09-30T23:00:00Z,random,no_error,MC-03,legacy historical QA label,2026-09-30T23:00:00Z
QA-C-00251,INT-0372172,R-C,2026-09-30T23:00:00Z,random,no_error,MC-03,legacy historical QA label,2026-09-30T23:00:00Z
QA-C-00252,INT-0695564,R-C,2026-09-30T23:00:00Z,random,no_error,MC-03,legacy historical QA label,2026-09-30T23:00:00Z
QA-C-00253,INT-0992688,R-C,2026-09-30T23:00:00Z,random,no_error,MC-03,legacy historical QA label,2026-09-30T23:00:00Z
QA-C-00254,INT-0726076,R-C,2026-09-30T23:00:00Z,random,no_error,MC-03,legacy historical QA label,2026-09-30T23:00:00Z
QA-C-00255,INT-0360545,R-C,2026-09-30T23:00:00Z,random,no_error,MC-03,legacy historical QA label,2026-09-30T23:00:00Z
QA-C-00256,INT-0846271,R-C,2026-09-30T23:00:00Z,random,no_error,MC-03,legacy historical QA label,2026-09-30T23:00:00Z
QA-C-00257,INT-0836490,R-C,2026-09-30T23:00:00Z,random,no_error,MC-03,legacy historical QA label,2026-09-30T23:00:00Z
QA-C-00258,INT-0845601,R-C,2026-09-30T23:00:00Z,random,no_error,MC-03,legacy historical QA label,2026-09-30T23:00:00Z
QA-C-00259,INT-0780534,R-C,2026-09-30T23:00:00Z,random,no_error,MC-03,legacy historical QA label,2026-09-30T23:00:00Z
QA-C-00260,INT-0550821,R-C,2026-09-30T23:00:00Z,random,no_error,MC-03,legacy historical QA label,2026-09-30T23:00:00Z
QA-C-00261,INT-0955602,R-C,2026-09-30T23:00:00Z,random,no_error,MC-03,legacy historical QA label,2026-09-30T23:00:00Z
QA-C-00262,INT-0589973,R-C,2026-09-30T23:00:00Z,random,no_error,MC-03,legacy historical QA label,2026-09-30T23:00:00Z
QA-C-00263,INT-0408409,R-C,2026-09-30T23:00:00Z,random,no_error,MC-03,legacy historical QA label,2026-09-30T23:00:00Z
QA-C-00264,INT-0549956,R-C,2026-09-30T23:00:00Z,random,no_error,MC-03,legacy historical QA label,2026-09-30T23:00:00Z
QA-C-00265,INT-0776246,R-C,2026-09-30T23:00:00Z,random,no_error,MC-03,legacy historical QA label,2026-09-30T23:00:00Z
QA-C-00266,INT-0765003,R-C,2026-09-30T23:00:00Z,random,no_error,MC-03,legacy historical QA label,2026-09-30T23:00:00Z
QA-C-00267,INT-0811364,R-C,2026-09-30T23:00:00Z,random,no_error,MC-03,legacy historical QA label,2026-09-30T23:00:00Z
QA-C-00268,INT-0403090,R-C,2026-09-30T23:00:00Z,random,no_error,MC-03,legacy historical QA label,2026-09-30T23:00:00Z
QA-C-00269,INT-0192282,R-C,2026-09-30T23:00:00Z,random,no_error,MC-03,legacy historical QA label,2026-09-30T23:00:00Z
QA-C-00270,INT-0743172,R-C,2026-09-30T23:00:00Z,random,no_error,MC-03,legacy historical QA label,2026-09-30T23:00:00Z
QA-C-00271,INT-0794598,R-C,2026-09-30T23:00:00Z,random,no_error,MC-03,legacy historical QA label,2026-09-30T23:00:00Z
QA-C-00272,INT-0189849,R-C,2026-09-30T23:00:00Z,random,no_error,MC-03,legacy historical QA label,2026-09-30T23:00:00Z
QA-C-00273,INT-0468723,R-C,2026-09-30T23:00:00Z,random,no_error,MC-03,legacy historical QA label,2026-09-30T23:00:00Z
QA-C-00274,INT-0563956,R-C,2026-09-30T23:00:00Z,random,no_error,MC-03,legacy historical QA label,2026-09-30T23:00:00Z
QA-C-00275,INT-0321000,R-C,2026-09-30T23:00:00Z,random,no_error,MC-03,legacy historical QA label,2026-09-30T23:00:00Z
QA-C-00276,INT-0515154,R-C,2026-09-30T23:00:00Z,random,no_error,MC-03,legacy historical QA label,2026-09-30T23:00:00Z
QA-C-00277,INT-0953165,R-C,2026-09-30T23:00:00Z,random,no_error,MC-03,legacy historical QA label,2026-09-30T23:00:00Z
QA-C-00278,INT-0715555,R-C,2026-09-30T23:00:00Z,random,no_error,MC-03,legacy historical QA label,2026-09-30T23:00:00Z
QA-C-00279,INT-0265188,R-C,2026-09-30T23:00:00Z,random,no_error,MC-03,legacy historical QA label,2026-09-30T23:00:00Z
QA-C-00280,INT-0892630,R-C,2026-09-30T23:00:00Z,random,no_error,MC-03,legacy historical QA label,2026-09-30T23:00:00Z
QA-C-00281,INT-0697326,R-C,2026-09-30T23:00:00Z,random,no_error,MC-03,legacy historical QA label,2026-09-30T23:00:00Z
QA-C-00282,INT-0889656,R-C,2026-09-30T23:00:00Z,random,no_error,MC-03,legacy historical QA label,2026-09-30T23:00:00Z
QA-C-00283,INT-0943275,R-C,2026-09-30T23:00:00Z,random,no_error,MC-03,legacy historical QA label,2026-09-30T23:00:00Z
QA-C-00284,INT-0104309,R-C,2026-09-30T23:00:00Z,random,no_error,MC-03,legacy historical QA label,2026-09-30T23:00:00Z
QA-C-00285,INT-0783314,R-C,2026-09-30T23:00:00Z,random,no_error,MC-03,legacy historical QA label,2026-09-30T23:00:00Z
QA-C-00286,INT-0299293,R-C,2026-09-30T23:00:00Z,random,no_error,MC-03,legacy historical QA label,2026-09-30T23:00:00Z
QA-C-00287,INT-0176828,R-C,2026-09-30T23:00:00Z,random,no_error,MC-03,legacy historical QA label,2026-09-30T23:00:00Z
QA-C-00288,INT-0309114,R-C,2026-09-30T23:00:00Z,random,no_error,MC-03,legacy historical QA label,2026-09-30T23:00:00Z
QA-C-00289,INT-0091883,R-C,2026-09-30T23:00:00Z,random,no_error,MC-03,legacy historical QA label,2026-09-30T23:00:00Z
QA-C-00290,INT-0793110,R-C,2026-09-30T23:00:00Z,random,no_error,MC-03,legacy historical QA label,2026-09-30T23:00:00Z
QA-C-00291,INT-0133385,R-C,2026-09-30T23:00:00Z,random,no_error,MC-03,legacy historical QA label,2026-09-30T23:00:00Z
QA-C-00292,INT-0476710,R-C,2026-09-30T23:00:00Z,random,no_error,MC-03,legacy historical QA label,2026-09-30T23:00:00Z
QA-C-00293,INT-0012333,R-C,2026-09-30T23:00:00Z,random,no_error,MC-03,legacy historical QA label,2026-09-30T23:00:00Z
QA-C-00294,INT-0824412,R-C,2026-09-30T23:00:00Z,random,no_error,MC-03,legacy historical QA label,2026-09-30T23:00:00Z
QA-C-00295,INT-0346554,R-C,2026-09-30T23:00:00Z,random,no_error,MC-03,legacy historical QA label,2026-09-30T23:00:00Z
QA-C-00296,INT-0094559,R-C,2026-09-30T23:00:00Z,random,no_error,MC-03,legacy historical QA label,2026-09-30T23:00:00Z
QA-C-00297,INT-0523022,R-C,2026-09-30T23:00:00Z,random,no_error,MC-03,legacy historical QA label,2026-09-30T23:00:00Z
QA-C-00298,INT-0368389,R-C,2026-09-30T23:00:00Z,random,no_error,MC-03,legacy historical QA label,2026-09-30T23:00:00Z
QA-C-00299,INT-0323070,R-C,2026-09-30T23:00:00Z,random,no_error,MC-03,legacy historical QA label,2026-09-30T23:00:00Z
QA-C-00300,INT-0533372,R-C,2026-09-30T23:00:00Z,random,no_error,MC-03,legacy historical QA label,2026-09-30T23:00:00Z
QA-C-00301,INT-0827662,R-C,2026-09-30T23:00:00Z,random,no_error,MC-03,legacy historical QA label,2026-09-30T23:00:00Z
QA-C-00302,INT-0403034,R-C,2026-09-30T23:00:00Z,random,no_error,MC-03,legacy historical QA label,2026-09-30T23:00:00Z
QA-C-00303,INT-0689782,R-C,2026-09-30T23:00:00Z,random,no_error,MC-03,legacy historical QA label,2026-09-30T23:00:00Z
QA-C-00304,INT-0126558,R-C,2026-09-30T23:00:00Z,random,no_error,MC-03,legacy historical QA label,2026-09-30T23:00:00Z
QA-C-00305,INT-0012226,R-C,2026-09-30T23:00:00Z,random,no_error,MC-03,legacy historical QA label,2026-09-30T23:00:00Z
QA-C-00306,INT-0290707,R-C,2026-09-30T23:00:00Z,random,no_error,MC-03,legacy historical QA label,2026-09-30T23:00:00Z
QA-C-00307,INT-0396422,R-C,2026-09-30T23:00:00Z,random,no_error,MC-03,legacy historical QA label,2026-09-30T23:00:00Z
QA-C-00308,INT-0870232,R-C,2026-09-30T23:00:00Z,random,no_error,MC-03,legacy historical QA label,2026-09-30T23:00:00Z
QA-C-00309,INT-0259975,R-C,2026-09-30T23:00:00Z,random,no_error,MC-03,legacy historical QA label,2026-09-30T23:00:00Z
QA-C-00310,INT-0941021,R-C,2026-09-30T23:00:00Z,random,no_error,MC-03,legacy historical QA label,2026-09-30T23:00:00Z
QA-C-00311,INT-0223346,R-C,2026-09-30T23:00:00Z,random,no_error,MC-03,legacy historical QA label,2026-09-30T23:00:00Z
QA-C-00312,INT-0747195,R-C,2026-09-30T23:00:00Z,random,no_error,MC-03,legacy historical QA label,2026-09-30T23:00:00Z
QA-C-00313,INT-0866169,R-C,2026-09-30T23:00:00Z,random,no_error,MC-03,legacy historical QA label,2026-09-30T23:00:00Z
QA-C-00314,INT-0132469,R-C,2026-09-30T23:00:00Z,random,no_error,MC-03,legacy historical QA label,2026-09-30T23:00:00Z
QA-C-00315,INT-0897167,R-C,2026-09-30T23:00:00Z,random,no_error,MC-03,legacy historical QA label,2026-09-30T23:00:00Z
QA-C-00316,INT-0697844,R-C,2026-09-30T23:00:00Z,random,no_error,MC-03,legacy historical QA label,2026-09-30T23:00:00Z
QA-C-00317,INT-0204709,R-C,2026-09-30T23:00:00Z,random,no_error,MC-03,legacy historical QA label,2026-09-30T23:00:00Z
QA-C-00318,INT-0325477,R-C,2026-09-30T23:00:00Z,random,no_error,MC-03,legacy historical QA label,2026-09-30T23:00:00Z
QA-C-00319,INT-0793381,R-C,2026-09-30T23:00:00Z,random,no_error,MC-03,legacy historical QA label,2026-09-30T23:00:00Z
QA-C-00320,INT-0311279,R-C,2026-09-30T23:00:00Z,random,no_error,MC-03,legacy historical QA label,2026-09-30T23:00:00Z
QA-C-00321,INT-0770437,R-C,2026-09-30T23:00:00Z,random,no_error,MC-03,legacy historical QA label,2026-09-30T23:00:00Z
QA-C-00322,INT-0338383,R-C,2026-09-30T23:00:00Z,random,no_error,MC-03,legacy historical QA label,2026-09-30T23:00:00Z
QA-C-00323,INT-0130951,R-C,2026-09-30T23:00:00Z,random,no_error,MC-03,legacy historical QA label,2026-09-30T23:00:00Z
QA-C-00324,INT-0523264,R-C,2026-09-30T23:00:00Z,random,no_error,MC-03,legacy historical QA label,2026-09-30T23:00:00Z
QA-C-00325,INT-0405260,R-C,2026-09-30T23:00:00Z,random,no_error,MC-03,legacy historical QA label,2026-09-30T23:00:00Z
QA-C-00326,INT-0834805,R-C,2026-09-30T23:00:00Z,random,no_error,MC-03,legacy historical QA label,2026-09-30T23:00:00Z
QA-C-00327,INT-0486225,R-C,2026-09-30T23:00:00Z,random,no_error,MC-03,legacy historical QA label,2026-09-30T23:00:00Z
QA-C-00328,INT-0641837,R-C,2026-09-30T23:00:00Z,random,no_error,MC-03,legacy historical QA label,2026-09-30T23:00:00Z
QA-C-00329,INT-0468768,R-C,2026-09-30T23:00:00Z,random,no_error,MC-03,legacy historical QA label,2026-09-30T23:00:00Z
QA-C-00330,INT-0341662,R-C,2026-09-30T23:00:00Z,random,no_error,MC-03,legacy historical QA label,2026-09-30T23:00:00Z
QA-C-00331,INT-0776951,R-C,2026-09-30T23:00:00Z,random,no_error,MC-03,legacy historical QA label,2026-09-30T23:00:00Z
QA-C-00332,INT-0790023,R-C,2026-09-30T23:00:00Z,random,no_error,MC-03,legacy historical QA label,2026-09-30T23:00:00Z
QA-C-00333,INT-0306442,R-C,2026-09-30T23:00:00Z,random,no_error,MC-03,legacy historical QA label,2026-09-30T23:00:00Z
QA-C-00334,INT-0078695,R-C,2026-09-30T23:00:00Z,random,no_error,MC-03,legacy historical QA label,2026-09-30T23:00:00Z
QA-C-00335,INT-0878751,R-C,2026-09-30T23:00:00Z,random,no_error,MC-03,legacy historical QA label,2026-09-30T23:00:00Z
QA-C-00336,INT-0626532,R-C,2026-09-30T23:00:00Z,random,no_error,MC-03,legacy historical QA label,2026-09-30T23:00:00Z
QA-C-00337,INT-0300592,R-C,2026-09-30T23:00:00Z,random,no_error,MC-03,legacy historical QA label,2026-09-30T23:00:00Z
QA-C-00338,INT-0935042,R-C,2026-09-30T23:00:00Z,random,no_error,MC-03,legacy historical QA label,2026-09-30T23:00:00Z
QA-C-00339,INT-0051419,R-C,2026-09-30T23:00:00Z,random,no_error,MC-03,legacy historical QA label,2026-09-30T23:00:00Z
QA-C-00340,INT-0953594,R-C,2026-09-30T23:00:00Z,random,no_error,MC-03,legacy historical QA label,2026-09-30T23:00:00Z
QA-C-00341,INT-0079009,R-C,2026-09-30T23:00:00Z,random,no_error,MC-03,legacy historical QA label,2026-09-30T23:00:00Z
QA-C-00342,INT-0475159,R-C,2026-09-30T23:00:00Z,random,no_error,MC-03,legacy historical QA label,2026-09-30T23:00:00Z
QA-C-00343,INT-0601821,R-C,2026-09-30T23:00:00Z,random,no_error,MC-03,legacy historical QA label,2026-09-30T23:00:00Z
QA-C-00344,INT-0765910,R-C,2026-09-30T23:00:00Z,random,no_error,MC-03,legacy historical QA label,2026-09-30T23:00:00Z
QA-C-00345,INT-0190077,R-C,2026-09-30T23:00:00Z,random,no_error,MC-03,legacy historical QA label,2026-09-30T23:00:00Z
QA-C-00346,INT-0625756,R-C,2026-09-30T23:00:00Z,random,no_error,MC-03,legacy historical QA label,2026-09-30T23:00:00Z
