statement_id,account_id,period_start,period_end,ending_balance,transmitted_at,available_at
STM-00001-202607,ACC-00001,2026-06-04,2026-07-03,1073.04,2026-07-04T04:00:00Z,2026-07-04T04:00:00Z
STM-00001-202608,ACC-00001,2026-07-04,2026-08-03,1988.61,2026-08-04T04:00:00Z,2026-08-04T04:00:00Z
STM-00001-202609,ACC-00001,2026-08-04,2026-09-03,1505.65,2026-09-04T04:00:00Z,2026-09-04T04:00:00Z
STM-00001-202610,ACC-00001,2026-09-04,2026-10-03,1054.85,2026-10-04T04:00:00Z,2026-10-04T04:00:00Z
STM-00001-202611,ACC-00001,2026-10-04,2026-11-03,744.48,2026-11-04T05:00:00Z,2026-11-04T05:00:00Z
STM-00002-202609,ACC-00002,2026-08-13,2026-09-12,0.00,2026-09-13T04:00:00Z,2026-09-13T04:00:00Z
STM-00002-202610,ACC-00002,2026-09-13,2026-10-12,2515.79,2026-10-13T04:00:00Z,2026-10-13T04:00:00Z
STM-00002-202611,ACC-00002,2026-10-13,2026-11-12,3312.59,2026-11-13T05:00:00Z,2026-11-13T05:00:00Z
STM-00003-202607,ACC-00003,2026-06-26,2026-07-25,868.55,2026-07-26T04:00:00Z,2026-07-26T04:00:00Z
STM-00003-202608,ACC-00003,2026-07-26,2026-08-25,565.67,2026-08-26T04:00:00Z,2026-08-26T04:00:00Z
STM-00003-202609,ACC-00003,2026-08-26,2026-09-25,400.76,2026-09-26T04:00:00Z,2026-09-26T04:00:00Z
STM-00003-202610,ACC-00003,2026-09-26,2026-10-25,457.31,2026-10-26T04:00:00Z,2026-10-26T04:00:00Z
STM-00004-202607,ACC-00004,2026-06-26,2026-07-25,179.63,2026-07-26T04:00:00Z,2026-07-26T04:00:00Z
STM-00004-202608,ACC-00004,2026-07-26,2026-08-25,88.14,2026-08-26T04:00:00Z,2026-08-26T04:00:00Z
STM-00004-202609,ACC-00004,2026-08-26,2026-09-25,126.39,2026-09-26T04:00:00Z,2026-09-26T04:00:00Z
STM-00004-202610,ACC-00004,2026-09-26,2026-10-25,203.45,2026-10-26T04:00:00Z,2026-10-26T04:00:00Z
STM-00005-202607,ACC-00005,2026-06-09,2026-07-08,2877.27,2026-07-09T04:00:00Z,2026-07-09T04:00:00Z
STM-00005-202608,ACC-00005,2026-07-09,2026-08-08,2253.21,2026-08-09T04:00:00Z,2026-08-09T04:00:00Z
STM-00005-202609,ACC-00005,2026-08-09,2026-09-08,2700.30,2026-09-09T04:00:00Z,2026-09-09T04:00:00Z
STM-00005-202610,ACC-00005,2026-09-09,2026-10-08,1753.94,2026-10-09T04:00:00Z,2026-10-09T04:00:00Z
STM-00005-202611,ACC-00005,2026-10-09,2026-11-08,3143.13,2026-11-09T05:00:00Z,2026-11-09T05:00:00Z
STM-00006-202607,ACC-00006,2026-06-18,2026-07-17,1672.50,2026-07-18T04:00:00Z,2026-07-18T04:00:00Z
STM-00006-202608,ACC-00006,2026-07-18,2026-08-17,1568.59,2026-08-18T04:00:00Z,2026-08-18T04:00:00Z
STM-00006-202609,ACC-00006,2026-08-18,2026-09-17,1012.04,2026-09-18T04:00:00Z,2026-09-18T04:00:00Z
STM-00006-202610,ACC-00006,2026-09-18,2026-10-17,1477.59,2026-10-18T04:00:00Z,2026-10-18T04:00:00Z
STM-00007-202607,ACC-00007,2026-06-21,2026-07-20,8593.84,2026-07-21T04:00:00Z,2026-07-21T04:00:00Z
STM-00007-202608,ACC-00007,2026-07-21,2026-08-20,7888.85,2026-08-21T04:00:00Z,2026-08-21T04:00:00Z
STM-00007-202609,ACC-00007,2026-08-21,2026-09-20,7069.85,2026-09-21T04:00:00Z,2026-09-21T04:00:00Z
STM-00007-202610,ACC-00007,2026-09-21,2026-10-20,7677.59,2026-10-21T04:00:00Z,2026-10-21T04:00:00Z
STM-00008-202609,ACC-00008,2026-08-21,2026-09-20,926.44,2026-09-21T04:00:00Z,2026-09-21T04:00:00Z
STM-00008-202610,ACC-00008,2026-09-21,2026-10-20,1229.24,2026-10-21T04:00:00Z,2026-10-21T04:00:00Z
STM-00009-202607,ACC-00009,2026-06-13,2026-07-12,3311.98,2026-07-13T04:00:00Z,2026-07-13T04:00:00Z
STM-00009-202608,ACC-00009,2026-07-13,2026-08-12,1139.82,2026-08-13T04:00:00Z,2026-08-13T04:00:00Z
STM-00009-202609,ACC-00009,2026-08-13,2026-09-12,3654.78,2026-09-13T04:00:00Z,2026-09-13T04:00:00Z
STM-00009-202610,ACC-00009,2026-09-13,2026-10-12,3010.28,2026-10-13T04:00:00Z,2026-10-13T04:00:00Z
STM-00009-202611,ACC-00009,2026-10-13,2026-11-12,2326.01,2026-11-13T05:00:00Z,2026-11-13T05:00:00Z
STM-00010-202607,ACC-00010,2026-06-18,2026-07-17,525.76,2026-07-18T04:00:00Z,2026-07-18T04:00:00Z
STM-00010-202608,ACC-00010,2026-07-18,2026-08-17,492.57,2026-08-18T04:00:00Z,2026-08-18T04:00:00Z
STM-00010-202609,ACC-00010,2026-08-18,2026-09-17,366.55,2026-09-18T04:00:00Z,2026-09-18T04:00:00Z
STM-00010-202610,ACC-00010,2026-09-18,2026-10-17,422.39,2026-10-18T04:00:00Z,2026-10-18T04:00:00Z
STM-00011-202607,ACC-00011,2026-06-09,2026-07-08,45.88,2026-07-09T04:00:00Z,2026-07-09T04:00:00Z
STM-00011-202608,ACC-00011,2026-07-09,2026-08-08,70.36,2026-08-09T04:00:00Z,2026-08-09T04:00:00Z
STM-00011-202609,ACC-00011,2026-08-09,2026-09-08,54.19,2026-09-09T04:00:00Z,2026-09-09T04:00:00Z
STM-00011-202610,ACC-00011,2026-09-09,2026-10-08,60.79,2026-10-09T04:00:00Z,2026-10-09T04:00:00Z
STM-00011-202611,ACC-00011,2026-10-09,2026-11-08,51.52,2026-11-09T05:00:00Z,2026-11-09T05:00:00Z
STM-00012-202607,ACC-00012,2026-06-09,2026-07-08,1752.11,2026-07-09T04:00:00Z,2026-07-09T04:00:00Z
STM-00012-202608,ACC-00012,2026-07-09,2026-08-08,2628.26,2026-08-09T04:00:00Z,2026-08-09T04:00:00Z
STM-00012-202609,ACC-00012,2026-08-09,2026-09-08,2469.27,2026-09-09T04:00:00Z,2026-09-09T04:00:00Z
STM-00012-202610,ACC-00012,2026-09-09,2026-10-08,2784.88,2026-10-09T04:00:00Z,2026-10-09T04:00:00Z
STM-00012-202611,ACC-00012,2026-10-09,2026-11-08,2349.25,2026-11-09T05:00:00Z,2026-11-09T05:00:00Z
STM-00013-202607,ACC-00013,2026-06-04,2026-07-03,2383.89,2026-07-04T04:00:00Z,2026-07-04T04:00:00Z
STM-00013-202608,ACC-00013,2026-07-04,2026-08-03,2544.65,2026-08-04T04:00:00Z,2026-08-04T04:00:00Z
STM-00013-202609,ACC-00013,2026-08-04,2026-09-03,2886.56,2026-09-04T04:00:00Z,2026-09-04T04:00:00Z
STM-00013-202610,ACC-00013,2026-09-04,2026-10-03,2540.66,2026-10-04T04:00:00Z,2026-10-04T04:00:00Z
STM-00013-202611,ACC-00013,2026-10-04,2026-11-03,2090.26,2026-11-04T05:00:00Z,2026-11-04T05:00:00Z
STM-00014-202607,ACC-00014,2026-06-04,2026-07-03,8678.30,2026-07-04T04:00:00Z,2026-07-04T04:00:00Z
STM-00014-202608,ACC-00014,2026-07-04,2026-08-03,9988.85,2026-08-04T04:00:00Z,2026-08-04T04:00:00Z
STM-00014-202609,ACC-00014,2026-08-04,2026-09-03,4456.59,2026-09-04T04:00:00Z,2026-09-04T04:00:00Z
STM-00014-202610,ACC-00014,2026-09-04,2026-10-03,11092.10,2026-10-04T04:00:00Z,2026-10-04T04:00:00Z
STM-00014-202611,ACC-00014,2026-10-04,2026-11-03,8085.87,2026-11-04T05:00:00Z,2026-11-04T05:00:00Z
STM-00015-202607,ACC-00015,2026-06-21,2026-07-20,338.16,2026-07-21T04:00:00Z,2026-07-21T04:00:00Z
STM-00015-202608,ACC-00015,2026-07-21,2026-08-20,404.62,2026-08-21T04:00:00Z,2026-08-21T04:00:00Z
STM-00015-202609,ACC-00015,2026-08-21,2026-09-20,415.76,2026-09-21T04:00:00Z,2026-09-21T04:00:00Z
STM-00015-202610,ACC-00015,2026-09-21,2026-10-20,257.36,2026-10-21T04:00:00Z,2026-10-21T04:00:00Z
STM-00016-202607,ACC-00016,2026-06-26,2026-07-25,5544.15,2026-07-26T04:00:00Z,2026-07-26T04:00:00Z
STM-00016-202608,ACC-00016,2026-07-26,2026-08-25,3605.67,2026-08-26T04:00:00Z,2026-08-26T04:00:00Z
STM-00016-202609,ACC-00016,2026-08-26,2026-09-25,5057.34,2026-09-26T04:00:00Z,2026-09-26T04:00:00Z
STM-00016-202610,ACC-00016,2026-09-26,2026-10-25,3264.73,2026-10-26T04:00:00Z,2026-10-26T04:00:00Z
STM-00017-202607,ACC-00017,2026-06-09,2026-07-08,1506.25,2026-07-09T04:00:00Z,2026-07-09T04:00:00Z
STM-00017-202608,ACC-00017,2026-07-09,2026-08-08,1638.53,2026-08-09T04:00:00Z,2026-08-09T04:00:00Z
STM-00017-202609,ACC-00017,2026-08-09,2026-09-08,1339.03,2026-09-09T04:00:00Z,2026-09-09T04:00:00Z
STM-00017-202610,ACC-00017,2026-09-09,2026-10-08,2015.34,2026-10-09T04:00:00Z,2026-10-09T04:00:00Z
STM-00017-202611,ACC-00017,2026-10-09,2026-11-08,1933.83,2026-11-09T05:00:00Z,2026-11-09T05:00:00Z
STM-00018-202609,ACC-00018,2026-08-04,2026-09-03,2754.05,2026-09-04T04:00:00Z,2026-09-04T04:00:00Z
STM-00018-202610,ACC-00018,2026-09-04,2026-10-03,2359.38,2026-10-04T04:00:00Z,2026-10-04T04:00:00Z
STM-00018-202611,ACC-00018,2026-10-04,2026-11-03,1975.44,2026-11-04T05:00:00Z,2026-11-04T05:00:00Z
STM-00019-202607,ACC-00019,2026-06-26,2026-07-25,3407.50,2026-07-26T04:00:00Z,2026-07-26T04:00:00Z
STM-00019-202608,ACC-00019,2026-07-26,2026-08-25,2563.38,2026-08-26T04:00:00Z,2026-08-26T04:00:00Z
STM-00019-202609,ACC-00019,2026-08-26,2026-09-25,1801.74,2026-09-26T04:00:00Z,2026-09-26T04:00:00Z
STM-00019-202610,ACC-00019,2026-09-26,2026-10-25,1728.79,2026-10-26T04:00:00Z,2026-10-26T04:00:00Z
STM-00020-202607,ACC-00020,2026-06-09,2026-07-08,2049.66,2026-07-09T04:00:00Z,2026-07-09T04:00:00Z
STM-00020-202608,ACC-00020,2026-07-09,2026-08-08,2496.69,2026-08-09T04:00:00Z,2026-08-09T04:00:00Z
STM-00020-202609,ACC-00020,2026-08-09,2026-09-08,2703.56,2026-09-09T04:00:00Z,2026-09-09T04:00:00Z
STM-00020-202610,ACC-00020,2026-09-09,2026-10-08,2427.20,2026-10-09T04:00:00Z,2026-10-09T04:00:00Z
STM-00020-202611,ACC-00020,2026-10-09,2026-11-08,1946.49,2026-11-09T05:00:00Z,2026-11-09T05:00:00Z
STM-00021-202607,ACC-00021,2026-06-21,2026-07-20,4029.69,2026-07-21T04:00:00Z,2026-07-21T04:00:00Z
STM-00021-202608,ACC-00021,2026-07-21,2026-08-20,10734.09,2026-08-21T04:00:00Z,2026-08-21T04:00:00Z
STM-00021-202609,ACC-00021,2026-08-21,2026-09-20,9539.33,2026-09-21T04:00:00Z,2026-09-21T04:00:00Z
STM-00021-202610,ACC-00021,2026-09-21,2026-10-20,5726.39,2026-10-21T04:00:00Z,2026-10-21T04:00:00Z
STM-00022-202607,ACC-00022,2026-06-26,2026-07-25,1657.66,2026-07-26T04:00:00Z,2026-07-26T04:00:00Z
STM-00022-202608,ACC-00022,2026-07-26,2026-08-25,1083.07,2026-08-26T04:00:00Z,2026-08-26T04:00:00Z
STM-00022-202609,ACC-00022,2026-08-26,2026-09-25,2016.70,2026-09-26T04:00:00Z,2026-09-26T04:00:00Z
STM-00022-202610,ACC-00022,2026-09-26,2026-10-25,1919.19,2026-10-26T04:00:00Z,2026-10-26T04:00:00Z
STM-00023-202607,ACC-00023,2026-06-18,2026-07-17,1413.67,2026-07-18T04:00:00Z,2026-07-18T04:00:00Z
STM-00023-202608,ACC-00023,2026-07-18,2026-08-17,1396.12,2026-08-18T04:00:00Z,2026-08-18T04:00:00Z
STM-00023-202609,ACC-00023,2026-08-18,2026-09-17,901.12,2026-09-18T04:00:00Z,2026-09-18T04:00:00Z
STM-00023-202610,ACC-00023,2026-09-18,2026-10-17,1317.40,2026-10-18T04:00:00Z,2026-10-18T04:00:00Z
STM-00024-202607,ACC-00024,2026-06-13,2026-07-12,1072.71,2026-07-13T04:00:00Z,2026-07-13T04:00:00Z
STM-00024-202608,ACC-00024,2026-07-13,2026-08-12,1447.47,2026-08-13T04:00:00Z,2026-08-13T04:00:00Z
STM-00024-202609,ACC-00024,2026-08-13,2026-09-12,1498.49,2026-09-13T04:00:00Z,2026-09-13T04:00:00Z
STM-00024-202610,ACC-00024,2026-09-13,2026-10-12,1582.72,2026-10-13T04:00:00Z,2026-10-13T04:00:00Z
STM-00024-202611,ACC-00024,2026-10-13,2026-11-12,1025.06,2026-11-13T05:00:00Z,2026-11-13T05:00:00Z
STM-00025-202608,ACC-00025,2026-07-26,2026-08-25,201.12,2026-08-26T04:00:00Z,2026-08-26T04:00:00Z
STM-00025-202609,ACC-00025,2026-08-26,2026-09-25,1247.69,2026-09-26T04:00:00Z,2026-09-26T04:00:00Z
STM-00025-202610,ACC-00025,2026-09-26,2026-10-25,1843.90,2026-10-26T04:00:00Z,2026-10-26T04:00:00Z
STM-00026-202607,ACC-00026,2026-06-18,2026-07-17,403.00,2026-07-18T04:00:00Z,2026-07-18T04:00:00Z
STM-00026-202608,ACC-00026,2026-07-18,2026-08-17,876.87,2026-08-18T04:00:00Z,2026-08-18T04:00:00Z
STM-00026-202609,ACC-00026,2026-08-18,2026-09-17,924.48,2026-09-18T04:00:00Z,2026-09-18T04:00:00Z
STM-00026-202610,ACC-00026,2026-09-18,2026-10-17,843.68,2026-10-18T04:00:00Z,2026-10-18T04:00:00Z
STM-00027-202607,ACC-00027,2026-06-09,2026-07-08,596.29,2026-07-09T04:00:00Z,2026-07-09T04:00:00Z
STM-00027-202608,ACC-00027,2026-07-09,2026-08-08,462.03,2026-08-09T04:00:00Z,2026-08-09T04:00:00Z
STM-00027-202609,ACC-00027,2026-08-09,2026-09-08,523.89,2026-09-09T04:00:00Z,2026-09-09T04:00:00Z
STM-00027-202610,ACC-00027,2026-09-09,2026-10-08,298.78,2026-10-09T04:00:00Z,2026-10-09T04:00:00Z
STM-00027-202611,ACC-00027,2026-10-09,2026-11-08,675.26,2026-11-09T05:00:00Z,2026-11-09T05:00:00Z
STM-00028-202607,ACC-00028,2026-06-13,2026-07-12,5107.16,2026-07-13T04:00:00Z,2026-07-13T04:00:00Z
STM-00028-202608,ACC-00028,2026-07-13,2026-08-12,12062.98,2026-08-13T04:00:00Z,2026-08-13T04:00:00Z
STM-00028-202609,ACC-00028,2026-08-13,2026-09-12,12232.77,2026-09-13T04:00:00Z,2026-09-13T04:00:00Z
STM-00028-202610,ACC-00028,2026-09-13,2026-10-12,8812.87,2026-10-13T04:00:00Z,2026-10-13T04:00:00Z
STM-00028-202611,ACC-00028,2026-10-13,2026-11-12,8765.30,2026-11-13T05:00:00Z,2026-11-13T05:00:00Z
STM-00029-202607,ACC-00029,2026-06-09,2026-07-08,2404.75,2026-07-09T04:00:00Z,2026-07-09T04:00:00Z
STM-00029-202608,ACC-00029,2026-07-09,2026-08-08,2845.60,2026-08-09T04:00:00Z,2026-08-09T04:00:00Z
STM-00029-202609,ACC-00029,2026-08-09,2026-09-08,2037.10,2026-09-09T04:00:00Z,2026-09-09T04:00:00Z
STM-00029-202610,ACC-00029,2026-09-09,2026-10-08,3106.77,2026-10-09T04:00:00Z,2026-10-09T04:00:00Z
STM-00029-202611,ACC-00029,2026-10-09,2026-11-08,2776.10,2026-11-09T05:00:00Z,2026-11-09T05:00:00Z
STM-00030-202607,ACC-00030,2026-06-04,2026-07-03,284.46,2026-07-04T04:00:00Z,2026-07-04T04:00:00Z
STM-00030-202608,ACC-00030,2026-07-04,2026-08-03,586.08,2026-08-04T04:00:00Z,2026-08-04T04:00:00Z
STM-00030-202609,ACC-00030,2026-08-04,2026-09-03,0.00,2026-09-04T04:00:00Z,2026-09-04T04:00:00Z
STM-00030-202610,ACC-00030,2026-09-04,2026-10-03,593.84,2026-10-04T04:00:00Z,2026-10-04T04:00:00Z
STM-00030-202611,ACC-00030,2026-10-04,2026-11-03,549.90,2026-11-04T05:00:00Z,2026-11-04T05:00:00Z
STM-00031-202607,ACC-00031,2026-06-13,2026-07-12,2415.16,2026-07-13T04:00:00Z,2026-07-13T04:00:00Z
STM-00031-202608,ACC-00031,2026-07-13,2026-08-12,1683.84,2026-08-13T04:00:00Z,2026-08-13T04:00:00Z
STM-00031-202609,ACC-00031,2026-08-13,2026-09-12,1036.61,2026-09-13T04:00:00Z,2026-09-13T04:00:00Z
STM-00031-202610,ACC-00031,2026-09-13,2026-10-12,1282.86,2026-10-13T04:00:00Z,2026-10-13T04:00:00Z
STM-00031-202611,ACC-00031,2026-10-13,2026-11-12,1148.91,2026-11-13T05:00:00Z,2026-11-13T05:00:00Z
STM-00032-202607,ACC-00032,2026-06-21,2026-07-20,2378.14,2026-07-21T04:00:00Z,2026-07-21T04:00:00Z
STM-00032-202608,ACC-00032,2026-07-21,2026-08-20,1872.72,2026-08-21T04:00:00Z,2026-08-21T04:00:00Z
STM-00032-202609,ACC-00032,2026-08-21,2026-09-20,3196.98,2026-09-21T04:00:00Z,2026-09-21T04:00:00Z
STM-00032-202610,ACC-00032,2026-09-21,2026-10-20,2926.85,2026-10-21T04:00:00Z,2026-10-21T04:00:00Z
STM-00033-202607,ACC-00033,2026-06-13,2026-07-12,8875.59,2026-07-13T04:00:00Z,2026-07-13T04:00:00Z
STM-00033-202608,ACC-00033,2026-07-13,2026-08-12,7030.06,2026-08-13T04:00:00Z,2026-08-13T04:00:00Z
STM-00033-202609,ACC-00033,2026-08-13,2026-09-12,5178.89,2026-09-13T04:00:00Z,2026-09-13T04:00:00Z
STM-00033-202610,ACC-00033,2026-09-13,2026-10-12,6255.93,2026-10-13T04:00:00Z,2026-10-13T04:00:00Z
STM-00033-202611,ACC-00033,2026-10-13,2026-11-12,3968.87,2026-11-13T05:00:00Z,2026-11-13T05:00:00Z
STM-00034-202607,ACC-00034,2026-06-09,2026-07-08,7943.66,2026-07-09T04:00:00Z,2026-07-09T04:00:00Z
STM-00034-202608,ACC-00034,2026-07-09,2026-08-08,6041.61,2026-08-09T04:00:00Z,2026-08-09T04:00:00Z
STM-00034-202609,ACC-00034,2026-08-09,2026-09-08,4156.97,2026-09-09T04:00:00Z,2026-09-09T04:00:00Z
STM-00034-202610,ACC-00034,2026-09-09,2026-10-08,3527.86,2026-10-09T04:00:00Z,2026-10-09T04:00:00Z
STM-00034-202611,ACC-00034,2026-10-09,2026-11-08,5031.63,2026-11-09T05:00:00Z,2026-11-09T05:00:00Z
STM-00035-202607,ACC-00035,2026-06-21,2026-07-20,156.55,2026-07-21T04:00:00Z,2026-07-21T04:00:00Z
STM-00035-202608,ACC-00035,2026-07-21,2026-08-20,201.12,2026-08-21T04:00:00Z,2026-08-21T04:00:00Z
STM-00035-202609,ACC-00035,2026-08-21,2026-09-20,206.91,2026-09-21T04:00:00Z,2026-09-21T04:00:00Z
STM-00035-202610,ACC-00035,2026-09-21,2026-10-20,186.82,2026-10-21T04:00:00Z,2026-10-21T04:00:00Z
STM-00036-202608,ACC-00036,2026-07-26,2026-08-25,208.32,2026-08-26T04:00:00Z,2026-08-26T04:00:00Z
STM-00036-202609,ACC-00036,2026-08-26,2026-09-25,194.47,2026-09-26T04:00:00Z,2026-09-26T04:00:00Z
STM-00036-202610,ACC-00036,2026-09-26,2026-10-25,89.51,2026-10-26T04:00:00Z,2026-10-26T04:00:00Z
STM-00037-202607,ACC-00037,2026-06-13,2026-07-12,4607.42,2026-07-13T04:00:00Z,2026-07-13T04:00:00Z
STM-00037-202608,ACC-00037,2026-07-13,2026-08-12,4140.54,2026-08-13T04:00:00Z,2026-08-13T04:00:00Z
STM-00037-202609,ACC-00037,2026-08-13,2026-09-12,2661.75,2026-09-13T04:00:00Z,2026-09-13T04:00:00Z
STM-00037-202610,ACC-00037,2026-09-13,2026-10-12,3700.91,2026-10-13T04:00:00Z,2026-10-13T04:00:00Z
STM-00037-202611,ACC-00037,2026-10-13,2026-11-12,5150.31,2026-11-13T05:00:00Z,2026-11-13T05:00:00Z
STM-00038-202607,ACC-00038,2026-06-04,2026-07-03,942.60,2026-07-04T04:00:00Z,2026-07-04T04:00:00Z
STM-00038-202608,ACC-00038,2026-07-04,2026-08-03,1266.50,2026-08-04T04:00:00Z,2026-08-04T04:00:00Z
STM-00038-202609,ACC-00038,2026-08-04,2026-09-03,630.26,2026-09-04T04:00:00Z,2026-09-04T04:00:00Z
STM-00038-202610,ACC-00038,2026-09-04,2026-10-03,595.67,2026-10-04T04:00:00Z,2026-10-04T04:00:00Z
STM-00038-202611,ACC-00038,2026-10-04,2026-11-03,704.61,2026-11-04T05:00:00Z,2026-11-04T05:00:00Z
STM-00039-202607,ACC-00039,2026-06-13,2026-07-12,138.52,2026-07-13T04:00:00Z,2026-07-13T04:00:00Z
STM-00039-202608,ACC-00039,2026-07-13,2026-08-12,89.99,2026-08-13T04:00:00Z,2026-08-13T04:00:00Z
STM-00039-202609,ACC-00039,2026-08-13,2026-09-12,144.25,2026-09-13T04:00:00Z,2026-09-13T04:00:00Z
STM-00039-202610,ACC-00039,2026-09-13,2026-10-12,109.91,2026-10-13T04:00:00Z,2026-10-13T04:00:00Z
STM-00039-202611,ACC-00039,2026-10-13,2026-11-12,34.33,2026-11-13T05:00:00Z,2026-11-13T05:00:00Z
STM-00040-202607,ACC-00040,2026-06-21,2026-07-20,2356.90,2026-07-21T04:00:00Z,2026-07-21T04:00:00Z
STM-00040-202608,ACC-00040,2026-07-21,2026-08-20,2359.02,2026-08-21T04:00:00Z,2026-08-21T04:00:00Z
STM-00040-202609,ACC-00040,2026-08-21,2026-09-20,2221.89,2026-09-21T04:00:00Z,2026-09-21T04:00:00Z
STM-00040-202610,ACC-00040,2026-09-21,2026-10-20,2236.66,2026-10-21T04:00:00Z,2026-10-21T04:00:00Z
STM-00041-202607,ACC-00041,2026-06-13,2026-07-12,0.00,2026-07-13T04:00:00Z,2026-07-13T04:00:00Z
STM-00041-202608,ACC-00041,2026-07-13,2026-08-12,63.62,2026-08-13T04:00:00Z,2026-08-13T04:00:00Z
STM-00041-202609,ACC-00041,2026-08-13,2026-09-12,0.00,2026-09-13T04:00:00Z,2026-09-13T04:00:00Z
STM-00041-202610,ACC-00041,2026-09-13,2026-10-12,65.89,2026-10-13T04:00:00Z,2026-10-13T04:00:00Z
STM-00041-202611,ACC-00041,2026-10-13,2026-11-12,54.06,2026-11-13T05:00:00Z,2026-11-13T05:00:00Z
STM-00042-202607,ACC-00042,2026-06-13,2026-07-12,131.21,2026-07-13T04:00:00Z,2026-07-13T04:00:00Z
STM-00042-202608,ACC-00042,2026-07-13,2026-08-12,187.96,2026-08-13T04:00:00Z,2026-08-13T04:00:00Z
STM-00042-202609,ACC-00042,2026-08-13,2026-09-12,209.48,2026-09-13T04:00:00Z,2026-09-13T04:00:00Z
STM-00042-202610,ACC-00042,2026-09-13,2026-10-12,155.22,2026-10-13T04:00:00Z,2026-10-13T04:00:00Z
STM-00042-202611,ACC-00042,2026-10-13,2026-11-12,192.04,2026-11-13T05:00:00Z,2026-11-13T05:00:00Z
STM-00043-202607,ACC-00043,2026-06-04,2026-07-03,3449.39,2026-07-04T04:00:00Z,2026-07-04T04:00:00Z
STM-00043-202608,ACC-00043,2026-07-04,2026-08-03,4254.29,2026-08-04T04:00:00Z,2026-08-04T04:00:00Z
STM-00043-202609,ACC-00043,2026-08-04,2026-09-03,3243.58,2026-09-04T04:00:00Z,2026-09-04T04:00:00Z
STM-00043-202610,ACC-00043,2026-09-04,2026-10-03,3310.96,2026-10-04T04:00:00Z,2026-10-04T04:00:00Z
STM-00043-202611,ACC-00043,2026-10-04,2026-11-03,3744.86,2026-11-04T05:00:00Z,2026-11-04T05:00:00Z
STM-00044-202607,ACC-00044,2026-06-13,2026-07-12,2112.86,2026-07-13T04:00:00Z,2026-07-13T04:00:00Z
STM-00044-202608,ACC-00044,2026-07-13,2026-08-12,2341.45,2026-08-13T04:00:00Z,2026-08-13T04:00:00Z
STM-00044-202609,ACC-00044,2026-08-13,2026-09-12,1854.39,2026-09-13T04:00:00Z,2026-09-13T04:00:00Z
STM-00044-202610,ACC-00044,2026-09-13,2026-10-12,2101.20,2026-10-13T04:00:00Z,2026-10-13T04:00:00Z
STM-00044-202611,ACC-00044,2026-10-13,2026-11-12,2324.70,2026-11-13T05:00:00Z,2026-11-13T05:00:00Z
STM-00045-202607,ACC-00045,2026-06-09,2026-07-08,1599.30,2026-07-09T04:00:00Z,2026-07-09T04:00:00Z
STM-00045-202608,ACC-00045,2026-07-09,2026-08-08,1452.04,2026-08-09T04:00:00Z,2026-08-09T04:00:00Z
STM-00045-202609,ACC-00045,2026-08-09,2026-09-08,1731.94,2026-09-09T04:00:00Z,2026-09-09T04:00:00Z
STM-00045-202610,ACC-00045,2026-09-09,2026-10-08,1300.15,2026-10-09T04:00:00Z,2026-10-09T04:00:00Z
STM-00045-202611,ACC-00045,2026-10-09,2026-11-08,1537.47,2026-11-09T05:00:00Z,2026-11-09T05:00:00Z
STM-00046-202607,ACC-00046,2026-06-21,2026-07-20,1828.50,2026-07-21T04:00:00Z,2026-07-21T04:00:00Z
STM-00046-202608,ACC-00046,2026-07-21,2026-08-20,1669.93,2026-08-21T04:00:00Z,2026-08-21T04:00:00Z
STM-00046-202609,ACC-00046,2026-08-21,2026-09-20,1488.35,2026-09-21T04:00:00Z,2026-09-21T04:00:00Z
STM-00046-202610,ACC-00046,2026-09-21,2026-10-20,1191.75,2026-10-21T04:00:00Z,2026-10-21T04:00:00Z
STM-00047-202607,ACC-00047,2026-06-09,2026-07-08,0.00,2026-07-09T04:00:00Z,2026-07-09T04:00:00Z
STM-00047-202608,ACC-00047,2026-07-09,2026-08-08,3732.07,2026-08-09T04:00:00Z,2026-08-09T04:00:00Z
STM-00047-202609,ACC-00047,2026-08-09,2026-09-08,4653.94,2026-09-09T04:00:00Z,2026-09-09T04:00:00Z
STM-00047-202610,ACC-00047,2026-09-09,2026-10-08,3722.76,2026-10-09T04:00:00Z,2026-10-09T04:00:00Z
STM-00047-202611,ACC-00047,2026-10-09,2026-11-08,4363.15,2026-11-09T05:00:00Z,2026-11-09T05:00:00Z
STM-00048-202607,ACC-00048,2026-06-13,2026-07-12,3340.09,2026-07-13T04:00:00Z,2026-07-13T04:00:00Z
STM-00048-202608,ACC-00048,2026-07-13,2026-08-12,3464.48,2026-08-13T04:00:00Z,2026-08-13T04:00:00Z
STM-00048-202609,ACC-00048,2026-08-13,2026-09-12,4698.03,2026-09-13T04:00:00Z,2026-09-13T04:00:00Z
STM-00048-202610,ACC-00048,2026-09-13,2026-10-12,3659.34,2026-10-13T04:00:00Z,2026-10-13T04:00:00Z
STM-00048-202611,ACC-00048,2026-10-13,2026-11-12,2803.91,2026-11-13T05:00:00Z,2026-11-13T05:00:00Z
STM-00049-202607,ACC-00049,2026-06-04,2026-07-03,5175.56,2026-07-04T04:00:00Z,2026-07-04T04:00:00Z
STM-00049-202608,ACC-00049,2026-07-04,2026-08-03,7510.15,2026-08-04T04:00:00Z,2026-08-04T04:00:00Z
STM-00049-202609,ACC-00049,2026-08-04,2026-09-03,4926.59,2026-09-04T04:00:00Z,2026-09-04T04:00:00Z
STM-00049-202610,ACC-00049,2026-09-04,2026-10-03,5592.24,2026-10-04T04:00:00Z,2026-10-04T04:00:00Z
STM-00049-202611,ACC-00049,2026-10-04,2026-11-03,7029.12,2026-11-04T05:00:00Z,2026-11-04T05:00:00Z
STM-00050-202607,ACC-00050,2026-06-04,2026-07-03,4097.24,2026-07-04T04:00:00Z,2026-07-04T04:00:00Z
STM-00050-202608,ACC-00050,2026-07-04,2026-08-03,3095.11,2026-08-04T04:00:00Z,2026-08-04T04:00:00Z
STM-00050-202609,ACC-00050,2026-08-04,2026-09-03,2326.53,2026-09-04T04:00:00Z,2026-09-04T04:00:00Z
STM-00050-202610,ACC-00050,2026-09-04,2026-10-03,4337.74,2026-10-04T04:00:00Z,2026-10-04T04:00:00Z
STM-00050-202611,ACC-00050,2026-10-04,2026-11-03,3481.80,2026-11-04T05:00:00Z,2026-11-04T05:00:00Z
STM-00051-202607,ACC-00051,2026-06-13,2026-07-12,1149.20,2026-07-13T04:00:00Z,2026-07-13T04:00:00Z
STM-00051-202608,ACC-00051,2026-07-13,2026-08-12,1087.45,2026-08-13T04:00:00Z,2026-08-13T04:00:00Z
STM-00051-202609,ACC-00051,2026-08-13,2026-09-12,821.67,2026-09-13T04:00:00Z,2026-09-13T04:00:00Z
STM-00051-202610,ACC-00051,2026-09-13,2026-10-12,917.15,2026-10-13T04:00:00Z,2026-10-13T04:00:00Z
STM-00051-202611,ACC-00051,2026-10-13,2026-11-12,832.23,2026-11-13T05:00:00Z,2026-11-13T05:00:00Z
STM-00052-202607,ACC-00052,2026-06-18,2026-07-17,1732.52,2026-07-18T04:00:00Z,2026-07-18T04:00:00Z
STM-00052-202608,ACC-00052,2026-07-18,2026-08-17,1463.34,2026-08-18T04:00:00Z,2026-08-18T04:00:00Z
STM-00052-202609,ACC-00052,2026-08-18,2026-09-17,1922.35,2026-09-18T04:00:00Z,2026-09-18T04:00:00Z
STM-00052-202610,ACC-00052,2026-09-18,2026-10-17,2020.50,2026-10-18T04:00:00Z,2026-10-18T04:00:00Z
STM-00053-202607,ACC-00053,2026-06-13,2026-07-12,4920.27,2026-07-13T04:00:00Z,2026-07-13T04:00:00Z
STM-00053-202608,ACC-00053,2026-07-13,2026-08-12,3963.17,2026-08-13T04:00:00Z,2026-08-13T04:00:00Z
STM-00053-202609,ACC-00053,2026-08-13,2026-09-12,5488.73,2026-09-13T04:00:00Z,2026-09-13T04:00:00Z
STM-00053-202610,ACC-00053,2026-09-13,2026-10-12,3743.24,2026-10-13T04:00:00Z,2026-10-13T04:00:00Z
STM-00053-202611,ACC-00053,2026-10-13,2026-11-12,2612.67,2026-11-13T05:00:00Z,2026-11-13T05:00:00Z
STM-00054-202607,ACC-00054,2026-06-21,2026-07-20,81.80,2026-07-21T04:00:00Z,2026-07-21T04:00:00Z
STM-00054-202608,ACC-00054,2026-07-21,2026-08-20,95.00,2026-08-21T04:00:00Z,2026-08-21T04:00:00Z
STM-00054-202609,ACC-00054,2026-08-21,2026-09-20,68.60,2026-09-21T04:00:00Z,2026-09-21T04:00:00Z
STM-00054-202610,ACC-00054,2026-09-21,2026-10-20,182.26,2026-10-21T04:00:00Z,2026-10-21T04:00:00Z
STM-00055-202607,ACC-00055,2026-06-26,2026-07-25,1529.36,2026-07-26T04:00:00Z,2026-07-26T04:00:00Z
STM-00055-202608,ACC-00055,2026-07-26,2026-08-25,1733.69,2026-08-26T04:00:00Z,2026-08-26T04:00:00Z
STM-00055-202609,ACC-00055,2026-08-26,2026-09-25,1670.74,2026-09-26T04:00:00Z,2026-09-26T04:00:00Z
STM-00055-202610,ACC-00055,2026-09-26,2026-10-25,2320.74,2026-10-26T04:00:00Z,2026-10-26T04:00:00Z
STM-00056-202607,ACC-00056,2026-06-18,2026-07-17,257.19,2026-07-18T04:00:00Z,2026-07-18T04:00:00Z
STM-00056-202608,ACC-00056,2026-07-18,2026-08-17,225.69,2026-08-18T04:00:00Z,2026-08-18T04:00:00Z
STM-00056-202609,ACC-00056,2026-08-18,2026-09-17,270.72,2026-09-18T04:00:00Z,2026-09-18T04:00:00Z
STM-00056-202610,ACC-00056,2026-09-18,2026-10-17,275.20,2026-10-18T04:00:00Z,2026-10-18T04:00:00Z
STM-00057-202607,ACC-00057,2026-06-13,2026-07-12,341.20,2026-07-13T04:00:00Z,2026-07-13T04:00:00Z
STM-00057-202608,ACC-00057,2026-07-13,2026-08-12,240.15,2026-08-13T04:00:00Z,2026-08-13T04:00:00Z
STM-00057-202609,ACC-00057,2026-08-13,2026-09-12,246.74,2026-09-13T04:00:00Z,2026-09-13T04:00:00Z
STM-00057-202610,ACC-00057,2026-09-13,2026-10-12,294.07,2026-10-13T04:00:00Z,2026-10-13T04:00:00Z
STM-00057-202611,ACC-00057,2026-10-13,2026-11-12,292.68,2026-11-13T05:00:00Z,2026-11-13T05:00:00Z
STM-00058-202607,ACC-00058,2026-06-18,2026-07-17,1273.77,2026-07-18T04:00:00Z,2026-07-18T04:00:00Z
STM-00058-202608,ACC-00058,2026-07-18,2026-08-17,1719.15,2026-08-18T04:00:00Z,2026-08-18T04:00:00Z
STM-00058-202609,ACC-00058,2026-08-18,2026-09-17,1486.00,2026-09-18T04:00:00Z,2026-09-18T04:00:00Z
STM-00058-202610,ACC-00058,2026-09-18,2026-10-17,1278.90,2026-10-18T04:00:00Z,2026-10-18T04:00:00Z
STM-00059-202607,ACC-00059,2026-06-18,2026-07-17,14984.67,2026-07-18T04:00:00Z,2026-07-18T04:00:00Z
STM-00059-202608,ACC-00059,2026-07-18,2026-08-17,10087.93,2026-08-18T04:00:00Z,2026-08-18T04:00:00Z
STM-00059-202609,ACC-00059,2026-08-18,2026-09-17,11444.14,2026-09-18T04:00:00Z,2026-09-18T04:00:00Z
STM-00059-202610,ACC-00059,2026-09-18,2026-10-17,10198.95,2026-10-18T04:00:00Z,2026-10-18T04:00:00Z
STM-00060-202607,ACC-00060,2026-06-26,2026-07-25,2671.28,2026-07-26T04:00:00Z,2026-07-26T04:00:00Z
STM-00060-202608,ACC-00060,2026-07-26,2026-08-25,2837.59,2026-08-26T04:00:00Z,2026-08-26T04:00:00Z
STM-00060-202609,ACC-00060,2026-08-26,2026-09-25,2957.34,2026-09-26T04:00:00Z,2026-09-26T04:00:00Z
STM-00060-202610,ACC-00060,2026-09-26,2026-10-25,2716.07,2026-10-26T04:00:00Z,2026-10-26T04:00:00Z
STM-00061-202607,ACC-00061,2026-06-26,2026-07-25,39.60,2026-07-26T04:00:00Z,2026-07-26T04:00:00Z
STM-00061-202608,ACC-00061,2026-07-26,2026-08-25,25.75,2026-08-26T04:00:00Z,2026-08-26T04:00:00Z
STM-00061-202609,ACC-00061,2026-08-26,2026-09-25,25.10,2026-09-26T04:00:00Z,2026-09-26T04:00:00Z
STM-00061-202610,ACC-00061,2026-09-26,2026-10-25,33.29,2026-10-26T04:00:00Z,2026-10-26T04:00:00Z
STM-00062-202607,ACC-00062,2026-06-18,2026-07-17,3370.69,2026-07-18T04:00:00Z,2026-07-18T04:00:00Z
STM-00062-202608,ACC-00062,2026-07-18,2026-08-17,4296.42,2026-08-18T04:00:00Z,2026-08-18T04:00:00Z
STM-00062-202609,ACC-00062,2026-08-18,2026-09-17,2646.02,2026-09-18T04:00:00Z,2026-09-18T04:00:00Z
STM-00062-202610,ACC-00062,2026-09-18,2026-10-17,1815.56,2026-10-18T04:00:00Z,2026-10-18T04:00:00Z
STM-00063-202607,ACC-00063,2026-06-26,2026-07-25,1550.90,2026-07-26T04:00:00Z,2026-07-26T04:00:00Z
STM-00063-202608,ACC-00063,2026-07-26,2026-08-25,1248.74,2026-08-26T04:00:00Z,2026-08-26T04:00:00Z
STM-00063-202609,ACC-00063,2026-08-26,2026-09-25,1981.39,2026-09-26T04:00:00Z,2026-09-26T04:00:00Z
STM-00063-202610,ACC-00063,2026-09-26,2026-10-25,968.96,2026-10-26T04:00:00Z,2026-10-26T04:00:00Z
STM-00064-202607,ACC-00064,2026-06-09,2026-07-08,1448.20,2026-07-09T04:00:00Z,2026-07-09T04:00:00Z
STM-00064-202608,ACC-00064,2026-07-09,2026-08-08,1842.26,2026-08-09T04:00:00Z,2026-08-09T04:00:00Z
STM-00064-202609,ACC-00064,2026-08-09,2026-09-08,1137.48,2026-09-09T04:00:00Z,2026-09-09T04:00:00Z
STM-00064-202610,ACC-00064,2026-09-09,2026-10-08,1506.18,2026-10-09T04:00:00Z,2026-10-09T04:00:00Z
STM-00064-202611,ACC-00064,2026-10-09,2026-11-08,2163.06,2026-11-09T05:00:00Z,2026-11-09T05:00:00Z
STM-00065-202607,ACC-00065,2026-06-04,2026-07-03,4382.91,2026-07-04T04:00:00Z,2026-07-04T04:00:00Z
STM-00065-202608,ACC-00065,2026-07-04,2026-08-03,4556.19,2026-08-04T04:00:00Z,2026-08-04T04:00:00Z
STM-00065-202609,ACC-00065,2026-08-04,2026-09-03,6695.45,2026-09-04T04:00:00Z,2026-09-04T04:00:00Z
STM-00065-202610,ACC-00065,2026-09-04,2026-10-03,7923.59,2026-10-04T04:00:00Z,2026-10-04T04:00:00Z
STM-00065-202611,ACC-00065,2026-10-04,2026-11-03,0.00,2026-11-04T05:00:00Z,2026-11-04T05:00:00Z
STM-00066-202607,ACC-00066,2026-06-13,2026-07-12,12293.89,2026-07-13T04:00:00Z,2026-07-13T04:00:00Z
STM-00066-202608,ACC-00066,2026-07-13,2026-08-12,12960.27,2026-08-13T04:00:00Z,2026-08-13T04:00:00Z
STM-00066-202609,ACC-00066,2026-08-13,2026-09-12,11622.19,2026-09-13T04:00:00Z,2026-09-13T04:00:00Z
STM-00066-202610,ACC-00066,2026-09-13,2026-10-12,12193.72,2026-10-13T04:00:00Z,2026-10-13T04:00:00Z
STM-00066-202611,ACC-00066,2026-10-13,2026-11-12,10400.67,2026-11-13T05:00:00Z,2026-11-13T05:00:00Z
STM-00067-202607,ACC-00067,2026-06-21,2026-07-20,118.93,2026-07-21T04:00:00Z,2026-07-21T04:00:00Z
STM-00067-202608,ACC-00067,2026-07-21,2026-08-20,153.20,2026-08-21T04:00:00Z,2026-08-21T04:00:00Z
STM-00067-202609,ACC-00067,2026-08-21,2026-09-20,125.30,2026-09-21T04:00:00Z,2026-09-21T04:00:00Z
STM-00067-202610,ACC-00067,2026-09-21,2026-10-20,132.10,2026-10-21T04:00:00Z,2026-10-21T04:00:00Z
STM-00068-202607,ACC-00068,2026-06-09,2026-07-08,3071.49,2026-07-09T04:00:00Z,2026-07-09T04:00:00Z
STM-00068-202608,ACC-00068,2026-07-09,2026-08-08,2362.33,2026-08-09T04:00:00Z,2026-08-09T04:00:00Z
STM-00068-202609,ACC-00068,2026-08-09,2026-09-08,3082.17,2026-09-09T04:00:00Z,2026-09-09T04:00:00Z
STM-00068-202610,ACC-00068,2026-09-09,2026-10-08,3113.84,2026-10-09T04:00:00Z,2026-10-09T04:00:00Z
STM-00068-202611,ACC-00068,2026-10-09,2026-11-08,2102.26,2026-11-09T05:00:00Z,2026-11-09T05:00:00Z
STM-00069-202607,ACC-00069,2026-06-26,2026-07-25,3965.05,2026-07-26T04:00:00Z,2026-07-26T04:00:00Z
STM-00069-202608,ACC-00069,2026-07-26,2026-08-25,3862.82,2026-08-26T04:00:00Z,2026-08-26T04:00:00Z
STM-00069-202609,ACC-00069,2026-08-26,2026-09-25,5208.17,2026-09-26T04:00:00Z,2026-09-26T04:00:00Z
STM-00069-202610,ACC-00069,2026-09-26,2026-10-25,3769.83,2026-10-26T04:00:00Z,2026-10-26T04:00:00Z
STM-00070-202607,ACC-00070,2026-06-13,2026-07-12,26.98,2026-07-13T04:00:00Z,2026-07-13T04:00:00Z
STM-00070-202608,ACC-00070,2026-07-13,2026-08-12,54.80,2026-08-13T04:00:00Z,2026-08-13T04:00:00Z
STM-00070-202609,ACC-00070,2026-08-13,2026-09-12,52.41,2026-09-13T04:00:00Z,2026-09-13T04:00:00Z
STM-00070-202610,ACC-00070,2026-09-13,2026-10-12,56.94,2026-10-13T04:00:00Z,2026-10-13T04:00:00Z
STM-00070-202611,ACC-00070,2026-10-13,2026-11-12,75.30,2026-11-13T05:00:00Z,2026-11-13T05:00:00Z
STM-00071-202607,ACC-00071,2026-06-13,2026-07-12,242.31,2026-07-13T04:00:00Z,2026-07-13T04:00:00Z
STM-00071-202608,ACC-00071,2026-07-13,2026-08-12,623.81,2026-08-13T04:00:00Z,2026-08-13T04:00:00Z
STM-00071-202609,ACC-00071,2026-08-13,2026-09-12,720.53,2026-09-13T04:00:00Z,2026-09-13T04:00:00Z
STM-00071-202610,ACC-00071,2026-09-13,2026-10-12,841.42,2026-10-13T04:00:00Z,2026-10-13T04:00:00Z
STM-00071-202611,ACC-00071,2026-10-13,2026-11-12,816.92,2026-11-13T05:00:00Z,2026-11-13T05:00:00Z
STM-00072-202607,ACC-00072,2026-06-26,2026-07-25,292.35,2026-07-26T04:00:00Z,2026-07-26T04:00:00Z
STM-00072-202608,ACC-00072,2026-07-26,2026-08-25,251.41,2026-08-26T04:00:00Z,2026-08-26T04:00:00Z
STM-00072-202609,ACC-00072,2026-08-26,2026-09-25,306.95,2026-09-26T04:00:00Z,2026-09-26T04:00:00Z
STM-00072-202610,ACC-00072,2026-09-26,2026-10-25,297.03,2026-10-26T04:00:00Z,2026-10-26T04:00:00Z
STM-00073-202607,ACC-00073,2026-06-21,2026-07-20,0.00,2026-07-21T04:00:00Z,2026-07-21T04:00:00Z
STM-00073-202608,ACC-00073,2026-07-21,2026-08-20,1848.41,2026-08-21T04:00:00Z,2026-08-21T04:00:00Z
STM-00073-202609,ACC-00073,2026-08-21,2026-09-20,2060.83,2026-09-21T04:00:00Z,2026-09-21T04:00:00Z
STM-00073-202610,ACC-00073,2026-09-21,2026-10-20,2726.92,2026-10-21T04:00:00Z,2026-10-21T04:00:00Z
STM-00074-202607,ACC-00074,2026-06-21,2026-07-20,9204.22,2026-07-21T04:00:00Z,2026-07-21T04:00:00Z
STM-00074-202608,ACC-00074,2026-07-21,2026-08-20,4124.22,2026-08-21T04:00:00Z,2026-08-21T04:00:00Z
STM-00074-202609,ACC-00074,2026-08-21,2026-09-20,8188.66,2026-09-21T04:00:00Z,2026-09-21T04:00:00Z
STM-00074-202610,ACC-00074,2026-09-21,2026-10-20,7784.66,2026-10-21T04:00:00Z,2026-10-21T04:00:00Z
STM-00075-202607,ACC-00075,2026-06-26,2026-07-25,3410.63,2026-07-26T04:00:00Z,2026-07-26T04:00:00Z
STM-00075-202608,ACC-00075,2026-07-26,2026-08-25,2724.30,2026-08-26T04:00:00Z,2026-08-26T04:00:00Z
STM-00075-202609,ACC-00075,2026-08-26,2026-09-25,3494.06,2026-09-26T04:00:00Z,2026-09-26T04:00:00Z
STM-00075-202610,ACC-00075,2026-09-26,2026-10-25,4053.79,2026-10-26T04:00:00Z,2026-10-26T04:00:00Z
STM-00076-202607,ACC-00076,2026-06-18,2026-07-17,5048.91,2026-07-18T04:00:00Z,2026-07-18T04:00:00Z
STM-00076-202608,ACC-00076,2026-07-18,2026-08-17,3710.21,2026-08-18T04:00:00Z,2026-08-18T04:00:00Z
STM-00076-202609,ACC-00076,2026-08-18,2026-09-17,1977.70,2026-09-18T04:00:00Z,2026-09-18T04:00:00Z
STM-00076-202610,ACC-00076,2026-09-18,2026-10-17,3219.49,2026-10-18T04:00:00Z,2026-10-18T04:00:00Z
STM-00077-202607,ACC-00077,2026-06-18,2026-07-17,4659.86,2026-07-18T04:00:00Z,2026-07-18T04:00:00Z
STM-00077-202608,ACC-00077,2026-07-18,2026-08-17,4180.67,2026-08-18T04:00:00Z,2026-08-18T04:00:00Z
STM-00077-202609,ACC-00077,2026-08-18,2026-09-17,3524.66,2026-09-18T04:00:00Z,2026-09-18T04:00:00Z
STM-00077-202610,ACC-00077,2026-09-18,2026-10-17,4045.66,2026-10-18T04:00:00Z,2026-10-18T04:00:00Z
STM-00078-202607,ACC-00078,2026-06-26,2026-07-25,219.92,2026-07-26T04:00:00Z,2026-07-26T04:00:00Z
STM-00078-202608,ACC-00078,2026-07-26,2026-08-25,173.66,2026-08-26T04:00:00Z,2026-08-26T04:00:00Z
STM-00078-202609,ACC-00078,2026-08-26,2026-09-25,142.42,2026-09-26T04:00:00Z,2026-09-26T04:00:00Z
STM-00078-202610,ACC-00078,2026-09-26,2026-10-25,212.30,2026-10-26T04:00:00Z,2026-10-26T04:00:00Z
STM-00079-202607,ACC-00079,2026-06-09,2026-07-08,252.26,2026-07-09T04:00:00Z,2026-07-09T04:00:00Z
STM-00079-202608,ACC-00079,2026-07-09,2026-08-08,177.59,2026-08-09T04:00:00Z,2026-08-09T04:00:00Z
STM-00079-202609,ACC-00079,2026-08-09,2026-09-08,200.73,2026-09-09T04:00:00Z,2026-09-09T04:00:00Z
STM-00079-202610,ACC-00079,2026-09-09,2026-10-08,117.47,2026-10-09T04:00:00Z,2026-10-09T04:00:00Z
STM-00079-202611,ACC-00079,2026-10-09,2026-11-08,113.72,2026-11-09T05:00:00Z,2026-11-09T05:00:00Z
STM-00080-202607,ACC-00080,2026-06-21,2026-07-20,3532.02,2026-07-21T04:00:00Z,2026-07-21T04:00:00Z
STM-00080-202608,ACC-00080,2026-07-21,2026-08-20,3963.47,2026-08-21T04:00:00Z,2026-08-21T04:00:00Z
STM-00080-202609,ACC-00080,2026-08-21,2026-09-20,2556.92,2026-09-21T04:00:00Z,2026-09-21T04:00:00Z
STM-00080-202610,ACC-00080,2026-09-21,2026-10-20,3187.55,2026-10-21T04:00:00Z,2026-10-21T04:00:00Z
STM-00081-202607,ACC-00081,2026-06-13,2026-07-12,1965.54,2026-07-13T04:00:00Z,2026-07-13T04:00:00Z
STM-00081-202608,ACC-00081,2026-07-13,2026-08-12,2083.73,2026-08-13T04:00:00Z,2026-08-13T04:00:00Z
STM-00081-202609,ACC-00081,2026-08-13,2026-09-12,1843.34,2026-09-13T04:00:00Z,2026-09-13T04:00:00Z
STM-00081-202610,ACC-00081,2026-09-13,2026-10-12,1850.40,2026-10-13T04:00:00Z,2026-10-13T04:00:00Z
STM-00081-202611,ACC-00081,2026-10-13,2026-11-12,2115.11,2026-11-13T05:00:00Z,2026-11-13T05:00:00Z
STM-00082-202607,ACC-00082,2026-06-21,2026-07-20,4706.50,2026-07-21T04:00:00Z,2026-07-21T04:00:00Z
STM-00082-202608,ACC-00082,2026-07-21,2026-08-20,6103.10,2026-08-21T04:00:00Z,2026-08-21T04:00:00Z
STM-00082-202609,ACC-00082,2026-08-21,2026-09-20,5867.41,2026-09-21T04:00:00Z,2026-09-21T04:00:00Z
STM-00082-202610,ACC-00082,2026-09-21,2026-10-20,5046.29,2026-10-21T04:00:00Z,2026-10-21T04:00:00Z
STM-00083-202607,ACC-00083,2026-06-04,2026-07-03,6307.65,2026-07-04T04:00:00Z,2026-07-04T04:00:00Z
STM-00083-202608,ACC-00083,2026-07-04,2026-08-03,4951.91,2026-08-04T04:00:00Z,2026-08-04T04:00:00Z
STM-00083-202609,ACC-00083,2026-08-04,2026-09-03,8255.12,2026-09-04T04:00:00Z,2026-09-04T04:00:00Z
STM-00083-202610,ACC-00083,2026-09-04,2026-10-03,4232.10,2026-10-04T04:00:00Z,2026-10-04T04:00:00Z
STM-00083-202611,ACC-00083,2026-10-04,2026-11-03,5600.39,2026-11-04T05:00:00Z,2026-11-04T05:00:00Z
STM-00084-202607,ACC-00084,2026-06-09,2026-07-08,128.62,2026-07-09T04:00:00Z,2026-07-09T04:00:00Z
STM-00084-202608,ACC-00084,2026-07-09,2026-08-08,149.01,2026-08-09T04:00:00Z,2026-08-09T04:00:00Z
STM-00084-202609,ACC-00084,2026-08-09,2026-09-08,179.40,2026-09-09T04:00:00Z,2026-09-09T04:00:00Z
STM-00084-202610,ACC-00084,2026-09-09,2026-10-08,107.70,2026-10-09T04:00:00Z,2026-10-09T04:00:00Z
STM-00084-202611,ACC-00084,2026-10-09,2026-11-08,87.21,2026-11-09T05:00:00Z,2026-11-09T05:00:00Z
STM-00085-202607,ACC-00085,2026-06-21,2026-07-20,2001.13,2026-07-21T04:00:00Z,2026-07-21T04:00:00Z
STM-00085-202608,ACC-00085,2026-07-21,2026-08-20,1809.28,2026-08-21T04:00:00Z,2026-08-21T04:00:00Z
STM-00085-202609,ACC-00085,2026-08-21,2026-09-20,2120.63,2026-09-21T04:00:00Z,2026-09-21T04:00:00Z
STM-00085-202610,ACC-00085,2026-09-21,2026-10-20,1752.54,2026-10-21T04:00:00Z,2026-10-21T04:00:00Z
STM-00086-202607,ACC-00086,2026-06-04,2026-07-03,514.19,2026-07-04T04:00:00Z,2026-07-04T04:00:00Z
STM-00086-202608,ACC-00086,2026-07-04,2026-08-03,689.82,2026-08-04T04:00:00Z,2026-08-04T04:00:00Z
STM-00086-202609,ACC-00086,2026-08-04,2026-09-03,530.92,2026-09-04T04:00:00Z,2026-09-04T04:00:00Z
STM-00086-202610,ACC-00086,2026-09-04,2026-10-03,417.27,2026-10-04T04:00:00Z,2026-10-04T04:00:00Z
STM-00086-202611,ACC-00086,2026-10-04,2026-11-03,1100.57,2026-11-04T05:00:00Z,2026-11-04T05:00:00Z
STM-00087-202607,ACC-00087,2026-06-18,2026-07-17,1225.61,2026-07-18T04:00:00Z,2026-07-18T04:00:00Z
STM-00087-202608,ACC-00087,2026-07-18,2026-08-17,1605.22,2026-08-18T04:00:00Z,2026-08-18T04:00:00Z
STM-00087-202609,ACC-00087,2026-08-18,2026-09-17,1219.50,2026-09-18T04:00:00Z,2026-09-18T04:00:00Z
STM-00087-202610,ACC-00087,2026-09-18,2026-10-17,1412.94,2026-10-18T04:00:00Z,2026-10-18T04:00:00Z
STM-00088-202607,ACC-00088,2026-06-18,2026-07-17,2352.16,2026-07-18T04:00:00Z,2026-07-18T04:00:00Z
STM-00088-202608,ACC-00088,2026-07-18,2026-08-17,3533.49,2026-08-18T04:00:00Z,2026-08-18T04:00:00Z
STM-00088-202609,ACC-00088,2026-08-18,2026-09-17,3841.35,2026-09-18T04:00:00Z,2026-09-18T04:00:00Z
STM-00088-202610,ACC-00088,2026-09-18,2026-10-17,2770.80,2026-10-18T04:00:00Z,2026-10-18T04:00:00Z
STM-00089-202607,ACC-00089,2026-06-18,2026-07-17,39.64,2026-07-18T04:00:00Z,2026-07-18T04:00:00Z
STM-00089-202608,ACC-00089,2026-07-18,2026-08-17,60.06,2026-08-18T04:00:00Z,2026-08-18T04:00:00Z
STM-00089-202609,ACC-00089,2026-08-18,2026-09-17,67.03,2026-09-18T04:00:00Z,2026-09-18T04:00:00Z
STM-00089-202610,ACC-00089,2026-09-18,2026-10-17,126.39,2026-10-18T04:00:00Z,2026-10-18T04:00:00Z
STM-00090-202607,ACC-00090,2026-06-13,2026-07-12,3059.15,2026-07-13T04:00:00Z,2026-07-13T04:00:00Z
STM-00090-202608,ACC-00090,2026-07-13,2026-08-12,3399.35,2026-08-13T04:00:00Z,2026-08-13T04:00:00Z
STM-00090-202609,ACC-00090,2026-08-13,2026-09-12,1876.10,2026-09-13T04:00:00Z,2026-09-13T04:00:00Z
STM-00090-202610,ACC-00090,2026-09-13,2026-10-12,2896.96,2026-10-13T04:00:00Z,2026-10-13T04:00:00Z
STM-00090-202611,ACC-00090,2026-10-13,2026-11-12,3697.19,2026-11-13T05:00:00Z,2026-11-13T05:00:00Z
STM-00091-202607,ACC-00091,2026-06-21,2026-07-20,2865.46,2026-07-21T04:00:00Z,2026-07-21T04:00:00Z
STM-00091-202608,ACC-00091,2026-07-21,2026-08-20,2757.48,2026-08-21T04:00:00Z,2026-08-21T04:00:00Z
STM-00091-202609,ACC-00091,2026-08-21,2026-09-20,3395.02,2026-09-21T04:00:00Z,2026-09-21T04:00:00Z
STM-00091-202610,ACC-00091,2026-09-21,2026-10-20,3667.91,2026-10-21T04:00:00Z,2026-10-21T04:00:00Z
STM-00092-202607,ACC-00092,2026-06-18,2026-07-17,221.47,2026-07-18T04:00:00Z,2026-07-18T04:00:00Z
STM-00092-202608,ACC-00092,2026-07-18,2026-08-17,397.01,2026-08-18T04:00:00Z,2026-08-18T04:00:00Z
STM-00092-202609,ACC-00092,2026-08-18,2026-09-17,303.64,2026-09-18T04:00:00Z,2026-09-18T04:00:00Z
STM-00092-202610,ACC-00092,2026-09-18,2026-10-17,450.74,2026-10-18T04:00:00Z,2026-10-18T04:00:00Z
STM-00093-202607,ACC-00093,2026-06-04,2026-07-03,5096.85,2026-07-04T04:00:00Z,2026-07-04T04:00:00Z
STM-00093-202608,ACC-00093,2026-07-04,2026-08-03,4620.53,2026-08-04T04:00:00Z,2026-08-04T04:00:00Z
STM-00093-202609,ACC-00093,2026-08-04,2026-09-03,4161.85,2026-09-04T04:00:00Z,2026-09-04T04:00:00Z
STM-00093-202610,ACC-00093,2026-09-04,2026-10-03,6974.98,2026-10-04T04:00:00Z,2026-10-04T04:00:00Z
STM-00093-202611,ACC-00093,2026-10-04,2026-11-03,3512.33,2026-11-04T05:00:00Z,2026-11-04T05:00:00Z
STM-00094-202607,ACC-00094,2026-06-13,2026-07-12,3752.72,2026-07-13T04:00:00Z,2026-07-13T04:00:00Z
STM-00094-202608,ACC-00094,2026-07-13,2026-08-12,2203.41,2026-08-13T04:00:00Z,2026-08-13T04:00:00Z
STM-00094-202609,ACC-00094,2026-08-13,2026-09-12,2735.82,2026-09-13T04:00:00Z,2026-09-13T04:00:00Z
STM-00094-202610,ACC-00094,2026-09-13,2026-10-12,2335.70,2026-10-13T04:00:00Z,2026-10-13T04:00:00Z
STM-00094-202611,ACC-00094,2026-10-13,2026-11-12,2036.40,2026-11-13T05:00:00Z,2026-11-13T05:00:00Z
STM-00095-202607,ACC-00095,2026-06-26,2026-07-25,3118.88,2026-07-26T04:00:00Z,2026-07-26T04:00:00Z
STM-00095-202608,ACC-00095,2026-07-26,2026-08-25,2117.88,2026-08-26T04:00:00Z,2026-08-26T04:00:00Z
STM-00095-202609,ACC-00095,2026-08-26,2026-09-25,0.00,2026-09-26T04:00:00Z,2026-09-26T04:00:00Z
STM-00095-202610,ACC-00095,2026-09-26,2026-10-25,3895.08,2026-10-26T04:00:00Z,2026-10-26T04:00:00Z
STM-00096-202607,ACC-00096,2026-06-04,2026-07-03,4086.86,2026-07-04T04:00:00Z,2026-07-04T04:00:00Z
STM-00096-202608,ACC-00096,2026-07-04,2026-08-03,5276.10,2026-08-04T04:00:00Z,2026-08-04T04:00:00Z
STM-00096-202609,ACC-00096,2026-08-04,2026-09-03,0.00,2026-09-04T04:00:00Z,2026-09-04T04:00:00Z
STM-00096-202610,ACC-00096,2026-09-04,2026-10-03,4393.61,2026-10-04T04:00:00Z,2026-10-04T04:00:00Z
STM-00096-202611,ACC-00096,2026-10-04,2026-11-03,5912.15,2026-11-04T05:00:00Z,2026-11-04T05:00:00Z
STM-00097-202607,ACC-00097,2026-06-21,2026-07-20,795.88,2026-07-21T04:00:00Z,2026-07-21T04:00:00Z
STM-00097-202608,ACC-00097,2026-07-21,2026-08-20,367.87,2026-08-21T04:00:00Z,2026-08-21T04:00:00Z
STM-00097-202609,ACC-00097,2026-08-21,2026-09-20,749.57,2026-09-21T04:00:00Z,2026-09-21T04:00:00Z
STM-00097-202610,ACC-00097,2026-09-21,2026-10-20,783.51,2026-10-21T04:00:00Z,2026-10-21T04:00:00Z
STM-00098-202607,ACC-00098,2026-06-18,2026-07-17,3120.03,2026-07-18T04:00:00Z,2026-07-18T04:00:00Z
STM-00098-202608,ACC-00098,2026-07-18,2026-08-17,2791.68,2026-08-18T04:00:00Z,2026-08-18T04:00:00Z
STM-00098-202609,ACC-00098,2026-08-18,2026-09-17,2923.57,2026-09-18T04:00:00Z,2026-09-18T04:00:00Z
STM-00098-202610,ACC-00098,2026-09-18,2026-10-17,2992.07,2026-10-18T04:00:00Z,2026-10-18T04:00:00Z
STM-00099-202607,ACC-00099,2026-06-18,2026-07-17,298.86,2026-07-18T04:00:00Z,2026-07-18T04:00:00Z
STM-00099-202608,ACC-00099,2026-07-18,2026-08-17,0.00,2026-08-18T04:00:00Z,2026-08-18T04:00:00Z
STM-00099-202609,ACC-00099,2026-08-18,2026-09-17,249.89,2026-09-18T04:00:00Z,2026-09-18T04:00:00Z
STM-00099-202610,ACC-00099,2026-09-18,2026-10-17,61.59,2026-10-18T04:00:00Z,2026-10-18T04:00:00Z
STM-00100-202607,ACC-00100,2026-06-21,2026-07-20,150.34,2026-07-21T04:00:00Z,2026-07-21T04:00:00Z
STM-00100-202608,ACC-00100,2026-07-21,2026-08-20,210.18,2026-08-21T04:00:00Z,2026-08-21T04:00:00Z
STM-00100-202609,ACC-00100,2026-08-21,2026-09-20,330.05,2026-09-21T04:00:00Z,2026-09-21T04:00:00Z
STM-00100-202610,ACC-00100,2026-09-21,2026-10-20,293.68,2026-10-21T04:00:00Z,2026-10-21T04:00:00Z
STM-00101-202607,ACC-00101,2026-06-13,2026-07-12,129.39,2026-07-13T04:00:00Z,2026-07-13T04:00:00Z
STM-00101-202608,ACC-00101,2026-07-13,2026-08-12,70.66,2026-08-13T04:00:00Z,2026-08-13T04:00:00Z
STM-00101-202609,ACC-00101,2026-08-13,2026-09-12,50.73,2026-09-13T04:00:00Z,2026-09-13T04:00:00Z
STM-00101-202610,ACC-00101,2026-09-13,2026-10-12,67.13,2026-10-13T04:00:00Z,2026-10-13T04:00:00Z
STM-00101-202611,ACC-00101,2026-10-13,2026-11-12,103.86,2026-11-13T05:00:00Z,2026-11-13T05:00:00Z
STM-00102-202607,ACC-00102,2026-06-21,2026-07-20,2879.43,2026-07-21T04:00:00Z,2026-07-21T04:00:00Z
STM-00102-202608,ACC-00102,2026-07-21,2026-08-20,1289.15,2026-08-21T04:00:00Z,2026-08-21T04:00:00Z
STM-00102-202609,ACC-00102,2026-08-21,2026-09-20,1831.72,2026-09-21T04:00:00Z,2026-09-21T04:00:00Z
STM-00102-202610,ACC-00102,2026-09-21,2026-10-20,2759.92,2026-10-21T04:00:00Z,2026-10-21T04:00:00Z
STM-00103-202607,ACC-00103,2026-06-18,2026-07-17,970.85,2026-07-18T04:00:00Z,2026-07-18T04:00:00Z
STM-00103-202608,ACC-00103,2026-07-18,2026-08-17,1337.50,2026-08-18T04:00:00Z,2026-08-18T04:00:00Z
STM-00103-202609,ACC-00103,2026-08-18,2026-09-17,1135.87,2026-09-18T04:00:00Z,2026-09-18T04:00:00Z
STM-00103-202610,ACC-00103,2026-09-18,2026-10-17,969.30,2026-10-18T04:00:00Z,2026-10-18T04:00:00Z
STM-00104-202607,ACC-00104,2026-06-21,2026-07-20,4071.49,2026-07-21T04:00:00Z,2026-07-21T04:00:00Z
STM-00104-202608,ACC-00104,2026-07-21,2026-08-20,2978.72,2026-08-21T04:00:00Z,2026-08-21T04:00:00Z
STM-00104-202609,ACC-00104,2026-08-21,2026-09-20,814.14,2026-09-21T04:00:00Z,2026-09-21T04:00:00Z
STM-00104-202610,ACC-00104,2026-09-21,2026-10-20,2717.98,2026-10-21T04:00:00Z,2026-10-21T04:00:00Z
STM-00105-202607,ACC-00105,2026-06-09,2026-07-08,1008.33,2026-07-09T04:00:00Z,2026-07-09T04:00:00Z
STM-00105-202608,ACC-00105,2026-07-09,2026-08-08,1004.50,2026-08-09T04:00:00Z,2026-08-09T04:00:00Z
STM-00105-202609,ACC-00105,2026-08-09,2026-09-08,1016.33,2026-09-09T04:00:00Z,2026-09-09T04:00:00Z
STM-00105-202610,ACC-00105,2026-09-09,2026-10-08,893.51,2026-10-09T04:00:00Z,2026-10-09T04:00:00Z
STM-00105-202611,ACC-00105,2026-10-09,2026-11-08,634.77,2026-11-09T05:00:00Z,2026-11-09T05:00:00Z
STM-00106-202607,ACC-00106,2026-06-21,2026-07-20,1654.00,2026-07-21T04:00:00Z,2026-07-21T04:00:00Z
STM-00106-202608,ACC-00106,2026-07-21,2026-08-20,2612.73,2026-08-21T04:00:00Z,2026-08-21T04:00:00Z
STM-00106-202609,ACC-00106,2026-08-21,2026-09-20,2422.01,2026-09-21T04:00:00Z,2026-09-21T04:00:00Z
STM-00106-202610,ACC-00106,2026-09-21,2026-10-20,3467.59,2026-10-21T04:00:00Z,2026-10-21T04:00:00Z
STM-00107-202607,ACC-00107,2026-06-26,2026-07-25,2510.54,2026-07-26T04:00:00Z,2026-07-26T04:00:00Z
STM-00107-202608,ACC-00107,2026-07-26,2026-08-25,2474.36,2026-08-26T04:00:00Z,2026-08-26T04:00:00Z
STM-00107-202609,ACC-00107,2026-08-26,2026-09-25,3885.70,2026-09-26T04:00:00Z,2026-09-26T04:00:00Z
STM-00107-202610,ACC-00107,2026-09-26,2026-10-25,2709.93,2026-10-26T04:00:00Z,2026-10-26T04:00:00Z
STM-00108-202607,ACC-00108,2026-06-18,2026-07-17,1430.16,2026-07-18T04:00:00Z,2026-07-18T04:00:00Z
STM-00108-202608,ACC-00108,2026-07-18,2026-08-17,1148.89,2026-08-18T04:00:00Z,2026-08-18T04:00:00Z
STM-00108-202609,ACC-00108,2026-08-18,2026-09-17,1000.13,2026-09-18T04:00:00Z,2026-09-18T04:00:00Z
STM-00108-202610,ACC-00108,2026-09-18,2026-10-17,611.53,2026-10-18T04:00:00Z,2026-10-18T04:00:00Z
STM-00109-202607,ACC-00109,2026-06-26,2026-07-25,2330.86,2026-07-26T04:00:00Z,2026-07-26T04:00:00Z
STM-00109-202608,ACC-00109,2026-07-26,2026-08-25,1631.57,2026-08-26T04:00:00Z,2026-08-26T04:00:00Z
STM-00109-202609,ACC-00109,2026-08-26,2026-09-25,1230.54,2026-09-26T04:00:00Z,2026-09-26T04:00:00Z
STM-00109-202610,ACC-00109,2026-09-26,2026-10-25,1937.16,2026-10-26T04:00:00Z,2026-10-26T04:00:00Z
STM-00110-202607,ACC-00110,2026-06-13,2026-07-12,787.58,2026-07-13T04:00:00Z,2026-07-13T04:00:00Z
STM-00110-202608,ACC-00110,2026-07-13,2026-08-12,737.97,2026-08-13T04:00:00Z,2026-08-13T04:00:00Z
STM-00110-202609,ACC-00110,2026-08-13,2026-09-12,673.26,2026-09-13T04:00:00Z,2026-09-13T04:00:00Z
STM-00110-202610,ACC-00110,2026-09-13,2026-10-12,392.39,2026-10-13T04:00:00Z,2026-10-13T04:00:00Z
STM-00110-202611,ACC-00110,2026-10-13,2026-11-12,860.40,2026-11-13T05:00:00Z,2026-11-13T05:00:00Z
STM-00111-202607,ACC-00111,2026-06-26,2026-07-25,3021.27,2026-07-26T04:00:00Z,2026-07-26T04:00:00Z
STM-00111-202608,ACC-00111,2026-07-26,2026-08-25,3099.60,2026-08-26T04:00:00Z,2026-08-26T04:00:00Z
STM-00111-202609,ACC-00111,2026-08-26,2026-09-25,2667.03,2026-09-26T04:00:00Z,2026-09-26T04:00:00Z
STM-00111-202610,ACC-00111,2026-09-26,2026-10-25,3311.37,2026-10-26T04:00:00Z,2026-10-26T04:00:00Z
STM-00112-202607,ACC-00112,2026-06-21,2026-07-20,2744.43,2026-07-21T04:00:00Z,2026-07-21T04:00:00Z
STM-00112-202608,ACC-00112,2026-07-21,2026-08-20,1460.19,2026-08-21T04:00:00Z,2026-08-21T04:00:00Z
STM-00112-202609,ACC-00112,2026-08-21,2026-09-20,2820.27,2026-09-21T04:00:00Z,2026-09-21T04:00:00Z
STM-00112-202610,ACC-00112,2026-09-21,2026-10-20,3385.71,2026-10-21T04:00:00Z,2026-10-21T04:00:00Z
STM-00113-202607,ACC-00113,2026-06-18,2026-07-17,588.48,2026-07-18T04:00:00Z,2026-07-18T04:00:00Z
STM-00113-202608,ACC-00113,2026-07-18,2026-08-17,1311.91,2026-08-18T04:00:00Z,2026-08-18T04:00:00Z
STM-00113-202609,ACC-00113,2026-08-18,2026-09-17,1270.59,2026-09-18T04:00:00Z,2026-09-18T04:00:00Z
STM-00113-202610,ACC-00113,2026-09-18,2026-10-17,1472.62,2026-10-18T04:00:00Z,2026-10-18T04:00:00Z
STM-00114-202607,ACC-00114,2026-06-21,2026-07-20,1815.53,2026-07-21T04:00:00Z,2026-07-21T04:00:00Z
STM-00114-202608,ACC-00114,2026-07-21,2026-08-20,1572.78,2026-08-21T04:00:00Z,2026-08-21T04:00:00Z
STM-00114-202609,ACC-00114,2026-08-21,2026-09-20,0.00,2026-09-21T04:00:00Z,2026-09-21T04:00:00Z
STM-00114-202610,ACC-00114,2026-09-21,2026-10-20,1658.73,2026-10-21T04:00:00Z,2026-10-21T04:00:00Z
STM-00115-202607,ACC-00115,2026-06-26,2026-07-25,91.71,2026-07-26T04:00:00Z,2026-07-26T04:00:00Z
STM-00115-202608,ACC-00115,2026-07-26,2026-08-25,41.71,2026-08-26T04:00:00Z,2026-08-26T04:00:00Z
STM-00115-202609,ACC-00115,2026-08-26,2026-09-25,54.59,2026-09-26T04:00:00Z,2026-09-26T04:00:00Z
STM-00115-202610,ACC-00115,2026-09-26,2026-10-25,70.74,2026-10-26T04:00:00Z,2026-10-26T04:00:00Z
STM-00116-202607,ACC-00116,2026-06-09,2026-07-08,2240.36,2026-07-09T04:00:00Z,2026-07-09T04:00:00Z
STM-00116-202608,ACC-00116,2026-07-09,2026-08-08,1923.79,2026-08-09T04:00:00Z,2026-08-09T04:00:00Z
STM-00116-202609,ACC-00116,2026-08-09,2026-09-08,1373.57,2026-09-09T04:00:00Z,2026-09-09T04:00:00Z
STM-00116-202610,ACC-00116,2026-09-09,2026-10-08,2138.98,2026-10-09T04:00:00Z,2026-10-09T04:00:00Z
STM-00116-202611,ACC-00116,2026-10-09,2026-11-08,2058.28,2026-11-09T05:00:00Z,2026-11-09T05:00:00Z
STM-00117-202607,ACC-00117,2026-06-21,2026-07-20,50.11,2026-07-21T04:00:00Z,2026-07-21T04:00:00Z
STM-00117-202608,ACC-00117,2026-07-21,2026-08-20,73.85,2026-08-21T04:00:00Z,2026-08-21T04:00:00Z
STM-00117-202609,ACC-00117,2026-08-21,2026-09-20,77.96,2026-09-21T04:00:00Z,2026-09-21T04:00:00Z
STM-00117-202610,ACC-00117,2026-09-21,2026-10-20,52.43,2026-10-21T04:00:00Z,2026-10-21T04:00:00Z
STM-00118-202607,ACC-00118,2026-06-18,2026-07-17,618.20,2026-07-18T04:00:00Z,2026-07-18T04:00:00Z
STM-00118-202608,ACC-00118,2026-07-18,2026-08-17,636.00,2026-08-18T04:00:00Z,2026-08-18T04:00:00Z
STM-00118-202609,ACC-00118,2026-08-18,2026-09-17,610.47,2026-09-18T04:00:00Z,2026-09-18T04:00:00Z
STM-00118-202610,ACC-00118,2026-09-18,2026-10-17,506.57,2026-10-18T04:00:00Z,2026-10-18T04:00:00Z
STM-00119-202607,ACC-00119,2026-06-26,2026-07-25,819.92,2026-07-26T04:00:00Z,2026-07-26T04:00:00Z
STM-00119-202608,ACC-00119,2026-07-26,2026-08-25,758.38,2026-08-26T04:00:00Z,2026-08-26T04:00:00Z
STM-00119-202609,ACC-00119,2026-08-26,2026-09-25,625.96,2026-09-26T04:00:00Z,2026-09-26T04:00:00Z
STM-00119-202610,ACC-00119,2026-09-26,2026-10-25,523.79,2026-10-26T04:00:00Z,2026-10-26T04:00:00Z
STM-00120-202607,ACC-00120,2026-06-18,2026-07-17,4692.10,2026-07-18T04:00:00Z,2026-07-18T04:00:00Z
STM-00120-202608,ACC-00120,2026-07-18,2026-08-17,4229.58,2026-08-18T04:00:00Z,2026-08-18T04:00:00Z
STM-00120-202609,ACC-00120,2026-08-18,2026-09-17,5411.37,2026-09-18T04:00:00Z,2026-09-18T04:00:00Z
STM-00120-202610,ACC-00120,2026-09-18,2026-10-17,6254.54,2026-10-18T04:00:00Z,2026-10-18T04:00:00Z
STM-00121-202607,ACC-00121,2026-06-18,2026-07-17,7454.60,2026-07-18T04:00:00Z,2026-07-18T04:00:00Z
STM-00121-202608,ACC-00121,2026-07-18,2026-08-17,9739.20,2026-08-18T04:00:00Z,2026-08-18T04:00:00Z
STM-00121-202609,ACC-00121,2026-08-18,2026-09-17,8237.52,2026-09-18T04:00:00Z,2026-09-18T04:00:00Z
STM-00121-202610,ACC-00121,2026-09-18,2026-10-17,8274.18,2026-10-18T04:00:00Z,2026-10-18T04:00:00Z
STM-00122-202607,ACC-00122,2026-06-13,2026-07-12,1498.77,2026-07-13T04:00:00Z,2026-07-13T04:00:00Z
STM-00122-202608,ACC-00122,2026-07-13,2026-08-12,1486.08,2026-08-13T04:00:00Z,2026-08-13T04:00:00Z
STM-00122-202609,ACC-00122,2026-08-13,2026-09-12,1856.07,2026-09-13T04:00:00Z,2026-09-13T04:00:00Z
STM-00122-202610,ACC-00122,2026-09-13,2026-10-12,1749.26,2026-10-13T04:00:00Z,2026-10-13T04:00:00Z
STM-00122-202611,ACC-00122,2026-10-13,2026-11-12,1374.52,2026-11-13T05:00:00Z,2026-11-13T05:00:00Z
STM-00123-202607,ACC-00123,2026-06-18,2026-07-17,1645.65,2026-07-18T04:00:00Z,2026-07-18T04:00:00Z
STM-00123-202608,ACC-00123,2026-07-18,2026-08-17,1243.15,2026-08-18T04:00:00Z,2026-08-18T04:00:00Z
STM-00123-202609,ACC-00123,2026-08-18,2026-09-17,1855.76,2026-09-18T04:00:00Z,2026-09-18T04:00:00Z
STM-00123-202610,ACC-00123,2026-09-18,2026-10-17,1156.93,2026-10-18T04:00:00Z,2026-10-18T04:00:00Z
STM-00124-202607,ACC-00124,2026-06-18,2026-07-17,1598.95,2026-07-18T04:00:00Z,2026-07-18T04:00:00Z
STM-00124-202608,ACC-00124,2026-07-18,2026-08-17,1788.65,2026-08-18T04:00:00Z,2026-08-18T04:00:00Z
STM-00124-202609,ACC-00124,2026-08-18,2026-09-17,1356.97,2026-09-18T04:00:00Z,2026-09-18T04:00:00Z
STM-00124-202610,ACC-00124,2026-09-18,2026-10-17,636.34,2026-10-18T04:00:00Z,2026-10-18T04:00:00Z
STM-00125-202607,ACC-00125,2026-06-21,2026-07-20,1740.17,2026-07-21T04:00:00Z,2026-07-21T04:00:00Z
STM-00125-202608,ACC-00125,2026-07-21,2026-08-20,841.71,2026-08-21T04:00:00Z,2026-08-21T04:00:00Z
STM-00125-202609,ACC-00125,2026-08-21,2026-09-20,1010.96,2026-09-21T04:00:00Z,2026-09-21T04:00:00Z
STM-00125-202610,ACC-00125,2026-09-21,2026-10-20,1064.07,2026-10-21T04:00:00Z,2026-10-21T04:00:00Z
STM-00126-202607,ACC-00126,2026-06-04,2026-07-03,188.71,2026-07-04T04:00:00Z,2026-07-04T04:00:00Z
STM-00126-202608,ACC-00126,2026-07-04,2026-08-03,155.40,2026-08-04T04:00:00Z,2026-08-04T04:00:00Z
STM-00126-202609,ACC-00126,2026-08-04,2026-09-03,138.70,2026-09-04T04:00:00Z,2026-09-04T04:00:00Z
STM-00126-202610,ACC-00126,2026-09-04,2026-10-03,137.03,2026-10-04T04:00:00Z,2026-10-04T04:00:00Z
STM-00126-202611,ACC-00126,2026-10-04,2026-11-03,230.12,2026-11-04T05:00:00Z,2026-11-04T05:00:00Z
STM-00127-202607,ACC-00127,2026-06-21,2026-07-20,0.00,2026-07-21T04:00:00Z,2026-07-21T04:00:00Z
STM-00127-202608,ACC-00127,2026-07-21,2026-08-20,553.39,2026-08-21T04:00:00Z,2026-08-21T04:00:00Z
STM-00127-202609,ACC-00127,2026-08-21,2026-09-20,407.00,2026-09-21T04:00:00Z,2026-09-21T04:00:00Z
STM-00127-202610,ACC-00127,2026-09-21,2026-10-20,647.00,2026-10-21T04:00:00Z,2026-10-21T04:00:00Z
STM-00128-202607,ACC-00128,2026-06-09,2026-07-08,951.60,2026-07-09T04:00:00Z,2026-07-09T04:00:00Z
STM-00128-202608,ACC-00128,2026-07-09,2026-08-08,1040.73,2026-08-09T04:00:00Z,2026-08-09T04:00:00Z
STM-00128-202609,ACC-00128,2026-08-09,2026-09-08,923.34,2026-09-09T04:00:00Z,2026-09-09T04:00:00Z
STM-00128-202610,ACC-00128,2026-09-09,2026-10-08,1236.39,2026-10-09T04:00:00Z,2026-10-09T04:00:00Z
STM-00128-202611,ACC-00128,2026-10-09,2026-11-08,1382.43,2026-11-09T05:00:00Z,2026-11-09T05:00:00Z
STM-00129-202607,ACC-00129,2026-06-04,2026-07-03,1841.55,2026-07-04T04:00:00Z,2026-07-04T04:00:00Z
STM-00129-202608,ACC-00129,2026-07-04,2026-08-03,1115.36,2026-08-04T04:00:00Z,2026-08-04T04:00:00Z
STM-00129-202609,ACC-00129,2026-08-04,2026-09-03,1510.26,2026-09-04T04:00:00Z,2026-09-04T04:00:00Z
STM-00129-202610,ACC-00129,2026-09-04,2026-10-03,2201.21,2026-10-04T04:00:00Z,2026-10-04T04:00:00Z
STM-00129-202611,ACC-00129,2026-10-04,2026-11-03,2167.65,2026-11-04T05:00:00Z,2026-11-04T05:00:00Z
STM-00130-202607,ACC-00130,2026-06-13,2026-07-12,3312.83,2026-07-13T04:00:00Z,2026-07-13T04:00:00Z
STM-00130-202608,ACC-00130,2026-07-13,2026-08-12,2049.79,2026-08-13T04:00:00Z,2026-08-13T04:00:00Z
STM-00130-202609,ACC-00130,2026-08-13,2026-09-12,4257.13,2026-09-13T04:00:00Z,2026-09-13T04:00:00Z
STM-00130-202610,ACC-00130,2026-09-13,2026-10-12,4458.37,2026-10-13T04:00:00Z,2026-10-13T04:00:00Z
STM-00130-202611,ACC-00130,2026-10-13,2026-11-12,4772.47,2026-11-13T05:00:00Z,2026-11-13T05:00:00Z
STM-00131-202607,ACC-00131,2026-06-21,2026-07-20,406.90,2026-07-21T04:00:00Z,2026-07-21T04:00:00Z
STM-00131-202608,ACC-00131,2026-07-21,2026-08-20,0.00,2026-08-21T04:00:00Z,2026-08-21T04:00:00Z
STM-00131-202609,ACC-00131,2026-08-21,2026-09-20,432.03,2026-09-21T04:00:00Z,2026-09-21T04:00:00Z
STM-00131-202610,ACC-00131,2026-09-21,2026-10-20,470.17,2026-10-21T04:00:00Z,2026-10-21T04:00:00Z
STM-00132-202607,ACC-00132,2026-06-18,2026-07-17,2569.65,2026-07-18T04:00:00Z,2026-07-18T04:00:00Z
STM-00132-202608,ACC-00132,2026-07-18,2026-08-17,2773.92,2026-08-18T04:00:00Z,2026-08-18T04:00:00Z
STM-00132-202609,ACC-00132,2026-08-18,2026-09-17,4620.54,2026-09-18T04:00:00Z,2026-09-18T04:00:00Z
STM-00132-202610,ACC-00132,2026-09-18,2026-10-17,1837.15,2026-10-18T04:00:00Z,2026-10-18T04:00:00Z
STM-00133-202607,ACC-00133,2026-06-04,2026-07-03,13487.42,2026-07-04T04:00:00Z,2026-07-04T04:00:00Z
STM-00133-202608,ACC-00133,2026-07-04,2026-08-03,25940.79,2026-08-04T04:00:00Z,2026-08-04T04:00:00Z
STM-00133-202609,ACC-00133,2026-08-04,2026-09-03,0.00,2026-09-04T04:00:00Z,2026-09-04T04:00:00Z
STM-00133-202610,ACC-00133,2026-09-04,2026-10-03,21519.25,2026-10-04T04:00:00Z,2026-10-04T04:00:00Z
STM-00133-202611,ACC-00133,2026-10-04,2026-11-03,11262.20,2026-11-04T05:00:00Z,2026-11-04T05:00:00Z
STM-00134-202607,ACC-00134,2026-06-04,2026-07-03,0.00,2026-07-04T04:00:00Z,2026-07-04T04:00:00Z
STM-00134-202608,ACC-00134,2026-07-04,2026-08-03,324.72,2026-08-04T04:00:00Z,2026-08-04T04:00:00Z
STM-00134-202609,ACC-00134,2026-08-04,2026-09-03,324.94,2026-09-04T04:00:00Z,2026-09-04T04:00:00Z
STM-00134-202610,ACC-00134,2026-09-04,2026-10-03,394.33,2026-10-04T04:00:00Z,2026-10-04T04:00:00Z
STM-00134-202611,ACC-00134,2026-10-04,2026-11-03,252.80,2026-11-04T05:00:00Z,2026-11-04T05:00:00Z
STM-00135-202607,ACC-00135,2026-06-13,2026-07-12,2495.22,2026-07-13T04:00:00Z,2026-07-13T04:00:00Z
STM-00135-202608,ACC-00135,2026-07-13,2026-08-12,2486.36,2026-08-13T04:00:00Z,2026-08-13T04:00:00Z
STM-00135-202609,ACC-00135,2026-08-13,2026-09-12,2715.91,2026-09-13T04:00:00Z,2026-09-13T04:00:00Z
STM-00135-202610,ACC-00135,2026-09-13,2026-10-12,3549.60,2026-10-13T04:00:00Z,2026-10-13T04:00:00Z
STM-00135-202611,ACC-00135,2026-10-13,2026-11-12,3715.61,2026-11-13T05:00:00Z,2026-11-13T05:00:00Z
STM-00136-202607,ACC-00136,2026-06-09,2026-07-08,190.92,2026-07-09T04:00:00Z,2026-07-09T04:00:00Z
STM-00136-202608,ACC-00136,2026-07-09,2026-08-08,177.67,2026-08-09T04:00:00Z,2026-08-09T04:00:00Z
STM-00136-202609,ACC-00136,2026-08-09,2026-09-08,288.26,2026-09-09T04:00:00Z,2026-09-09T04:00:00Z
STM-00136-202610,ACC-00136,2026-09-09,2026-10-08,161.29,2026-10-09T04:00:00Z,2026-10-09T04:00:00Z
STM-00136-202611,ACC-00136,2026-10-09,2026-11-08,128.70,2026-11-09T05:00:00Z,2026-11-09T05:00:00Z
STM-00137-202607,ACC-00137,2026-06-13,2026-07-12,2232.49,2026-07-13T04:00:00Z,2026-07-13T04:00:00Z
STM-00137-202608,ACC-00137,2026-07-13,2026-08-12,1857.41,2026-08-13T04:00:00Z,2026-08-13T04:00:00Z
STM-00137-202609,ACC-00137,2026-08-13,2026-09-12,2457.52,2026-09-13T04:00:00Z,2026-09-13T04:00:00Z
STM-00137-202610,ACC-00137,2026-09-13,2026-10-12,2560.50,2026-10-13T04:00:00Z,2026-10-13T04:00:00Z
STM-00137-202611,ACC-00137,2026-10-13,2026-11-12,3000.73,2026-11-13T05:00:00Z,2026-11-13T05:00:00Z
STM-00138-202607,ACC-00138,2026-06-26,2026-07-25,4428.06,2026-07-26T04:00:00Z,2026-07-26T04:00:00Z
STM-00138-202608,ACC-00138,2026-07-26,2026-08-25,3492.56,2026-08-26T04:00:00Z,2026-08-26T04:00:00Z
STM-00138-202609,ACC-00138,2026-08-26,2026-09-25,0.00,2026-09-26T04:00:00Z,2026-09-26T04:00:00Z
STM-00138-202610,ACC-00138,2026-09-26,2026-10-25,2016.80,2026-10-26T04:00:00Z,2026-10-26T04:00:00Z
STM-00139-202607,ACC-00139,2026-06-09,2026-07-08,2867.94,2026-07-09T04:00:00Z,2026-07-09T04:00:00Z
STM-00139-202608,ACC-00139,2026-07-09,2026-08-08,4486.97,2026-08-09T04:00:00Z,2026-08-09T04:00:00Z
STM-00139-202609,ACC-00139,2026-08-09,2026-09-08,1595.17,2026-09-09T04:00:00Z,2026-09-09T04:00:00Z
STM-00139-202610,ACC-00139,2026-09-09,2026-10-08,2597.13,2026-10-09T04:00:00Z,2026-10-09T04:00:00Z
STM-00139-202611,ACC-00139,2026-10-09,2026-11-08,3466.40,2026-11-09T05:00:00Z,2026-11-09T05:00:00Z
STM-00140-202607,ACC-00140,2026-06-18,2026-07-17,3401.94,2026-07-18T04:00:00Z,2026-07-18T04:00:00Z
STM-00140-202608,ACC-00140,2026-07-18,2026-08-17,3547.90,2026-08-18T04:00:00Z,2026-08-18T04:00:00Z
STM-00140-202609,ACC-00140,2026-08-18,2026-09-17,2868.81,2026-09-18T04:00:00Z,2026-09-18T04:00:00Z
STM-00140-202610,ACC-00140,2026-09-18,2026-10-17,3968.16,2026-10-18T04:00:00Z,2026-10-18T04:00:00Z
STM-00141-202607,ACC-00141,2026-06-18,2026-07-17,3903.49,2026-07-18T04:00:00Z,2026-07-18T04:00:00Z
STM-00141-202608,ACC-00141,2026-07-18,2026-08-17,4807.50,2026-08-18T04:00:00Z,2026-08-18T04:00:00Z
STM-00141-202609,ACC-00141,2026-08-18,2026-09-17,4457.40,2026-09-18T04:00:00Z,2026-09-18T04:00:00Z
STM-00141-202610,ACC-00141,2026-09-18,2026-10-17,4047.41,2026-10-18T04:00:00Z,2026-10-18T04:00:00Z
STM-00142-202607,ACC-00142,2026-06-26,2026-07-25,7355.42,2026-07-26T04:00:00Z,2026-07-26T04:00:00Z
STM-00142-202608,ACC-00142,2026-07-26,2026-08-25,6551.55,2026-08-26T04:00:00Z,2026-08-26T04:00:00Z
STM-00142-202609,ACC-00142,2026-08-26,2026-09-25,8685.88,2026-09-26T04:00:00Z,2026-09-26T04:00:00Z
STM-00142-202610,ACC-00142,2026-09-26,2026-10-25,8807.56,2026-10-26T04:00:00Z,2026-10-26T04:00:00Z
STM-00143-202607,ACC-00143,2026-06-09,2026-07-08,859.77,2026-07-09T04:00:00Z,2026-07-09T04:00:00Z
STM-00143-202608,ACC-00143,2026-07-09,2026-08-08,694.71,2026-08-09T04:00:00Z,2026-08-09T04:00:00Z
STM-00143-202609,ACC-00143,2026-08-09,2026-09-08,484.04,2026-09-09T04:00:00Z,2026-09-09T04:00:00Z
STM-00143-202610,ACC-00143,2026-09-09,2026-10-08,486.41,2026-10-09T04:00:00Z,2026-10-09T04:00:00Z
STM-00143-202611,ACC-00143,2026-10-09,2026-11-08,539.89,2026-11-09T05:00:00Z,2026-11-09T05:00:00Z
STM-00144-202607,ACC-00144,2026-06-18,2026-07-17,8415.04,2026-07-18T04:00:00Z,2026-07-18T04:00:00Z
STM-00144-202608,ACC-00144,2026-07-18,2026-08-17,7161.66,2026-08-18T04:00:00Z,2026-08-18T04:00:00Z
STM-00144-202609,ACC-00144,2026-08-18,2026-09-17,8527.96,2026-09-18T04:00:00Z,2026-09-18T04:00:00Z
STM-00144-202610,ACC-00144,2026-09-18,2026-10-17,0.00,2026-10-18T04:00:00Z,2026-10-18T04:00:00Z
STM-00145-202607,ACC-00145,2026-06-13,2026-07-12,4926.10,2026-07-13T04:00:00Z,2026-07-13T04:00:00Z
STM-00145-202608,ACC-00145,2026-07-13,2026-08-12,12358.69,2026-08-13T04:00:00Z,2026-08-13T04:00:00Z
STM-00145-202609,ACC-00145,2026-08-13,2026-09-12,11765.48,2026-09-13T04:00:00Z,2026-09-13T04:00:00Z
STM-00145-202610,ACC-00145,2026-09-13,2026-10-12,12750.25,2026-10-13T04:00:00Z,2026-10-13T04:00:00Z
STM-00145-202611,ACC-00145,2026-10-13,2026-11-12,12925.96,2026-11-13T05:00:00Z,2026-11-13T05:00:00Z
STM-00146-202607,ACC-00146,2026-06-09,2026-07-08,778.71,2026-07-09T04:00:00Z,2026-07-09T04:00:00Z
STM-00146-202608,ACC-00146,2026-07-09,2026-08-08,439.51,2026-08-09T04:00:00Z,2026-08-09T04:00:00Z
STM-00146-202609,ACC-00146,2026-08-09,2026-09-08,806.65,2026-09-09T04:00:00Z,2026-09-09T04:00:00Z
STM-00146-202610,ACC-00146,2026-09-09,2026-10-08,691.43,2026-10-09T04:00:00Z,2026-10-09T04:00:00Z
STM-00146-202611,ACC-00146,2026-10-09,2026-11-08,917.48,2026-11-09T05:00:00Z,2026-11-09T05:00:00Z
STM-00147-202607,ACC-00147,2026-06-21,2026-07-20,14100.87,2026-07-21T04:00:00Z,2026-07-21T04:00:00Z
STM-00147-202608,ACC-00147,2026-07-21,2026-08-20,13103.19,2026-08-21T04:00:00Z,2026-08-21T04:00:00Z
STM-00147-202609,ACC-00147,2026-08-21,2026-09-20,13308.50,2026-09-21T04:00:00Z,2026-09-21T04:00:00Z
STM-00147-202610,ACC-00147,2026-09-21,2026-10-20,13388.77,2026-10-21T04:00:00Z,2026-10-21T04:00:00Z
STM-00148-202607,ACC-00148,2026-06-26,2026-07-25,2899.68,2026-07-26T04:00:00Z,2026-07-26T04:00:00Z
STM-00148-202608,ACC-00148,2026-07-26,2026-08-25,1829.56,2026-08-26T04:00:00Z,2026-08-26T04:00:00Z
STM-00148-202609,ACC-00148,2026-08-26,2026-09-25,3207.99,2026-09-26T04:00:00Z,2026-09-26T04:00:00Z
STM-00148-202610,ACC-00148,2026-09-26,2026-10-25,2461.16,2026-10-26T04:00:00Z,2026-10-26T04:00:00Z
STM-00149-202607,ACC-00149,2026-06-26,2026-07-25,543.35,2026-07-26T04:00:00Z,2026-07-26T04:00:00Z
STM-00149-202608,ACC-00149,2026-07-26,2026-08-25,0.00,2026-08-26T04:00:00Z,2026-08-26T04:00:00Z
STM-00149-202609,ACC-00149,2026-08-26,2026-09-25,482.49,2026-09-26T04:00:00Z,2026-09-26T04:00:00Z
STM-00149-202610,ACC-00149,2026-09-26,2026-10-25,422.20,2026-10-26T04:00:00Z,2026-10-26T04:00:00Z
STM-00150-202607,ACC-00150,2026-06-13,2026-07-12,3019.63,2026-07-13T04:00:00Z,2026-07-13T04:00:00Z
STM-00150-202608,ACC-00150,2026-07-13,2026-08-12,2209.27,2026-08-13T04:00:00Z,2026-08-13T04:00:00Z
STM-00150-202609,ACC-00150,2026-08-13,2026-09-12,2977.62,2026-09-13T04:00:00Z,2026-09-13T04:00:00Z
STM-00150-202610,ACC-00150,2026-09-13,2026-10-12,2647.40,2026-10-13T04:00:00Z,2026-10-13T04:00:00Z
STM-00150-202611,ACC-00150,2026-10-13,2026-11-12,3170.18,2026-11-13T05:00:00Z,2026-11-13T05:00:00Z
STM-00151-202607,ACC-00151,2026-06-26,2026-07-25,360.75,2026-07-26T04:00:00Z,2026-07-26T04:00:00Z
STM-00151-202608,ACC-00151,2026-07-26,2026-08-25,435.56,2026-08-26T04:00:00Z,2026-08-26T04:00:00Z
STM-00151-202609,ACC-00151,2026-08-26,2026-09-25,246.62,2026-09-26T04:00:00Z,2026-09-26T04:00:00Z
STM-00151-202610,ACC-00151,2026-09-26,2026-10-25,307.86,2026-10-26T04:00:00Z,2026-10-26T04:00:00Z
STM-00152-202607,ACC-00152,2026-06-04,2026-07-03,7998.45,2026-07-04T04:00:00Z,2026-07-04T04:00:00Z
STM-00152-202608,ACC-00152,2026-07-04,2026-08-03,7438.62,2026-08-04T04:00:00Z,2026-08-04T04:00:00Z
STM-00152-202609,ACC-00152,2026-08-04,2026-09-03,7470.49,2026-09-04T04:00:00Z,2026-09-04T04:00:00Z
STM-00152-202610,ACC-00152,2026-09-04,2026-10-03,10601.70,2026-10-04T04:00:00Z,2026-10-04T04:00:00Z
STM-00152-202611,ACC-00152,2026-10-04,2026-11-03,3844.76,2026-11-04T05:00:00Z,2026-11-04T05:00:00Z
STM-00153-202607,ACC-00153,2026-06-04,2026-07-03,1353.91,2026-07-04T04:00:00Z,2026-07-04T04:00:00Z
STM-00153-202608,ACC-00153,2026-07-04,2026-08-03,2677.29,2026-08-04T04:00:00Z,2026-08-04T04:00:00Z
STM-00153-202609,ACC-00153,2026-08-04,2026-09-03,1664.21,2026-09-04T04:00:00Z,2026-09-04T04:00:00Z
STM-00153-202610,ACC-00153,2026-09-04,2026-10-03,2676.45,2026-10-04T04:00:00Z,2026-10-04T04:00:00Z
STM-00153-202611,ACC-00153,2026-10-04,2026-11-03,2639.15,2026-11-04T05:00:00Z,2026-11-04T05:00:00Z
STM-00154-202607,ACC-00154,2026-06-13,2026-07-12,74.38,2026-07-13T04:00:00Z,2026-07-13T04:00:00Z
STM-00154-202608,ACC-00154,2026-07-13,2026-08-12,63.77,2026-08-13T04:00:00Z,2026-08-13T04:00:00Z
STM-00154-202609,ACC-00154,2026-08-13,2026-09-12,52.35,2026-09-13T04:00:00Z,2026-09-13T04:00:00Z
STM-00154-202610,ACC-00154,2026-09-13,2026-10-12,81.08,2026-10-13T04:00:00Z,2026-10-13T04:00:00Z
STM-00154-202611,ACC-00154,2026-10-13,2026-11-12,41.39,2026-11-13T05:00:00Z,2026-11-13T05:00:00Z
STM-00155-202607,ACC-00155,2026-06-04,2026-07-03,72.73,2026-07-04T04:00:00Z,2026-07-04T04:00:00Z
STM-00155-202608,ACC-00155,2026-07-04,2026-08-03,96.68,2026-08-04T04:00:00Z,2026-08-04T04:00:00Z
STM-00155-202609,ACC-00155,2026-08-04,2026-09-03,41.12,2026-09-04T04:00:00Z,2026-09-04T04:00:00Z
STM-00155-202610,ACC-00155,2026-09-04,2026-10-03,84.75,2026-10-04T04:00:00Z,2026-10-04T04:00:00Z
STM-00155-202611,ACC-00155,2026-10-04,2026-11-03,77.56,2026-11-04T05:00:00Z,2026-11-04T05:00:00Z
STM-00156-202607,ACC-00156,2026-06-09,2026-07-08,515.30,2026-07-09T04:00:00Z,2026-07-09T04:00:00Z
STM-00156-202608,ACC-00156,2026-07-09,2026-08-08,530.39,2026-08-09T04:00:00Z,2026-08-09T04:00:00Z
STM-00156-202609,ACC-00156,2026-08-09,2026-09-08,669.32,2026-09-09T04:00:00Z,2026-09-09T04:00:00Z
STM-00156-202610,ACC-00156,2026-09-09,2026-10-08,499.01,2026-10-09T04:00:00Z,2026-10-09T04:00:00Z
STM-00156-202611,ACC-00156,2026-10-09,2026-11-08,648.27,2026-11-09T05:00:00Z,2026-11-09T05:00:00Z
STM-00157-202607,ACC-00157,2026-06-26,2026-07-25,106.06,2026-07-26T04:00:00Z,2026-07-26T04:00:00Z
STM-00157-202608,ACC-00157,2026-07-26,2026-08-25,129.54,2026-08-26T04:00:00Z,2026-08-26T04:00:00Z
STM-00157-202609,ACC-00157,2026-08-26,2026-09-25,140.22,2026-09-26T04:00:00Z,2026-09-26T04:00:00Z
STM-00157-202610,ACC-00157,2026-09-26,2026-10-25,168.30,2026-10-26T04:00:00Z,2026-10-26T04:00:00Z
STM-00158-202607,ACC-00158,2026-06-13,2026-07-12,2370.67,2026-07-13T04:00:00Z,2026-07-13T04:00:00Z
STM-00158-202608,ACC-00158,2026-07-13,2026-08-12,1636.61,2026-08-13T04:00:00Z,2026-08-13T04:00:00Z
STM-00158-202609,ACC-00158,2026-08-13,2026-09-12,1219.79,2026-09-13T04:00:00Z,2026-09-13T04:00:00Z
STM-00158-202610,ACC-00158,2026-09-13,2026-10-12,1332.06,2026-10-13T04:00:00Z,2026-10-13T04:00:00Z
STM-00158-202611,ACC-00158,2026-10-13,2026-11-12,1542.33,2026-11-13T05:00:00Z,2026-11-13T05:00:00Z
STM-00159-202607,ACC-00159,2026-06-21,2026-07-20,4513.68,2026-07-21T04:00:00Z,2026-07-21T04:00:00Z
STM-00159-202608,ACC-00159,2026-07-21,2026-08-20,5100.96,2026-08-21T04:00:00Z,2026-08-21T04:00:00Z
STM-00159-202609,ACC-00159,2026-08-21,2026-09-20,5704.95,2026-09-21T04:00:00Z,2026-09-21T04:00:00Z
STM-00159-202610,ACC-00159,2026-09-21,2026-10-20,5612.53,2026-10-21T04:00:00Z,2026-10-21T04:00:00Z
STM-00160-202607,ACC-00160,2026-06-09,2026-07-08,2795.75,2026-07-09T04:00:00Z,2026-07-09T04:00:00Z
STM-00160-202608,ACC-00160,2026-07-09,2026-08-08,2844.79,2026-08-09T04:00:00Z,2026-08-09T04:00:00Z
STM-00160-202609,ACC-00160,2026-08-09,2026-09-08,3568.38,2026-09-09T04:00:00Z,2026-09-09T04:00:00Z
STM-00160-202610,ACC-00160,2026-09-09,2026-10-08,2799.10,2026-10-09T04:00:00Z,2026-10-09T04:00:00Z
STM-00160-202611,ACC-00160,2026-10-09,2026-11-08,3200.56,2026-11-09T05:00:00Z,2026-11-09T05:00:00Z
STM-00161-202607,ACC-00161,2026-06-09,2026-07-08,1363.06,2026-07-09T04:00:00Z,2026-07-09T04:00:00Z
STM-00161-202608,ACC-00161,2026-07-09,2026-08-08,1637.48,2026-08-09T04:00:00Z,2026-08-09T04:00:00Z
STM-00161-202609,ACC-00161,2026-08-09,2026-09-08,0.00,2026-09-09T04:00:00Z,2026-09-09T04:00:00Z
STM-00161-202610,ACC-00161,2026-09-09,2026-10-08,1237.97,2026-10-09T04:00:00Z,2026-10-09T04:00:00Z
STM-00161-202611,ACC-00161,2026-10-09,2026-11-08,1105.79,2026-11-09T05:00:00Z,2026-11-09T05:00:00Z
STM-00162-202607,ACC-00162,2026-06-09,2026-07-08,552.42,2026-07-09T04:00:00Z,2026-07-09T04:00:00Z
STM-00162-202608,ACC-00162,2026-07-09,2026-08-08,459.26,2026-08-09T04:00:00Z,2026-08-09T04:00:00Z
STM-00162-202609,ACC-00162,2026-08-09,2026-09-08,600.00,2026-09-09T04:00:00Z,2026-09-09T04:00:00Z
STM-00162-202610,ACC-00162,2026-09-09,2026-10-08,464.57,2026-10-09T04:00:00Z,2026-10-09T04:00:00Z
STM-00162-202611,ACC-00162,2026-10-09,2026-11-08,573.51,2026-11-09T05:00:00Z,2026-11-09T05:00:00Z
STM-00163-202607,ACC-00163,2026-06-18,2026-07-17,3751.94,2026-07-18T04:00:00Z,2026-07-18T04:00:00Z
STM-00163-202608,ACC-00163,2026-07-18,2026-08-17,2260.78,2026-08-18T04:00:00Z,2026-08-18T04:00:00Z
STM-00163-202609,ACC-00163,2026-08-18,2026-09-17,2977.59,2026-09-18T04:00:00Z,2026-09-18T04:00:00Z
STM-00163-202610,ACC-00163,2026-09-18,2026-10-17,1893.86,2026-10-18T04:00:00Z,2026-10-18T04:00:00Z
STM-00164-202607,ACC-00164,2026-06-18,2026-07-17,169.63,2026-07-18T04:00:00Z,2026-07-18T04:00:00Z
STM-00164-202608,ACC-00164,2026-07-18,2026-08-17,315.61,2026-08-18T04:00:00Z,2026-08-18T04:00:00Z
STM-00164-202609,ACC-00164,2026-08-18,2026-09-17,254.31,2026-09-18T04:00:00Z,2026-09-18T04:00:00Z
STM-00164-202610,ACC-00164,2026-09-18,2026-10-17,314.24,2026-10-18T04:00:00Z,2026-10-18T04:00:00Z
STM-00165-202607,ACC-00165,2026-06-18,2026-07-17,982.20,2026-07-18T04:00:00Z,2026-07-18T04:00:00Z
STM-00165-202608,ACC-00165,2026-07-18,2026-08-17,1963.40,2026-08-18T04:00:00Z,2026-08-18T04:00:00Z
STM-00165-202609,ACC-00165,2026-08-18,2026-09-17,1387.65,2026-09-18T04:00:00Z,2026-09-18T04:00:00Z
STM-00165-202610,ACC-00165,2026-09-18,2026-10-17,2198.31,2026-10-18T04:00:00Z,2026-10-18T04:00:00Z
STM-00166-202607,ACC-00166,2026-06-26,2026-07-25,4884.53,2026-07-26T04:00:00Z,2026-07-26T04:00:00Z
STM-00166-202608,ACC-00166,2026-07-26,2026-08-25,8441.02,2026-08-26T04:00:00Z,2026-08-26T04:00:00Z
STM-00166-202609,ACC-00166,2026-08-26,2026-09-25,4640.20,2026-09-26T04:00:00Z,2026-09-26T04:00:00Z
STM-00166-202610,ACC-00166,2026-09-26,2026-10-25,7309.74,2026-10-26T04:00:00Z,2026-10-26T04:00:00Z
STM-00167-202607,ACC-00167,2026-06-04,2026-07-03,125.22,2026-07-04T04:00:00Z,2026-07-04T04:00:00Z
STM-00167-202608,ACC-00167,2026-07-04,2026-08-03,167.43,2026-08-04T04:00:00Z,2026-08-04T04:00:00Z
STM-00167-202609,ACC-00167,2026-08-04,2026-09-03,267.22,2026-09-04T04:00:00Z,2026-09-04T04:00:00Z
STM-00167-202610,ACC-00167,2026-09-04,2026-10-03,0.00,2026-10-04T04:00:00Z,2026-10-04T04:00:00Z
STM-00167-202611,ACC-00167,2026-10-04,2026-11-03,177.39,2026-11-04T05:00:00Z,2026-11-04T05:00:00Z
STM-00168-202607,ACC-00168,2026-06-26,2026-07-25,5574.34,2026-07-26T04:00:00Z,2026-07-26T04:00:00Z
STM-00168-202608,ACC-00168,2026-07-26,2026-08-25,5017.07,2026-08-26T04:00:00Z,2026-08-26T04:00:00Z
STM-00168-202609,ACC-00168,2026-08-26,2026-09-25,4675.63,2026-09-26T04:00:00Z,2026-09-26T04:00:00Z
STM-00168-202610,ACC-00168,2026-09-26,2026-10-25,5183.85,2026-10-26T04:00:00Z,2026-10-26T04:00:00Z
STM-00169-202607,ACC-00169,2026-06-13,2026-07-12,103.82,2026-07-13T04:00:00Z,2026-07-13T04:00:00Z
STM-00169-202608,ACC-00169,2026-07-13,2026-08-12,106.82,2026-08-13T04:00:00Z,2026-08-13T04:00:00Z
STM-00169-202609,ACC-00169,2026-08-13,2026-09-12,68.22,2026-09-13T04:00:00Z,2026-09-13T04:00:00Z
STM-00169-202610,ACC-00169,2026-09-13,2026-10-12,78.77,2026-10-13T04:00:00Z,2026-10-13T04:00:00Z
STM-00169-202611,ACC-00169,2026-10-13,2026-11-12,68.37,2026-11-13T05:00:00Z,2026-11-13T05:00:00Z
STM-00170-202607,ACC-00170,2026-06-09,2026-07-08,2716.34,2026-07-09T04:00:00Z,2026-07-09T04:00:00Z
STM-00170-202608,ACC-00170,2026-07-09,2026-08-08,2048.20,2026-08-09T04:00:00Z,2026-08-09T04:00:00Z
STM-00170-202609,ACC-00170,2026-08-09,2026-09-08,2367.53,2026-09-09T04:00:00Z,2026-09-09T04:00:00Z
STM-00170-202610,ACC-00170,2026-09-09,2026-10-08,1827.23,2026-10-09T04:00:00Z,2026-10-09T04:00:00Z
STM-00170-202611,ACC-00170,2026-10-09,2026-11-08,1647.80,2026-11-09T05:00:00Z,2026-11-09T05:00:00Z
STM-00171-202607,ACC-00171,2026-06-04,2026-07-03,2498.24,2026-07-04T04:00:00Z,2026-07-04T04:00:00Z
STM-00171-202608,ACC-00171,2026-07-04,2026-08-03,1915.10,2026-08-04T04:00:00Z,2026-08-04T04:00:00Z
STM-00171-202609,ACC-00171,2026-08-04,2026-09-03,1723.20,2026-09-04T04:00:00Z,2026-09-04T04:00:00Z
STM-00171-202610,ACC-00171,2026-09-04,2026-10-03,1320.50,2026-10-04T04:00:00Z,2026-10-04T04:00:00Z
STM-00171-202611,ACC-00171,2026-10-04,2026-11-03,1742.22,2026-11-04T05:00:00Z,2026-11-04T05:00:00Z
STM-00172-202607,ACC-00172,2026-06-13,2026-07-12,2224.22,2026-07-13T04:00:00Z,2026-07-13T04:00:00Z
STM-00172-202608,ACC-00172,2026-07-13,2026-08-12,3194.50,2026-08-13T04:00:00Z,2026-08-13T04:00:00Z
STM-00172-202609,ACC-00172,2026-08-13,2026-09-12,3773.78,2026-09-13T04:00:00Z,2026-09-13T04:00:00Z
STM-00172-202610,ACC-00172,2026-09-13,2026-10-12,3356.59,2026-10-13T04:00:00Z,2026-10-13T04:00:00Z
STM-00172-202611,ACC-00172,2026-10-13,2026-11-12,2717.49,2026-11-13T05:00:00Z,2026-11-13T05:00:00Z
STM-00173-202607,ACC-00173,2026-06-09,2026-07-08,1471.48,2026-07-09T04:00:00Z,2026-07-09T04:00:00Z
STM-00173-202608,ACC-00173,2026-07-09,2026-08-08,0.00,2026-08-09T04:00:00Z,2026-08-09T04:00:00Z
STM-00173-202609,ACC-00173,2026-08-09,2026-09-08,1163.58,2026-09-09T04:00:00Z,2026-09-09T04:00:00Z
STM-00173-202610,ACC-00173,2026-09-09,2026-10-08,1387.96,2026-10-09T04:00:00Z,2026-10-09T04:00:00Z
STM-00173-202611,ACC-00173,2026-10-09,2026-11-08,1633.59,2026-11-09T05:00:00Z,2026-11-09T05:00:00Z
STM-00174-202607,ACC-00174,2026-06-26,2026-07-25,3139.77,2026-07-26T04:00:00Z,2026-07-26T04:00:00Z
STM-00174-202608,ACC-00174,2026-07-26,2026-08-25,6381.42,2026-08-26T04:00:00Z,2026-08-26T04:00:00Z
STM-00174-202609,ACC-00174,2026-08-26,2026-09-25,7368.68,2026-09-26T04:00:00Z,2026-09-26T04:00:00Z
STM-00174-202610,ACC-00174,2026-09-26,2026-10-25,2054.80,2026-10-26T04:00:00Z,2026-10-26T04:00:00Z
STM-00175-202607,ACC-00175,2026-06-26,2026-07-25,769.15,2026-07-26T04:00:00Z,2026-07-26T04:00:00Z
STM-00175-202608,ACC-00175,2026-07-26,2026-08-25,1599.62,2026-08-26T04:00:00Z,2026-08-26T04:00:00Z
STM-00175-202609,ACC-00175,2026-08-26,2026-09-25,1913.13,2026-09-26T04:00:00Z,2026-09-26T04:00:00Z
STM-00175-202610,ACC-00175,2026-09-26,2026-10-25,973.34,2026-10-26T04:00:00Z,2026-10-26T04:00:00Z
STM-00176-202607,ACC-00176,2026-06-21,2026-07-20,3200.22,2026-07-21T04:00:00Z,2026-07-21T04:00:00Z
STM-00176-202608,ACC-00176,2026-07-21,2026-08-20,3725.87,2026-08-21T04:00:00Z,2026-08-21T04:00:00Z
STM-00176-202609,ACC-00176,2026-08-21,2026-09-20,3006.06,2026-09-21T04:00:00Z,2026-09-21T04:00:00Z
STM-00176-202610,ACC-00176,2026-09-21,2026-10-20,3207.25,2026-10-21T04:00:00Z,2026-10-21T04:00:00Z
STM-00177-202607,ACC-00177,2026-06-26,2026-07-25,980.24,2026-07-26T04:00:00Z,2026-07-26T04:00:00Z
STM-00177-202608,ACC-00177,2026-07-26,2026-08-25,1032.25,2026-08-26T04:00:00Z,2026-08-26T04:00:00Z
STM-00177-202609,ACC-00177,2026-08-26,2026-09-25,1007.42,2026-09-26T04:00:00Z,2026-09-26T04:00:00Z
STM-00177-202610,ACC-00177,2026-09-26,2026-10-25,1000.19,2026-10-26T04:00:00Z,2026-10-26T04:00:00Z
STM-00178-202607,ACC-00178,2026-06-09,2026-07-08,1765.34,2026-07-09T04:00:00Z,2026-07-09T04:00:00Z
STM-00178-202608,ACC-00178,2026-07-09,2026-08-08,2689.56,2026-08-09T04:00:00Z,2026-08-09T04:00:00Z
STM-00178-202609,ACC-00178,2026-08-09,2026-09-08,1642.67,2026-09-09T04:00:00Z,2026-09-09T04:00:00Z
STM-00178-202610,ACC-00178,2026-09-09,2026-10-08,1559.39,2026-10-09T04:00:00Z,2026-10-09T04:00:00Z
STM-00178-202611,ACC-00178,2026-10-09,2026-11-08,2217.20,2026-11-09T05:00:00Z,2026-11-09T05:00:00Z
STM-00179-202607,ACC-00179,2026-06-18,2026-07-17,1807.89,2026-07-18T04:00:00Z,2026-07-18T04:00:00Z
STM-00179-202608,ACC-00179,2026-07-18,2026-08-17,3131.39,2026-08-18T04:00:00Z,2026-08-18T04:00:00Z
STM-00179-202609,ACC-00179,2026-08-18,2026-09-17,2034.25,2026-09-18T04:00:00Z,2026-09-18T04:00:00Z
STM-00179-202610,ACC-00179,2026-09-18,2026-10-17,2189.69,2026-10-18T04:00:00Z,2026-10-18T04:00:00Z
STM-00180-202607,ACC-00180,2026-06-13,2026-07-12,1038.38,2026-07-13T04:00:00Z,2026-07-13T04:00:00Z
STM-00180-202608,ACC-00180,2026-07-13,2026-08-12,1763.14,2026-08-13T04:00:00Z,2026-08-13T04:00:00Z
STM-00180-202609,ACC-00180,2026-08-13,2026-09-12,1428.20,2026-09-13T04:00:00Z,2026-09-13T04:00:00Z
STM-00180-202610,ACC-00180,2026-09-13,2026-10-12,2056.37,2026-10-13T04:00:00Z,2026-10-13T04:00:00Z
STM-00180-202611,ACC-00180,2026-10-13,2026-11-12,1621.98,2026-11-13T05:00:00Z,2026-11-13T05:00:00Z
STM-00181-202607,ACC-00181,2026-06-13,2026-07-12,4146.85,2026-07-13T04:00:00Z,2026-07-13T04:00:00Z
STM-00181-202608,ACC-00181,2026-07-13,2026-08-12,2673.51,2026-08-13T04:00:00Z,2026-08-13T04:00:00Z
STM-00181-202609,ACC-00181,2026-08-13,2026-09-12,3399.20,2026-09-13T04:00:00Z,2026-09-13T04:00:00Z
STM-00181-202610,ACC-00181,2026-09-13,2026-10-12,2774.64,2026-10-13T04:00:00Z,2026-10-13T04:00:00Z
STM-00181-202611,ACC-00181,2026-10-13,2026-11-12,4620.57,2026-11-13T05:00:00Z,2026-11-13T05:00:00Z
STM-00182-202607,ACC-00182,2026-06-21,2026-07-20,904.46,2026-07-21T04:00:00Z,2026-07-21T04:00:00Z
STM-00182-202608,ACC-00182,2026-07-21,2026-08-20,792.35,2026-08-21T04:00:00Z,2026-08-21T04:00:00Z
STM-00182-202609,ACC-00182,2026-08-21,2026-09-20,1466.20,2026-09-21T04:00:00Z,2026-09-21T04:00:00Z
STM-00182-202610,ACC-00182,2026-09-21,2026-10-20,508.81,2026-10-21T04:00:00Z,2026-10-21T04:00:00Z
STM-00183-202607,ACC-00183,2026-06-13,2026-07-12,1777.70,2026-07-13T04:00:00Z,2026-07-13T04:00:00Z
STM-00183-202608,ACC-00183,2026-07-13,2026-08-12,3166.67,2026-08-13T04:00:00Z,2026-08-13T04:00:00Z
STM-00183-202609,ACC-00183,2026-08-13,2026-09-12,2280.95,2026-09-13T04:00:00Z,2026-09-13T04:00:00Z
STM-00183-202610,ACC-00183,2026-09-13,2026-10-12,2556.01,2026-10-13T04:00:00Z,2026-10-13T04:00:00Z
STM-00183-202611,ACC-00183,2026-10-13,2026-11-12,0.00,2026-11-13T05:00:00Z,2026-11-13T05:00:00Z
STM-00184-202607,ACC-00184,2026-06-13,2026-07-12,4286.14,2026-07-13T04:00:00Z,2026-07-13T04:00:00Z
STM-00184-202608,ACC-00184,2026-07-13,2026-08-12,2283.55,2026-08-13T04:00:00Z,2026-08-13T04:00:00Z
STM-00184-202609,ACC-00184,2026-08-13,2026-09-12,3960.12,2026-09-13T04:00:00Z,2026-09-13T04:00:00Z
STM-00184-202610,ACC-00184,2026-09-13,2026-10-12,0.00,2026-10-13T04:00:00Z,2026-10-13T04:00:00Z
STM-00184-202611,ACC-00184,2026-10-13,2026-11-12,2060.36,2026-11-13T05:00:00Z,2026-11-13T05:00:00Z
STM-00185-202607,ACC-00185,2026-06-04,2026-07-03,547.41,2026-07-04T04:00:00Z,2026-07-04T04:00:00Z
STM-00185-202608,ACC-00185,2026-07-04,2026-08-03,522.41,2026-08-04T04:00:00Z,2026-08-04T04:00:00Z
STM-00185-202609,ACC-00185,2026-08-04,2026-09-03,658.64,2026-09-04T04:00:00Z,2026-09-04T04:00:00Z
STM-00185-202610,ACC-00185,2026-09-04,2026-10-03,579.01,2026-10-04T04:00:00Z,2026-10-04T04:00:00Z
STM-00185-202611,ACC-00185,2026-10-04,2026-11-03,807.74,2026-11-04T05:00:00Z,2026-11-04T05:00:00Z
STM-00186-202607,ACC-00186,2026-06-09,2026-07-08,2595.63,2026-07-09T04:00:00Z,2026-07-09T04:00:00Z
STM-00186-202608,ACC-00186,2026-07-09,2026-08-08,1806.71,2026-08-09T04:00:00Z,2026-08-09T04:00:00Z
STM-00186-202609,ACC-00186,2026-08-09,2026-09-08,0.00,2026-09-09T04:00:00Z,2026-09-09T04:00:00Z
STM-00186-202610,ACC-00186,2026-09-09,2026-10-08,2838.99,2026-10-09T04:00:00Z,2026-10-09T04:00:00Z
STM-00186-202611,ACC-00186,2026-10-09,2026-11-08,1741.60,2026-11-09T05:00:00Z,2026-11-09T05:00:00Z
STM-00187-202607,ACC-00187,2026-06-04,2026-07-03,10308.36,2026-07-04T04:00:00Z,2026-07-04T04:00:00Z
STM-00187-202608,ACC-00187,2026-07-04,2026-08-03,4304.41,2026-08-04T04:00:00Z,2026-08-04T04:00:00Z
STM-00187-202609,ACC-00187,2026-08-04,2026-09-03,8902.24,2026-09-04T04:00:00Z,2026-09-04T04:00:00Z
STM-00187-202610,ACC-00187,2026-09-04,2026-10-03,8241.20,2026-10-04T04:00:00Z,2026-10-04T04:00:00Z
STM-00187-202611,ACC-00187,2026-10-04,2026-11-03,8326.85,2026-11-04T05:00:00Z,2026-11-04T05:00:00Z
STM-00188-202607,ACC-00188,2026-06-09,2026-07-08,1885.61,2026-07-09T04:00:00Z,2026-07-09T04:00:00Z
STM-00188-202608,ACC-00188,2026-07-09,2026-08-08,2596.09,2026-08-09T04:00:00Z,2026-08-09T04:00:00Z
STM-00188-202609,ACC-00188,2026-08-09,2026-09-08,3071.06,2026-09-09T04:00:00Z,2026-09-09T04:00:00Z
STM-00188-202610,ACC-00188,2026-09-09,2026-10-08,2451.45,2026-10-09T04:00:00Z,2026-10-09T04:00:00Z
STM-00188-202611,ACC-00188,2026-10-09,2026-11-08,2186.61,2026-11-09T05:00:00Z,2026-11-09T05:00:00Z
STM-00189-202607,ACC-00189,2026-06-04,2026-07-03,5703.75,2026-07-04T04:00:00Z,2026-07-04T04:00:00Z
STM-00189-202608,ACC-00189,2026-07-04,2026-08-03,5273.65,2026-08-04T04:00:00Z,2026-08-04T04:00:00Z
STM-00189-202609,ACC-00189,2026-08-04,2026-09-03,4807.16,2026-09-04T04:00:00Z,2026-09-04T04:00:00Z
STM-00189-202610,ACC-00189,2026-09-04,2026-10-03,3562.13,2026-10-04T04:00:00Z,2026-10-04T04:00:00Z
STM-00189-202611,ACC-00189,2026-10-04,2026-11-03,5182.51,2026-11-04T05:00:00Z,2026-11-04T05:00:00Z
STM-00190-202607,ACC-00190,2026-06-18,2026-07-17,1382.09,2026-07-18T04:00:00Z,2026-07-18T04:00:00Z
STM-00190-202608,ACC-00190,2026-07-18,2026-08-17,3615.86,2026-08-18T04:00:00Z,2026-08-18T04:00:00Z
STM-00190-202609,ACC-00190,2026-08-18,2026-09-17,1969.59,2026-09-18T04:00:00Z,2026-09-18T04:00:00Z
STM-00190-202610,ACC-00190,2026-09-18,2026-10-17,2395.13,2026-10-18T04:00:00Z,2026-10-18T04:00:00Z
STM-00191-202607,ACC-00191,2026-06-09,2026-07-08,2540.45,2026-07-09T04:00:00Z,2026-07-09T04:00:00Z
STM-00191-202608,ACC-00191,2026-07-09,2026-08-08,4501.48,2026-08-09T04:00:00Z,2026-08-09T04:00:00Z
STM-00191-202609,ACC-00191,2026-08-09,2026-09-08,4328.24,2026-09-09T04:00:00Z,2026-09-09T04:00:00Z
STM-00191-202610,ACC-00191,2026-09-09,2026-10-08,3528.11,2026-10-09T04:00:00Z,2026-10-09T04:00:00Z
STM-00191-202611,ACC-00191,2026-10-09,2026-11-08,5407.44,2026-11-09T05:00:00Z,2026-11-09T05:00:00Z
STM-00192-202607,ACC-00192,2026-06-21,2026-07-20,3261.76,2026-07-21T04:00:00Z,2026-07-21T04:00:00Z
STM-00192-202608,ACC-00192,2026-07-21,2026-08-20,3571.72,2026-08-21T04:00:00Z,2026-08-21T04:00:00Z
STM-00192-202609,ACC-00192,2026-08-21,2026-09-20,2621.03,2026-09-21T04:00:00Z,2026-09-21T04:00:00Z
STM-00192-202610,ACC-00192,2026-09-21,2026-10-20,4315.23,2026-10-21T04:00:00Z,2026-10-21T04:00:00Z
STM-00193-202607,ACC-00193,2026-06-26,2026-07-25,4730.72,2026-07-26T04:00:00Z,2026-07-26T04:00:00Z
STM-00193-202608,ACC-00193,2026-07-26,2026-08-25,6305.62,2026-08-26T04:00:00Z,2026-08-26T04:00:00Z
STM-00193-202609,ACC-00193,2026-08-26,2026-09-25,5952.25,2026-09-26T04:00:00Z,2026-09-26T04:00:00Z
STM-00193-202610,ACC-00193,2026-09-26,2026-10-25,0.00,2026-10-26T04:00:00Z,2026-10-26T04:00:00Z
STM-00194-202607,ACC-00194,2026-06-09,2026-07-08,30.63,2026-07-09T04:00:00Z,2026-07-09T04:00:00Z
STM-00194-202608,ACC-00194,2026-07-09,2026-08-08,54.91,2026-08-09T04:00:00Z,2026-08-09T04:00:00Z
STM-00194-202609,ACC-00194,2026-08-09,2026-09-08,59.07,2026-09-09T04:00:00Z,2026-09-09T04:00:00Z
STM-00194-202610,ACC-00194,2026-09-09,2026-10-08,51.33,2026-10-09T04:00:00Z,2026-10-09T04:00:00Z
STM-00194-202611,ACC-00194,2026-10-09,2026-11-08,56.43,2026-11-09T05:00:00Z,2026-11-09T05:00:00Z
STM-00195-202607,ACC-00195,2026-06-04,2026-07-03,660.39,2026-07-04T04:00:00Z,2026-07-04T04:00:00Z
STM-00195-202608,ACC-00195,2026-07-04,2026-08-03,607.74,2026-08-04T04:00:00Z,2026-08-04T04:00:00Z
STM-00195-202609,ACC-00195,2026-08-04,2026-09-03,761.18,2026-09-04T04:00:00Z,2026-09-04T04:00:00Z
STM-00195-202610,ACC-00195,2026-09-04,2026-10-03,805.59,2026-10-04T04:00:00Z,2026-10-04T04:00:00Z
STM-00195-202611,ACC-00195,2026-10-04,2026-11-03,1103.65,2026-11-04T05:00:00Z,2026-11-04T05:00:00Z
STM-00196-202607,ACC-00196,2026-06-09,2026-07-08,5946.10,2026-07-09T04:00:00Z,2026-07-09T04:00:00Z
STM-00196-202608,ACC-00196,2026-07-09,2026-08-08,2731.76,2026-08-09T04:00:00Z,2026-08-09T04:00:00Z
STM-00196-202609,ACC-00196,2026-08-09,2026-09-08,6518.18,2026-09-09T04:00:00Z,2026-09-09T04:00:00Z
STM-00196-202610,ACC-00196,2026-09-09,2026-10-08,6371.65,2026-10-09T04:00:00Z,2026-10-09T04:00:00Z
STM-00196-202611,ACC-00196,2026-10-09,2026-11-08,4892.12,2026-11-09T05:00:00Z,2026-11-09T05:00:00Z
STM-00197-202607,ACC-00197,2026-06-26,2026-07-25,261.95,2026-07-26T04:00:00Z,2026-07-26T04:00:00Z
STM-00197-202608,ACC-00197,2026-07-26,2026-08-25,202.91,2026-08-26T04:00:00Z,2026-08-26T04:00:00Z
STM-00197-202609,ACC-00197,2026-08-26,2026-09-25,183.83,2026-09-26T04:00:00Z,2026-09-26T04:00:00Z
STM-00197-202610,ACC-00197,2026-09-26,2026-10-25,388.34,2026-10-26T04:00:00Z,2026-10-26T04:00:00Z
STM-00198-202607,ACC-00198,2026-06-26,2026-07-25,7417.69,2026-07-26T04:00:00Z,2026-07-26T04:00:00Z
STM-00198-202608,ACC-00198,2026-07-26,2026-08-25,4868.75,2026-08-26T04:00:00Z,2026-08-26T04:00:00Z
STM-00198-202609,ACC-00198,2026-08-26,2026-09-25,6677.33,2026-09-26T04:00:00Z,2026-09-26T04:00:00Z
STM-00198-202610,ACC-00198,2026-09-26,2026-10-25,5192.50,2026-10-26T04:00:00Z,2026-10-26T04:00:00Z
STM-00199-202607,ACC-00199,2026-06-04,2026-07-03,5498.02,2026-07-04T04:00:00Z,2026-07-04T04:00:00Z
STM-00199-202608,ACC-00199,2026-07-04,2026-08-03,0.00,2026-08-04T04:00:00Z,2026-08-04T04:00:00Z
STM-00199-202609,ACC-00199,2026-08-04,2026-09-03,4507.43,2026-09-04T04:00:00Z,2026-09-04T04:00:00Z
STM-00199-202610,ACC-00199,2026-09-04,2026-10-03,3324.37,2026-10-04T04:00:00Z,2026-10-04T04:00:00Z
STM-00199-202611,ACC-00199,2026-10-04,2026-11-03,4118.31,2026-11-04T05:00:00Z,2026-11-04T05:00:00Z
STM-00200-202607,ACC-00200,2026-06-04,2026-07-03,10626.50,2026-07-04T04:00:00Z,2026-07-04T04:00:00Z
STM-00200-202608,ACC-00200,2026-07-04,2026-08-03,9658.52,2026-08-04T04:00:00Z,2026-08-04T04:00:00Z
STM-00200-202609,ACC-00200,2026-08-04,2026-09-03,7146.66,2026-09-04T04:00:00Z,2026-09-04T04:00:00Z
STM-00200-202610,ACC-00200,2026-09-04,2026-10-03,10371.35,2026-10-04T04:00:00Z,2026-10-04T04:00:00Z
STM-00200-202611,ACC-00200,2026-10-04,2026-11-03,9884.14,2026-11-04T05:00:00Z,2026-11-04T05:00:00Z
STM-00201-202607,ACC-00201,2026-06-09,2026-07-08,348.75,2026-07-09T04:00:00Z,2026-07-09T04:00:00Z
STM-00201-202608,ACC-00201,2026-07-09,2026-08-08,491.66,2026-08-09T04:00:00Z,2026-08-09T04:00:00Z
STM-00201-202609,ACC-00201,2026-08-09,2026-09-08,515.12,2026-09-09T04:00:00Z,2026-09-09T04:00:00Z
STM-00201-202610,ACC-00201,2026-09-09,2026-10-08,838.16,2026-10-09T04:00:00Z,2026-10-09T04:00:00Z
STM-00201-202611,ACC-00201,2026-10-09,2026-11-08,523.26,2026-11-09T05:00:00Z,2026-11-09T05:00:00Z
STM-00202-202607,ACC-00202,2026-06-13,2026-07-12,269.30,2026-07-13T04:00:00Z,2026-07-13T04:00:00Z
STM-00202-202608,ACC-00202,2026-07-13,2026-08-12,296.37,2026-08-13T04:00:00Z,2026-08-13T04:00:00Z
STM-00202-202609,ACC-00202,2026-08-13,2026-09-12,197.99,2026-09-13T04:00:00Z,2026-09-13T04:00:00Z
STM-00202-202610,ACC-00202,2026-09-13,2026-10-12,276.55,2026-10-13T04:00:00Z,2026-10-13T04:00:00Z
STM-00202-202611,ACC-00202,2026-10-13,2026-11-12,262.71,2026-11-13T05:00:00Z,2026-11-13T05:00:00Z
STM-00203-202607,ACC-00203,2026-06-13,2026-07-12,1906.69,2026-07-13T04:00:00Z,2026-07-13T04:00:00Z
STM-00203-202608,ACC-00203,2026-07-13,2026-08-12,1713.54,2026-08-13T04:00:00Z,2026-08-13T04:00:00Z
STM-00203-202609,ACC-00203,2026-08-13,2026-09-12,2871.44,2026-09-13T04:00:00Z,2026-09-13T04:00:00Z
STM-00203-202610,ACC-00203,2026-09-13,2026-10-12,3082.18,2026-10-13T04:00:00Z,2026-10-13T04:00:00Z
STM-00203-202611,ACC-00203,2026-10-13,2026-11-12,3971.81,2026-11-13T05:00:00Z,2026-11-13T05:00:00Z
STM-00204-202607,ACC-00204,2026-06-09,2026-07-08,1532.05,2026-07-09T04:00:00Z,2026-07-09T04:00:00Z
STM-00204-202608,ACC-00204,2026-07-09,2026-08-08,1150.05,2026-08-09T04:00:00Z,2026-08-09T04:00:00Z
STM-00204-202609,ACC-00204,2026-08-09,2026-09-08,1938.11,2026-09-09T04:00:00Z,2026-09-09T04:00:00Z
STM-00204-202610,ACC-00204,2026-09-09,2026-10-08,1671.79,2026-10-09T04:00:00Z,2026-10-09T04:00:00Z
STM-00204-202611,ACC-00204,2026-10-09,2026-11-08,1626.66,2026-11-09T05:00:00Z,2026-11-09T05:00:00Z
STM-00205-202607,ACC-00205,2026-06-04,2026-07-03,5207.48,2026-07-04T04:00:00Z,2026-07-04T04:00:00Z
STM-00205-202608,ACC-00205,2026-07-04,2026-08-03,5698.60,2026-08-04T04:00:00Z,2026-08-04T04:00:00Z
STM-00205-202609,ACC-00205,2026-08-04,2026-09-03,6845.15,2026-09-04T04:00:00Z,2026-09-04T04:00:00Z
STM-00205-202610,ACC-00205,2026-09-04,2026-10-03,8070.25,2026-10-04T04:00:00Z,2026-10-04T04:00:00Z
STM-00205-202611,ACC-00205,2026-10-04,2026-11-03,4556.51,2026-11-04T05:00:00Z,2026-11-04T05:00:00Z
STM-00206-202607,ACC-00206,2026-06-21,2026-07-20,178.28,2026-07-21T04:00:00Z,2026-07-21T04:00:00Z
STM-00206-202608,ACC-00206,2026-07-21,2026-08-20,456.99,2026-08-21T04:00:00Z,2026-08-21T04:00:00Z
STM-00206-202609,ACC-00206,2026-08-21,2026-09-20,415.40,2026-09-21T04:00:00Z,2026-09-21T04:00:00Z
STM-00206-202610,ACC-00206,2026-09-21,2026-10-20,438.87,2026-10-21T04:00:00Z,2026-10-21T04:00:00Z
STM-00207-202607,ACC-00207,2026-06-04,2026-07-03,413.10,2026-07-04T04:00:00Z,2026-07-04T04:00:00Z
STM-00207-202608,ACC-00207,2026-07-04,2026-08-03,515.26,2026-08-04T04:00:00Z,2026-08-04T04:00:00Z
STM-00207-202609,ACC-00207,2026-08-04,2026-09-03,675.71,2026-09-04T04:00:00Z,2026-09-04T04:00:00Z
STM-00207-202610,ACC-00207,2026-09-04,2026-10-03,0.00,2026-10-04T04:00:00Z,2026-10-04T04:00:00Z
STM-00207-202611,ACC-00207,2026-10-04,2026-11-03,570.90,2026-11-04T05:00:00Z,2026-11-04T05:00:00Z
STM-00208-202607,ACC-00208,2026-06-04,2026-07-03,1659.38,2026-07-04T04:00:00Z,2026-07-04T04:00:00Z
STM-00208-202608,ACC-00208,2026-07-04,2026-08-03,1212.43,2026-08-04T04:00:00Z,2026-08-04T04:00:00Z
STM-00208-202609,ACC-00208,2026-08-04,2026-09-03,1696.95,2026-09-04T04:00:00Z,2026-09-04T04:00:00Z
STM-00208-202610,ACC-00208,2026-09-04,2026-10-03,1166.85,2026-10-04T04:00:00Z,2026-10-04T04:00:00Z
STM-00208-202611,ACC-00208,2026-10-04,2026-11-03,1231.72,2026-11-04T05:00:00Z,2026-11-04T05:00:00Z
STM-00209-202607,ACC-00209,2026-06-09,2026-07-08,2931.64,2026-07-09T04:00:00Z,2026-07-09T04:00:00Z
STM-00209-202608,ACC-00209,2026-07-09,2026-08-08,2695.51,2026-08-09T04:00:00Z,2026-08-09T04:00:00Z
STM-00209-202609,ACC-00209,2026-08-09,2026-09-08,1346.71,2026-09-09T04:00:00Z,2026-09-09T04:00:00Z
STM-00209-202610,ACC-00209,2026-09-09,2026-10-08,0.00,2026-10-09T04:00:00Z,2026-10-09T04:00:00Z
STM-00209-202611,ACC-00209,2026-10-09,2026-11-08,1651.39,2026-11-09T05:00:00Z,2026-11-09T05:00:00Z
STM-00210-202607,ACC-00210,2026-06-09,2026-07-08,127.62,2026-07-09T04:00:00Z,2026-07-09T04:00:00Z
STM-00210-202608,ACC-00210,2026-07-09,2026-08-08,102.94,2026-08-09T04:00:00Z,2026-08-09T04:00:00Z
STM-00210-202609,ACC-00210,2026-08-09,2026-09-08,92.51,2026-09-09T04:00:00Z,2026-09-09T04:00:00Z
STM-00210-202610,ACC-00210,2026-09-09,2026-10-08,132.27,2026-10-09T04:00:00Z,2026-10-09T04:00:00Z
STM-00210-202611,ACC-00210,2026-10-09,2026-11-08,83.57,2026-11-09T05:00:00Z,2026-11-09T05:00:00Z
STM-00211-202607,ACC-00211,2026-06-09,2026-07-08,283.99,2026-07-09T04:00:00Z,2026-07-09T04:00:00Z
STM-00211-202608,ACC-00211,2026-07-09,2026-08-08,483.20,2026-08-09T04:00:00Z,2026-08-09T04:00:00Z
STM-00211-202609,ACC-00211,2026-08-09,2026-09-08,522.92,2026-09-09T04:00:00Z,2026-09-09T04:00:00Z
STM-00211-202610,ACC-00211,2026-09-09,2026-10-08,0.00,2026-10-09T04:00:00Z,2026-10-09T04:00:00Z
STM-00211-202611,ACC-00211,2026-10-09,2026-11-08,0.00,2026-11-09T05:00:00Z,2026-11-09T05:00:00Z
STM-00212-202607,ACC-00212,2026-06-21,2026-07-20,4595.40,2026-07-21T04:00:00Z,2026-07-21T04:00:00Z
STM-00212-202608,ACC-00212,2026-07-21,2026-08-20,6755.11,2026-08-21T04:00:00Z,2026-08-21T04:00:00Z
STM-00212-202609,ACC-00212,2026-08-21,2026-09-20,5344.23,2026-09-21T04:00:00Z,2026-09-21T04:00:00Z
STM-00212-202610,ACC-00212,2026-09-21,2026-10-20,5522.97,2026-10-21T04:00:00Z,2026-10-21T04:00:00Z
STM-00213-202607,ACC-00213,2026-06-21,2026-07-20,40.01,2026-07-21T04:00:00Z,2026-07-21T04:00:00Z
STM-00213-202608,ACC-00213,2026-07-21,2026-08-20,80.23,2026-08-21T04:00:00Z,2026-08-21T04:00:00Z
STM-00213-202609,ACC-00213,2026-08-21,2026-09-20,81.85,2026-09-21T04:00:00Z,2026-09-21T04:00:00Z
STM-00213-202610,ACC-00213,2026-09-21,2026-10-20,84.88,2026-10-21T04:00:00Z,2026-10-21T04:00:00Z
STM-00214-202607,ACC-00214,2026-06-18,2026-07-17,288.10,2026-07-18T04:00:00Z,2026-07-18T04:00:00Z
STM-00214-202608,ACC-00214,2026-07-18,2026-08-17,881.72,2026-08-18T04:00:00Z,2026-08-18T04:00:00Z
STM-00214-202609,ACC-00214,2026-08-18,2026-09-17,715.05,2026-09-18T04:00:00Z,2026-09-18T04:00:00Z
STM-00214-202610,ACC-00214,2026-09-18,2026-10-17,772.01,2026-10-18T04:00:00Z,2026-10-18T04:00:00Z
STM-00215-202607,ACC-00215,2026-06-21,2026-07-20,2221.35,2026-07-21T04:00:00Z,2026-07-21T04:00:00Z
STM-00215-202608,ACC-00215,2026-07-21,2026-08-20,2531.74,2026-08-21T04:00:00Z,2026-08-21T04:00:00Z
STM-00215-202609,ACC-00215,2026-08-21,2026-09-20,435.57,2026-09-21T04:00:00Z,2026-09-21T04:00:00Z
STM-00215-202610,ACC-00215,2026-09-21,2026-10-20,2194.10,2026-10-21T04:00:00Z,2026-10-21T04:00:00Z
STM-00216-202607,ACC-00216,2026-06-21,2026-07-20,2235.59,2026-07-21T04:00:00Z,2026-07-21T04:00:00Z
STM-00216-202608,ACC-00216,2026-07-21,2026-08-20,1268.66,2026-08-21T04:00:00Z,2026-08-21T04:00:00Z
STM-00216-202609,ACC-00216,2026-08-21,2026-09-20,2234.15,2026-09-21T04:00:00Z,2026-09-21T04:00:00Z
STM-00216-202610,ACC-00216,2026-09-21,2026-10-20,2575.19,2026-10-21T04:00:00Z,2026-10-21T04:00:00Z
STM-00217-202607,ACC-00217,2026-06-21,2026-07-20,2574.20,2026-07-21T04:00:00Z,2026-07-21T04:00:00Z
STM-00217-202608,ACC-00217,2026-07-21,2026-08-20,2911.65,2026-08-21T04:00:00Z,2026-08-21T04:00:00Z
STM-00217-202609,ACC-00217,2026-08-21,2026-09-20,2482.46,2026-09-21T04:00:00Z,2026-09-21T04:00:00Z
STM-00217-202610,ACC-00217,2026-09-21,2026-10-20,3129.58,2026-10-21T04:00:00Z,2026-10-21T04:00:00Z
STM-00218-202607,ACC-00218,2026-06-21,2026-07-20,124.21,2026-07-21T04:00:00Z,2026-07-21T04:00:00Z
STM-00218-202608,ACC-00218,2026-07-21,2026-08-20,190.04,2026-08-21T04:00:00Z,2026-08-21T04:00:00Z
STM-00218-202609,ACC-00218,2026-08-21,2026-09-20,171.10,2026-09-21T04:00:00Z,2026-09-21T04:00:00Z
STM-00218-202610,ACC-00218,2026-09-21,2026-10-20,230.85,2026-10-21T04:00:00Z,2026-10-21T04:00:00Z
STM-00219-202607,ACC-00219,2026-06-13,2026-07-12,1158.90,2026-07-13T04:00:00Z,2026-07-13T04:00:00Z
STM-00219-202608,ACC-00219,2026-07-13,2026-08-12,783.43,2026-08-13T04:00:00Z,2026-08-13T04:00:00Z
STM-00219-202609,ACC-00219,2026-08-13,2026-09-12,740.07,2026-09-13T04:00:00Z,2026-09-13T04:00:00Z
STM-00219-202610,ACC-00219,2026-09-13,2026-10-12,948.20,2026-10-13T04:00:00Z,2026-10-13T04:00:00Z
STM-00219-202611,ACC-00219,2026-10-13,2026-11-12,841.41,2026-11-13T05:00:00Z,2026-11-13T05:00:00Z
STM-00220-202607,ACC-00220,2026-06-26,2026-07-25,271.61,2026-07-26T04:00:00Z,2026-07-26T04:00:00Z
STM-00220-202608,ACC-00220,2026-07-26,2026-08-25,247.09,2026-08-26T04:00:00Z,2026-08-26T04:00:00Z
STM-00220-202609,ACC-00220,2026-08-26,2026-09-25,124.45,2026-09-26T04:00:00Z,2026-09-26T04:00:00Z
STM-00220-202610,ACC-00220,2026-09-26,2026-10-25,132.76,2026-10-26T04:00:00Z,2026-10-26T04:00:00Z
STM-00221-202607,ACC-00221,2026-06-13,2026-07-12,2596.73,2026-07-13T04:00:00Z,2026-07-13T04:00:00Z
STM-00221-202608,ACC-00221,2026-07-13,2026-08-12,2047.27,2026-08-13T04:00:00Z,2026-08-13T04:00:00Z
STM-00221-202609,ACC-00221,2026-08-13,2026-09-12,2899.98,2026-09-13T04:00:00Z,2026-09-13T04:00:00Z
STM-00221-202610,ACC-00221,2026-09-13,2026-10-12,1914.81,2026-10-13T04:00:00Z,2026-10-13T04:00:00Z
STM-00221-202611,ACC-00221,2026-10-13,2026-11-12,1594.30,2026-11-13T05:00:00Z,2026-11-13T05:00:00Z
STM-00222-202607,ACC-00222,2026-06-21,2026-07-20,10240.48,2026-07-21T04:00:00Z,2026-07-21T04:00:00Z
STM-00222-202608,ACC-00222,2026-07-21,2026-08-20,10192.55,2026-08-21T04:00:00Z,2026-08-21T04:00:00Z
STM-00222-202609,ACC-00222,2026-08-21,2026-09-20,9547.71,2026-09-21T04:00:00Z,2026-09-21T04:00:00Z
STM-00222-202610,ACC-00222,2026-09-21,2026-10-20,4499.17,2026-10-21T04:00:00Z,2026-10-21T04:00:00Z
STM-00223-202607,ACC-00223,2026-06-04,2026-07-03,435.06,2026-07-04T04:00:00Z,2026-07-04T04:00:00Z
STM-00223-202608,ACC-00223,2026-07-04,2026-08-03,503.64,2026-08-04T04:00:00Z,2026-08-04T04:00:00Z
STM-00223-202609,ACC-00223,2026-08-04,2026-09-03,351.18,2026-09-04T04:00:00Z,2026-09-04T04:00:00Z
STM-00223-202610,ACC-00223,2026-09-04,2026-10-03,466.63,2026-10-04T04:00:00Z,2026-10-04T04:00:00Z
STM-00223-202611,ACC-00223,2026-10-04,2026-11-03,322.37,2026-11-04T05:00:00Z,2026-11-04T05:00:00Z
STM-00224-202607,ACC-00224,2026-06-21,2026-07-20,780.76,2026-07-21T04:00:00Z,2026-07-21T04:00:00Z
STM-00224-202608,ACC-00224,2026-07-21,2026-08-20,0.00,2026-08-21T04:00:00Z,2026-08-21T04:00:00Z
STM-00224-202609,ACC-00224,2026-08-21,2026-09-20,812.96,2026-09-21T04:00:00Z,2026-09-21T04:00:00Z
STM-00224-202610,ACC-00224,2026-09-21,2026-10-20,865.31,2026-10-21T04:00:00Z,2026-10-21T04:00:00Z
STM-00225-202607,ACC-00225,2026-06-18,2026-07-17,89.77,2026-07-18T04:00:00Z,2026-07-18T04:00:00Z
STM-00225-202608,ACC-00225,2026-07-18,2026-08-17,160.32,2026-08-18T04:00:00Z,2026-08-18T04:00:00Z
STM-00225-202609,ACC-00225,2026-08-18,2026-09-17,165.73,2026-09-18T04:00:00Z,2026-09-18T04:00:00Z
STM-00225-202610,ACC-00225,2026-09-18,2026-10-17,148.99,2026-10-18T04:00:00Z,2026-10-18T04:00:00Z
STM-00226-202607,ACC-00226,2026-06-18,2026-07-17,892.95,2026-07-18T04:00:00Z,2026-07-18T04:00:00Z
STM-00226-202608,ACC-00226,2026-07-18,2026-08-17,650.09,2026-08-18T04:00:00Z,2026-08-18T04:00:00Z
STM-00226-202609,ACC-00226,2026-08-18,2026-09-17,569.72,2026-09-18T04:00:00Z,2026-09-18T04:00:00Z
STM-00226-202610,ACC-00226,2026-09-18,2026-10-17,1364.47,2026-10-18T04:00:00Z,2026-10-18T04:00:00Z
STM-00227-202607,ACC-00227,2026-06-04,2026-07-03,2491.36,2026-07-04T04:00:00Z,2026-07-04T04:00:00Z
STM-00227-202608,ACC-00227,2026-07-04,2026-08-03,2283.16,2026-08-04T04:00:00Z,2026-08-04T04:00:00Z
STM-00227-202609,ACC-00227,2026-08-04,2026-09-03,2025.08,2026-09-04T04:00:00Z,2026-09-04T04:00:00Z
STM-00227-202610,ACC-00227,2026-09-04,2026-10-03,2784.26,2026-10-04T04:00:00Z,2026-10-04T04:00:00Z
STM-00227-202611,ACC-00227,2026-10-04,2026-11-03,1309.54,2026-11-04T05:00:00Z,2026-11-04T05:00:00Z
STM-00228-202607,ACC-00228,2026-06-26,2026-07-25,721.39,2026-07-26T04:00:00Z,2026-07-26T04:00:00Z
STM-00228-202608,ACC-00228,2026-07-26,2026-08-25,943.55,2026-08-26T04:00:00Z,2026-08-26T04:00:00Z
STM-00228-202609,ACC-00228,2026-08-26,2026-09-25,841.24,2026-09-26T04:00:00Z,2026-09-26T04:00:00Z
STM-00228-202610,ACC-00228,2026-09-26,2026-10-25,910.00,2026-10-26T04:00:00Z,2026-10-26T04:00:00Z
STM-00229-202607,ACC-00229,2026-06-09,2026-07-08,52.92,2026-07-09T04:00:00Z,2026-07-09T04:00:00Z
STM-00229-202608,ACC-00229,2026-07-09,2026-08-08,28.30,2026-08-09T04:00:00Z,2026-08-09T04:00:00Z
STM-00229-202609,ACC-00229,2026-08-09,2026-09-08,55.77,2026-09-09T04:00:00Z,2026-09-09T04:00:00Z
STM-00229-202610,ACC-00229,2026-09-09,2026-10-08,54.79,2026-10-09T04:00:00Z,2026-10-09T04:00:00Z
STM-00229-202611,ACC-00229,2026-10-09,2026-11-08,57.00,2026-11-09T05:00:00Z,2026-11-09T05:00:00Z
STM-00230-202607,ACC-00230,2026-06-21,2026-07-20,1501.46,2026-07-21T04:00:00Z,2026-07-21T04:00:00Z
STM-00230-202608,ACC-00230,2026-07-21,2026-08-20,1296.29,2026-08-21T04:00:00Z,2026-08-21T04:00:00Z
STM-00230-202609,ACC-00230,2026-08-21,2026-09-20,1664.85,2026-09-21T04:00:00Z,2026-09-21T04:00:00Z
STM-00230-202610,ACC-00230,2026-09-21,2026-10-20,784.85,2026-10-21T04:00:00Z,2026-10-21T04:00:00Z
STM-00231-202607,ACC-00231,2026-06-04,2026-07-03,2017.46,2026-07-04T04:00:00Z,2026-07-04T04:00:00Z
STM-00231-202608,ACC-00231,2026-07-04,2026-08-03,2642.03,2026-08-04T04:00:00Z,2026-08-04T04:00:00Z
STM-00231-202609,ACC-00231,2026-08-04,2026-09-03,2787.73,2026-09-04T04:00:00Z,2026-09-04T04:00:00Z
STM-00231-202610,ACC-00231,2026-09-04,2026-10-03,2140.05,2026-10-04T04:00:00Z,2026-10-04T04:00:00Z
STM-00231-202611,ACC-00231,2026-10-04,2026-11-03,2343.09,2026-11-04T05:00:00Z,2026-11-04T05:00:00Z
STM-00232-202607,ACC-00232,2026-06-09,2026-07-08,2433.53,2026-07-09T04:00:00Z,2026-07-09T04:00:00Z
STM-00232-202608,ACC-00232,2026-07-09,2026-08-08,2815.55,2026-08-09T04:00:00Z,2026-08-09T04:00:00Z
STM-00232-202609,ACC-00232,2026-08-09,2026-09-08,0.00,2026-09-09T04:00:00Z,2026-09-09T04:00:00Z
STM-00232-202610,ACC-00232,2026-09-09,2026-10-08,0.00,2026-10-09T04:00:00Z,2026-10-09T04:00:00Z
STM-00232-202611,ACC-00232,2026-10-09,2026-11-08,3042.96,2026-11-09T05:00:00Z,2026-11-09T05:00:00Z
STM-00233-202607,ACC-00233,2026-06-13,2026-07-12,2833.57,2026-07-13T04:00:00Z,2026-07-13T04:00:00Z
STM-00233-202608,ACC-00233,2026-07-13,2026-08-12,3257.50,2026-08-13T04:00:00Z,2026-08-13T04:00:00Z
STM-00233-202609,ACC-00233,2026-08-13,2026-09-12,2533.04,2026-09-13T04:00:00Z,2026-09-13T04:00:00Z
STM-00233-202610,ACC-00233,2026-09-13,2026-10-12,2523.03,2026-10-13T04:00:00Z,2026-10-13T04:00:00Z
STM-00233-202611,ACC-00233,2026-10-13,2026-11-12,2916.38,2026-11-13T05:00:00Z,2026-11-13T05:00:00Z
STM-00234-202607,ACC-00234,2026-06-13,2026-07-12,606.87,2026-07-13T04:00:00Z,2026-07-13T04:00:00Z
STM-00234-202608,ACC-00234,2026-07-13,2026-08-12,655.55,2026-08-13T04:00:00Z,2026-08-13T04:00:00Z
STM-00234-202609,ACC-00234,2026-08-13,2026-09-12,475.36,2026-09-13T04:00:00Z,2026-09-13T04:00:00Z
STM-00234-202610,ACC-00234,2026-09-13,2026-10-12,643.13,2026-10-13T04:00:00Z,2026-10-13T04:00:00Z
STM-00234-202611,ACC-00234,2026-10-13,2026-11-12,586.14,2026-11-13T05:00:00Z,2026-11-13T05:00:00Z
STM-00235-202607,ACC-00235,2026-06-26,2026-07-25,915.20,2026-07-26T04:00:00Z,2026-07-26T04:00:00Z
STM-00235-202608,ACC-00235,2026-07-26,2026-08-25,846.41,2026-08-26T04:00:00Z,2026-08-26T04:00:00Z
STM-00235-202609,ACC-00235,2026-08-26,2026-09-25,741.07,2026-09-26T04:00:00Z,2026-09-26T04:00:00Z
STM-00235-202610,ACC-00235,2026-09-26,2026-10-25,832.39,2026-10-26T04:00:00Z,2026-10-26T04:00:00Z
STM-00236-202607,ACC-00236,2026-06-04,2026-07-03,7101.39,2026-07-04T04:00:00Z,2026-07-04T04:00:00Z
STM-00236-202608,ACC-00236,2026-07-04,2026-08-03,6372.89,2026-08-04T04:00:00Z,2026-08-04T04:00:00Z
STM-00236-202609,ACC-00236,2026-08-04,2026-09-03,7164.22,2026-09-04T04:00:00Z,2026-09-04T04:00:00Z
STM-00236-202610,ACC-00236,2026-09-04,2026-10-03,3859.96,2026-10-04T04:00:00Z,2026-10-04T04:00:00Z
STM-00236-202611,ACC-00236,2026-10-04,2026-11-03,7807.50,2026-11-04T05:00:00Z,2026-11-04T05:00:00Z
STM-00237-202607,ACC-00237,2026-06-26,2026-07-25,223.02,2026-07-26T04:00:00Z,2026-07-26T04:00:00Z
STM-00237-202608,ACC-00237,2026-07-26,2026-08-25,254.72,2026-08-26T04:00:00Z,2026-08-26T04:00:00Z
STM-00237-202609,ACC-00237,2026-08-26,2026-09-25,200.46,2026-09-26T04:00:00Z,2026-09-26T04:00:00Z
STM-00237-202610,ACC-00237,2026-09-26,2026-10-25,212.53,2026-10-26T04:00:00Z,2026-10-26T04:00:00Z
STM-00238-202608,ACC-00238,2026-07-26,2026-08-25,4871.87,2026-08-26T04:00:00Z,2026-08-26T04:00:00Z
STM-00238-202609,ACC-00238,2026-08-26,2026-09-25,7508.41,2026-09-26T04:00:00Z,2026-09-26T04:00:00Z
STM-00238-202610,ACC-00238,2026-09-26,2026-10-25,0.00,2026-10-26T04:00:00Z,2026-10-26T04:00:00Z
STM-00239-202607,ACC-00239,2026-06-18,2026-07-17,2849.09,2026-07-18T04:00:00Z,2026-07-18T04:00:00Z
STM-00239-202608,ACC-00239,2026-07-18,2026-08-17,5457.92,2026-08-18T04:00:00Z,2026-08-18T04:00:00Z
STM-00239-202609,ACC-00239,2026-08-18,2026-09-17,4028.44,2026-09-18T04:00:00Z,2026-09-18T04:00:00Z
STM-00239-202610,ACC-00239,2026-09-18,2026-10-17,3192.39,2026-10-18T04:00:00Z,2026-10-18T04:00:00Z
STM-00240-202607,ACC-00240,2026-06-04,2026-07-03,2488.09,2026-07-04T04:00:00Z,2026-07-04T04:00:00Z
STM-00240-202608,ACC-00240,2026-07-04,2026-08-03,2336.24,2026-08-04T04:00:00Z,2026-08-04T04:00:00Z
STM-00240-202609,ACC-00240,2026-08-04,2026-09-03,2748.06,2026-09-04T04:00:00Z,2026-09-04T04:00:00Z
STM-00240-202610,ACC-00240,2026-09-04,2026-10-03,2036.13,2026-10-04T04:00:00Z,2026-10-04T04:00:00Z
STM-00240-202611,ACC-00240,2026-10-04,2026-11-03,1617.03,2026-11-04T05:00:00Z,2026-11-04T05:00:00Z
STM-00241-202607,ACC-00241,2026-06-18,2026-07-17,213.63,2026-07-18T04:00:00Z,2026-07-18T04:00:00Z
STM-00241-202608,ACC-00241,2026-07-18,2026-08-17,165.96,2026-08-18T04:00:00Z,2026-08-18T04:00:00Z
STM-00241-202609,ACC-00241,2026-08-18,2026-09-17,133.27,2026-09-18T04:00:00Z,2026-09-18T04:00:00Z
STM-00241-202610,ACC-00241,2026-09-18,2026-10-17,178.09,2026-10-18T04:00:00Z,2026-10-18T04:00:00Z
STM-00242-202607,ACC-00242,2026-06-21,2026-07-20,208.23,2026-07-21T04:00:00Z,2026-07-21T04:00:00Z
STM-00242-202608,ACC-00242,2026-07-21,2026-08-20,168.76,2026-08-21T04:00:00Z,2026-08-21T04:00:00Z
STM-00242-202609,ACC-00242,2026-08-21,2026-09-20,126.43,2026-09-21T04:00:00Z,2026-09-21T04:00:00Z
STM-00242-202610,ACC-00242,2026-09-21,2026-10-20,286.37,2026-10-21T04:00:00Z,2026-10-21T04:00:00Z
STM-00243-202607,ACC-00243,2026-06-09,2026-07-08,42.80,2026-07-09T04:00:00Z,2026-07-09T04:00:00Z
STM-00243-202608,ACC-00243,2026-07-09,2026-08-08,36.71,2026-08-09T04:00:00Z,2026-08-09T04:00:00Z
STM-00243-202609,ACC-00243,2026-08-09,2026-09-08,45.39,2026-09-09T04:00:00Z,2026-09-09T04:00:00Z
STM-00243-202610,ACC-00243,2026-09-09,2026-10-08,44.96,2026-10-09T04:00:00Z,2026-10-09T04:00:00Z
STM-00243-202611,ACC-00243,2026-10-09,2026-11-08,32.86,2026-11-09T05:00:00Z,2026-11-09T05:00:00Z
STM-00244-202607,ACC-00244,2026-06-04,2026-07-03,2937.60,2026-07-04T04:00:00Z,2026-07-04T04:00:00Z
STM-00244-202608,ACC-00244,2026-07-04,2026-08-03,4220.61,2026-08-04T04:00:00Z,2026-08-04T04:00:00Z
STM-00244-202609,ACC-00244,2026-08-04,2026-09-03,2761.52,2026-09-04T04:00:00Z,2026-09-04T04:00:00Z
STM-00244-202610,ACC-00244,2026-09-04,2026-10-03,4743.02,2026-10-04T04:00:00Z,2026-10-04T04:00:00Z
STM-00244-202611,ACC-00244,2026-10-04,2026-11-03,4527.24,2026-11-04T05:00:00Z,2026-11-04T05:00:00Z
STM-00245-202607,ACC-00245,2026-06-04,2026-07-03,4535.81,2026-07-04T04:00:00Z,2026-07-04T04:00:00Z
STM-00245-202608,ACC-00245,2026-07-04,2026-08-03,7648.57,2026-08-04T04:00:00Z,2026-08-04T04:00:00Z
STM-00245-202609,ACC-00245,2026-08-04,2026-09-03,5910.77,2026-09-04T04:00:00Z,2026-09-04T04:00:00Z
STM-00245-202610,ACC-00245,2026-09-04,2026-10-03,4260.78,2026-10-04T04:00:00Z,2026-10-04T04:00:00Z
STM-00245-202611,ACC-00245,2026-10-04,2026-11-03,5763.12,2026-11-04T05:00:00Z,2026-11-04T05:00:00Z
STM-00246-202607,ACC-00246,2026-06-04,2026-07-03,2258.75,2026-07-04T04:00:00Z,2026-07-04T04:00:00Z
STM-00246-202608,ACC-00246,2026-07-04,2026-08-03,2596.10,2026-08-04T04:00:00Z,2026-08-04T04:00:00Z
STM-00246-202609,ACC-00246,2026-08-04,2026-09-03,2321.24,2026-09-04T04:00:00Z,2026-09-04T04:00:00Z
STM-00246-202610,ACC-00246,2026-09-04,2026-10-03,2058.72,2026-10-04T04:00:00Z,2026-10-04T04:00:00Z
STM-00246-202611,ACC-00246,2026-10-04,2026-11-03,0.00,2026-11-04T05:00:00Z,2026-11-04T05:00:00Z
STM-00247-202607,ACC-00247,2026-06-21,2026-07-20,133.02,2026-07-21T04:00:00Z,2026-07-21T04:00:00Z
STM-00247-202608,ACC-00247,2026-07-21,2026-08-20,99.07,2026-08-21T04:00:00Z,2026-08-21T04:00:00Z
STM-00247-202609,ACC-00247,2026-08-21,2026-09-20,193.65,2026-09-21T04:00:00Z,2026-09-21T04:00:00Z
STM-00247-202610,ACC-00247,2026-09-21,2026-10-20,140.08,2026-10-21T04:00:00Z,2026-10-21T04:00:00Z
STM-00248-202607,ACC-00248,2026-06-13,2026-07-12,0.00,2026-07-13T04:00:00Z,2026-07-13T04:00:00Z
STM-00248-202608,ACC-00248,2026-07-13,2026-08-12,0.00,2026-08-13T04:00:00Z,2026-08-13T04:00:00Z
STM-00248-202609,ACC-00248,2026-08-13,2026-09-12,3803.12,2026-09-13T04:00:00Z,2026-09-13T04:00:00Z
STM-00248-202610,ACC-00248,2026-09-13,2026-10-12,3647.55,2026-10-13T04:00:00Z,2026-10-13T04:00:00Z
STM-00248-202611,ACC-00248,2026-10-13,2026-11-12,2993.13,2026-11-13T05:00:00Z,2026-11-13T05:00:00Z
STM-00249-202607,ACC-00249,2026-06-21,2026-07-20,2144.87,2026-07-21T04:00:00Z,2026-07-21T04:00:00Z
STM-00249-202608,ACC-00249,2026-07-21,2026-08-20,0.00,2026-08-21T04:00:00Z,2026-08-21T04:00:00Z
STM-00249-202609,ACC-00249,2026-08-21,2026-09-20,2575.11,2026-09-21T04:00:00Z,2026-09-21T04:00:00Z
STM-00249-202610,ACC-00249,2026-09-21,2026-10-20,2665.55,2026-10-21T04:00:00Z,2026-10-21T04:00:00Z
STM-00250-202607,ACC-00250,2026-06-21,2026-07-20,1556.14,2026-07-21T04:00:00Z,2026-07-21T04:00:00Z
STM-00250-202608,ACC-00250,2026-07-21,2026-08-20,1802.27,2026-08-21T04:00:00Z,2026-08-21T04:00:00Z
STM-00250-202609,ACC-00250,2026-08-21,2026-09-20,1067.81,2026-09-21T04:00:00Z,2026-09-21T04:00:00Z
STM-00250-202610,ACC-00250,2026-09-21,2026-10-20,1255.67,2026-10-21T04:00:00Z,2026-10-21T04:00:00Z
STM-00251-202607,ACC-00251,2026-06-13,2026-07-12,11065.57,2026-07-13T04:00:00Z,2026-07-13T04:00:00Z
STM-00251-202608,ACC-00251,2026-07-13,2026-08-12,7997.91,2026-08-13T04:00:00Z,2026-08-13T04:00:00Z
STM-00251-202609,ACC-00251,2026-08-13,2026-09-12,9369.22,2026-09-13T04:00:00Z,2026-09-13T04:00:00Z
STM-00251-202610,ACC-00251,2026-09-13,2026-10-12,7629.50,2026-10-13T04:00:00Z,2026-10-13T04:00:00Z
STM-00251-202611,ACC-00251,2026-10-13,2026-11-12,5218.31,2026-11-13T05:00:00Z,2026-11-13T05:00:00Z
STM-00252-202607,ACC-00252,2026-06-26,2026-07-25,0.00,2026-07-26T04:00:00Z,2026-07-26T04:00:00Z
STM-00252-202608,ACC-00252,2026-07-26,2026-08-25,4568.71,2026-08-26T04:00:00Z,2026-08-26T04:00:00Z
STM-00252-202609,ACC-00252,2026-08-26,2026-09-25,1874.09,2026-09-26T04:00:00Z,2026-09-26T04:00:00Z
STM-00252-202610,ACC-00252,2026-09-26,2026-10-25,4630.69,2026-10-26T04:00:00Z,2026-10-26T04:00:00Z
STM-00253-202608,ACC-00253,2026-07-04,2026-08-03,3523.91,2026-08-04T04:00:00Z,2026-08-04T04:00:00Z
STM-00253-202609,ACC-00253,2026-08-04,2026-09-03,2578.93,2026-09-04T04:00:00Z,2026-09-04T04:00:00Z
STM-00253-202610,ACC-00253,2026-09-04,2026-10-03,1393.39,2026-10-04T04:00:00Z,2026-10-04T04:00:00Z
STM-00253-202611,ACC-00253,2026-10-04,2026-11-03,2664.03,2026-11-04T05:00:00Z,2026-11-04T05:00:00Z
STM-00254-202607,ACC-00254,2026-06-21,2026-07-20,54.26,2026-07-21T04:00:00Z,2026-07-21T04:00:00Z
STM-00254-202608,ACC-00254,2026-07-21,2026-08-20,173.23,2026-08-21T04:00:00Z,2026-08-21T04:00:00Z
STM-00254-202609,ACC-00254,2026-08-21,2026-09-20,186.65,2026-09-21T04:00:00Z,2026-09-21T04:00:00Z
STM-00254-202610,ACC-00254,2026-09-21,2026-10-20,99.52,2026-10-21T04:00:00Z,2026-10-21T04:00:00Z
STM-00255-202607,ACC-00255,2026-06-21,2026-07-20,225.47,2026-07-21T04:00:00Z,2026-07-21T04:00:00Z
STM-00255-202608,ACC-00255,2026-07-21,2026-08-20,223.40,2026-08-21T04:00:00Z,2026-08-21T04:00:00Z
STM-00255-202609,ACC-00255,2026-08-21,2026-09-20,253.53,2026-09-21T04:00:00Z,2026-09-21T04:00:00Z
STM-00255-202610,ACC-00255,2026-09-21,2026-10-20,152.94,2026-10-21T04:00:00Z,2026-10-21T04:00:00Z
STM-00256-202607,ACC-00256,2026-06-21,2026-07-20,2232.63,2026-07-21T04:00:00Z,2026-07-21T04:00:00Z
STM-00256-202608,ACC-00256,2026-07-21,2026-08-20,2442.42,2026-08-21T04:00:00Z,2026-08-21T04:00:00Z
STM-00256-202609,ACC-00256,2026-08-21,2026-09-20,2516.75,2026-09-21T04:00:00Z,2026-09-21T04:00:00Z
STM-00256-202610,ACC-00256,2026-09-21,2026-10-20,1997.61,2026-10-21T04:00:00Z,2026-10-21T04:00:00Z
STM-00257-202607,ACC-00257,2026-06-21,2026-07-20,0.00,2026-07-21T04:00:00Z,2026-07-21T04:00:00Z
STM-00257-202608,ACC-00257,2026-07-21,2026-08-20,3565.46,2026-08-21T04:00:00Z,2026-08-21T04:00:00Z
STM-00257-202609,ACC-00257,2026-08-21,2026-09-20,1588.69,2026-09-21T04:00:00Z,2026-09-21T04:00:00Z
STM-00257-202610,ACC-00257,2026-09-21,2026-10-20,1203.78,2026-10-21T04:00:00Z,2026-10-21T04:00:00Z
STM-00258-202607,ACC-00258,2026-06-26,2026-07-25,2110.05,2026-07-26T04:00:00Z,2026-07-26T04:00:00Z
STM-00258-202608,ACC-00258,2026-07-26,2026-08-25,4480.51,2026-08-26T04:00:00Z,2026-08-26T04:00:00Z
STM-00258-202609,ACC-00258,2026-08-26,2026-09-25,4011.19,2026-09-26T04:00:00Z,2026-09-26T04:00:00Z
STM-00258-202610,ACC-00258,2026-09-26,2026-10-25,2519.65,2026-10-26T04:00:00Z,2026-10-26T04:00:00Z
STM-00259-202607,ACC-00259,2026-06-04,2026-07-03,2449.48,2026-07-04T04:00:00Z,2026-07-04T04:00:00Z
STM-00259-202608,ACC-00259,2026-07-04,2026-08-03,2902.88,2026-08-04T04:00:00Z,2026-08-04T04:00:00Z
STM-00259-202609,ACC-00259,2026-08-04,2026-09-03,1664.17,2026-09-04T04:00:00Z,2026-09-04T04:00:00Z
STM-00259-202610,ACC-00259,2026-09-04,2026-10-03,3209.01,2026-10-04T04:00:00Z,2026-10-04T04:00:00Z
STM-00259-202611,ACC-00259,2026-10-04,2026-11-03,3186.80,2026-11-04T05:00:00Z,2026-11-04T05:00:00Z
STM-00260-202607,ACC-00260,2026-06-04,2026-07-03,9508.16,2026-07-04T04:00:00Z,2026-07-04T04:00:00Z
STM-00260-202608,ACC-00260,2026-07-04,2026-08-03,4135.37,2026-08-04T04:00:00Z,2026-08-04T04:00:00Z
STM-00260-202609,ACC-00260,2026-08-04,2026-09-03,4939.49,2026-09-04T04:00:00Z,2026-09-04T04:00:00Z
STM-00260-202610,ACC-00260,2026-09-04,2026-10-03,5595.36,2026-10-04T04:00:00Z,2026-10-04T04:00:00Z
STM-00260-202611,ACC-00260,2026-10-04,2026-11-03,6915.59,2026-11-04T05:00:00Z,2026-11-04T05:00:00Z
STM-00261-202607,ACC-00261,2026-06-09,2026-07-08,1744.16,2026-07-09T04:00:00Z,2026-07-09T04:00:00Z
STM-00261-202608,ACC-00261,2026-07-09,2026-08-08,0.00,2026-08-09T04:00:00Z,2026-08-09T04:00:00Z
STM-00261-202609,ACC-00261,2026-08-09,2026-09-08,2608.99,2026-09-09T04:00:00Z,2026-09-09T04:00:00Z
STM-00261-202610,ACC-00261,2026-09-09,2026-10-08,3387.41,2026-10-09T04:00:00Z,2026-10-09T04:00:00Z
STM-00261-202611,ACC-00261,2026-10-09,2026-11-08,2860.50,2026-11-09T05:00:00Z,2026-11-09T05:00:00Z
STM-00262-202607,ACC-00262,2026-06-09,2026-07-08,12810.84,2026-07-09T04:00:00Z,2026-07-09T04:00:00Z
STM-00262-202608,ACC-00262,2026-07-09,2026-08-08,6321.99,2026-08-09T04:00:00Z,2026-08-09T04:00:00Z
STM-00262-202609,ACC-00262,2026-08-09,2026-09-08,12059.44,2026-09-09T04:00:00Z,2026-09-09T04:00:00Z
STM-00262-202610,ACC-00262,2026-09-09,2026-10-08,7870.83,2026-10-09T04:00:00Z,2026-10-09T04:00:00Z
STM-00262-202611,ACC-00262,2026-10-09,2026-11-08,6921.16,2026-11-09T05:00:00Z,2026-11-09T05:00:00Z
STM-00263-202607,ACC-00263,2026-06-26,2026-07-25,620.38,2026-07-26T04:00:00Z,2026-07-26T04:00:00Z
STM-00263-202608,ACC-00263,2026-07-26,2026-08-25,453.22,2026-08-26T04:00:00Z,2026-08-26T04:00:00Z
STM-00263-202609,ACC-00263,2026-08-26,2026-09-25,432.97,2026-09-26T04:00:00Z,2026-09-26T04:00:00Z
STM-00263-202610,ACC-00263,2026-09-26,2026-10-25,558.62,2026-10-26T04:00:00Z,2026-10-26T04:00:00Z
STM-00264-202607,ACC-00264,2026-06-04,2026-07-03,237.73,2026-07-04T04:00:00Z,2026-07-04T04:00:00Z
STM-00264-202608,ACC-00264,2026-07-04,2026-08-03,280.61,2026-08-04T04:00:00Z,2026-08-04T04:00:00Z
STM-00264-202609,ACC-00264,2026-08-04,2026-09-03,407.57,2026-09-04T04:00:00Z,2026-09-04T04:00:00Z
STM-00264-202610,ACC-00264,2026-09-04,2026-10-03,242.19,2026-10-04T04:00:00Z,2026-10-04T04:00:00Z
STM-00264-202611,ACC-00264,2026-10-04,2026-11-03,435.25,2026-11-04T05:00:00Z,2026-11-04T05:00:00Z
STM-00265-202607,ACC-00265,2026-06-09,2026-07-08,10251.52,2026-07-09T04:00:00Z,2026-07-09T04:00:00Z
STM-00265-202608,ACC-00265,2026-07-09,2026-08-08,8600.80,2026-08-09T04:00:00Z,2026-08-09T04:00:00Z
STM-00265-202609,ACC-00265,2026-08-09,2026-09-08,8469.69,2026-09-09T04:00:00Z,2026-09-09T04:00:00Z
STM-00265-202610,ACC-00265,2026-09-09,2026-10-08,6744.40,2026-10-09T04:00:00Z,2026-10-09T04:00:00Z
STM-00265-202611,ACC-00265,2026-10-09,2026-11-08,5026.24,2026-11-09T05:00:00Z,2026-11-09T05:00:00Z
STM-00266-202607,ACC-00266,2026-06-13,2026-07-12,2071.85,2026-07-13T04:00:00Z,2026-07-13T04:00:00Z
STM-00266-202608,ACC-00266,2026-07-13,2026-08-12,1823.23,2026-08-13T04:00:00Z,2026-08-13T04:00:00Z
STM-00266-202609,ACC-00266,2026-08-13,2026-09-12,2573.56,2026-09-13T04:00:00Z,2026-09-13T04:00:00Z
STM-00266-202610,ACC-00266,2026-09-13,2026-10-12,2167.38,2026-10-13T04:00:00Z,2026-10-13T04:00:00Z
STM-00266-202611,ACC-00266,2026-10-13,2026-11-12,2417.02,2026-11-13T05:00:00Z,2026-11-13T05:00:00Z
STM-00267-202607,ACC-00267,2026-06-21,2026-07-20,0.00,2026-07-21T04:00:00Z,2026-07-21T04:00:00Z
STM-00267-202608,ACC-00267,2026-07-21,2026-08-20,3368.88,2026-08-21T04:00:00Z,2026-08-21T04:00:00Z
STM-00267-202609,ACC-00267,2026-08-21,2026-09-20,4246.95,2026-09-21T04:00:00Z,2026-09-21T04:00:00Z
STM-00267-202610,ACC-00267,2026-09-21,2026-10-20,2821.04,2026-10-21T04:00:00Z,2026-10-21T04:00:00Z
STM-00268-202607,ACC-00268,2026-06-09,2026-07-08,2450.11,2026-07-09T04:00:00Z,2026-07-09T04:00:00Z
STM-00268-202608,ACC-00268,2026-07-09,2026-08-08,3532.70,2026-08-09T04:00:00Z,2026-08-09T04:00:00Z
STM-00268-202609,ACC-00268,2026-08-09,2026-09-08,3176.92,2026-09-09T04:00:00Z,2026-09-09T04:00:00Z
STM-00268-202610,ACC-00268,2026-09-09,2026-10-08,3193.37,2026-10-09T04:00:00Z,2026-10-09T04:00:00Z
STM-00268-202611,ACC-00268,2026-10-09,2026-11-08,4278.80,2026-11-09T05:00:00Z,2026-11-09T05:00:00Z
STM-00269-202607,ACC-00269,2026-06-26,2026-07-25,627.53,2026-07-26T04:00:00Z,2026-07-26T04:00:00Z
STM-00269-202608,ACC-00269,2026-07-26,2026-08-25,457.37,2026-08-26T04:00:00Z,2026-08-26T04:00:00Z
STM-00269-202609,ACC-00269,2026-08-26,2026-09-25,753.57,2026-09-26T04:00:00Z,2026-09-26T04:00:00Z
STM-00269-202610,ACC-00269,2026-09-26,2026-10-25,267.63,2026-10-26T04:00:00Z,2026-10-26T04:00:00Z
STM-00270-202607,ACC-00270,2026-06-18,2026-07-17,1131.14,2026-07-18T04:00:00Z,2026-07-18T04:00:00Z
STM-00270-202608,ACC-00270,2026-07-18,2026-08-17,618.02,2026-08-18T04:00:00Z,2026-08-18T04:00:00Z
STM-00270-202609,ACC-00270,2026-08-18,2026-09-17,731.68,2026-09-18T04:00:00Z,2026-09-18T04:00:00Z
STM-00270-202610,ACC-00270,2026-09-18,2026-10-17,678.70,2026-10-18T04:00:00Z,2026-10-18T04:00:00Z
STM-00271-202607,ACC-00271,2026-06-09,2026-07-08,1057.58,2026-07-09T04:00:00Z,2026-07-09T04:00:00Z
STM-00271-202608,ACC-00271,2026-07-09,2026-08-08,1121.59,2026-08-09T04:00:00Z,2026-08-09T04:00:00Z
STM-00271-202609,ACC-00271,2026-08-09,2026-09-08,1294.83,2026-09-09T04:00:00Z,2026-09-09T04:00:00Z
STM-00271-202610,ACC-00271,2026-09-09,2026-10-08,1182.37,2026-10-09T04:00:00Z,2026-10-09T04:00:00Z
STM-00271-202611,ACC-00271,2026-10-09,2026-11-08,1541.91,2026-11-09T05:00:00Z,2026-11-09T05:00:00Z
STM-00272-202607,ACC-00272,2026-06-26,2026-07-25,6756.01,2026-07-26T04:00:00Z,2026-07-26T04:00:00Z
STM-00272-202608,ACC-00272,2026-07-26,2026-08-25,6539.88,2026-08-26T04:00:00Z,2026-08-26T04:00:00Z
STM-00272-202609,ACC-00272,2026-08-26,2026-09-25,10121.23,2026-09-26T04:00:00Z,2026-09-26T04:00:00Z
STM-00272-202610,ACC-00272,2026-09-26,2026-10-25,7380.98,2026-10-26T04:00:00Z,2026-10-26T04:00:00Z
STM-00273-202607,ACC-00273,2026-06-21,2026-07-20,126.64,2026-07-21T04:00:00Z,2026-07-21T04:00:00Z
STM-00273-202608,ACC-00273,2026-07-21,2026-08-20,315.95,2026-08-21T04:00:00Z,2026-08-21T04:00:00Z
STM-00273-202609,ACC-00273,2026-08-21,2026-09-20,236.34,2026-09-21T04:00:00Z,2026-09-21T04:00:00Z
STM-00273-202610,ACC-00273,2026-09-21,2026-10-20,190.59,2026-10-21T04:00:00Z,2026-10-21T04:00:00Z
STM-00274-202607,ACC-00274,2026-06-09,2026-07-08,3986.99,2026-07-09T04:00:00Z,2026-07-09T04:00:00Z
STM-00274-202608,ACC-00274,2026-07-09,2026-08-08,4211.25,2026-08-09T04:00:00Z,2026-08-09T04:00:00Z
STM-00274-202609,ACC-00274,2026-08-09,2026-09-08,3465.40,2026-09-09T04:00:00Z,2026-09-09T04:00:00Z
STM-00274-202610,ACC-00274,2026-09-09,2026-10-08,0.00,2026-10-09T04:00:00Z,2026-10-09T04:00:00Z
STM-00274-202611,ACC-00274,2026-10-09,2026-11-08,4362.55,2026-11-09T05:00:00Z,2026-11-09T05:00:00Z
STM-00275-202607,ACC-00275,2026-06-21,2026-07-20,1954.11,2026-07-21T04:00:00Z,2026-07-21T04:00:00Z
STM-00275-202608,ACC-00275,2026-07-21,2026-08-20,2646.96,2026-08-21T04:00:00Z,2026-08-21T04:00:00Z
STM-00275-202609,ACC-00275,2026-08-21,2026-09-20,0.00,2026-09-21T04:00:00Z,2026-09-21T04:00:00Z
STM-00275-202610,ACC-00275,2026-09-21,2026-10-20,2621.28,2026-10-21T04:00:00Z,2026-10-21T04:00:00Z
STM-00276-202607,ACC-00276,2026-06-13,2026-07-12,956.97,2026-07-13T04:00:00Z,2026-07-13T04:00:00Z
STM-00276-202608,ACC-00276,2026-07-13,2026-08-12,670.02,2026-08-13T04:00:00Z,2026-08-13T04:00:00Z
STM-00276-202609,ACC-00276,2026-08-13,2026-09-12,950.62,2026-09-13T04:00:00Z,2026-09-13T04:00:00Z
STM-00276-202610,ACC-00276,2026-09-13,2026-10-12,752.99,2026-10-13T04:00:00Z,2026-10-13T04:00:00Z
STM-00276-202611,ACC-00276,2026-10-13,2026-11-12,1285.66,2026-11-13T05:00:00Z,2026-11-13T05:00:00Z
STM-00277-202607,ACC-00277,2026-06-04,2026-07-03,631.83,2026-07-04T04:00:00Z,2026-07-04T04:00:00Z
STM-00277-202608,ACC-00277,2026-07-04,2026-08-03,681.20,2026-08-04T04:00:00Z,2026-08-04T04:00:00Z
STM-00277-202609,ACC-00277,2026-08-04,2026-09-03,746.96,2026-09-04T04:00:00Z,2026-09-04T04:00:00Z
STM-00277-202610,ACC-00277,2026-09-04,2026-10-03,875.32,2026-10-04T04:00:00Z,2026-10-04T04:00:00Z
STM-00277-202611,ACC-00277,2026-10-04,2026-11-03,939.97,2026-11-04T05:00:00Z,2026-11-04T05:00:00Z
STM-00278-202607,ACC-00278,2026-06-13,2026-07-12,2101.41,2026-07-13T04:00:00Z,2026-07-13T04:00:00Z
STM-00278-202608,ACC-00278,2026-07-13,2026-08-12,2257.25,2026-08-13T04:00:00Z,2026-08-13T04:00:00Z
STM-00278-202609,ACC-00278,2026-08-13,2026-09-12,2240.63,2026-09-13T04:00:00Z,2026-09-13T04:00:00Z
STM-00278-202610,ACC-00278,2026-09-13,2026-10-12,2002.04,2026-10-13T04:00:00Z,2026-10-13T04:00:00Z
STM-00278-202611,ACC-00278,2026-10-13,2026-11-12,2905.51,2026-11-13T05:00:00Z,2026-11-13T05:00:00Z
STM-00279-202607,ACC-00279,2026-06-04,2026-07-03,1277.91,2026-07-04T04:00:00Z,2026-07-04T04:00:00Z
STM-00279-202608,ACC-00279,2026-07-04,2026-08-03,527.97,2026-08-04T04:00:00Z,2026-08-04T04:00:00Z
STM-00279-202609,ACC-00279,2026-08-04,2026-09-03,465.17,2026-09-04T04:00:00Z,2026-09-04T04:00:00Z
STM-00279-202610,ACC-00279,2026-09-04,2026-10-03,855.98,2026-10-04T04:00:00Z,2026-10-04T04:00:00Z
STM-00279-202611,ACC-00279,2026-10-04,2026-11-03,803.18,2026-11-04T05:00:00Z,2026-11-04T05:00:00Z
STM-00280-202607,ACC-00280,2026-06-13,2026-07-12,216.11,2026-07-13T04:00:00Z,2026-07-13T04:00:00Z
STM-00280-202608,ACC-00280,2026-07-13,2026-08-12,240.93,2026-08-13T04:00:00Z,2026-08-13T04:00:00Z
STM-00280-202609,ACC-00280,2026-08-13,2026-09-12,313.63,2026-09-13T04:00:00Z,2026-09-13T04:00:00Z
STM-00280-202610,ACC-00280,2026-09-13,2026-10-12,142.60,2026-10-13T04:00:00Z,2026-10-13T04:00:00Z
STM-00280-202611,ACC-00280,2026-10-13,2026-11-12,252.25,2026-11-13T05:00:00Z,2026-11-13T05:00:00Z
STM-00281-202607,ACC-00281,2026-06-04,2026-07-03,2205.28,2026-07-04T04:00:00Z,2026-07-04T04:00:00Z
STM-00281-202608,ACC-00281,2026-07-04,2026-08-03,1729.45,2026-08-04T04:00:00Z,2026-08-04T04:00:00Z
STM-00281-202609,ACC-00281,2026-08-04,2026-09-03,3500.28,2026-09-04T04:00:00Z,2026-09-04T04:00:00Z
STM-00281-202610,ACC-00281,2026-09-04,2026-10-03,3705.82,2026-10-04T04:00:00Z,2026-10-04T04:00:00Z
STM-00281-202611,ACC-00281,2026-10-04,2026-11-03,2377.01,2026-11-04T05:00:00Z,2026-11-04T05:00:00Z
STM-00282-202607,ACC-00282,2026-06-13,2026-07-12,3378.83,2026-07-13T04:00:00Z,2026-07-13T04:00:00Z
STM-00282-202608,ACC-00282,2026-07-13,2026-08-12,5472.19,2026-08-13T04:00:00Z,2026-08-13T04:00:00Z
STM-00282-202609,ACC-00282,2026-08-13,2026-09-12,5255.81,2026-09-13T04:00:00Z,2026-09-13T04:00:00Z
STM-00282-202610,ACC-00282,2026-09-13,2026-10-12,2765.12,2026-10-13T04:00:00Z,2026-10-13T04:00:00Z
STM-00282-202611,ACC-00282,2026-10-13,2026-11-12,2637.38,2026-11-13T05:00:00Z,2026-11-13T05:00:00Z
STM-00283-202607,ACC-00283,2026-06-26,2026-07-25,6828.20,2026-07-26T04:00:00Z,2026-07-26T04:00:00Z
STM-00283-202608,ACC-00283,2026-07-26,2026-08-25,4964.44,2026-08-26T04:00:00Z,2026-08-26T04:00:00Z
STM-00283-202609,ACC-00283,2026-08-26,2026-09-25,7104.79,2026-09-26T04:00:00Z,2026-09-26T04:00:00Z
STM-00283-202610,ACC-00283,2026-09-26,2026-10-25,5207.00,2026-10-26T04:00:00Z,2026-10-26T04:00:00Z
STM-00284-202607,ACC-00284,2026-06-04,2026-07-03,8024.17,2026-07-04T04:00:00Z,2026-07-04T04:00:00Z
STM-00284-202608,ACC-00284,2026-07-04,2026-08-03,7253.83,2026-08-04T04:00:00Z,2026-08-04T04:00:00Z
STM-00284-202609,ACC-00284,2026-08-04,2026-09-03,8170.66,2026-09-04T04:00:00Z,2026-09-04T04:00:00Z
STM-00284-202610,ACC-00284,2026-09-04,2026-10-03,9975.07,2026-10-04T04:00:00Z,2026-10-04T04:00:00Z
STM-00284-202611,ACC-00284,2026-10-04,2026-11-03,10291.03,2026-11-04T05:00:00Z,2026-11-04T05:00:00Z
STM-00285-202607,ACC-00285,2026-06-18,2026-07-17,552.21,2026-07-18T04:00:00Z,2026-07-18T04:00:00Z
STM-00285-202608,ACC-00285,2026-07-18,2026-08-17,619.04,2026-08-18T04:00:00Z,2026-08-18T04:00:00Z
STM-00285-202609,ACC-00285,2026-08-18,2026-09-17,656.30,2026-09-18T04:00:00Z,2026-09-18T04:00:00Z
STM-00285-202610,ACC-00285,2026-09-18,2026-10-17,663.94,2026-10-18T04:00:00Z,2026-10-18T04:00:00Z
STM-00286-202607,ACC-00286,2026-06-18,2026-07-17,99.76,2026-07-18T04:00:00Z,2026-07-18T04:00:00Z
STM-00286-202608,ACC-00286,2026-07-18,2026-08-17,114.29,2026-08-18T04:00:00Z,2026-08-18T04:00:00Z
STM-00286-202609,ACC-00286,2026-08-18,2026-09-17,70.21,2026-09-18T04:00:00Z,2026-09-18T04:00:00Z
STM-00286-202610,ACC-00286,2026-09-18,2026-10-17,85.72,2026-10-18T04:00:00Z,2026-10-18T04:00:00Z
STM-00287-202607,ACC-00287,2026-06-09,2026-07-08,746.49,2026-07-09T04:00:00Z,2026-07-09T04:00:00Z
STM-00287-202608,ACC-00287,2026-07-09,2026-08-08,902.55,2026-08-09T04:00:00Z,2026-08-09T04:00:00Z
STM-00287-202609,ACC-00287,2026-08-09,2026-09-08,1137.97,2026-09-09T04:00:00Z,2026-09-09T04:00:00Z
STM-00287-202610,ACC-00287,2026-09-09,2026-10-08,0.00,2026-10-09T04:00:00Z,2026-10-09T04:00:00Z
STM-00287-202611,ACC-00287,2026-10-09,2026-11-08,1027.02,2026-11-09T05:00:00Z,2026-11-09T05:00:00Z
STM-00288-202607,ACC-00288,2026-06-18,2026-07-17,2421.72,2026-07-18T04:00:00Z,2026-07-18T04:00:00Z
STM-00288-202608,ACC-00288,2026-07-18,2026-08-17,743.51,2026-08-18T04:00:00Z,2026-08-18T04:00:00Z
STM-00288-202609,ACC-00288,2026-08-18,2026-09-17,2321.59,2026-09-18T04:00:00Z,2026-09-18T04:00:00Z
STM-00288-202610,ACC-00288,2026-09-18,2026-10-17,1166.85,2026-10-18T04:00:00Z,2026-10-18T04:00:00Z
STM-00289-202607,ACC-00289,2026-06-09,2026-07-08,1530.47,2026-07-09T04:00:00Z,2026-07-09T04:00:00Z
STM-00289-202608,ACC-00289,2026-07-09,2026-08-08,835.80,2026-08-09T04:00:00Z,2026-08-09T04:00:00Z
STM-00289-202609,ACC-00289,2026-08-09,2026-09-08,1298.32,2026-09-09T04:00:00Z,2026-09-09T04:00:00Z
STM-00289-202610,ACC-00289,2026-09-09,2026-10-08,1222.63,2026-10-09T04:00:00Z,2026-10-09T04:00:00Z
STM-00289-202611,ACC-00289,2026-10-09,2026-11-08,1196.91,2026-11-09T05:00:00Z,2026-11-09T05:00:00Z
STM-00290-202607,ACC-00290,2026-06-21,2026-07-20,4007.22,2026-07-21T04:00:00Z,2026-07-21T04:00:00Z
STM-00290-202608,ACC-00290,2026-07-21,2026-08-20,5420.65,2026-08-21T04:00:00Z,2026-08-21T04:00:00Z
STM-00290-202609,ACC-00290,2026-08-21,2026-09-20,3746.58,2026-09-21T04:00:00Z,2026-09-21T04:00:00Z
STM-00290-202610,ACC-00290,2026-09-21,2026-10-20,0.00,2026-10-21T04:00:00Z,2026-10-21T04:00:00Z
STM-00291-202607,ACC-00291,2026-06-09,2026-07-08,7225.70,2026-07-09T04:00:00Z,2026-07-09T04:00:00Z
STM-00291-202608,ACC-00291,2026-07-09,2026-08-08,5048.86,2026-08-09T04:00:00Z,2026-08-09T04:00:00Z
STM-00291-202609,ACC-00291,2026-08-09,2026-09-08,9886.23,2026-09-09T04:00:00Z,2026-09-09T04:00:00Z
STM-00291-202610,ACC-00291,2026-09-09,2026-10-08,7009.80,2026-10-09T04:00:00Z,2026-10-09T04:00:00Z
STM-00291-202611,ACC-00291,2026-10-09,2026-11-08,7697.24,2026-11-09T05:00:00Z,2026-11-09T05:00:00Z
STM-00292-202608,ACC-00292,2026-07-09,2026-08-08,4635.08,2026-08-09T04:00:00Z,2026-08-09T04:00:00Z
STM-00292-202609,ACC-00292,2026-08-09,2026-09-08,2039.32,2026-09-09T04:00:00Z,2026-09-09T04:00:00Z
STM-00292-202610,ACC-00292,2026-09-09,2026-10-08,3565.52,2026-10-09T04:00:00Z,2026-10-09T04:00:00Z
STM-00292-202611,ACC-00292,2026-10-09,2026-11-08,7079.26,2026-11-09T05:00:00Z,2026-11-09T05:00:00Z
STM-00293-202607,ACC-00293,2026-06-21,2026-07-20,782.61,2026-07-21T04:00:00Z,2026-07-21T04:00:00Z
STM-00293-202608,ACC-00293,2026-07-21,2026-08-20,1125.61,2026-08-21T04:00:00Z,2026-08-21T04:00:00Z
STM-00293-202609,ACC-00293,2026-08-21,2026-09-20,1236.63,2026-09-21T04:00:00Z,2026-09-21T04:00:00Z
STM-00293-202610,ACC-00293,2026-09-21,2026-10-20,0.00,2026-10-21T04:00:00Z,2026-10-21T04:00:00Z
STM-00294-202607,ACC-00294,2026-06-21,2026-07-20,2763.98,2026-07-21T04:00:00Z,2026-07-21T04:00:00Z
STM-00294-202608,ACC-00294,2026-07-21,2026-08-20,0.00,2026-08-21T04:00:00Z,2026-08-21T04:00:00Z
STM-00294-202609,ACC-00294,2026-08-21,2026-09-20,2818.09,2026-09-21T04:00:00Z,2026-09-21T04:00:00Z
STM-00294-202610,ACC-00294,2026-09-21,2026-10-20,2806.70,2026-10-21T04:00:00Z,2026-10-21T04:00:00Z
STM-00295-202607,ACC-00295,2026-06-26,2026-07-25,180.76,2026-07-26T04:00:00Z,2026-07-26T04:00:00Z
STM-00295-202608,ACC-00295,2026-07-26,2026-08-25,330.90,2026-08-26T04:00:00Z,2026-08-26T04:00:00Z
STM-00295-202609,ACC-00295,2026-08-26,2026-09-25,430.56,2026-09-26T04:00:00Z,2026-09-26T04:00:00Z
STM-00295-202610,ACC-00295,2026-09-26,2026-10-25,355.47,2026-10-26T04:00:00Z,2026-10-26T04:00:00Z
STM-00296-202607,ACC-00296,2026-06-26,2026-07-25,679.84,2026-07-26T04:00:00Z,2026-07-26T04:00:00Z
STM-00296-202608,ACC-00296,2026-07-26,2026-08-25,500.97,2026-08-26T04:00:00Z,2026-08-26T04:00:00Z
STM-00296-202609,ACC-00296,2026-08-26,2026-09-25,537.58,2026-09-26T04:00:00Z,2026-09-26T04:00:00Z
STM-00296-202610,ACC-00296,2026-09-26,2026-10-25,553.51,2026-10-26T04:00:00Z,2026-10-26T04:00:00Z
STM-00297-202607,ACC-00297,2026-06-18,2026-07-17,2773.05,2026-07-18T04:00:00Z,2026-07-18T04:00:00Z
STM-00297-202608,ACC-00297,2026-07-18,2026-08-17,2097.81,2026-08-18T04:00:00Z,2026-08-18T04:00:00Z
STM-00297-202609,ACC-00297,2026-08-18,2026-09-17,2052.38,2026-09-18T04:00:00Z,2026-09-18T04:00:00Z
STM-00297-202610,ACC-00297,2026-09-18,2026-10-17,2165.13,2026-10-18T04:00:00Z,2026-10-18T04:00:00Z
STM-00298-202607,ACC-00298,2026-06-21,2026-07-20,130.14,2026-07-21T04:00:00Z,2026-07-21T04:00:00Z
STM-00298-202608,ACC-00298,2026-07-21,2026-08-20,110.72,2026-08-21T04:00:00Z,2026-08-21T04:00:00Z
STM-00298-202609,ACC-00298,2026-08-21,2026-09-20,140.54,2026-09-21T04:00:00Z,2026-09-21T04:00:00Z
STM-00298-202610,ACC-00298,2026-09-21,2026-10-20,91.41,2026-10-21T04:00:00Z,2026-10-21T04:00:00Z
STM-00299-202609,ACC-00299,2026-08-21,2026-09-20,16216.54,2026-09-21T04:00:00Z,2026-09-21T04:00:00Z
STM-00299-202610,ACC-00299,2026-09-21,2026-10-20,11187.23,2026-10-21T04:00:00Z,2026-10-21T04:00:00Z
STM-00300-202607,ACC-00300,2026-06-09,2026-07-08,203.62,2026-07-09T04:00:00Z,2026-07-09T04:00:00Z
STM-00300-202608,ACC-00300,2026-07-09,2026-08-08,235.96,2026-08-09T04:00:00Z,2026-08-09T04:00:00Z
STM-00300-202609,ACC-00300,2026-08-09,2026-09-08,241.82,2026-09-09T04:00:00Z,2026-09-09T04:00:00Z
STM-00300-202610,ACC-00300,2026-09-09,2026-10-08,264.64,2026-10-09T04:00:00Z,2026-10-09T04:00:00Z
STM-00300-202611,ACC-00300,2026-10-09,2026-11-08,203.01,2026-11-09T05:00:00Z,2026-11-09T05:00:00Z
STM-00301-202607,ACC-00301,2026-06-04,2026-07-03,0.00,2026-07-04T04:00:00Z,2026-07-04T04:00:00Z
STM-00301-202608,ACC-00301,2026-07-04,2026-08-03,1991.99,2026-08-04T04:00:00Z,2026-08-04T04:00:00Z
STM-00301-202609,ACC-00301,2026-08-04,2026-09-03,1996.93,2026-09-04T04:00:00Z,2026-09-04T04:00:00Z
STM-00301-202610,ACC-00301,2026-09-04,2026-10-03,2544.53,2026-10-04T04:00:00Z,2026-10-04T04:00:00Z
STM-00301-202611,ACC-00301,2026-10-04,2026-11-03,0.00,2026-11-04T05:00:00Z,2026-11-04T05:00:00Z
STM-00302-202607,ACC-00302,2026-06-13,2026-07-12,158.42,2026-07-13T04:00:00Z,2026-07-13T04:00:00Z
STM-00302-202608,ACC-00302,2026-07-13,2026-08-12,337.11,2026-08-13T04:00:00Z,2026-08-13T04:00:00Z
STM-00302-202609,ACC-00302,2026-08-13,2026-09-12,229.56,2026-09-13T04:00:00Z,2026-09-13T04:00:00Z
STM-00302-202610,ACC-00302,2026-09-13,2026-10-12,176.02,2026-10-13T04:00:00Z,2026-10-13T04:00:00Z
STM-00302-202611,ACC-00302,2026-10-13,2026-11-12,303.68,2026-11-13T05:00:00Z,2026-11-13T05:00:00Z
STM-00303-202607,ACC-00303,2026-06-26,2026-07-25,1933.65,2026-07-26T04:00:00Z,2026-07-26T04:00:00Z
STM-00303-202608,ACC-00303,2026-07-26,2026-08-25,1626.87,2026-08-26T04:00:00Z,2026-08-26T04:00:00Z
STM-00303-202609,ACC-00303,2026-08-26,2026-09-25,2374.08,2026-09-26T04:00:00Z,2026-09-26T04:00:00Z
STM-00303-202610,ACC-00303,2026-09-26,2026-10-25,2792.50,2026-10-26T04:00:00Z,2026-10-26T04:00:00Z
STM-00304-202607,ACC-00304,2026-06-09,2026-07-08,678.47,2026-07-09T04:00:00Z,2026-07-09T04:00:00Z
STM-00304-202608,ACC-00304,2026-07-09,2026-08-08,708.75,2026-08-09T04:00:00Z,2026-08-09T04:00:00Z
STM-00304-202609,ACC-00304,2026-08-09,2026-09-08,667.67,2026-09-09T04:00:00Z,2026-09-09T04:00:00Z
STM-00304-202610,ACC-00304,2026-09-09,2026-10-08,565.60,2026-10-09T04:00:00Z,2026-10-09T04:00:00Z
STM-00304-202611,ACC-00304,2026-10-09,2026-11-08,382.37,2026-11-09T05:00:00Z,2026-11-09T05:00:00Z
STM-00305-202607,ACC-00305,2026-06-21,2026-07-20,527.37,2026-07-21T04:00:00Z,2026-07-21T04:00:00Z
STM-00305-202608,ACC-00305,2026-07-21,2026-08-20,506.01,2026-08-21T04:00:00Z,2026-08-21T04:00:00Z
STM-00305-202609,ACC-00305,2026-08-21,2026-09-20,545.99,2026-09-21T04:00:00Z,2026-09-21T04:00:00Z
STM-00305-202610,ACC-00305,2026-09-21,2026-10-20,606.84,2026-10-21T04:00:00Z,2026-10-21T04:00:00Z
STM-00306-202607,ACC-00306,2026-06-09,2026-07-08,803.09,2026-07-09T04:00:00Z,2026-07-09T04:00:00Z
STM-00306-202608,ACC-00306,2026-07-09,2026-08-08,631.90,2026-08-09T04:00:00Z,2026-08-09T04:00:00Z
STM-00306-202609,ACC-00306,2026-08-09,2026-09-08,413.12,2026-09-09T04:00:00Z,2026-09-09T04:00:00Z
STM-00306-202610,ACC-00306,2026-09-09,2026-10-08,374.61,2026-10-09T04:00:00Z,2026-10-09T04:00:00Z
STM-00306-202611,ACC-00306,2026-10-09,2026-11-08,413.13,2026-11-09T05:00:00Z,2026-11-09T05:00:00Z
STM-00307-202607,ACC-00307,2026-06-09,2026-07-08,615.85,2026-07-09T04:00:00Z,2026-07-09T04:00:00Z
STM-00307-202608,ACC-00307,2026-07-09,2026-08-08,533.46,2026-08-09T04:00:00Z,2026-08-09T04:00:00Z
STM-00307-202609,ACC-00307,2026-08-09,2026-09-08,618.79,2026-09-09T04:00:00Z,2026-09-09T04:00:00Z
STM-00307-202610,ACC-00307,2026-09-09,2026-10-08,351.74,2026-10-09T04:00:00Z,2026-10-09T04:00:00Z
STM-00307-202611,ACC-00307,2026-10-09,2026-11-08,463.79,2026-11-09T05:00:00Z,2026-11-09T05:00:00Z
STM-00308-202607,ACC-00308,2026-06-21,2026-07-20,7894.66,2026-07-21T04:00:00Z,2026-07-21T04:00:00Z
STM-00308-202608,ACC-00308,2026-07-21,2026-08-20,12868.72,2026-08-21T04:00:00Z,2026-08-21T04:00:00Z
STM-00308-202609,ACC-00308,2026-08-21,2026-09-20,9698.64,2026-09-21T04:00:00Z,2026-09-21T04:00:00Z
STM-00308-202610,ACC-00308,2026-09-21,2026-10-20,11612.49,2026-10-21T04:00:00Z,2026-10-21T04:00:00Z
STM-00309-202607,ACC-00309,2026-06-21,2026-07-20,1211.40,2026-07-21T04:00:00Z,2026-07-21T04:00:00Z
STM-00309-202608,ACC-00309,2026-07-21,2026-08-20,1192.99,2026-08-21T04:00:00Z,2026-08-21T04:00:00Z
STM-00309-202609,ACC-00309,2026-08-21,2026-09-20,870.97,2026-09-21T04:00:00Z,2026-09-21T04:00:00Z
STM-00309-202610,ACC-00309,2026-09-21,2026-10-20,1092.64,2026-10-21T04:00:00Z,2026-10-21T04:00:00Z
STM-00310-202607,ACC-00310,2026-06-18,2026-07-17,3620.41,2026-07-18T04:00:00Z,2026-07-18T04:00:00Z
STM-00310-202608,ACC-00310,2026-07-18,2026-08-17,0.00,2026-08-18T04:00:00Z,2026-08-18T04:00:00Z
STM-00310-202609,ACC-00310,2026-08-18,2026-09-17,5912.31,2026-09-18T04:00:00Z,2026-09-18T04:00:00Z
STM-00310-202610,ACC-00310,2026-09-18,2026-10-17,3960.89,2026-10-18T04:00:00Z,2026-10-18T04:00:00Z
STM-00311-202607,ACC-00311,2026-06-13,2026-07-12,2355.62,2026-07-13T04:00:00Z,2026-07-13T04:00:00Z
STM-00311-202608,ACC-00311,2026-07-13,2026-08-12,1619.23,2026-08-13T04:00:00Z,2026-08-13T04:00:00Z
STM-00311-202609,ACC-00311,2026-08-13,2026-09-12,2605.69,2026-09-13T04:00:00Z,2026-09-13T04:00:00Z
STM-00311-202610,ACC-00311,2026-09-13,2026-10-12,2173.25,2026-10-13T04:00:00Z,2026-10-13T04:00:00Z
STM-00311-202611,ACC-00311,2026-10-13,2026-11-12,2979.84,2026-11-13T05:00:00Z,2026-11-13T05:00:00Z
STM-00312-202607,ACC-00312,2026-06-13,2026-07-12,6708.70,2026-07-13T04:00:00Z,2026-07-13T04:00:00Z
STM-00312-202608,ACC-00312,2026-07-13,2026-08-12,7863.11,2026-08-13T04:00:00Z,2026-08-13T04:00:00Z
STM-00312-202609,ACC-00312,2026-08-13,2026-09-12,6152.10,2026-09-13T04:00:00Z,2026-09-13T04:00:00Z
STM-00312-202610,ACC-00312,2026-09-13,2026-10-12,5484.49,2026-10-13T04:00:00Z,2026-10-13T04:00:00Z
STM-00312-202611,ACC-00312,2026-10-13,2026-11-12,6069.69,2026-11-13T05:00:00Z,2026-11-13T05:00:00Z
STM-00313-202607,ACC-00313,2026-06-09,2026-07-08,388.72,2026-07-09T04:00:00Z,2026-07-09T04:00:00Z
STM-00313-202608,ACC-00313,2026-07-09,2026-08-08,397.52,2026-08-09T04:00:00Z,2026-08-09T04:00:00Z
STM-00313-202609,ACC-00313,2026-08-09,2026-09-08,514.58,2026-09-09T04:00:00Z,2026-09-09T04:00:00Z
STM-00313-202610,ACC-00313,2026-09-09,2026-10-08,411.31,2026-10-09T04:00:00Z,2026-10-09T04:00:00Z
STM-00313-202611,ACC-00313,2026-10-09,2026-11-08,285.47,2026-11-09T05:00:00Z,2026-11-09T05:00:00Z
STM-00314-202607,ACC-00314,2026-06-04,2026-07-03,59.69,2026-07-04T04:00:00Z,2026-07-04T04:00:00Z
STM-00314-202608,ACC-00314,2026-07-04,2026-08-03,164.70,2026-08-04T04:00:00Z,2026-08-04T04:00:00Z
STM-00314-202609,ACC-00314,2026-08-04,2026-09-03,189.11,2026-09-04T04:00:00Z,2026-09-04T04:00:00Z
STM-00314-202610,ACC-00314,2026-09-04,2026-10-03,162.64,2026-10-04T04:00:00Z,2026-10-04T04:00:00Z
STM-00314-202611,ACC-00314,2026-10-04,2026-11-03,0.00,2026-11-04T05:00:00Z,2026-11-04T05:00:00Z
STM-00315-202607,ACC-00315,2026-06-13,2026-07-12,1261.77,2026-07-13T04:00:00Z,2026-07-13T04:00:00Z
STM-00315-202608,ACC-00315,2026-07-13,2026-08-12,1782.51,2026-08-13T04:00:00Z,2026-08-13T04:00:00Z
STM-00315-202609,ACC-00315,2026-08-13,2026-09-12,1346.91,2026-09-13T04:00:00Z,2026-09-13T04:00:00Z
STM-00315-202610,ACC-00315,2026-09-13,2026-10-12,876.02,2026-10-13T04:00:00Z,2026-10-13T04:00:00Z
STM-00315-202611,ACC-00315,2026-10-13,2026-11-12,1796.86,2026-11-13T05:00:00Z,2026-11-13T05:00:00Z
STM-00316-202607,ACC-00316,2026-06-26,2026-07-25,3254.05,2026-07-26T04:00:00Z,2026-07-26T04:00:00Z
STM-00316-202608,ACC-00316,2026-07-26,2026-08-25,3522.59,2026-08-26T04:00:00Z,2026-08-26T04:00:00Z
STM-00316-202609,ACC-00316,2026-08-26,2026-09-25,3848.61,2026-09-26T04:00:00Z,2026-09-26T04:00:00Z
STM-00316-202610,ACC-00316,2026-09-26,2026-10-25,2924.79,2026-10-26T04:00:00Z,2026-10-26T04:00:00Z
STM-00317-202609,ACC-00317,2026-08-04,2026-09-03,1588.19,2026-09-04T04:00:00Z,2026-09-04T04:00:00Z
STM-00317-202610,ACC-00317,2026-09-04,2026-10-03,3757.08,2026-10-04T04:00:00Z,2026-10-04T04:00:00Z
STM-00317-202611,ACC-00317,2026-10-04,2026-11-03,3398.28,2026-11-04T05:00:00Z,2026-11-04T05:00:00Z
STM-00318-202607,ACC-00318,2026-06-26,2026-07-25,1806.76,2026-07-26T04:00:00Z,2026-07-26T04:00:00Z
STM-00318-202608,ACC-00318,2026-07-26,2026-08-25,2884.36,2026-08-26T04:00:00Z,2026-08-26T04:00:00Z
STM-00318-202609,ACC-00318,2026-08-26,2026-09-25,3847.72,2026-09-26T04:00:00Z,2026-09-26T04:00:00Z
STM-00318-202610,ACC-00318,2026-09-26,2026-10-25,3239.35,2026-10-26T04:00:00Z,2026-10-26T04:00:00Z
STM-00319-202607,ACC-00319,2026-06-13,2026-07-12,3468.19,2026-07-13T04:00:00Z,2026-07-13T04:00:00Z
STM-00319-202608,ACC-00319,2026-07-13,2026-08-12,2578.02,2026-08-13T04:00:00Z,2026-08-13T04:00:00Z
STM-00319-202609,ACC-00319,2026-08-13,2026-09-12,2627.56,2026-09-13T04:00:00Z,2026-09-13T04:00:00Z
STM-00319-202610,ACC-00319,2026-09-13,2026-10-12,2396.87,2026-10-13T04:00:00Z,2026-10-13T04:00:00Z
STM-00319-202611,ACC-00319,2026-10-13,2026-11-12,1246.65,2026-11-13T05:00:00Z,2026-11-13T05:00:00Z
STM-00320-202607,ACC-00320,2026-06-26,2026-07-25,2847.18,2026-07-26T04:00:00Z,2026-07-26T04:00:00Z
STM-00320-202608,ACC-00320,2026-07-26,2026-08-25,2689.73,2026-08-26T04:00:00Z,2026-08-26T04:00:00Z
STM-00320-202609,ACC-00320,2026-08-26,2026-09-25,2811.93,2026-09-26T04:00:00Z,2026-09-26T04:00:00Z
STM-00320-202610,ACC-00320,2026-09-26,2026-10-25,3218.45,2026-10-26T04:00:00Z,2026-10-26T04:00:00Z
STM-00321-202607,ACC-00321,2026-06-18,2026-07-17,2939.15,2026-07-18T04:00:00Z,2026-07-18T04:00:00Z
STM-00321-202608,ACC-00321,2026-07-18,2026-08-17,5145.05,2026-08-18T04:00:00Z,2026-08-18T04:00:00Z
STM-00321-202609,ACC-00321,2026-08-18,2026-09-17,1992.20,2026-09-18T04:00:00Z,2026-09-18T04:00:00Z
STM-00321-202610,ACC-00321,2026-09-18,2026-10-17,4930.39,2026-10-18T04:00:00Z,2026-10-18T04:00:00Z
STM-00322-202607,ACC-00322,2026-06-18,2026-07-17,339.71,2026-07-18T04:00:00Z,2026-07-18T04:00:00Z
STM-00322-202608,ACC-00322,2026-07-18,2026-08-17,453.13,2026-08-18T04:00:00Z,2026-08-18T04:00:00Z
STM-00322-202609,ACC-00322,2026-08-18,2026-09-17,410.84,2026-09-18T04:00:00Z,2026-09-18T04:00:00Z
STM-00322-202610,ACC-00322,2026-09-18,2026-10-17,388.39,2026-10-18T04:00:00Z,2026-10-18T04:00:00Z
STM-00323-202609,ACC-00323,2026-08-18,2026-09-17,4173.34,2026-09-18T04:00:00Z,2026-09-18T04:00:00Z
STM-00323-202610,ACC-00323,2026-09-18,2026-10-17,4557.14,2026-10-18T04:00:00Z,2026-10-18T04:00:00Z
STM-00324-202607,ACC-00324,2026-06-13,2026-07-12,43.20,2026-07-13T04:00:00Z,2026-07-13T04:00:00Z
STM-00324-202608,ACC-00324,2026-07-13,2026-08-12,27.82,2026-08-13T04:00:00Z,2026-08-13T04:00:00Z
STM-00324-202609,ACC-00324,2026-08-13,2026-09-12,25.87,2026-09-13T04:00:00Z,2026-09-13T04:00:00Z
STM-00324-202610,ACC-00324,2026-09-13,2026-10-12,37.59,2026-10-13T04:00:00Z,2026-10-13T04:00:00Z
STM-00324-202611,ACC-00324,2026-10-13,2026-11-12,33.49,2026-11-13T05:00:00Z,2026-11-13T05:00:00Z
STM-00325-202607,ACC-00325,2026-06-04,2026-07-03,3138.43,2026-07-04T04:00:00Z,2026-07-04T04:00:00Z
STM-00325-202608,ACC-00325,2026-07-04,2026-08-03,2958.87,2026-08-04T04:00:00Z,2026-08-04T04:00:00Z
STM-00325-202609,ACC-00325,2026-08-04,2026-09-03,3014.79,2026-09-04T04:00:00Z,2026-09-04T04:00:00Z
STM-00325-202610,ACC-00325,2026-09-04,2026-10-03,3182.09,2026-10-04T04:00:00Z,2026-10-04T04:00:00Z
STM-00325-202611,ACC-00325,2026-10-04,2026-11-03,1736.97,2026-11-04T05:00:00Z,2026-11-04T05:00:00Z
STM-00326-202607,ACC-00326,2026-06-26,2026-07-25,5260.38,2026-07-26T04:00:00Z,2026-07-26T04:00:00Z
STM-00326-202608,ACC-00326,2026-07-26,2026-08-25,5215.55,2026-08-26T04:00:00Z,2026-08-26T04:00:00Z
STM-00326-202609,ACC-00326,2026-08-26,2026-09-25,6435.51,2026-09-26T04:00:00Z,2026-09-26T04:00:00Z
STM-00326-202610,ACC-00326,2026-09-26,2026-10-25,2010.93,2026-10-26T04:00:00Z,2026-10-26T04:00:00Z
STM-00327-202607,ACC-00327,2026-06-04,2026-07-03,3227.29,2026-07-04T04:00:00Z,2026-07-04T04:00:00Z
STM-00327-202608,ACC-00327,2026-07-04,2026-08-03,3428.69,2026-08-04T04:00:00Z,2026-08-04T04:00:00Z
STM-00327-202609,ACC-00327,2026-08-04,2026-09-03,3370.65,2026-09-04T04:00:00Z,2026-09-04T04:00:00Z
STM-00327-202610,ACC-00327,2026-09-04,2026-10-03,3871.63,2026-10-04T04:00:00Z,2026-10-04T04:00:00Z
STM-00327-202611,ACC-00327,2026-10-04,2026-11-03,4576.23,2026-11-04T05:00:00Z,2026-11-04T05:00:00Z
STM-00328-202607,ACC-00328,2026-06-04,2026-07-03,1199.42,2026-07-04T04:00:00Z,2026-07-04T04:00:00Z
STM-00328-202608,ACC-00328,2026-07-04,2026-08-03,980.35,2026-08-04T04:00:00Z,2026-08-04T04:00:00Z
STM-00328-202609,ACC-00328,2026-08-04,2026-09-03,958.72,2026-09-04T04:00:00Z,2026-09-04T04:00:00Z
STM-00328-202610,ACC-00328,2026-09-04,2026-10-03,1483.79,2026-10-04T04:00:00Z,2026-10-04T04:00:00Z
STM-00328-202611,ACC-00328,2026-10-04,2026-11-03,1304.87,2026-11-04T05:00:00Z,2026-11-04T05:00:00Z
STM-00329-202607,ACC-00329,2026-06-21,2026-07-20,987.33,2026-07-21T04:00:00Z,2026-07-21T04:00:00Z
STM-00329-202608,ACC-00329,2026-07-21,2026-08-20,1426.84,2026-08-21T04:00:00Z,2026-08-21T04:00:00Z
STM-00329-202609,ACC-00329,2026-08-21,2026-09-20,1027.44,2026-09-21T04:00:00Z,2026-09-21T04:00:00Z
STM-00329-202610,ACC-00329,2026-09-21,2026-10-20,868.18,2026-10-21T04:00:00Z,2026-10-21T04:00:00Z
STM-00330-202607,ACC-00330,2026-06-13,2026-07-12,1473.72,2026-07-13T04:00:00Z,2026-07-13T04:00:00Z
STM-00330-202608,ACC-00330,2026-07-13,2026-08-12,785.25,2026-08-13T04:00:00Z,2026-08-13T04:00:00Z
STM-00330-202609,ACC-00330,2026-08-13,2026-09-12,1839.63,2026-09-13T04:00:00Z,2026-09-13T04:00:00Z
STM-00330-202610,ACC-00330,2026-09-13,2026-10-12,772.39,2026-10-13T04:00:00Z,2026-10-13T04:00:00Z
STM-00330-202611,ACC-00330,2026-10-13,2026-11-12,1276.47,2026-11-13T05:00:00Z,2026-11-13T05:00:00Z
STM-00331-202607,ACC-00331,2026-06-18,2026-07-17,682.62,2026-07-18T04:00:00Z,2026-07-18T04:00:00Z
STM-00331-202608,ACC-00331,2026-07-18,2026-08-17,191.31,2026-08-18T04:00:00Z,2026-08-18T04:00:00Z
STM-00331-202609,ACC-00331,2026-08-18,2026-09-17,915.20,2026-09-18T04:00:00Z,2026-09-18T04:00:00Z
STM-00331-202610,ACC-00331,2026-09-18,2026-10-17,731.89,2026-10-18T04:00:00Z,2026-10-18T04:00:00Z
STM-00332-202607,ACC-00332,2026-06-04,2026-07-03,299.63,2026-07-04T04:00:00Z,2026-07-04T04:00:00Z
STM-00332-202608,ACC-00332,2026-07-04,2026-08-03,194.81,2026-08-04T04:00:00Z,2026-08-04T04:00:00Z
STM-00332-202609,ACC-00332,2026-08-04,2026-09-03,243.31,2026-09-04T04:00:00Z,2026-09-04T04:00:00Z
STM-00332-202610,ACC-00332,2026-09-04,2026-10-03,325.27,2026-10-04T04:00:00Z,2026-10-04T04:00:00Z
STM-00332-202611,ACC-00332,2026-10-04,2026-11-03,253.21,2026-11-04T05:00:00Z,2026-11-04T05:00:00Z
STM-00333-202607,ACC-00333,2026-06-18,2026-07-17,1304.16,2026-07-18T04:00:00Z,2026-07-18T04:00:00Z
STM-00333-202608,ACC-00333,2026-07-18,2026-08-17,1245.96,2026-08-18T04:00:00Z,2026-08-18T04:00:00Z
STM-00333-202609,ACC-00333,2026-08-18,2026-09-17,1191.46,2026-09-18T04:00:00Z,2026-09-18T04:00:00Z
STM-00333-202610,ACC-00333,2026-09-18,2026-10-17,662.50,2026-10-18T04:00:00Z,2026-10-18T04:00:00Z
STM-00334-202607,ACC-00334,2026-06-04,2026-07-03,1562.40,2026-07-04T04:00:00Z,2026-07-04T04:00:00Z
STM-00334-202608,ACC-00334,2026-07-04,2026-08-03,789.05,2026-08-04T04:00:00Z,2026-08-04T04:00:00Z
STM-00334-202609,ACC-00334,2026-08-04,2026-09-03,2050.93,2026-09-04T04:00:00Z,2026-09-04T04:00:00Z
STM-00334-202610,ACC-00334,2026-09-04,2026-10-03,1463.46,2026-10-04T04:00:00Z,2026-10-04T04:00:00Z
STM-00334-202611,ACC-00334,2026-10-04,2026-11-03,948.52,2026-11-04T05:00:00Z,2026-11-04T05:00:00Z
STM-00335-202607,ACC-00335,2026-06-04,2026-07-03,948.38,2026-07-04T04:00:00Z,2026-07-04T04:00:00Z
STM-00335-202608,ACC-00335,2026-07-04,2026-08-03,884.78,2026-08-04T04:00:00Z,2026-08-04T04:00:00Z
STM-00335-202609,ACC-00335,2026-08-04,2026-09-03,552.32,2026-09-04T04:00:00Z,2026-09-04T04:00:00Z
STM-00335-202610,ACC-00335,2026-09-04,2026-10-03,1059.86,2026-10-04T04:00:00Z,2026-10-04T04:00:00Z
STM-00335-202611,ACC-00335,2026-10-04,2026-11-03,986.08,2026-11-04T05:00:00Z,2026-11-04T05:00:00Z
STM-00336-202607,ACC-00336,2026-06-09,2026-07-08,6639.23,2026-07-09T04:00:00Z,2026-07-09T04:00:00Z
STM-00336-202608,ACC-00336,2026-07-09,2026-08-08,5415.29,2026-08-09T04:00:00Z,2026-08-09T04:00:00Z
STM-00336-202609,ACC-00336,2026-08-09,2026-09-08,2540.30,2026-09-09T04:00:00Z,2026-09-09T04:00:00Z
STM-00336-202610,ACC-00336,2026-09-09,2026-10-08,4696.94,2026-10-09T04:00:00Z,2026-10-09T04:00:00Z
STM-00336-202611,ACC-00336,2026-10-09,2026-11-08,6577.91,2026-11-09T05:00:00Z,2026-11-09T05:00:00Z
STM-00337-202607,ACC-00337,2026-06-09,2026-07-08,635.94,2026-07-09T04:00:00Z,2026-07-09T04:00:00Z
STM-00337-202608,ACC-00337,2026-07-09,2026-08-08,693.84,2026-08-09T04:00:00Z,2026-08-09T04:00:00Z
STM-00337-202609,ACC-00337,2026-08-09,2026-09-08,663.82,2026-09-09T04:00:00Z,2026-09-09T04:00:00Z
STM-00337-202610,ACC-00337,2026-09-09,2026-10-08,350.69,2026-10-09T04:00:00Z,2026-10-09T04:00:00Z
STM-00337-202611,ACC-00337,2026-10-09,2026-11-08,646.95,2026-11-09T05:00:00Z,2026-11-09T05:00:00Z
STM-00338-202607,ACC-00338,2026-06-09,2026-07-08,5453.15,2026-07-09T04:00:00Z,2026-07-09T04:00:00Z
STM-00338-202608,ACC-00338,2026-07-09,2026-08-08,4827.80,2026-08-09T04:00:00Z,2026-08-09T04:00:00Z
STM-00338-202609,ACC-00338,2026-08-09,2026-09-08,7150.73,2026-09-09T04:00:00Z,2026-09-09T04:00:00Z
STM-00338-202610,ACC-00338,2026-09-09,2026-10-08,4642.27,2026-10-09T04:00:00Z,2026-10-09T04:00:00Z
STM-00338-202611,ACC-00338,2026-10-09,2026-11-08,6983.62,2026-11-09T05:00:00Z,2026-11-09T05:00:00Z
STM-00339-202607,ACC-00339,2026-06-21,2026-07-20,900.10,2026-07-21T04:00:00Z,2026-07-21T04:00:00Z
STM-00339-202608,ACC-00339,2026-07-21,2026-08-20,1122.98,2026-08-21T04:00:00Z,2026-08-21T04:00:00Z
STM-00339-202609,ACC-00339,2026-08-21,2026-09-20,545.41,2026-09-21T04:00:00Z,2026-09-21T04:00:00Z
STM-00339-202610,ACC-00339,2026-09-21,2026-10-20,1065.52,2026-10-21T04:00:00Z,2026-10-21T04:00:00Z
STM-00340-202607,ACC-00340,2026-06-18,2026-07-17,548.78,2026-07-18T04:00:00Z,2026-07-18T04:00:00Z
STM-00340-202608,ACC-00340,2026-07-18,2026-08-17,791.59,2026-08-18T04:00:00Z,2026-08-18T04:00:00Z
STM-00340-202609,ACC-00340,2026-08-18,2026-09-17,577.88,2026-09-18T04:00:00Z,2026-09-18T04:00:00Z
STM-00340-202610,ACC-00340,2026-09-18,2026-10-17,812.05,2026-10-18T04:00:00Z,2026-10-18T04:00:00Z
STM-00341-202607,ACC-00341,2026-06-26,2026-07-25,1343.69,2026-07-26T04:00:00Z,2026-07-26T04:00:00Z
STM-00341-202608,ACC-00341,2026-07-26,2026-08-25,1025.86,2026-08-26T04:00:00Z,2026-08-26T04:00:00Z
STM-00341-202609,ACC-00341,2026-08-26,2026-09-25,1339.75,2026-09-26T04:00:00Z,2026-09-26T04:00:00Z
STM-00341-202610,ACC-00341,2026-09-26,2026-10-25,914.62,2026-10-26T04:00:00Z,2026-10-26T04:00:00Z
STM-00342-202607,ACC-00342,2026-06-26,2026-07-25,1424.50,2026-07-26T04:00:00Z,2026-07-26T04:00:00Z
STM-00342-202608,ACC-00342,2026-07-26,2026-08-25,1774.82,2026-08-26T04:00:00Z,2026-08-26T04:00:00Z
STM-00342-202609,ACC-00342,2026-08-26,2026-09-25,0.00,2026-09-26T04:00:00Z,2026-09-26T04:00:00Z
STM-00342-202610,ACC-00342,2026-09-26,2026-10-25,1241.68,2026-10-26T04:00:00Z,2026-10-26T04:00:00Z
STM-00343-202607,ACC-00343,2026-06-09,2026-07-08,1126.51,2026-07-09T04:00:00Z,2026-07-09T04:00:00Z
STM-00343-202608,ACC-00343,2026-07-09,2026-08-08,1150.88,2026-08-09T04:00:00Z,2026-08-09T04:00:00Z
STM-00343-202609,ACC-00343,2026-08-09,2026-09-08,962.58,2026-09-09T04:00:00Z,2026-09-09T04:00:00Z
STM-00343-202610,ACC-00343,2026-09-09,2026-10-08,1328.00,2026-10-09T04:00:00Z,2026-10-09T04:00:00Z
STM-00343-202611,ACC-00343,2026-10-09,2026-11-08,1049.54,2026-11-09T05:00:00Z,2026-11-09T05:00:00Z
STM-00344-202607,ACC-00344,2026-06-04,2026-07-03,910.57,2026-07-04T04:00:00Z,2026-07-04T04:00:00Z
STM-00344-202608,ACC-00344,2026-07-04,2026-08-03,1011.81,2026-08-04T04:00:00Z,2026-08-04T04:00:00Z
STM-00344-202609,ACC-00344,2026-08-04,2026-09-03,1462.70,2026-09-04T04:00:00Z,2026-09-04T04:00:00Z
STM-00344-202610,ACC-00344,2026-09-04,2026-10-03,1406.76,2026-10-04T04:00:00Z,2026-10-04T04:00:00Z
STM-00344-202611,ACC-00344,2026-10-04,2026-11-03,854.41,2026-11-04T05:00:00Z,2026-11-04T05:00:00Z
STM-00345-202607,ACC-00345,2026-06-21,2026-07-20,1020.37,2026-07-21T04:00:00Z,2026-07-21T04:00:00Z
STM-00345-202608,ACC-00345,2026-07-21,2026-08-20,1566.79,2026-08-21T04:00:00Z,2026-08-21T04:00:00Z
STM-00345-202609,ACC-00345,2026-08-21,2026-09-20,1622.84,2026-09-21T04:00:00Z,2026-09-21T04:00:00Z
STM-00345-202610,ACC-00345,2026-09-21,2026-10-20,520.38,2026-10-21T04:00:00Z,2026-10-21T04:00:00Z
STM-00346-202607,ACC-00346,2026-06-21,2026-07-20,687.32,2026-07-21T04:00:00Z,2026-07-21T04:00:00Z
STM-00346-202608,ACC-00346,2026-07-21,2026-08-20,458.06,2026-08-21T04:00:00Z,2026-08-21T04:00:00Z
STM-00346-202609,ACC-00346,2026-08-21,2026-09-20,611.82,2026-09-21T04:00:00Z,2026-09-21T04:00:00Z
STM-00346-202610,ACC-00346,2026-09-21,2026-10-20,578.06,2026-10-21T04:00:00Z,2026-10-21T04:00:00Z
STM-00347-202607,ACC-00347,2026-06-18,2026-07-17,1267.65,2026-07-18T04:00:00Z,2026-07-18T04:00:00Z
STM-00347-202608,ACC-00347,2026-07-18,2026-08-17,1742.65,2026-08-18T04:00:00Z,2026-08-18T04:00:00Z
STM-00347-202609,ACC-00347,2026-08-18,2026-09-17,1357.82,2026-09-18T04:00:00Z,2026-09-18T04:00:00Z
STM-00347-202610,ACC-00347,2026-09-18,2026-10-17,1205.09,2026-10-18T04:00:00Z,2026-10-18T04:00:00Z
STM-00348-202607,ACC-00348,2026-06-26,2026-07-25,1181.83,2026-07-26T04:00:00Z,2026-07-26T04:00:00Z
STM-00348-202608,ACC-00348,2026-07-26,2026-08-25,2252.61,2026-08-26T04:00:00Z,2026-08-26T04:00:00Z
STM-00348-202609,ACC-00348,2026-08-26,2026-09-25,2395.91,2026-09-26T04:00:00Z,2026-09-26T04:00:00Z
STM-00348-202610,ACC-00348,2026-09-26,2026-10-25,1319.17,2026-10-26T04:00:00Z,2026-10-26T04:00:00Z
STM-00349-202607,ACC-00349,2026-06-09,2026-07-08,2000.74,2026-07-09T04:00:00Z,2026-07-09T04:00:00Z
STM-00349-202608,ACC-00349,2026-07-09,2026-08-08,2137.25,2026-08-09T04:00:00Z,2026-08-09T04:00:00Z
STM-00349-202609,ACC-00349,2026-08-09,2026-09-08,0.00,2026-09-09T04:00:00Z,2026-09-09T04:00:00Z
STM-00349-202610,ACC-00349,2026-09-09,2026-10-08,1735.77,2026-10-09T04:00:00Z,2026-10-09T04:00:00Z
STM-00349-202611,ACC-00349,2026-10-09,2026-11-08,1083.65,2026-11-09T05:00:00Z,2026-11-09T05:00:00Z
STM-00350-202607,ACC-00350,2026-06-21,2026-07-20,1845.22,2026-07-21T04:00:00Z,2026-07-21T04:00:00Z
STM-00350-202608,ACC-00350,2026-07-21,2026-08-20,2109.14,2026-08-21T04:00:00Z,2026-08-21T04:00:00Z
STM-00350-202609,ACC-00350,2026-08-21,2026-09-20,3266.91,2026-09-21T04:00:00Z,2026-09-21T04:00:00Z
STM-00350-202610,ACC-00350,2026-09-21,2026-10-20,3946.53,2026-10-21T04:00:00Z,2026-10-21T04:00:00Z
STM-00351-202607,ACC-00351,2026-06-26,2026-07-25,433.25,2026-07-26T04:00:00Z,2026-07-26T04:00:00Z
STM-00351-202608,ACC-00351,2026-07-26,2026-08-25,613.97,2026-08-26T04:00:00Z,2026-08-26T04:00:00Z
STM-00351-202609,ACC-00351,2026-08-26,2026-09-25,616.09,2026-09-26T04:00:00Z,2026-09-26T04:00:00Z
STM-00351-202610,ACC-00351,2026-09-26,2026-10-25,367.34,2026-10-26T04:00:00Z,2026-10-26T04:00:00Z
STM-00352-202607,ACC-00352,2026-06-21,2026-07-20,55.55,2026-07-21T04:00:00Z,2026-07-21T04:00:00Z
STM-00352-202608,ACC-00352,2026-07-21,2026-08-20,56.41,2026-08-21T04:00:00Z,2026-08-21T04:00:00Z
STM-00352-202609,ACC-00352,2026-08-21,2026-09-20,49.82,2026-09-21T04:00:00Z,2026-09-21T04:00:00Z
STM-00352-202610,ACC-00352,2026-09-21,2026-10-20,61.46,2026-10-21T04:00:00Z,2026-10-21T04:00:00Z
STM-00353-202607,ACC-00353,2026-06-26,2026-07-25,8815.37,2026-07-26T04:00:00Z,2026-07-26T04:00:00Z
STM-00353-202608,ACC-00353,2026-07-26,2026-08-25,6440.65,2026-08-26T04:00:00Z,2026-08-26T04:00:00Z
STM-00353-202609,ACC-00353,2026-08-26,2026-09-25,5992.92,2026-09-26T04:00:00Z,2026-09-26T04:00:00Z
STM-00353-202610,ACC-00353,2026-09-26,2026-10-25,1770.93,2026-10-26T04:00:00Z,2026-10-26T04:00:00Z
STM-00354-202607,ACC-00354,2026-06-09,2026-07-08,0.00,2026-07-09T04:00:00Z,2026-07-09T04:00:00Z
STM-00354-202608,ACC-00354,2026-07-09,2026-08-08,722.32,2026-08-09T04:00:00Z,2026-08-09T04:00:00Z
STM-00354-202609,ACC-00354,2026-08-09,2026-09-08,678.77,2026-09-09T04:00:00Z,2026-09-09T04:00:00Z
STM-00354-202610,ACC-00354,2026-09-09,2026-10-08,848.40,2026-10-09T04:00:00Z,2026-10-09T04:00:00Z
STM-00354-202611,ACC-00354,2026-10-09,2026-11-08,492.62,2026-11-09T05:00:00Z,2026-11-09T05:00:00Z
STM-00355-202607,ACC-00355,2026-06-04,2026-07-03,417.78,2026-07-04T04:00:00Z,2026-07-04T04:00:00Z
STM-00355-202608,ACC-00355,2026-07-04,2026-08-03,279.92,2026-08-04T04:00:00Z,2026-08-04T04:00:00Z
STM-00355-202609,ACC-00355,2026-08-04,2026-09-03,435.89,2026-09-04T04:00:00Z,2026-09-04T04:00:00Z
STM-00355-202610,ACC-00355,2026-09-04,2026-10-03,398.52,2026-10-04T04:00:00Z,2026-10-04T04:00:00Z
STM-00355-202611,ACC-00355,2026-10-04,2026-11-03,321.08,2026-11-04T05:00:00Z,2026-11-04T05:00:00Z
STM-00356-202607,ACC-00356,2026-06-09,2026-07-08,4381.90,2026-07-09T04:00:00Z,2026-07-09T04:00:00Z
STM-00356-202608,ACC-00356,2026-07-09,2026-08-08,4831.20,2026-08-09T04:00:00Z,2026-08-09T04:00:00Z
STM-00356-202609,ACC-00356,2026-08-09,2026-09-08,8202.53,2026-09-09T04:00:00Z,2026-09-09T04:00:00Z
STM-00356-202610,ACC-00356,2026-09-09,2026-10-08,6310.50,2026-10-09T04:00:00Z,2026-10-09T04:00:00Z
STM-00356-202611,ACC-00356,2026-10-09,2026-11-08,6592.39,2026-11-09T05:00:00Z,2026-11-09T05:00:00Z
STM-00357-202607,ACC-00357,2026-06-04,2026-07-03,3856.86,2026-07-04T04:00:00Z,2026-07-04T04:00:00Z
STM-00357-202608,ACC-00357,2026-07-04,2026-08-03,10816.91,2026-08-04T04:00:00Z,2026-08-04T04:00:00Z
STM-00357-202609,ACC-00357,2026-08-04,2026-09-03,7856.06,2026-09-04T04:00:00Z,2026-09-04T04:00:00Z
STM-00357-202610,ACC-00357,2026-09-04,2026-10-03,7249.92,2026-10-04T04:00:00Z,2026-10-04T04:00:00Z
STM-00357-202611,ACC-00357,2026-10-04,2026-11-03,8222.13,2026-11-04T05:00:00Z,2026-11-04T05:00:00Z
STM-00358-202607,ACC-00358,2026-06-18,2026-07-17,7188.59,2026-07-18T04:00:00Z,2026-07-18T04:00:00Z
STM-00358-202608,ACC-00358,2026-07-18,2026-08-17,13910.01,2026-08-18T04:00:00Z,2026-08-18T04:00:00Z
STM-00358-202609,ACC-00358,2026-08-18,2026-09-17,6841.33,2026-09-18T04:00:00Z,2026-09-18T04:00:00Z
STM-00358-202610,ACC-00358,2026-09-18,2026-10-17,7996.06,2026-10-18T04:00:00Z,2026-10-18T04:00:00Z
STM-00359-202609,ACC-00359,2026-08-21,2026-09-20,1684.00,2026-09-21T04:00:00Z,2026-09-21T04:00:00Z
STM-00359-202610,ACC-00359,2026-09-21,2026-10-20,2190.97,2026-10-21T04:00:00Z,2026-10-21T04:00:00Z
STM-00360-202607,ACC-00360,2026-06-26,2026-07-25,10532.09,2026-07-26T04:00:00Z,2026-07-26T04:00:00Z
STM-00360-202608,ACC-00360,2026-07-26,2026-08-25,7198.96,2026-08-26T04:00:00Z,2026-08-26T04:00:00Z
STM-00360-202609,ACC-00360,2026-08-26,2026-09-25,10326.10,2026-09-26T04:00:00Z,2026-09-26T04:00:00Z
STM-00360-202610,ACC-00360,2026-09-26,2026-10-25,8236.40,2026-10-26T04:00:00Z,2026-10-26T04:00:00Z
STM-00361-202607,ACC-00361,2026-06-18,2026-07-17,221.07,2026-07-18T04:00:00Z,2026-07-18T04:00:00Z
STM-00361-202608,ACC-00361,2026-07-18,2026-08-17,214.98,2026-08-18T04:00:00Z,2026-08-18T04:00:00Z
STM-00361-202609,ACC-00361,2026-08-18,2026-09-17,235.20,2026-09-18T04:00:00Z,2026-09-18T04:00:00Z
STM-00361-202610,ACC-00361,2026-09-18,2026-10-17,220.02,2026-10-18T04:00:00Z,2026-10-18T04:00:00Z
STM-00362-202607,ACC-00362,2026-06-26,2026-07-25,581.19,2026-07-26T04:00:00Z,2026-07-26T04:00:00Z
STM-00362-202608,ACC-00362,2026-07-26,2026-08-25,368.49,2026-08-26T04:00:00Z,2026-08-26T04:00:00Z
STM-00362-202609,ACC-00362,2026-08-26,2026-09-25,509.40,2026-09-26T04:00:00Z,2026-09-26T04:00:00Z
STM-00362-202610,ACC-00362,2026-09-26,2026-10-25,497.55,2026-10-26T04:00:00Z,2026-10-26T04:00:00Z
STM-00363-202607,ACC-00363,2026-06-13,2026-07-12,1764.41,2026-07-13T04:00:00Z,2026-07-13T04:00:00Z
STM-00363-202608,ACC-00363,2026-07-13,2026-08-12,1739.62,2026-08-13T04:00:00Z,2026-08-13T04:00:00Z
STM-00363-202609,ACC-00363,2026-08-13,2026-09-12,2183.90,2026-09-13T04:00:00Z,2026-09-13T04:00:00Z
STM-00363-202610,ACC-00363,2026-09-13,2026-10-12,2203.98,2026-10-13T04:00:00Z,2026-10-13T04:00:00Z
STM-00363-202611,ACC-00363,2026-10-13,2026-11-12,1411.84,2026-11-13T05:00:00Z,2026-11-13T05:00:00Z
STM-00364-202607,ACC-00364,2026-06-13,2026-07-12,2910.34,2026-07-13T04:00:00Z,2026-07-13T04:00:00Z
STM-00364-202608,ACC-00364,2026-07-13,2026-08-12,0.00,2026-08-13T04:00:00Z,2026-08-13T04:00:00Z
STM-00364-202609,ACC-00364,2026-08-13,2026-09-12,6237.87,2026-09-13T04:00:00Z,2026-09-13T04:00:00Z
STM-00364-202610,ACC-00364,2026-09-13,2026-10-12,7320.68,2026-10-13T04:00:00Z,2026-10-13T04:00:00Z
STM-00364-202611,ACC-00364,2026-10-13,2026-11-12,5748.21,2026-11-13T05:00:00Z,2026-11-13T05:00:00Z
STM-00365-202607,ACC-00365,2026-06-09,2026-07-08,8853.85,2026-07-09T04:00:00Z,2026-07-09T04:00:00Z
STM-00365-202608,ACC-00365,2026-07-09,2026-08-08,9995.69,2026-08-09T04:00:00Z,2026-08-09T04:00:00Z
STM-00365-202609,ACC-00365,2026-08-09,2026-09-08,5706.99,2026-09-09T04:00:00Z,2026-09-09T04:00:00Z
STM-00365-202610,ACC-00365,2026-09-09,2026-10-08,9883.38,2026-10-09T04:00:00Z,2026-10-09T04:00:00Z
STM-00365-202611,ACC-00365,2026-10-09,2026-11-08,4538.67,2026-11-09T05:00:00Z,2026-11-09T05:00:00Z
STM-00366-202610,ACC-00366,2026-09-13,2026-10-12,304.51,2026-10-13T04:00:00Z,2026-10-13T04:00:00Z
STM-00366-202611,ACC-00366,2026-10-13,2026-11-12,541.03,2026-11-13T05:00:00Z,2026-11-13T05:00:00Z
STM-00367-202607,ACC-00367,2026-06-21,2026-07-20,1117.18,2026-07-21T04:00:00Z,2026-07-21T04:00:00Z
STM-00367-202608,ACC-00367,2026-07-21,2026-08-20,1514.20,2026-08-21T04:00:00Z,2026-08-21T04:00:00Z
STM-00367-202609,ACC-00367,2026-08-21,2026-09-20,913.53,2026-09-21T04:00:00Z,2026-09-21T04:00:00Z
STM-00367-202610,ACC-00367,2026-09-21,2026-10-20,1305.72,2026-10-21T04:00:00Z,2026-10-21T04:00:00Z
STM-00368-202607,ACC-00368,2026-06-13,2026-07-12,14051.12,2026-07-13T04:00:00Z,2026-07-13T04:00:00Z
STM-00368-202608,ACC-00368,2026-07-13,2026-08-12,8950.26,2026-08-13T04:00:00Z,2026-08-13T04:00:00Z
STM-00368-202609,ACC-00368,2026-08-13,2026-09-12,13419.94,2026-09-13T04:00:00Z,2026-09-13T04:00:00Z
STM-00368-202610,ACC-00368,2026-09-13,2026-10-12,10081.77,2026-10-13T04:00:00Z,2026-10-13T04:00:00Z
STM-00368-202611,ACC-00368,2026-10-13,2026-11-12,11286.46,2026-11-13T05:00:00Z,2026-11-13T05:00:00Z
STM-00369-202607,ACC-00369,2026-06-26,2026-07-25,0.00,2026-07-26T04:00:00Z,2026-07-26T04:00:00Z
STM-00369-202608,ACC-00369,2026-07-26,2026-08-25,6448.16,2026-08-26T04:00:00Z,2026-08-26T04:00:00Z
STM-00369-202609,ACC-00369,2026-08-26,2026-09-25,8238.73,2026-09-26T04:00:00Z,2026-09-26T04:00:00Z
STM-00369-202610,ACC-00369,2026-09-26,2026-10-25,7247.03,2026-10-26T04:00:00Z,2026-10-26T04:00:00Z
STM-00370-202607,ACC-00370,2026-06-09,2026-07-08,899.94,2026-07-09T04:00:00Z,2026-07-09T04:00:00Z
STM-00370-202608,ACC-00370,2026-07-09,2026-08-08,943.35,2026-08-09T04:00:00Z,2026-08-09T04:00:00Z
STM-00370-202609,ACC-00370,2026-08-09,2026-09-08,443.16,2026-09-09T04:00:00Z,2026-09-09T04:00:00Z
STM-00370-202610,ACC-00370,2026-09-09,2026-10-08,1639.22,2026-10-09T04:00:00Z,2026-10-09T04:00:00Z
STM-00370-202611,ACC-00370,2026-10-09,2026-11-08,836.12,2026-11-09T05:00:00Z,2026-11-09T05:00:00Z
STM-00371-202607,ACC-00371,2026-06-09,2026-07-08,174.91,2026-07-09T04:00:00Z,2026-07-09T04:00:00Z
STM-00371-202608,ACC-00371,2026-07-09,2026-08-08,130.70,2026-08-09T04:00:00Z,2026-08-09T04:00:00Z
STM-00371-202609,ACC-00371,2026-08-09,2026-09-08,166.44,2026-09-09T04:00:00Z,2026-09-09T04:00:00Z
STM-00371-202610,ACC-00371,2026-09-09,2026-10-08,240.32,2026-10-09T04:00:00Z,2026-10-09T04:00:00Z
STM-00371-202611,ACC-00371,2026-10-09,2026-11-08,236.62,2026-11-09T05:00:00Z,2026-11-09T05:00:00Z
STM-00372-202607,ACC-00372,2026-06-09,2026-07-08,37.13,2026-07-09T04:00:00Z,2026-07-09T04:00:00Z
STM-00372-202608,ACC-00372,2026-07-09,2026-08-08,49.97,2026-08-09T04:00:00Z,2026-08-09T04:00:00Z
STM-00372-202609,ACC-00372,2026-08-09,2026-09-08,55.50,2026-09-09T04:00:00Z,2026-09-09T04:00:00Z
STM-00372-202610,ACC-00372,2026-09-09,2026-10-08,52.53,2026-10-09T04:00:00Z,2026-10-09T04:00:00Z
STM-00372-202611,ACC-00372,2026-10-09,2026-11-08,90.61,2026-11-09T05:00:00Z,2026-11-09T05:00:00Z
STM-00373-202607,ACC-00373,2026-06-26,2026-07-25,3168.85,2026-07-26T04:00:00Z,2026-07-26T04:00:00Z
STM-00373-202608,ACC-00373,2026-07-26,2026-08-25,3896.01,2026-08-26T04:00:00Z,2026-08-26T04:00:00Z
STM-00373-202609,ACC-00373,2026-08-26,2026-09-25,0.00,2026-09-26T04:00:00Z,2026-09-26T04:00:00Z
STM-00373-202610,ACC-00373,2026-09-26,2026-10-25,4352.60,2026-10-26T04:00:00Z,2026-10-26T04:00:00Z
STM-00374-202607,ACC-00374,2026-06-26,2026-07-25,885.20,2026-07-26T04:00:00Z,2026-07-26T04:00:00Z
STM-00374-202608,ACC-00374,2026-07-26,2026-08-25,718.29,2026-08-26T04:00:00Z,2026-08-26T04:00:00Z
STM-00374-202609,ACC-00374,2026-08-26,2026-09-25,536.40,2026-09-26T04:00:00Z,2026-09-26T04:00:00Z
STM-00374-202610,ACC-00374,2026-09-26,2026-10-25,561.96,2026-10-26T04:00:00Z,2026-10-26T04:00:00Z
STM-00375-202607,ACC-00375,2026-06-26,2026-07-25,705.26,2026-07-26T04:00:00Z,2026-07-26T04:00:00Z
STM-00375-202608,ACC-00375,2026-07-26,2026-08-25,586.81,2026-08-26T04:00:00Z,2026-08-26T04:00:00Z
STM-00375-202609,ACC-00375,2026-08-26,2026-09-25,492.63,2026-09-26T04:00:00Z,2026-09-26T04:00:00Z
STM-00375-202610,ACC-00375,2026-09-26,2026-10-25,546.30,2026-10-26T04:00:00Z,2026-10-26T04:00:00Z
STM-00376-202609,ACC-00376,2026-08-09,2026-09-08,1343.44,2026-09-09T04:00:00Z,2026-09-09T04:00:00Z
STM-00376-202610,ACC-00376,2026-09-09,2026-10-08,1815.76,2026-10-09T04:00:00Z,2026-10-09T04:00:00Z
STM-00376-202611,ACC-00376,2026-10-09,2026-11-08,1565.84,2026-11-09T05:00:00Z,2026-11-09T05:00:00Z
STM-00377-202607,ACC-00377,2026-06-04,2026-07-03,7507.82,2026-07-04T04:00:00Z,2026-07-04T04:00:00Z
STM-00377-202608,ACC-00377,2026-07-04,2026-08-03,7074.62,2026-08-04T04:00:00Z,2026-08-04T04:00:00Z
STM-00377-202609,ACC-00377,2026-08-04,2026-09-03,5827.11,2026-09-04T04:00:00Z,2026-09-04T04:00:00Z
STM-00377-202610,ACC-00377,2026-09-04,2026-10-03,6031.75,2026-10-04T04:00:00Z,2026-10-04T04:00:00Z
STM-00377-202611,ACC-00377,2026-10-04,2026-11-03,5444.73,2026-11-04T05:00:00Z,2026-11-04T05:00:00Z
STM-00378-202607,ACC-00378,2026-06-09,2026-07-08,1220.81,2026-07-09T04:00:00Z,2026-07-09T04:00:00Z
STM-00378-202608,ACC-00378,2026-07-09,2026-08-08,1477.75,2026-08-09T04:00:00Z,2026-08-09T04:00:00Z
STM-00378-202609,ACC-00378,2026-08-09,2026-09-08,1242.06,2026-09-09T04:00:00Z,2026-09-09T04:00:00Z
STM-00378-202610,ACC-00378,2026-09-09,2026-10-08,0.00,2026-10-09T04:00:00Z,2026-10-09T04:00:00Z
STM-00378-202611,ACC-00378,2026-10-09,2026-11-08,1374.71,2026-11-09T05:00:00Z,2026-11-09T05:00:00Z
STM-00379-202607,ACC-00379,2026-06-13,2026-07-12,223.49,2026-07-13T04:00:00Z,2026-07-13T04:00:00Z
STM-00379-202608,ACC-00379,2026-07-13,2026-08-12,259.12,2026-08-13T04:00:00Z,2026-08-13T04:00:00Z
STM-00379-202609,ACC-00379,2026-08-13,2026-09-12,235.96,2026-09-13T04:00:00Z,2026-09-13T04:00:00Z
STM-00379-202610,ACC-00379,2026-09-13,2026-10-12,242.81,2026-10-13T04:00:00Z,2026-10-13T04:00:00Z
STM-00379-202611,ACC-00379,2026-10-13,2026-11-12,190.90,2026-11-13T05:00:00Z,2026-11-13T05:00:00Z
STM-00380-202607,ACC-00380,2026-06-09,2026-07-08,1156.89,2026-07-09T04:00:00Z,2026-07-09T04:00:00Z
STM-00380-202608,ACC-00380,2026-07-09,2026-08-08,1335.27,2026-08-09T04:00:00Z,2026-08-09T04:00:00Z
STM-00380-202609,ACC-00380,2026-08-09,2026-09-08,1472.54,2026-09-09T04:00:00Z,2026-09-09T04:00:00Z
STM-00380-202610,ACC-00380,2026-09-09,2026-10-08,1583.64,2026-10-09T04:00:00Z,2026-10-09T04:00:00Z
STM-00380-202611,ACC-00380,2026-10-09,2026-11-08,1395.62,2026-11-09T05:00:00Z,2026-11-09T05:00:00Z
STM-00381-202607,ACC-00381,2026-06-04,2026-07-03,686.73,2026-07-04T04:00:00Z,2026-07-04T04:00:00Z
STM-00381-202608,ACC-00381,2026-07-04,2026-08-03,1722.81,2026-08-04T04:00:00Z,2026-08-04T04:00:00Z
STM-00381-202609,ACC-00381,2026-08-04,2026-09-03,1322.90,2026-09-04T04:00:00Z,2026-09-04T04:00:00Z
STM-00381-202610,ACC-00381,2026-09-04,2026-10-03,640.44,2026-10-04T04:00:00Z,2026-10-04T04:00:00Z
STM-00381-202611,ACC-00381,2026-10-04,2026-11-03,1193.21,2026-11-04T05:00:00Z,2026-11-04T05:00:00Z
STM-00382-202607,ACC-00382,2026-06-26,2026-07-25,8017.41,2026-07-26T04:00:00Z,2026-07-26T04:00:00Z
STM-00382-202608,ACC-00382,2026-07-26,2026-08-25,9828.19,2026-08-26T04:00:00Z,2026-08-26T04:00:00Z
STM-00382-202609,ACC-00382,2026-08-26,2026-09-25,10198.49,2026-09-26T04:00:00Z,2026-09-26T04:00:00Z
STM-00382-202610,ACC-00382,2026-09-26,2026-10-25,9733.90,2026-10-26T04:00:00Z,2026-10-26T04:00:00Z
STM-00383-202607,ACC-00383,2026-06-04,2026-07-03,613.71,2026-07-04T04:00:00Z,2026-07-04T04:00:00Z
STM-00383-202608,ACC-00383,2026-07-04,2026-08-03,669.52,2026-08-04T04:00:00Z,2026-08-04T04:00:00Z
STM-00383-202609,ACC-00383,2026-08-04,2026-09-03,768.23,2026-09-04T04:00:00Z,2026-09-04T04:00:00Z
STM-00383-202610,ACC-00383,2026-09-04,2026-10-03,748.34,2026-10-04T04:00:00Z,2026-10-04T04:00:00Z
STM-00383-202611,ACC-00383,2026-10-04,2026-11-03,572.75,2026-11-04T05:00:00Z,2026-11-04T05:00:00Z
STM-00384-202607,ACC-00384,2026-06-09,2026-07-08,1822.47,2026-07-09T04:00:00Z,2026-07-09T04:00:00Z
STM-00384-202608,ACC-00384,2026-07-09,2026-08-08,1936.03,2026-08-09T04:00:00Z,2026-08-09T04:00:00Z
STM-00384-202609,ACC-00384,2026-08-09,2026-09-08,1801.53,2026-09-09T04:00:00Z,2026-09-09T04:00:00Z
STM-00384-202610,ACC-00384,2026-09-09,2026-10-08,3171.65,2026-10-09T04:00:00Z,2026-10-09T04:00:00Z
STM-00384-202611,ACC-00384,2026-10-09,2026-11-08,1396.26,2026-11-09T05:00:00Z,2026-11-09T05:00:00Z
STM-00385-202607,ACC-00385,2026-06-21,2026-07-20,4804.62,2026-07-21T04:00:00Z,2026-07-21T04:00:00Z
STM-00385-202608,ACC-00385,2026-07-21,2026-08-20,4264.34,2026-08-21T04:00:00Z,2026-08-21T04:00:00Z
STM-00385-202609,ACC-00385,2026-08-21,2026-09-20,5660.27,2026-09-21T04:00:00Z,2026-09-21T04:00:00Z
STM-00385-202610,ACC-00385,2026-09-21,2026-10-20,6113.72,2026-10-21T04:00:00Z,2026-10-21T04:00:00Z
STM-00386-202607,ACC-00386,2026-06-04,2026-07-03,3830.95,2026-07-04T04:00:00Z,2026-07-04T04:00:00Z
STM-00386-202608,ACC-00386,2026-07-04,2026-08-03,3961.16,2026-08-04T04:00:00Z,2026-08-04T04:00:00Z
STM-00386-202609,ACC-00386,2026-08-04,2026-09-03,5385.15,2026-09-04T04:00:00Z,2026-09-04T04:00:00Z
STM-00386-202610,ACC-00386,2026-09-04,2026-10-03,2235.33,2026-10-04T04:00:00Z,2026-10-04T04:00:00Z
STM-00386-202611,ACC-00386,2026-10-04,2026-11-03,6630.97,2026-11-04T05:00:00Z,2026-11-04T05:00:00Z
STM-00387-202607,ACC-00387,2026-06-26,2026-07-25,4077.97,2026-07-26T04:00:00Z,2026-07-26T04:00:00Z
STM-00387-202608,ACC-00387,2026-07-26,2026-08-25,4437.90,2026-08-26T04:00:00Z,2026-08-26T04:00:00Z
STM-00387-202609,ACC-00387,2026-08-26,2026-09-25,6098.75,2026-09-26T04:00:00Z,2026-09-26T04:00:00Z
STM-00387-202610,ACC-00387,2026-09-26,2026-10-25,5442.58,2026-10-26T04:00:00Z,2026-10-26T04:00:00Z
STM-00388-202607,ACC-00388,2026-06-09,2026-07-08,307.60,2026-07-09T04:00:00Z,2026-07-09T04:00:00Z
STM-00388-202608,ACC-00388,2026-07-09,2026-08-08,230.70,2026-08-09T04:00:00Z,2026-08-09T04:00:00Z
STM-00388-202609,ACC-00388,2026-08-09,2026-09-08,388.15,2026-09-09T04:00:00Z,2026-09-09T04:00:00Z
STM-00388-202610,ACC-00388,2026-09-09,2026-10-08,353.65,2026-10-09T04:00:00Z,2026-10-09T04:00:00Z
STM-00388-202611,ACC-00388,2026-10-09,2026-11-08,226.75,2026-11-09T05:00:00Z,2026-11-09T05:00:00Z
STM-00389-202607,ACC-00389,2026-06-09,2026-07-08,4493.30,2026-07-09T04:00:00Z,2026-07-09T04:00:00Z
STM-00389-202608,ACC-00389,2026-07-09,2026-08-08,1144.30,2026-08-09T04:00:00Z,2026-08-09T04:00:00Z
STM-00389-202609,ACC-00389,2026-08-09,2026-09-08,4654.56,2026-09-09T04:00:00Z,2026-09-09T04:00:00Z
STM-00389-202610,ACC-00389,2026-09-09,2026-10-08,4112.39,2026-10-09T04:00:00Z,2026-10-09T04:00:00Z
STM-00389-202611,ACC-00389,2026-10-09,2026-11-08,3016.96,2026-11-09T05:00:00Z,2026-11-09T05:00:00Z
STM-00390-202607,ACC-00390,2026-06-26,2026-07-25,196.41,2026-07-26T04:00:00Z,2026-07-26T04:00:00Z
STM-00390-202608,ACC-00390,2026-07-26,2026-08-25,147.54,2026-08-26T04:00:00Z,2026-08-26T04:00:00Z
STM-00390-202609,ACC-00390,2026-08-26,2026-09-25,307.44,2026-09-26T04:00:00Z,2026-09-26T04:00:00Z
STM-00390-202610,ACC-00390,2026-09-26,2026-10-25,161.39,2026-10-26T04:00:00Z,2026-10-26T04:00:00Z
STM-00391-202607,ACC-00391,2026-06-18,2026-07-17,2239.19,2026-07-18T04:00:00Z,2026-07-18T04:00:00Z
STM-00391-202608,ACC-00391,2026-07-18,2026-08-17,2344.81,2026-08-18T04:00:00Z,2026-08-18T04:00:00Z
STM-00391-202609,ACC-00391,2026-08-18,2026-09-17,2115.94,2026-09-18T04:00:00Z,2026-09-18T04:00:00Z
STM-00391-202610,ACC-00391,2026-09-18,2026-10-17,2855.61,2026-10-18T04:00:00Z,2026-10-18T04:00:00Z
STM-00392-202607,ACC-00392,2026-06-04,2026-07-03,981.72,2026-07-04T04:00:00Z,2026-07-04T04:00:00Z
STM-00392-202608,ACC-00392,2026-07-04,2026-08-03,1041.10,2026-08-04T04:00:00Z,2026-08-04T04:00:00Z
STM-00392-202609,ACC-00392,2026-08-04,2026-09-03,631.72,2026-09-04T04:00:00Z,2026-09-04T04:00:00Z
STM-00392-202610,ACC-00392,2026-09-04,2026-10-03,954.86,2026-10-04T04:00:00Z,2026-10-04T04:00:00Z
STM-00392-202611,ACC-00392,2026-10-04,2026-11-03,722.99,2026-11-04T05:00:00Z,2026-11-04T05:00:00Z
STM-00393-202607,ACC-00393,2026-06-13,2026-07-12,983.83,2026-07-13T04:00:00Z,2026-07-13T04:00:00Z
STM-00393-202608,ACC-00393,2026-07-13,2026-08-12,1305.96,2026-08-13T04:00:00Z,2026-08-13T04:00:00Z
STM-00393-202609,ACC-00393,2026-08-13,2026-09-12,651.51,2026-09-13T04:00:00Z,2026-09-13T04:00:00Z
STM-00393-202610,ACC-00393,2026-09-13,2026-10-12,809.59,2026-10-13T04:00:00Z,2026-10-13T04:00:00Z
STM-00393-202611,ACC-00393,2026-10-13,2026-11-12,899.94,2026-11-13T05:00:00Z,2026-11-13T05:00:00Z
STM-00394-202607,ACC-00394,2026-06-18,2026-07-17,2046.66,2026-07-18T04:00:00Z,2026-07-18T04:00:00Z
STM-00394-202608,ACC-00394,2026-07-18,2026-08-17,3129.37,2026-08-18T04:00:00Z,2026-08-18T04:00:00Z
STM-00394-202609,ACC-00394,2026-08-18,2026-09-17,2196.78,2026-09-18T04:00:00Z,2026-09-18T04:00:00Z
STM-00394-202610,ACC-00394,2026-09-18,2026-10-17,2609.17,2026-10-18T04:00:00Z,2026-10-18T04:00:00Z
STM-00395-202607,ACC-00395,2026-06-21,2026-07-20,2982.00,2026-07-21T04:00:00Z,2026-07-21T04:00:00Z
STM-00395-202608,ACC-00395,2026-07-21,2026-08-20,2283.57,2026-08-21T04:00:00Z,2026-08-21T04:00:00Z
STM-00395-202609,ACC-00395,2026-08-21,2026-09-20,2195.69,2026-09-21T04:00:00Z,2026-09-21T04:00:00Z
STM-00395-202610,ACC-00395,2026-09-21,2026-10-20,2596.29,2026-10-21T04:00:00Z,2026-10-21T04:00:00Z
STM-00396-202607,ACC-00396,2026-06-09,2026-07-08,1158.62,2026-07-09T04:00:00Z,2026-07-09T04:00:00Z
STM-00396-202608,ACC-00396,2026-07-09,2026-08-08,1477.47,2026-08-09T04:00:00Z,2026-08-09T04:00:00Z
STM-00396-202609,ACC-00396,2026-08-09,2026-09-08,1442.47,2026-09-09T04:00:00Z,2026-09-09T04:00:00Z
STM-00396-202610,ACC-00396,2026-09-09,2026-10-08,1466.73,2026-10-09T04:00:00Z,2026-10-09T04:00:00Z
STM-00396-202611,ACC-00396,2026-10-09,2026-11-08,1454.69,2026-11-09T05:00:00Z,2026-11-09T05:00:00Z
STM-00397-202607,ACC-00397,2026-06-13,2026-07-12,1041.75,2026-07-13T04:00:00Z,2026-07-13T04:00:00Z
STM-00397-202608,ACC-00397,2026-07-13,2026-08-12,972.75,2026-08-13T04:00:00Z,2026-08-13T04:00:00Z
STM-00397-202609,ACC-00397,2026-08-13,2026-09-12,1239.95,2026-09-13T04:00:00Z,2026-09-13T04:00:00Z
STM-00397-202610,ACC-00397,2026-09-13,2026-10-12,1244.99,2026-10-13T04:00:00Z,2026-10-13T04:00:00Z
STM-00397-202611,ACC-00397,2026-10-13,2026-11-12,567.26,2026-11-13T05:00:00Z,2026-11-13T05:00:00Z
STM-00398-202607,ACC-00398,2026-06-04,2026-07-03,805.55,2026-07-04T04:00:00Z,2026-07-04T04:00:00Z
STM-00398-202608,ACC-00398,2026-07-04,2026-08-03,1100.64,2026-08-04T04:00:00Z,2026-08-04T04:00:00Z
STM-00398-202609,ACC-00398,2026-08-04,2026-09-03,939.54,2026-09-04T04:00:00Z,2026-09-04T04:00:00Z
STM-00398-202610,ACC-00398,2026-09-04,2026-10-03,857.87,2026-10-04T04:00:00Z,2026-10-04T04:00:00Z
STM-00398-202611,ACC-00398,2026-10-04,2026-11-03,1534.79,2026-11-04T05:00:00Z,2026-11-04T05:00:00Z
STM-00399-202607,ACC-00399,2026-06-04,2026-07-03,3100.35,2026-07-04T04:00:00Z,2026-07-04T04:00:00Z
STM-00399-202608,ACC-00399,2026-07-04,2026-08-03,6278.20,2026-08-04T04:00:00Z,2026-08-04T04:00:00Z
STM-00399-202609,ACC-00399,2026-08-04,2026-09-03,5057.89,2026-09-04T04:00:00Z,2026-09-04T04:00:00Z
STM-00399-202610,ACC-00399,2026-09-04,2026-10-03,5471.16,2026-10-04T04:00:00Z,2026-10-04T04:00:00Z
STM-00399-202611,ACC-00399,2026-10-04,2026-11-03,3303.20,2026-11-04T05:00:00Z,2026-11-04T05:00:00Z
STM-00400-202607,ACC-00400,2026-06-09,2026-07-08,289.59,2026-07-09T04:00:00Z,2026-07-09T04:00:00Z
STM-00400-202608,ACC-00400,2026-07-09,2026-08-08,288.37,2026-08-09T04:00:00Z,2026-08-09T04:00:00Z
STM-00400-202609,ACC-00400,2026-08-09,2026-09-08,247.19,2026-09-09T04:00:00Z,2026-09-09T04:00:00Z
STM-00400-202610,ACC-00400,2026-09-09,2026-10-08,255.13,2026-10-09T04:00:00Z,2026-10-09T04:00:00Z
STM-00400-202611,ACC-00400,2026-10-09,2026-11-08,304.52,2026-11-09T05:00:00Z,2026-11-09T05:00:00Z
STM-00401-202607,ACC-00401,2026-06-26,2026-07-25,4432.43,2026-07-26T04:00:00Z,2026-07-26T04:00:00Z
STM-00401-202608,ACC-00401,2026-07-26,2026-08-25,3736.29,2026-08-26T04:00:00Z,2026-08-26T04:00:00Z
STM-00401-202609,ACC-00401,2026-08-26,2026-09-25,4209.93,2026-09-26T04:00:00Z,2026-09-26T04:00:00Z
STM-00401-202610,ACC-00401,2026-09-26,2026-10-25,5067.80,2026-10-26T04:00:00Z,2026-10-26T04:00:00Z
STM-00402-202607,ACC-00402,2026-06-13,2026-07-12,2184.73,2026-07-13T04:00:00Z,2026-07-13T04:00:00Z
STM-00402-202608,ACC-00402,2026-07-13,2026-08-12,2634.45,2026-08-13T04:00:00Z,2026-08-13T04:00:00Z
STM-00402-202609,ACC-00402,2026-08-13,2026-09-12,4590.02,2026-09-13T04:00:00Z,2026-09-13T04:00:00Z
STM-00402-202610,ACC-00402,2026-09-13,2026-10-12,3004.94,2026-10-13T04:00:00Z,2026-10-13T04:00:00Z
STM-00402-202611,ACC-00402,2026-10-13,2026-11-12,3387.99,2026-11-13T05:00:00Z,2026-11-13T05:00:00Z
STM-00403-202607,ACC-00403,2026-06-04,2026-07-03,4840.38,2026-07-04T04:00:00Z,2026-07-04T04:00:00Z
STM-00403-202608,ACC-00403,2026-07-04,2026-08-03,6351.31,2026-08-04T04:00:00Z,2026-08-04T04:00:00Z
STM-00403-202609,ACC-00403,2026-08-04,2026-09-03,3473.09,2026-09-04T04:00:00Z,2026-09-04T04:00:00Z
STM-00403-202610,ACC-00403,2026-09-04,2026-10-03,6720.06,2026-10-04T04:00:00Z,2026-10-04T04:00:00Z
STM-00403-202611,ACC-00403,2026-10-04,2026-11-03,0.00,2026-11-04T05:00:00Z,2026-11-04T05:00:00Z
STM-00404-202607,ACC-00404,2026-06-26,2026-07-25,238.65,2026-07-26T04:00:00Z,2026-07-26T04:00:00Z
STM-00404-202608,ACC-00404,2026-07-26,2026-08-25,296.48,2026-08-26T04:00:00Z,2026-08-26T04:00:00Z
STM-00404-202609,ACC-00404,2026-08-26,2026-09-25,401.51,2026-09-26T04:00:00Z,2026-09-26T04:00:00Z
STM-00404-202610,ACC-00404,2026-09-26,2026-10-25,407.88,2026-10-26T04:00:00Z,2026-10-26T04:00:00Z
STM-00405-202607,ACC-00405,2026-06-26,2026-07-25,6289.02,2026-07-26T04:00:00Z,2026-07-26T04:00:00Z
STM-00405-202608,ACC-00405,2026-07-26,2026-08-25,5849.25,2026-08-26T04:00:00Z,2026-08-26T04:00:00Z
STM-00405-202609,ACC-00405,2026-08-26,2026-09-25,4846.41,2026-09-26T04:00:00Z,2026-09-26T04:00:00Z
STM-00405-202610,ACC-00405,2026-09-26,2026-10-25,5209.44,2026-10-26T04:00:00Z,2026-10-26T04:00:00Z
STM-00406-202607,ACC-00406,2026-06-18,2026-07-17,405.21,2026-07-18T04:00:00Z,2026-07-18T04:00:00Z
STM-00406-202608,ACC-00406,2026-07-18,2026-08-17,353.78,2026-08-18T04:00:00Z,2026-08-18T04:00:00Z
STM-00406-202609,ACC-00406,2026-08-18,2026-09-17,0.00,2026-09-18T04:00:00Z,2026-09-18T04:00:00Z
STM-00406-202610,ACC-00406,2026-09-18,2026-10-17,347.16,2026-10-18T04:00:00Z,2026-10-18T04:00:00Z
STM-00407-202607,ACC-00407,2026-06-26,2026-07-25,2053.84,2026-07-26T04:00:00Z,2026-07-26T04:00:00Z
STM-00407-202608,ACC-00407,2026-07-26,2026-08-25,2021.04,2026-08-26T04:00:00Z,2026-08-26T04:00:00Z
STM-00407-202609,ACC-00407,2026-08-26,2026-09-25,1964.89,2026-09-26T04:00:00Z,2026-09-26T04:00:00Z
STM-00407-202610,ACC-00407,2026-09-26,2026-10-25,1988.69,2026-10-26T04:00:00Z,2026-10-26T04:00:00Z
STM-00408-202607,ACC-00408,2026-06-09,2026-07-08,2649.26,2026-07-09T04:00:00Z,2026-07-09T04:00:00Z
STM-00408-202608,ACC-00408,2026-07-09,2026-08-08,3566.22,2026-08-09T04:00:00Z,2026-08-09T04:00:00Z
STM-00408-202609,ACC-00408,2026-08-09,2026-09-08,2605.89,2026-09-09T04:00:00Z,2026-09-09T04:00:00Z
STM-00408-202610,ACC-00408,2026-09-09,2026-10-08,1703.34,2026-10-09T04:00:00Z,2026-10-09T04:00:00Z
STM-00408-202611,ACC-00408,2026-10-09,2026-11-08,2885.21,2026-11-09T05:00:00Z,2026-11-09T05:00:00Z
STM-00409-202607,ACC-00409,2026-06-21,2026-07-20,424.53,2026-07-21T04:00:00Z,2026-07-21T04:00:00Z
STM-00409-202608,ACC-00409,2026-07-21,2026-08-20,372.45,2026-08-21T04:00:00Z,2026-08-21T04:00:00Z
STM-00409-202609,ACC-00409,2026-08-21,2026-09-20,354.29,2026-09-21T04:00:00Z,2026-09-21T04:00:00Z
STM-00409-202610,ACC-00409,2026-09-21,2026-10-20,593.56,2026-10-21T04:00:00Z,2026-10-21T04:00:00Z
STM-00410-202607,ACC-00410,2026-06-09,2026-07-08,423.60,2026-07-09T04:00:00Z,2026-07-09T04:00:00Z
STM-00410-202608,ACC-00410,2026-07-09,2026-08-08,177.79,2026-08-09T04:00:00Z,2026-08-09T04:00:00Z
STM-00410-202609,ACC-00410,2026-08-09,2026-09-08,404.08,2026-09-09T04:00:00Z,2026-09-09T04:00:00Z
STM-00410-202610,ACC-00410,2026-09-09,2026-10-08,317.18,2026-10-09T04:00:00Z,2026-10-09T04:00:00Z
STM-00410-202611,ACC-00410,2026-10-09,2026-11-08,266.69,2026-11-09T05:00:00Z,2026-11-09T05:00:00Z
STM-00411-202607,ACC-00411,2026-06-26,2026-07-25,2663.73,2026-07-26T04:00:00Z,2026-07-26T04:00:00Z
STM-00411-202608,ACC-00411,2026-07-26,2026-08-25,3640.24,2026-08-26T04:00:00Z,2026-08-26T04:00:00Z
STM-00411-202609,ACC-00411,2026-08-26,2026-09-25,3118.81,2026-09-26T04:00:00Z,2026-09-26T04:00:00Z
STM-00411-202610,ACC-00411,2026-09-26,2026-10-25,1394.13,2026-10-26T04:00:00Z,2026-10-26T04:00:00Z
STM-00412-202607,ACC-00412,2026-06-21,2026-07-20,4702.63,2026-07-21T04:00:00Z,2026-07-21T04:00:00Z
STM-00412-202608,ACC-00412,2026-07-21,2026-08-20,6193.88,2026-08-21T04:00:00Z,2026-08-21T04:00:00Z
STM-00412-202609,ACC-00412,2026-08-21,2026-09-20,6432.14,2026-09-21T04:00:00Z,2026-09-21T04:00:00Z
STM-00412-202610,ACC-00412,2026-09-21,2026-10-20,5041.07,2026-10-21T04:00:00Z,2026-10-21T04:00:00Z
STM-00413-202607,ACC-00413,2026-06-13,2026-07-12,0.00,2026-07-13T04:00:00Z,2026-07-13T04:00:00Z
STM-00413-202608,ACC-00413,2026-07-13,2026-08-12,774.29,2026-08-13T04:00:00Z,2026-08-13T04:00:00Z
STM-00413-202609,ACC-00413,2026-08-13,2026-09-12,1432.51,2026-09-13T04:00:00Z,2026-09-13T04:00:00Z
STM-00413-202610,ACC-00413,2026-09-13,2026-10-12,995.74,2026-10-13T04:00:00Z,2026-10-13T04:00:00Z
STM-00413-202611,ACC-00413,2026-10-13,2026-11-12,950.16,2026-11-13T05:00:00Z,2026-11-13T05:00:00Z
STM-00414-202607,ACC-00414,2026-06-26,2026-07-25,8254.02,2026-07-26T04:00:00Z,2026-07-26T04:00:00Z
STM-00414-202608,ACC-00414,2026-07-26,2026-08-25,6200.27,2026-08-26T04:00:00Z,2026-08-26T04:00:00Z
STM-00414-202609,ACC-00414,2026-08-26,2026-09-25,3213.17,2026-09-26T04:00:00Z,2026-09-26T04:00:00Z
STM-00414-202610,ACC-00414,2026-09-26,2026-10-25,5239.57,2026-10-26T04:00:00Z,2026-10-26T04:00:00Z
STM-00415-202607,ACC-00415,2026-06-26,2026-07-25,94.95,2026-07-26T04:00:00Z,2026-07-26T04:00:00Z
STM-00415-202608,ACC-00415,2026-07-26,2026-08-25,123.41,2026-08-26T04:00:00Z,2026-08-26T04:00:00Z
STM-00415-202609,ACC-00415,2026-08-26,2026-09-25,112.10,2026-09-26T04:00:00Z,2026-09-26T04:00:00Z
STM-00415-202610,ACC-00415,2026-09-26,2026-10-25,106.88,2026-10-26T04:00:00Z,2026-10-26T04:00:00Z
STM-00416-202607,ACC-00416,2026-06-18,2026-07-17,2337.06,2026-07-18T04:00:00Z,2026-07-18T04:00:00Z
STM-00416-202608,ACC-00416,2026-07-18,2026-08-17,5909.73,2026-08-18T04:00:00Z,2026-08-18T04:00:00Z
STM-00416-202609,ACC-00416,2026-08-18,2026-09-17,5636.85,2026-09-18T04:00:00Z,2026-09-18T04:00:00Z
STM-00416-202610,ACC-00416,2026-09-18,2026-10-17,4045.02,2026-10-18T04:00:00Z,2026-10-18T04:00:00Z
STM-00417-202607,ACC-00417,2026-06-04,2026-07-03,2606.07,2026-07-04T04:00:00Z,2026-07-04T04:00:00Z
STM-00417-202608,ACC-00417,2026-07-04,2026-08-03,1848.69,2026-08-04T04:00:00Z,2026-08-04T04:00:00Z
STM-00417-202609,ACC-00417,2026-08-04,2026-09-03,2997.70,2026-09-04T04:00:00Z,2026-09-04T04:00:00Z
STM-00417-202610,ACC-00417,2026-09-04,2026-10-03,1534.03,2026-10-04T04:00:00Z,2026-10-04T04:00:00Z
STM-00417-202611,ACC-00417,2026-10-04,2026-11-03,2107.94,2026-11-04T05:00:00Z,2026-11-04T05:00:00Z
STM-00418-202607,ACC-00418,2026-06-21,2026-07-20,2437.53,2026-07-21T04:00:00Z,2026-07-21T04:00:00Z
STM-00418-202608,ACC-00418,2026-07-21,2026-08-20,0.00,2026-08-21T04:00:00Z,2026-08-21T04:00:00Z
STM-00418-202609,ACC-00418,2026-08-21,2026-09-20,1585.25,2026-09-21T04:00:00Z,2026-09-21T04:00:00Z
STM-00418-202610,ACC-00418,2026-09-21,2026-10-20,1928.41,2026-10-21T04:00:00Z,2026-10-21T04:00:00Z
STM-00419-202607,ACC-00419,2026-06-04,2026-07-03,370.14,2026-07-04T04:00:00Z,2026-07-04T04:00:00Z
STM-00419-202608,ACC-00419,2026-07-04,2026-08-03,235.24,2026-08-04T04:00:00Z,2026-08-04T04:00:00Z
STM-00419-202609,ACC-00419,2026-08-04,2026-09-03,277.27,2026-09-04T04:00:00Z,2026-09-04T04:00:00Z
STM-00419-202610,ACC-00419,2026-09-04,2026-10-03,325.72,2026-10-04T04:00:00Z,2026-10-04T04:00:00Z
STM-00419-202611,ACC-00419,2026-10-04,2026-11-03,347.12,2026-11-04T05:00:00Z,2026-11-04T05:00:00Z
STM-00420-202607,ACC-00420,2026-06-26,2026-07-25,3477.00,2026-07-26T04:00:00Z,2026-07-26T04:00:00Z
STM-00420-202608,ACC-00420,2026-07-26,2026-08-25,2715.39,2026-08-26T04:00:00Z,2026-08-26T04:00:00Z
STM-00420-202609,ACC-00420,2026-08-26,2026-09-25,2880.32,2026-09-26T04:00:00Z,2026-09-26T04:00:00Z
STM-00420-202610,ACC-00420,2026-09-26,2026-10-25,3927.01,2026-10-26T04:00:00Z,2026-10-26T04:00:00Z
STM-00421-202607,ACC-00421,2026-06-21,2026-07-20,1788.40,2026-07-21T04:00:00Z,2026-07-21T04:00:00Z
STM-00421-202608,ACC-00421,2026-07-21,2026-08-20,1470.76,2026-08-21T04:00:00Z,2026-08-21T04:00:00Z
STM-00421-202609,ACC-00421,2026-08-21,2026-09-20,1981.20,2026-09-21T04:00:00Z,2026-09-21T04:00:00Z
STM-00421-202610,ACC-00421,2026-09-21,2026-10-20,2196.76,2026-10-21T04:00:00Z,2026-10-21T04:00:00Z
STM-00422-202607,ACC-00422,2026-06-04,2026-07-03,3704.15,2026-07-04T04:00:00Z,2026-07-04T04:00:00Z
STM-00422-202608,ACC-00422,2026-07-04,2026-08-03,2526.03,2026-08-04T04:00:00Z,2026-08-04T04:00:00Z
STM-00422-202609,ACC-00422,2026-08-04,2026-09-03,3675.57,2026-09-04T04:00:00Z,2026-09-04T04:00:00Z
STM-00422-202610,ACC-00422,2026-09-04,2026-10-03,4874.55,2026-10-04T04:00:00Z,2026-10-04T04:00:00Z
STM-00422-202611,ACC-00422,2026-10-04,2026-11-03,4211.18,2026-11-04T05:00:00Z,2026-11-04T05:00:00Z
STM-00423-202607,ACC-00423,2026-06-26,2026-07-25,705.61,2026-07-26T04:00:00Z,2026-07-26T04:00:00Z
STM-00423-202608,ACC-00423,2026-07-26,2026-08-25,677.68,2026-08-26T04:00:00Z,2026-08-26T04:00:00Z
STM-00423-202609,ACC-00423,2026-08-26,2026-09-25,796.97,2026-09-26T04:00:00Z,2026-09-26T04:00:00Z
STM-00423-202610,ACC-00423,2026-09-26,2026-10-25,545.97,2026-10-26T04:00:00Z,2026-10-26T04:00:00Z
STM-00424-202607,ACC-00424,2026-06-18,2026-07-17,2194.51,2026-07-18T04:00:00Z,2026-07-18T04:00:00Z
STM-00424-202608,ACC-00424,2026-07-18,2026-08-17,4484.80,2026-08-18T04:00:00Z,2026-08-18T04:00:00Z
STM-00424-202609,ACC-00424,2026-08-18,2026-09-17,938.84,2026-09-18T04:00:00Z,2026-09-18T04:00:00Z
STM-00424-202610,ACC-00424,2026-09-18,2026-10-17,2905.89,2026-10-18T04:00:00Z,2026-10-18T04:00:00Z
STM-00425-202607,ACC-00425,2026-06-13,2026-07-12,1188.14,2026-07-13T04:00:00Z,2026-07-13T04:00:00Z
STM-00425-202608,ACC-00425,2026-07-13,2026-08-12,1090.83,2026-08-13T04:00:00Z,2026-08-13T04:00:00Z
STM-00425-202609,ACC-00425,2026-08-13,2026-09-12,967.65,2026-09-13T04:00:00Z,2026-09-13T04:00:00Z
STM-00425-202610,ACC-00425,2026-09-13,2026-10-12,1263.94,2026-10-13T04:00:00Z,2026-10-13T04:00:00Z
STM-00425-202611,ACC-00425,2026-10-13,2026-11-12,929.59,2026-11-13T05:00:00Z,2026-11-13T05:00:00Z
STM-00426-202607,ACC-00426,2026-06-04,2026-07-03,2660.32,2026-07-04T04:00:00Z,2026-07-04T04:00:00Z
STM-00426-202608,ACC-00426,2026-07-04,2026-08-03,3747.63,2026-08-04T04:00:00Z,2026-08-04T04:00:00Z
STM-00426-202609,ACC-00426,2026-08-04,2026-09-03,3139.55,2026-09-04T04:00:00Z,2026-09-04T04:00:00Z
STM-00426-202610,ACC-00426,2026-09-04,2026-10-03,2519.29,2026-10-04T04:00:00Z,2026-10-04T04:00:00Z
STM-00426-202611,ACC-00426,2026-10-04,2026-11-03,2576.91,2026-11-04T05:00:00Z,2026-11-04T05:00:00Z
STM-00427-202607,ACC-00427,2026-06-04,2026-07-03,2341.90,2026-07-04T04:00:00Z,2026-07-04T04:00:00Z
STM-00427-202608,ACC-00427,2026-07-04,2026-08-03,2332.59,2026-08-04T04:00:00Z,2026-08-04T04:00:00Z
STM-00427-202609,ACC-00427,2026-08-04,2026-09-03,1827.10,2026-09-04T04:00:00Z,2026-09-04T04:00:00Z
STM-00427-202610,ACC-00427,2026-09-04,2026-10-03,2048.94,2026-10-04T04:00:00Z,2026-10-04T04:00:00Z
STM-00427-202611,ACC-00427,2026-10-04,2026-11-03,2138.17,2026-11-04T05:00:00Z,2026-11-04T05:00:00Z
STM-00428-202607,ACC-00428,2026-06-04,2026-07-03,1063.35,2026-07-04T04:00:00Z,2026-07-04T04:00:00Z
STM-00428-202608,ACC-00428,2026-07-04,2026-08-03,914.55,2026-08-04T04:00:00Z,2026-08-04T04:00:00Z
STM-00428-202609,ACC-00428,2026-08-04,2026-09-03,430.79,2026-09-04T04:00:00Z,2026-09-04T04:00:00Z
STM-00428-202610,ACC-00428,2026-09-04,2026-10-03,865.40,2026-10-04T04:00:00Z,2026-10-04T04:00:00Z
STM-00428-202611,ACC-00428,2026-10-04,2026-11-03,846.44,2026-11-04T05:00:00Z,2026-11-04T05:00:00Z
STM-00429-202607,ACC-00429,2026-06-09,2026-07-08,5879.46,2026-07-09T04:00:00Z,2026-07-09T04:00:00Z
STM-00429-202608,ACC-00429,2026-07-09,2026-08-08,7327.15,2026-08-09T04:00:00Z,2026-08-09T04:00:00Z
STM-00429-202609,ACC-00429,2026-08-09,2026-09-08,0.00,2026-09-09T04:00:00Z,2026-09-09T04:00:00Z
STM-00429-202610,ACC-00429,2026-09-09,2026-10-08,8357.52,2026-10-09T04:00:00Z,2026-10-09T04:00:00Z
STM-00429-202611,ACC-00429,2026-10-09,2026-11-08,5617.96,2026-11-09T05:00:00Z,2026-11-09T05:00:00Z
STM-00430-202607,ACC-00430,2026-06-26,2026-07-25,59.40,2026-07-26T04:00:00Z,2026-07-26T04:00:00Z
STM-00430-202608,ACC-00430,2026-07-26,2026-08-25,77.54,2026-08-26T04:00:00Z,2026-08-26T04:00:00Z
STM-00430-202609,ACC-00430,2026-08-26,2026-09-25,98.12,2026-09-26T04:00:00Z,2026-09-26T04:00:00Z
STM-00430-202610,ACC-00430,2026-09-26,2026-10-25,55.30,2026-10-26T04:00:00Z,2026-10-26T04:00:00Z
STM-00431-202607,ACC-00431,2026-06-26,2026-07-25,2532.58,2026-07-26T04:00:00Z,2026-07-26T04:00:00Z
STM-00431-202608,ACC-00431,2026-07-26,2026-08-25,3966.34,2026-08-26T04:00:00Z,2026-08-26T04:00:00Z
STM-00431-202609,ACC-00431,2026-08-26,2026-09-25,3491.76,2026-09-26T04:00:00Z,2026-09-26T04:00:00Z
STM-00431-202610,ACC-00431,2026-09-26,2026-10-25,2794.33,2026-10-26T04:00:00Z,2026-10-26T04:00:00Z
STM-00432-202607,ACC-00432,2026-06-13,2026-07-12,234.13,2026-07-13T04:00:00Z,2026-07-13T04:00:00Z
STM-00432-202608,ACC-00432,2026-07-13,2026-08-12,324.97,2026-08-13T04:00:00Z,2026-08-13T04:00:00Z
STM-00432-202609,ACC-00432,2026-08-13,2026-09-12,0.00,2026-09-13T04:00:00Z,2026-09-13T04:00:00Z
STM-00432-202610,ACC-00432,2026-09-13,2026-10-12,0.00,2026-10-13T04:00:00Z,2026-10-13T04:00:00Z
STM-00432-202611,ACC-00432,2026-10-13,2026-11-12,343.07,2026-11-13T05:00:00Z,2026-11-13T05:00:00Z
STM-00433-202607,ACC-00433,2026-06-26,2026-07-25,1011.81,2026-07-26T04:00:00Z,2026-07-26T04:00:00Z
STM-00433-202608,ACC-00433,2026-07-26,2026-08-25,0.00,2026-08-26T04:00:00Z,2026-08-26T04:00:00Z
STM-00433-202609,ACC-00433,2026-08-26,2026-09-25,1177.22,2026-09-26T04:00:00Z,2026-09-26T04:00:00Z
STM-00433-202610,ACC-00433,2026-09-26,2026-10-25,1127.64,2026-10-26T04:00:00Z,2026-10-26T04:00:00Z
STM-00434-202607,ACC-00434,2026-06-26,2026-07-25,1689.44,2026-07-26T04:00:00Z,2026-07-26T04:00:00Z
STM-00434-202608,ACC-00434,2026-07-26,2026-08-25,2227.14,2026-08-26T04:00:00Z,2026-08-26T04:00:00Z
STM-00434-202609,ACC-00434,2026-08-26,2026-09-25,1710.86,2026-09-26T04:00:00Z,2026-09-26T04:00:00Z
STM-00434-202610,ACC-00434,2026-09-26,2026-10-25,2886.85,2026-10-26T04:00:00Z,2026-10-26T04:00:00Z
STM-00435-202607,ACC-00435,2026-06-21,2026-07-20,910.38,2026-07-21T04:00:00Z,2026-07-21T04:00:00Z
STM-00435-202608,ACC-00435,2026-07-21,2026-08-20,883.61,2026-08-21T04:00:00Z,2026-08-21T04:00:00Z
STM-00435-202609,ACC-00435,2026-08-21,2026-09-20,513.73,2026-09-21T04:00:00Z,2026-09-21T04:00:00Z
STM-00435-202610,ACC-00435,2026-09-21,2026-10-20,802.68,2026-10-21T04:00:00Z,2026-10-21T04:00:00Z
STM-00436-202607,ACC-00436,2026-06-18,2026-07-17,1159.76,2026-07-18T04:00:00Z,2026-07-18T04:00:00Z
STM-00436-202608,ACC-00436,2026-07-18,2026-08-17,1679.47,2026-08-18T04:00:00Z,2026-08-18T04:00:00Z
STM-00436-202609,ACC-00436,2026-08-18,2026-09-17,1655.12,2026-09-18T04:00:00Z,2026-09-18T04:00:00Z
STM-00436-202610,ACC-00436,2026-09-18,2026-10-17,1380.47,2026-10-18T04:00:00Z,2026-10-18T04:00:00Z
STM-00437-202607,ACC-00437,2026-06-13,2026-07-12,0.00,2026-07-13T04:00:00Z,2026-07-13T04:00:00Z
STM-00437-202608,ACC-00437,2026-07-13,2026-08-12,1621.23,2026-08-13T04:00:00Z,2026-08-13T04:00:00Z
STM-00437-202609,ACC-00437,2026-08-13,2026-09-12,2708.73,2026-09-13T04:00:00Z,2026-09-13T04:00:00Z
STM-00437-202610,ACC-00437,2026-09-13,2026-10-12,2426.88,2026-10-13T04:00:00Z,2026-10-13T04:00:00Z
STM-00437-202611,ACC-00437,2026-10-13,2026-11-12,1684.57,2026-11-13T05:00:00Z,2026-11-13T05:00:00Z
STM-00438-202607,ACC-00438,2026-06-21,2026-07-20,386.46,2026-07-21T04:00:00Z,2026-07-21T04:00:00Z
STM-00438-202608,ACC-00438,2026-07-21,2026-08-20,355.71,2026-08-21T04:00:00Z,2026-08-21T04:00:00Z
STM-00438-202609,ACC-00438,2026-08-21,2026-09-20,325.10,2026-09-21T04:00:00Z,2026-09-21T04:00:00Z
STM-00438-202610,ACC-00438,2026-09-21,2026-10-20,300.46,2026-10-21T04:00:00Z,2026-10-21T04:00:00Z
STM-00439-202607,ACC-00439,2026-06-04,2026-07-03,5524.59,2026-07-04T04:00:00Z,2026-07-04T04:00:00Z
STM-00439-202608,ACC-00439,2026-07-04,2026-08-03,5726.71,2026-08-04T04:00:00Z,2026-08-04T04:00:00Z
STM-00439-202609,ACC-00439,2026-08-04,2026-09-03,5092.02,2026-09-04T04:00:00Z,2026-09-04T04:00:00Z
STM-00439-202610,ACC-00439,2026-09-04,2026-10-03,4834.15,2026-10-04T04:00:00Z,2026-10-04T04:00:00Z
STM-00439-202611,ACC-00439,2026-10-04,2026-11-03,4692.30,2026-11-04T05:00:00Z,2026-11-04T05:00:00Z
STM-00440-202607,ACC-00440,2026-06-18,2026-07-17,5959.39,2026-07-18T04:00:00Z,2026-07-18T04:00:00Z
STM-00440-202608,ACC-00440,2026-07-18,2026-08-17,5383.95,2026-08-18T04:00:00Z,2026-08-18T04:00:00Z
STM-00440-202609,ACC-00440,2026-08-18,2026-09-17,0.00,2026-09-18T04:00:00Z,2026-09-18T04:00:00Z
STM-00440-202610,ACC-00440,2026-09-18,2026-10-17,3464.83,2026-10-18T04:00:00Z,2026-10-18T04:00:00Z
STM-00441-202607,ACC-00441,2026-06-04,2026-07-03,143.56,2026-07-04T04:00:00Z,2026-07-04T04:00:00Z
STM-00441-202608,ACC-00441,2026-07-04,2026-08-03,111.55,2026-08-04T04:00:00Z,2026-08-04T04:00:00Z
STM-00441-202609,ACC-00441,2026-08-04,2026-09-03,151.59,2026-09-04T04:00:00Z,2026-09-04T04:00:00Z
STM-00441-202610,ACC-00441,2026-09-04,2026-10-03,105.85,2026-10-04T04:00:00Z,2026-10-04T04:00:00Z
STM-00441-202611,ACC-00441,2026-10-04,2026-11-03,129.62,2026-11-04T05:00:00Z,2026-11-04T05:00:00Z
STM-00442-202607,ACC-00442,2026-06-18,2026-07-17,7170.02,2026-07-18T04:00:00Z,2026-07-18T04:00:00Z
STM-00442-202608,ACC-00442,2026-07-18,2026-08-17,6336.37,2026-08-18T04:00:00Z,2026-08-18T04:00:00Z
STM-00442-202609,ACC-00442,2026-08-18,2026-09-17,6020.26,2026-09-18T04:00:00Z,2026-09-18T04:00:00Z
STM-00442-202610,ACC-00442,2026-09-18,2026-10-17,4252.16,2026-10-18T04:00:00Z,2026-10-18T04:00:00Z
STM-00443-202607,ACC-00443,2026-06-18,2026-07-17,88.60,2026-07-18T04:00:00Z,2026-07-18T04:00:00Z
STM-00443-202608,ACC-00443,2026-07-18,2026-08-17,69.88,2026-08-18T04:00:00Z,2026-08-18T04:00:00Z
STM-00443-202609,ACC-00443,2026-08-18,2026-09-17,0.00,2026-09-18T04:00:00Z,2026-09-18T04:00:00Z
STM-00443-202610,ACC-00443,2026-09-18,2026-10-17,78.75,2026-10-18T04:00:00Z,2026-10-18T04:00:00Z
STM-00444-202607,ACC-00444,2026-06-13,2026-07-12,261.82,2026-07-13T04:00:00Z,2026-07-13T04:00:00Z
STM-00444-202608,ACC-00444,2026-07-13,2026-08-12,212.15,2026-08-13T04:00:00Z,2026-08-13T04:00:00Z
STM-00444-202609,ACC-00444,2026-08-13,2026-09-12,161.59,2026-09-13T04:00:00Z,2026-09-13T04:00:00Z
STM-00444-202610,ACC-00444,2026-09-13,2026-10-12,169.45,2026-10-13T04:00:00Z,2026-10-13T04:00:00Z
STM-00444-202611,ACC-00444,2026-10-13,2026-11-12,219.73,2026-11-13T05:00:00Z,2026-11-13T05:00:00Z
STM-00445-202607,ACC-00445,2026-06-21,2026-07-20,1321.09,2026-07-21T04:00:00Z,2026-07-21T04:00:00Z
STM-00445-202608,ACC-00445,2026-07-21,2026-08-20,1398.91,2026-08-21T04:00:00Z,2026-08-21T04:00:00Z
STM-00445-202609,ACC-00445,2026-08-21,2026-09-20,1666.67,2026-09-21T04:00:00Z,2026-09-21T04:00:00Z
STM-00445-202610,ACC-00445,2026-09-21,2026-10-20,1369.93,2026-10-21T04:00:00Z,2026-10-21T04:00:00Z
STM-00446-202607,ACC-00446,2026-06-13,2026-07-12,1468.50,2026-07-13T04:00:00Z,2026-07-13T04:00:00Z
STM-00446-202608,ACC-00446,2026-07-13,2026-08-12,2047.27,2026-08-13T04:00:00Z,2026-08-13T04:00:00Z
STM-00446-202609,ACC-00446,2026-08-13,2026-09-12,2476.44,2026-09-13T04:00:00Z,2026-09-13T04:00:00Z
STM-00446-202610,ACC-00446,2026-09-13,2026-10-12,2481.32,2026-10-13T04:00:00Z,2026-10-13T04:00:00Z
STM-00446-202611,ACC-00446,2026-10-13,2026-11-12,3052.67,2026-11-13T05:00:00Z,2026-11-13T05:00:00Z
STM-00447-202607,ACC-00447,2026-06-09,2026-07-08,4177.16,2026-07-09T04:00:00Z,2026-07-09T04:00:00Z
STM-00447-202608,ACC-00447,2026-07-09,2026-08-08,7173.84,2026-08-09T04:00:00Z,2026-08-09T04:00:00Z
STM-00447-202609,ACC-00447,2026-08-09,2026-09-08,6326.38,2026-09-09T04:00:00Z,2026-09-09T04:00:00Z
STM-00447-202610,ACC-00447,2026-09-09,2026-10-08,7109.01,2026-10-09T04:00:00Z,2026-10-09T04:00:00Z
STM-00447-202611,ACC-00447,2026-10-09,2026-11-08,2518.91,2026-11-09T05:00:00Z,2026-11-09T05:00:00Z
STM-00448-202607,ACC-00448,2026-06-13,2026-07-12,708.74,2026-07-13T04:00:00Z,2026-07-13T04:00:00Z
STM-00448-202608,ACC-00448,2026-07-13,2026-08-12,376.89,2026-08-13T04:00:00Z,2026-08-13T04:00:00Z
STM-00448-202609,ACC-00448,2026-08-13,2026-09-12,554.00,2026-09-13T04:00:00Z,2026-09-13T04:00:00Z
STM-00448-202610,ACC-00448,2026-09-13,2026-10-12,533.10,2026-10-13T04:00:00Z,2026-10-13T04:00:00Z
STM-00448-202611,ACC-00448,2026-10-13,2026-11-12,0.00,2026-11-13T05:00:00Z,2026-11-13T05:00:00Z
STM-00449-202607,ACC-00449,2026-06-18,2026-07-17,1017.32,2026-07-18T04:00:00Z,2026-07-18T04:00:00Z
STM-00449-202608,ACC-00449,2026-07-18,2026-08-17,1484.11,2026-08-18T04:00:00Z,2026-08-18T04:00:00Z
STM-00449-202609,ACC-00449,2026-08-18,2026-09-17,763.41,2026-09-18T04:00:00Z,2026-09-18T04:00:00Z
STM-00449-202610,ACC-00449,2026-09-18,2026-10-17,680.08,2026-10-18T04:00:00Z,2026-10-18T04:00:00Z
STM-00450-202607,ACC-00450,2026-06-09,2026-07-08,913.04,2026-07-09T04:00:00Z,2026-07-09T04:00:00Z
STM-00450-202608,ACC-00450,2026-07-09,2026-08-08,648.61,2026-08-09T04:00:00Z,2026-08-09T04:00:00Z
STM-00450-202609,ACC-00450,2026-08-09,2026-09-08,616.34,2026-09-09T04:00:00Z,2026-09-09T04:00:00Z
STM-00450-202610,ACC-00450,2026-09-09,2026-10-08,487.61,2026-10-09T04:00:00Z,2026-10-09T04:00:00Z
STM-00450-202611,ACC-00450,2026-10-09,2026-11-08,470.80,2026-11-09T05:00:00Z,2026-11-09T05:00:00Z
STM-00451-202607,ACC-00451,2026-06-04,2026-07-03,3052.06,2026-07-04T04:00:00Z,2026-07-04T04:00:00Z
STM-00451-202608,ACC-00451,2026-07-04,2026-08-03,4429.05,2026-08-04T04:00:00Z,2026-08-04T04:00:00Z
STM-00451-202609,ACC-00451,2026-08-04,2026-09-03,2837.26,2026-09-04T04:00:00Z,2026-09-04T04:00:00Z
STM-00451-202610,ACC-00451,2026-09-04,2026-10-03,2943.85,2026-10-04T04:00:00Z,2026-10-04T04:00:00Z
STM-00451-202611,ACC-00451,2026-10-04,2026-11-03,4027.78,2026-11-04T05:00:00Z,2026-11-04T05:00:00Z
STM-00452-202607,ACC-00452,2026-06-04,2026-07-03,3714.88,2026-07-04T04:00:00Z,2026-07-04T04:00:00Z
STM-00452-202608,ACC-00452,2026-07-04,2026-08-03,2218.82,2026-08-04T04:00:00Z,2026-08-04T04:00:00Z
STM-00452-202609,ACC-00452,2026-08-04,2026-09-03,5278.61,2026-09-04T04:00:00Z,2026-09-04T04:00:00Z
STM-00452-202610,ACC-00452,2026-09-04,2026-10-03,4273.28,2026-10-04T04:00:00Z,2026-10-04T04:00:00Z
STM-00452-202611,ACC-00452,2026-10-04,2026-11-03,3891.33,2026-11-04T05:00:00Z,2026-11-04T05:00:00Z
STM-00453-202607,ACC-00453,2026-06-13,2026-07-12,6916.33,2026-07-13T04:00:00Z,2026-07-13T04:00:00Z
STM-00453-202608,ACC-00453,2026-07-13,2026-08-12,7723.66,2026-08-13T04:00:00Z,2026-08-13T04:00:00Z
STM-00453-202609,ACC-00453,2026-08-13,2026-09-12,6197.65,2026-09-13T04:00:00Z,2026-09-13T04:00:00Z
STM-00453-202610,ACC-00453,2026-09-13,2026-10-12,2863.63,2026-10-13T04:00:00Z,2026-10-13T04:00:00Z
STM-00453-202611,ACC-00453,2026-10-13,2026-11-12,4226.22,2026-11-13T05:00:00Z,2026-11-13T05:00:00Z
STM-00454-202607,ACC-00454,2026-06-13,2026-07-12,389.41,2026-07-13T04:00:00Z,2026-07-13T04:00:00Z
STM-00454-202608,ACC-00454,2026-07-13,2026-08-12,364.17,2026-08-13T04:00:00Z,2026-08-13T04:00:00Z
STM-00454-202609,ACC-00454,2026-08-13,2026-09-12,338.59,2026-09-13T04:00:00Z,2026-09-13T04:00:00Z
STM-00454-202610,ACC-00454,2026-09-13,2026-10-12,339.05,2026-10-13T04:00:00Z,2026-10-13T04:00:00Z
STM-00454-202611,ACC-00454,2026-10-13,2026-11-12,300.13,2026-11-13T05:00:00Z,2026-11-13T05:00:00Z
STM-00455-202607,ACC-00455,2026-06-09,2026-07-08,1253.91,2026-07-09T04:00:00Z,2026-07-09T04:00:00Z
STM-00455-202608,ACC-00455,2026-07-09,2026-08-08,912.31,2026-08-09T04:00:00Z,2026-08-09T04:00:00Z
STM-00455-202609,ACC-00455,2026-08-09,2026-09-08,1023.38,2026-09-09T04:00:00Z,2026-09-09T04:00:00Z
STM-00455-202610,ACC-00455,2026-09-09,2026-10-08,464.71,2026-10-09T04:00:00Z,2026-10-09T04:00:00Z
STM-00455-202611,ACC-00455,2026-10-09,2026-11-08,1137.04,2026-11-09T05:00:00Z,2026-11-09T05:00:00Z
STM-00456-202607,ACC-00456,2026-06-09,2026-07-08,609.69,2026-07-09T04:00:00Z,2026-07-09T04:00:00Z
STM-00456-202608,ACC-00456,2026-07-09,2026-08-08,424.53,2026-08-09T04:00:00Z,2026-08-09T04:00:00Z
STM-00456-202609,ACC-00456,2026-08-09,2026-09-08,859.97,2026-09-09T04:00:00Z,2026-09-09T04:00:00Z
STM-00456-202610,ACC-00456,2026-09-09,2026-10-08,1028.54,2026-10-09T04:00:00Z,2026-10-09T04:00:00Z
STM-00456-202611,ACC-00456,2026-10-09,2026-11-08,923.89,2026-11-09T05:00:00Z,2026-11-09T05:00:00Z
STM-00457-202607,ACC-00457,2026-06-04,2026-07-03,124.20,2026-07-04T04:00:00Z,2026-07-04T04:00:00Z
STM-00457-202608,ACC-00457,2026-07-04,2026-08-03,95.60,2026-08-04T04:00:00Z,2026-08-04T04:00:00Z
STM-00457-202609,ACC-00457,2026-08-04,2026-09-03,81.94,2026-09-04T04:00:00Z,2026-09-04T04:00:00Z
STM-00457-202610,ACC-00457,2026-09-04,2026-10-03,88.61,2026-10-04T04:00:00Z,2026-10-04T04:00:00Z
STM-00457-202611,ACC-00457,2026-10-04,2026-11-03,69.74,2026-11-04T05:00:00Z,2026-11-04T05:00:00Z
STM-00458-202607,ACC-00458,2026-06-04,2026-07-03,4099.21,2026-07-04T04:00:00Z,2026-07-04T04:00:00Z
STM-00458-202608,ACC-00458,2026-07-04,2026-08-03,4009.71,2026-08-04T04:00:00Z,2026-08-04T04:00:00Z
STM-00458-202609,ACC-00458,2026-08-04,2026-09-03,5009.91,2026-09-04T04:00:00Z,2026-09-04T04:00:00Z
STM-00458-202610,ACC-00458,2026-09-04,2026-10-03,6092.03,2026-10-04T04:00:00Z,2026-10-04T04:00:00Z
STM-00458-202611,ACC-00458,2026-10-04,2026-11-03,4421.03,2026-11-04T05:00:00Z,2026-11-04T05:00:00Z
STM-00459-202608,ACC-00459,2026-07-04,2026-08-03,48.66,2026-08-04T04:00:00Z,2026-08-04T04:00:00Z
STM-00459-202609,ACC-00459,2026-08-04,2026-09-03,52.97,2026-09-04T04:00:00Z,2026-09-04T04:00:00Z
STM-00459-202610,ACC-00459,2026-09-04,2026-10-03,53.97,2026-10-04T04:00:00Z,2026-10-04T04:00:00Z
STM-00459-202611,ACC-00459,2026-10-04,2026-11-03,44.92,2026-11-04T05:00:00Z,2026-11-04T05:00:00Z
STM-00460-202607,ACC-00460,2026-06-13,2026-07-12,3145.19,2026-07-13T04:00:00Z,2026-07-13T04:00:00Z
STM-00460-202608,ACC-00460,2026-07-13,2026-08-12,3017.02,2026-08-13T04:00:00Z,2026-08-13T04:00:00Z
STM-00460-202609,ACC-00460,2026-08-13,2026-09-12,3989.22,2026-09-13T04:00:00Z,2026-09-13T04:00:00Z
STM-00460-202610,ACC-00460,2026-09-13,2026-10-12,4715.50,2026-10-13T04:00:00Z,2026-10-13T04:00:00Z
STM-00460-202611,ACC-00460,2026-10-13,2026-11-12,4613.19,2026-11-13T05:00:00Z,2026-11-13T05:00:00Z
STM-00461-202607,ACC-00461,2026-06-18,2026-07-17,1542.64,2026-07-18T04:00:00Z,2026-07-18T04:00:00Z
STM-00461-202608,ACC-00461,2026-07-18,2026-08-17,2367.15,2026-08-18T04:00:00Z,2026-08-18T04:00:00Z
STM-00461-202609,ACC-00461,2026-08-18,2026-09-17,1507.48,2026-09-18T04:00:00Z,2026-09-18T04:00:00Z
STM-00461-202610,ACC-00461,2026-09-18,2026-10-17,2140.98,2026-10-18T04:00:00Z,2026-10-18T04:00:00Z
STM-00462-202607,ACC-00462,2026-06-21,2026-07-20,3018.64,2026-07-21T04:00:00Z,2026-07-21T04:00:00Z
STM-00462-202608,ACC-00462,2026-07-21,2026-08-20,0.00,2026-08-21T04:00:00Z,2026-08-21T04:00:00Z
STM-00462-202609,ACC-00462,2026-08-21,2026-09-20,1612.78,2026-09-21T04:00:00Z,2026-09-21T04:00:00Z
STM-00462-202610,ACC-00462,2026-09-21,2026-10-20,3895.09,2026-10-21T04:00:00Z,2026-10-21T04:00:00Z
STM-00463-202607,ACC-00463,2026-06-09,2026-07-08,406.68,2026-07-09T04:00:00Z,2026-07-09T04:00:00Z
STM-00463-202608,ACC-00463,2026-07-09,2026-08-08,513.95,2026-08-09T04:00:00Z,2026-08-09T04:00:00Z
STM-00463-202609,ACC-00463,2026-08-09,2026-09-08,346.89,2026-09-09T04:00:00Z,2026-09-09T04:00:00Z
STM-00463-202610,ACC-00463,2026-09-09,2026-10-08,304.74,2026-10-09T04:00:00Z,2026-10-09T04:00:00Z
STM-00463-202611,ACC-00463,2026-10-09,2026-11-08,336.75,2026-11-09T05:00:00Z,2026-11-09T05:00:00Z
STM-00464-202607,ACC-00464,2026-06-09,2026-07-08,150.22,2026-07-09T04:00:00Z,2026-07-09T04:00:00Z
STM-00464-202608,ACC-00464,2026-07-09,2026-08-08,255.94,2026-08-09T04:00:00Z,2026-08-09T04:00:00Z
STM-00464-202609,ACC-00464,2026-08-09,2026-09-08,237.48,2026-09-09T04:00:00Z,2026-09-09T04:00:00Z
STM-00464-202610,ACC-00464,2026-09-09,2026-10-08,291.63,2026-10-09T04:00:00Z,2026-10-09T04:00:00Z
STM-00464-202611,ACC-00464,2026-10-09,2026-11-08,226.85,2026-11-09T05:00:00Z,2026-11-09T05:00:00Z
STM-00465-202607,ACC-00465,2026-06-09,2026-07-08,2335.67,2026-07-09T04:00:00Z,2026-07-09T04:00:00Z
STM-00465-202608,ACC-00465,2026-07-09,2026-08-08,3815.82,2026-08-09T04:00:00Z,2026-08-09T04:00:00Z
STM-00465-202609,ACC-00465,2026-08-09,2026-09-08,3463.79,2026-09-09T04:00:00Z,2026-09-09T04:00:00Z
STM-00465-202610,ACC-00465,2026-09-09,2026-10-08,2682.35,2026-10-09T04:00:00Z,2026-10-09T04:00:00Z
STM-00465-202611,ACC-00465,2026-10-09,2026-11-08,970.71,2026-11-09T05:00:00Z,2026-11-09T05:00:00Z
STM-00466-202607,ACC-00466,2026-06-26,2026-07-25,7345.51,2026-07-26T04:00:00Z,2026-07-26T04:00:00Z
STM-00466-202608,ACC-00466,2026-07-26,2026-08-25,4046.78,2026-08-26T04:00:00Z,2026-08-26T04:00:00Z
STM-00466-202609,ACC-00466,2026-08-26,2026-09-25,3797.98,2026-09-26T04:00:00Z,2026-09-26T04:00:00Z
STM-00466-202610,ACC-00466,2026-09-26,2026-10-25,0.00,2026-10-26T04:00:00Z,2026-10-26T04:00:00Z
STM-00467-202607,ACC-00467,2026-06-26,2026-07-25,1991.16,2026-07-26T04:00:00Z,2026-07-26T04:00:00Z
STM-00467-202608,ACC-00467,2026-07-26,2026-08-25,2833.96,2026-08-26T04:00:00Z,2026-08-26T04:00:00Z
STM-00467-202609,ACC-00467,2026-08-26,2026-09-25,2091.97,2026-09-26T04:00:00Z,2026-09-26T04:00:00Z
STM-00467-202610,ACC-00467,2026-09-26,2026-10-25,2537.60,2026-10-26T04:00:00Z,2026-10-26T04:00:00Z
STM-00468-202607,ACC-00468,2026-06-04,2026-07-03,1123.78,2026-07-04T04:00:00Z,2026-07-04T04:00:00Z
STM-00468-202608,ACC-00468,2026-07-04,2026-08-03,0.00,2026-08-04T04:00:00Z,2026-08-04T04:00:00Z
STM-00468-202609,ACC-00468,2026-08-04,2026-09-03,1744.31,2026-09-04T04:00:00Z,2026-09-04T04:00:00Z
STM-00468-202610,ACC-00468,2026-09-04,2026-10-03,1217.37,2026-10-04T04:00:00Z,2026-10-04T04:00:00Z
STM-00468-202611,ACC-00468,2026-10-04,2026-11-03,1162.94,2026-11-04T05:00:00Z,2026-11-04T05:00:00Z
STM-00469-202607,ACC-00469,2026-06-26,2026-07-25,555.11,2026-07-26T04:00:00Z,2026-07-26T04:00:00Z
STM-00469-202608,ACC-00469,2026-07-26,2026-08-25,621.72,2026-08-26T04:00:00Z,2026-08-26T04:00:00Z
STM-00469-202609,ACC-00469,2026-08-26,2026-09-25,609.38,2026-09-26T04:00:00Z,2026-09-26T04:00:00Z
STM-00469-202610,ACC-00469,2026-09-26,2026-10-25,537.47,2026-10-26T04:00:00Z,2026-10-26T04:00:00Z
STM-00470-202607,ACC-00470,2026-06-26,2026-07-25,153.07,2026-07-26T04:00:00Z,2026-07-26T04:00:00Z
STM-00470-202608,ACC-00470,2026-07-26,2026-08-25,203.25,2026-08-26T04:00:00Z,2026-08-26T04:00:00Z
STM-00470-202609,ACC-00470,2026-08-26,2026-09-25,219.09,2026-09-26T04:00:00Z,2026-09-26T04:00:00Z
STM-00470-202610,ACC-00470,2026-09-26,2026-10-25,215.73,2026-10-26T04:00:00Z,2026-10-26T04:00:00Z
STM-00471-202607,ACC-00471,2026-06-04,2026-07-03,4351.05,2026-07-04T04:00:00Z,2026-07-04T04:00:00Z
STM-00471-202608,ACC-00471,2026-07-04,2026-08-03,5752.51,2026-08-04T04:00:00Z,2026-08-04T04:00:00Z
STM-00471-202609,ACC-00471,2026-08-04,2026-09-03,4445.27,2026-09-04T04:00:00Z,2026-09-04T04:00:00Z
STM-00471-202610,ACC-00471,2026-09-04,2026-10-03,6206.30,2026-10-04T04:00:00Z,2026-10-04T04:00:00Z
STM-00471-202611,ACC-00471,2026-10-04,2026-11-03,2929.86,2026-11-04T05:00:00Z,2026-11-04T05:00:00Z
STM-00472-202607,ACC-00472,2026-06-18,2026-07-17,53.91,2026-07-18T04:00:00Z,2026-07-18T04:00:00Z
STM-00472-202608,ACC-00472,2026-07-18,2026-08-17,67.44,2026-08-18T04:00:00Z,2026-08-18T04:00:00Z
STM-00472-202609,ACC-00472,2026-08-18,2026-09-17,54.30,2026-09-18T04:00:00Z,2026-09-18T04:00:00Z
STM-00472-202610,ACC-00472,2026-09-18,2026-10-17,30.52,2026-10-18T04:00:00Z,2026-10-18T04:00:00Z
STM-00473-202607,ACC-00473,2026-06-26,2026-07-25,500.09,2026-07-26T04:00:00Z,2026-07-26T04:00:00Z
STM-00473-202608,ACC-00473,2026-07-26,2026-08-25,493.05,2026-08-26T04:00:00Z,2026-08-26T04:00:00Z
STM-00473-202609,ACC-00473,2026-08-26,2026-09-25,0.00,2026-09-26T04:00:00Z,2026-09-26T04:00:00Z
STM-00473-202610,ACC-00473,2026-09-26,2026-10-25,641.66,2026-10-26T04:00:00Z,2026-10-26T04:00:00Z
STM-00474-202607,ACC-00474,2026-06-21,2026-07-20,1938.37,2026-07-21T04:00:00Z,2026-07-21T04:00:00Z
STM-00474-202608,ACC-00474,2026-07-21,2026-08-20,1900.17,2026-08-21T04:00:00Z,2026-08-21T04:00:00Z
STM-00474-202609,ACC-00474,2026-08-21,2026-09-20,1746.94,2026-09-21T04:00:00Z,2026-09-21T04:00:00Z
STM-00474-202610,ACC-00474,2026-09-21,2026-10-20,1671.57,2026-10-21T04:00:00Z,2026-10-21T04:00:00Z
STM-00475-202607,ACC-00475,2026-06-21,2026-07-20,1276.13,2026-07-21T04:00:00Z,2026-07-21T04:00:00Z
STM-00475-202608,ACC-00475,2026-07-21,2026-08-20,1365.85,2026-08-21T04:00:00Z,2026-08-21T04:00:00Z
STM-00475-202609,ACC-00475,2026-08-21,2026-09-20,0.00,2026-09-21T04:00:00Z,2026-09-21T04:00:00Z
STM-00475-202610,ACC-00475,2026-09-21,2026-10-20,2459.94,2026-10-21T04:00:00Z,2026-10-21T04:00:00Z
STM-00476-202607,ACC-00476,2026-06-18,2026-07-17,0.00,2026-07-18T04:00:00Z,2026-07-18T04:00:00Z
STM-00476-202608,ACC-00476,2026-07-18,2026-08-17,2766.86,2026-08-18T04:00:00Z,2026-08-18T04:00:00Z
STM-00476-202609,ACC-00476,2026-08-18,2026-09-17,2930.82,2026-09-18T04:00:00Z,2026-09-18T04:00:00Z
STM-00476-202610,ACC-00476,2026-09-18,2026-10-17,0.00,2026-10-18T04:00:00Z,2026-10-18T04:00:00Z
STM-00477-202607,ACC-00477,2026-06-13,2026-07-12,603.88,2026-07-13T04:00:00Z,2026-07-13T04:00:00Z
STM-00477-202608,ACC-00477,2026-07-13,2026-08-12,587.52,2026-08-13T04:00:00Z,2026-08-13T04:00:00Z
STM-00477-202609,ACC-00477,2026-08-13,2026-09-12,372.22,2026-09-13T04:00:00Z,2026-09-13T04:00:00Z
STM-00477-202610,ACC-00477,2026-09-13,2026-10-12,724.52,2026-10-13T04:00:00Z,2026-10-13T04:00:00Z
STM-00477-202611,ACC-00477,2026-10-13,2026-11-12,430.36,2026-11-13T05:00:00Z,2026-11-13T05:00:00Z
STM-00478-202607,ACC-00478,2026-06-09,2026-07-08,6900.33,2026-07-09T04:00:00Z,2026-07-09T04:00:00Z
STM-00478-202608,ACC-00478,2026-07-09,2026-08-08,8238.50,2026-08-09T04:00:00Z,2026-08-09T04:00:00Z
STM-00478-202609,ACC-00478,2026-08-09,2026-09-08,2688.56,2026-09-09T04:00:00Z,2026-09-09T04:00:00Z
STM-00478-202610,ACC-00478,2026-09-09,2026-10-08,1959.94,2026-10-09T04:00:00Z,2026-10-09T04:00:00Z
STM-00478-202611,ACC-00478,2026-10-09,2026-11-08,6394.27,2026-11-09T05:00:00Z,2026-11-09T05:00:00Z
STM-00479-202607,ACC-00479,2026-06-04,2026-07-03,4200.38,2026-07-04T04:00:00Z,2026-07-04T04:00:00Z
STM-00479-202608,ACC-00479,2026-07-04,2026-08-03,2168.60,2026-08-04T04:00:00Z,2026-08-04T04:00:00Z
STM-00479-202609,ACC-00479,2026-08-04,2026-09-03,2619.07,2026-09-04T04:00:00Z,2026-09-04T04:00:00Z
STM-00479-202610,ACC-00479,2026-09-04,2026-10-03,4084.90,2026-10-04T04:00:00Z,2026-10-04T04:00:00Z
STM-00479-202611,ACC-00479,2026-10-04,2026-11-03,5023.95,2026-11-04T05:00:00Z,2026-11-04T05:00:00Z
STM-00480-202607,ACC-00480,2026-06-13,2026-07-12,3089.53,2026-07-13T04:00:00Z,2026-07-13T04:00:00Z
STM-00480-202608,ACC-00480,2026-07-13,2026-08-12,1809.92,2026-08-13T04:00:00Z,2026-08-13T04:00:00Z
STM-00480-202609,ACC-00480,2026-08-13,2026-09-12,3060.13,2026-09-13T04:00:00Z,2026-09-13T04:00:00Z
STM-00480-202610,ACC-00480,2026-09-13,2026-10-12,3363.34,2026-10-13T04:00:00Z,2026-10-13T04:00:00Z
STM-00480-202611,ACC-00480,2026-10-13,2026-11-12,5059.71,2026-11-13T05:00:00Z,2026-11-13T05:00:00Z
STM-00481-202607,ACC-00481,2026-06-18,2026-07-17,816.25,2026-07-18T04:00:00Z,2026-07-18T04:00:00Z
STM-00481-202608,ACC-00481,2026-07-18,2026-08-17,1017.97,2026-08-18T04:00:00Z,2026-08-18T04:00:00Z
STM-00481-202609,ACC-00481,2026-08-18,2026-09-17,879.41,2026-09-18T04:00:00Z,2026-09-18T04:00:00Z
STM-00481-202610,ACC-00481,2026-09-18,2026-10-17,0.00,2026-10-18T04:00:00Z,2026-10-18T04:00:00Z
STM-00482-202607,ACC-00482,2026-06-13,2026-07-12,1336.84,2026-07-13T04:00:00Z,2026-07-13T04:00:00Z
STM-00482-202608,ACC-00482,2026-07-13,2026-08-12,806.30,2026-08-13T04:00:00Z,2026-08-13T04:00:00Z
STM-00482-202609,ACC-00482,2026-08-13,2026-09-12,1045.73,2026-09-13T04:00:00Z,2026-09-13T04:00:00Z
STM-00482-202610,ACC-00482,2026-09-13,2026-10-12,1503.12,2026-10-13T04:00:00Z,2026-10-13T04:00:00Z
STM-00482-202611,ACC-00482,2026-10-13,2026-11-12,1470.01,2026-11-13T05:00:00Z,2026-11-13T05:00:00Z
STM-00483-202607,ACC-00483,2026-06-21,2026-07-20,0.00,2026-07-21T04:00:00Z,2026-07-21T04:00:00Z
STM-00483-202608,ACC-00483,2026-07-21,2026-08-20,3072.79,2026-08-21T04:00:00Z,2026-08-21T04:00:00Z
STM-00483-202609,ACC-00483,2026-08-21,2026-09-20,6941.72,2026-09-21T04:00:00Z,2026-09-21T04:00:00Z
STM-00483-202610,ACC-00483,2026-09-21,2026-10-20,3460.00,2026-10-21T04:00:00Z,2026-10-21T04:00:00Z
STM-00484-202607,ACC-00484,2026-06-13,2026-07-12,1146.58,2026-07-13T04:00:00Z,2026-07-13T04:00:00Z
STM-00484-202608,ACC-00484,2026-07-13,2026-08-12,799.49,2026-08-13T04:00:00Z,2026-08-13T04:00:00Z
STM-00484-202609,ACC-00484,2026-08-13,2026-09-12,1281.00,2026-09-13T04:00:00Z,2026-09-13T04:00:00Z
STM-00484-202610,ACC-00484,2026-09-13,2026-10-12,411.67,2026-10-13T04:00:00Z,2026-10-13T04:00:00Z
STM-00484-202611,ACC-00484,2026-10-13,2026-11-12,909.59,2026-11-13T05:00:00Z,2026-11-13T05:00:00Z
STM-00485-202607,ACC-00485,2026-06-13,2026-07-12,2259.83,2026-07-13T04:00:00Z,2026-07-13T04:00:00Z
STM-00485-202608,ACC-00485,2026-07-13,2026-08-12,4649.08,2026-08-13T04:00:00Z,2026-08-13T04:00:00Z
STM-00485-202609,ACC-00485,2026-08-13,2026-09-12,4538.73,2026-09-13T04:00:00Z,2026-09-13T04:00:00Z
STM-00485-202610,ACC-00485,2026-09-13,2026-10-12,2289.51,2026-10-13T04:00:00Z,2026-10-13T04:00:00Z
STM-00485-202611,ACC-00485,2026-10-13,2026-11-12,4054.62,2026-11-13T05:00:00Z,2026-11-13T05:00:00Z
STM-00486-202607,ACC-00486,2026-06-13,2026-07-12,5716.85,2026-07-13T04:00:00Z,2026-07-13T04:00:00Z
STM-00486-202608,ACC-00486,2026-07-13,2026-08-12,4147.67,2026-08-13T04:00:00Z,2026-08-13T04:00:00Z
STM-00486-202609,ACC-00486,2026-08-13,2026-09-12,6231.37,2026-09-13T04:00:00Z,2026-09-13T04:00:00Z
STM-00486-202610,ACC-00486,2026-09-13,2026-10-12,5180.13,2026-10-13T04:00:00Z,2026-10-13T04:00:00Z
STM-00486-202611,ACC-00486,2026-10-13,2026-11-12,5854.45,2026-11-13T05:00:00Z,2026-11-13T05:00:00Z
STM-00487-202607,ACC-00487,2026-06-26,2026-07-25,161.79,2026-07-26T04:00:00Z,2026-07-26T04:00:00Z
STM-00487-202608,ACC-00487,2026-07-26,2026-08-25,144.34,2026-08-26T04:00:00Z,2026-08-26T04:00:00Z
STM-00487-202609,ACC-00487,2026-08-26,2026-09-25,141.57,2026-09-26T04:00:00Z,2026-09-26T04:00:00Z
STM-00487-202610,ACC-00487,2026-09-26,2026-10-25,191.82,2026-10-26T04:00:00Z,2026-10-26T04:00:00Z
STM-00488-202607,ACC-00488,2026-06-26,2026-07-25,2361.11,2026-07-26T04:00:00Z,2026-07-26T04:00:00Z
STM-00488-202608,ACC-00488,2026-07-26,2026-08-25,3823.11,2026-08-26T04:00:00Z,2026-08-26T04:00:00Z
STM-00488-202609,ACC-00488,2026-08-26,2026-09-25,6149.67,2026-09-26T04:00:00Z,2026-09-26T04:00:00Z
STM-00488-202610,ACC-00488,2026-09-26,2026-10-25,3608.82,2026-10-26T04:00:00Z,2026-10-26T04:00:00Z
STM-00489-202607,ACC-00489,2026-06-09,2026-07-08,3056.46,2026-07-09T04:00:00Z,2026-07-09T04:00:00Z
STM-00489-202608,ACC-00489,2026-07-09,2026-08-08,4492.71,2026-08-09T04:00:00Z,2026-08-09T04:00:00Z
STM-00489-202609,ACC-00489,2026-08-09,2026-09-08,4427.12,2026-09-09T04:00:00Z,2026-09-09T04:00:00Z
STM-00489-202610,ACC-00489,2026-09-09,2026-10-08,4562.34,2026-10-09T04:00:00Z,2026-10-09T04:00:00Z
STM-00489-202611,ACC-00489,2026-10-09,2026-11-08,3227.79,2026-11-09T05:00:00Z,2026-11-09T05:00:00Z
STM-00490-202607,ACC-00490,2026-06-18,2026-07-17,2720.76,2026-07-18T04:00:00Z,2026-07-18T04:00:00Z
STM-00490-202608,ACC-00490,2026-07-18,2026-08-17,2235.46,2026-08-18T04:00:00Z,2026-08-18T04:00:00Z
STM-00490-202609,ACC-00490,2026-08-18,2026-09-17,1933.34,2026-09-18T04:00:00Z,2026-09-18T04:00:00Z
STM-00490-202610,ACC-00490,2026-09-18,2026-10-17,2617.67,2026-10-18T04:00:00Z,2026-10-18T04:00:00Z
STM-00491-202608,ACC-00491,2026-07-04,2026-08-03,7307.70,2026-08-04T04:00:00Z,2026-08-04T04:00:00Z
STM-00491-202609,ACC-00491,2026-08-04,2026-09-03,6408.35,2026-09-04T04:00:00Z,2026-09-04T04:00:00Z
STM-00491-202610,ACC-00491,2026-09-04,2026-10-03,7493.59,2026-10-04T04:00:00Z,2026-10-04T04:00:00Z
STM-00491-202611,ACC-00491,2026-10-04,2026-11-03,0.00,2026-11-04T05:00:00Z,2026-11-04T05:00:00Z
STM-00492-202607,ACC-00492,2026-06-18,2026-07-17,832.45,2026-07-18T04:00:00Z,2026-07-18T04:00:00Z
STM-00492-202608,ACC-00492,2026-07-18,2026-08-17,639.16,2026-08-18T04:00:00Z,2026-08-18T04:00:00Z
STM-00492-202609,ACC-00492,2026-08-18,2026-09-17,739.43,2026-09-18T04:00:00Z,2026-09-18T04:00:00Z
STM-00492-202610,ACC-00492,2026-09-18,2026-10-17,580.15,2026-10-18T04:00:00Z,2026-10-18T04:00:00Z
STM-00493-202607,ACC-00493,2026-06-18,2026-07-17,3754.56,2026-07-18T04:00:00Z,2026-07-18T04:00:00Z
STM-00493-202608,ACC-00493,2026-07-18,2026-08-17,2732.86,2026-08-18T04:00:00Z,2026-08-18T04:00:00Z
STM-00493-202609,ACC-00493,2026-08-18,2026-09-17,2142.97,2026-09-18T04:00:00Z,2026-09-18T04:00:00Z
STM-00493-202610,ACC-00493,2026-09-18,2026-10-17,2700.31,2026-10-18T04:00:00Z,2026-10-18T04:00:00Z
STM-00494-202607,ACC-00494,2026-06-18,2026-07-17,2328.97,2026-07-18T04:00:00Z,2026-07-18T04:00:00Z
STM-00494-202608,ACC-00494,2026-07-18,2026-08-17,3595.86,2026-08-18T04:00:00Z,2026-08-18T04:00:00Z
STM-00494-202609,ACC-00494,2026-08-18,2026-09-17,2143.32,2026-09-18T04:00:00Z,2026-09-18T04:00:00Z
STM-00494-202610,ACC-00494,2026-09-18,2026-10-17,2354.89,2026-10-18T04:00:00Z,2026-10-18T04:00:00Z
STM-00495-202607,ACC-00495,2026-06-18,2026-07-17,2805.02,2026-07-18T04:00:00Z,2026-07-18T04:00:00Z
STM-00495-202608,ACC-00495,2026-07-18,2026-08-17,3088.52,2026-08-18T04:00:00Z,2026-08-18T04:00:00Z
STM-00495-202609,ACC-00495,2026-08-18,2026-09-17,4131.88,2026-09-18T04:00:00Z,2026-09-18T04:00:00Z
STM-00495-202610,ACC-00495,2026-09-18,2026-10-17,3023.87,2026-10-18T04:00:00Z,2026-10-18T04:00:00Z
STM-00496-202607,ACC-00496,2026-06-04,2026-07-03,3414.42,2026-07-04T04:00:00Z,2026-07-04T04:00:00Z
STM-00496-202608,ACC-00496,2026-07-04,2026-08-03,0.00,2026-08-04T04:00:00Z,2026-08-04T04:00:00Z
STM-00496-202609,ACC-00496,2026-08-04,2026-09-03,4455.00,2026-09-04T04:00:00Z,2026-09-04T04:00:00Z
STM-00496-202610,ACC-00496,2026-09-04,2026-10-03,3586.61,2026-10-04T04:00:00Z,2026-10-04T04:00:00Z
STM-00496-202611,ACC-00496,2026-10-04,2026-11-03,3764.15,2026-11-04T05:00:00Z,2026-11-04T05:00:00Z
STM-00497-202607,ACC-00497,2026-06-13,2026-07-12,3035.66,2026-07-13T04:00:00Z,2026-07-13T04:00:00Z
STM-00497-202608,ACC-00497,2026-07-13,2026-08-12,4794.72,2026-08-13T04:00:00Z,2026-08-13T04:00:00Z
STM-00497-202609,ACC-00497,2026-08-13,2026-09-12,5102.78,2026-09-13T04:00:00Z,2026-09-13T04:00:00Z
STM-00497-202610,ACC-00497,2026-09-13,2026-10-12,4253.35,2026-10-13T04:00:00Z,2026-10-13T04:00:00Z
STM-00497-202611,ACC-00497,2026-10-13,2026-11-12,7255.85,2026-11-13T05:00:00Z,2026-11-13T05:00:00Z
STM-00498-202607,ACC-00498,2026-06-18,2026-07-17,14286.00,2026-07-18T04:00:00Z,2026-07-18T04:00:00Z
STM-00498-202608,ACC-00498,2026-07-18,2026-08-17,16973.75,2026-08-18T04:00:00Z,2026-08-18T04:00:00Z
STM-00498-202609,ACC-00498,2026-08-18,2026-09-17,21520.32,2026-09-18T04:00:00Z,2026-09-18T04:00:00Z
STM-00498-202610,ACC-00498,2026-09-18,2026-10-17,16121.63,2026-10-18T04:00:00Z,2026-10-18T04:00:00Z
STM-00499-202607,ACC-00499,2026-06-21,2026-07-20,1257.56,2026-07-21T04:00:00Z,2026-07-21T04:00:00Z
STM-00499-202608,ACC-00499,2026-07-21,2026-08-20,0.00,2026-08-21T04:00:00Z,2026-08-21T04:00:00Z
STM-00499-202609,ACC-00499,2026-08-21,2026-09-20,1375.34,2026-09-21T04:00:00Z,2026-09-21T04:00:00Z
STM-00499-202610,ACC-00499,2026-09-21,2026-10-20,958.01,2026-10-21T04:00:00Z,2026-10-21T04:00:00Z
STM-00500-202607,ACC-00500,2026-06-26,2026-07-25,258.99,2026-07-26T04:00:00Z,2026-07-26T04:00:00Z
STM-00500-202608,ACC-00500,2026-07-26,2026-08-25,344.65,2026-08-26T04:00:00Z,2026-08-26T04:00:00Z
STM-00500-202609,ACC-00500,2026-08-26,2026-09-25,295.44,2026-09-26T04:00:00Z,2026-09-26T04:00:00Z
STM-00500-202610,ACC-00500,2026-09-26,2026-10-25,212.44,2026-10-26T04:00:00Z,2026-10-26T04:00:00Z
STM-00501-202607,ACC-00501,2026-06-21,2026-07-20,2271.96,2026-07-21T04:00:00Z,2026-07-21T04:00:00Z
STM-00501-202608,ACC-00501,2026-07-21,2026-08-20,3127.91,2026-08-21T04:00:00Z,2026-08-21T04:00:00Z
STM-00501-202609,ACC-00501,2026-08-21,2026-09-20,1528.02,2026-09-21T04:00:00Z,2026-09-21T04:00:00Z
STM-00501-202610,ACC-00501,2026-09-21,2026-10-20,1954.81,2026-10-21T04:00:00Z,2026-10-21T04:00:00Z
STM-00502-202607,ACC-00502,2026-06-09,2026-07-08,265.84,2026-07-09T04:00:00Z,2026-07-09T04:00:00Z
STM-00502-202608,ACC-00502,2026-07-09,2026-08-08,328.97,2026-08-09T04:00:00Z,2026-08-09T04:00:00Z
STM-00502-202609,ACC-00502,2026-08-09,2026-09-08,716.87,2026-09-09T04:00:00Z,2026-09-09T04:00:00Z
STM-00502-202610,ACC-00502,2026-09-09,2026-10-08,463.13,2026-10-09T04:00:00Z,2026-10-09T04:00:00Z
STM-00502-202611,ACC-00502,2026-10-09,2026-11-08,258.08,2026-11-09T05:00:00Z,2026-11-09T05:00:00Z
STM-00503-202607,ACC-00503,2026-06-13,2026-07-12,945.07,2026-07-13T04:00:00Z,2026-07-13T04:00:00Z
STM-00503-202608,ACC-00503,2026-07-13,2026-08-12,1361.60,2026-08-13T04:00:00Z,2026-08-13T04:00:00Z
STM-00503-202609,ACC-00503,2026-08-13,2026-09-12,634.46,2026-09-13T04:00:00Z,2026-09-13T04:00:00Z
STM-00503-202610,ACC-00503,2026-09-13,2026-10-12,817.40,2026-10-13T04:00:00Z,2026-10-13T04:00:00Z
STM-00503-202611,ACC-00503,2026-10-13,2026-11-12,880.68,2026-11-13T05:00:00Z,2026-11-13T05:00:00Z
STM-00504-202607,ACC-00504,2026-06-09,2026-07-08,266.34,2026-07-09T04:00:00Z,2026-07-09T04:00:00Z
STM-00504-202608,ACC-00504,2026-07-09,2026-08-08,212.88,2026-08-09T04:00:00Z,2026-08-09T04:00:00Z
STM-00504-202609,ACC-00504,2026-08-09,2026-09-08,235.00,2026-09-09T04:00:00Z,2026-09-09T04:00:00Z
STM-00504-202610,ACC-00504,2026-09-09,2026-10-08,299.92,2026-10-09T04:00:00Z,2026-10-09T04:00:00Z
STM-00504-202611,ACC-00504,2026-10-09,2026-11-08,236.94,2026-11-09T05:00:00Z,2026-11-09T05:00:00Z
STM-00505-202607,ACC-00505,2026-06-18,2026-07-17,1669.60,2026-07-18T04:00:00Z,2026-07-18T04:00:00Z
STM-00505-202608,ACC-00505,2026-07-18,2026-08-17,2373.16,2026-08-18T04:00:00Z,2026-08-18T04:00:00Z
STM-00505-202609,ACC-00505,2026-08-18,2026-09-17,2228.13,2026-09-18T04:00:00Z,2026-09-18T04:00:00Z
STM-00505-202610,ACC-00505,2026-09-18,2026-10-17,2341.71,2026-10-18T04:00:00Z,2026-10-18T04:00:00Z
STM-00506-202607,ACC-00506,2026-06-18,2026-07-17,1036.76,2026-07-18T04:00:00Z,2026-07-18T04:00:00Z
STM-00506-202608,ACC-00506,2026-07-18,2026-08-17,660.06,2026-08-18T04:00:00Z,2026-08-18T04:00:00Z
STM-00506-202609,ACC-00506,2026-08-18,2026-09-17,988.45,2026-09-18T04:00:00Z,2026-09-18T04:00:00Z
STM-00506-202610,ACC-00506,2026-09-18,2026-10-17,825.75,2026-10-18T04:00:00Z,2026-10-18T04:00:00Z
STM-00507-202607,ACC-00507,2026-06-04,2026-07-03,319.20,2026-07-04T04:00:00Z,2026-07-04T04:00:00Z
STM-00507-202608,ACC-00507,2026-07-04,2026-08-03,333.45,2026-08-04T04:00:00Z,2026-08-04T04:00:00Z
STM-00507-202609,ACC-00507,2026-08-04,2026-09-03,327.08,2026-09-04T04:00:00Z,2026-09-04T04:00:00Z
STM-00507-202610,ACC-00507,2026-09-04,2026-10-03,431.59,2026-10-04T04:00:00Z,2026-10-04T04:00:00Z
STM-00507-202611,ACC-00507,2026-10-04,2026-11-03,324.50,2026-11-04T05:00:00Z,2026-11-04T05:00:00Z
STM-00508-202607,ACC-00508,2026-06-18,2026-07-17,187.57,2026-07-18T04:00:00Z,2026-07-18T04:00:00Z
STM-00508-202608,ACC-00508,2026-07-18,2026-08-17,79.58,2026-08-18T04:00:00Z,2026-08-18T04:00:00Z
STM-00508-202609,ACC-00508,2026-08-18,2026-09-17,206.79,2026-09-18T04:00:00Z,2026-09-18T04:00:00Z
STM-00508-202610,ACC-00508,2026-09-18,2026-10-17,112.27,2026-10-18T04:00:00Z,2026-10-18T04:00:00Z
STM-00509-202607,ACC-00509,2026-06-18,2026-07-17,1221.29,2026-07-18T04:00:00Z,2026-07-18T04:00:00Z
STM-00509-202608,ACC-00509,2026-07-18,2026-08-17,1505.90,2026-08-18T04:00:00Z,2026-08-18T04:00:00Z
STM-00509-202609,ACC-00509,2026-08-18,2026-09-17,1433.67,2026-09-18T04:00:00Z,2026-09-18T04:00:00Z
STM-00509-202610,ACC-00509,2026-09-18,2026-10-17,0.00,2026-10-18T04:00:00Z,2026-10-18T04:00:00Z
STM-00510-202607,ACC-00510,2026-06-18,2026-07-17,890.29,2026-07-18T04:00:00Z,2026-07-18T04:00:00Z
STM-00510-202608,ACC-00510,2026-07-18,2026-08-17,601.43,2026-08-18T04:00:00Z,2026-08-18T04:00:00Z
STM-00510-202609,ACC-00510,2026-08-18,2026-09-17,618.62,2026-09-18T04:00:00Z,2026-09-18T04:00:00Z
STM-00510-202610,ACC-00510,2026-09-18,2026-10-17,777.00,2026-10-18T04:00:00Z,2026-10-18T04:00:00Z
STM-00511-202607,ACC-00511,2026-06-13,2026-07-12,71.79,2026-07-13T04:00:00Z,2026-07-13T04:00:00Z
STM-00511-202608,ACC-00511,2026-07-13,2026-08-12,63.75,2026-08-13T04:00:00Z,2026-08-13T04:00:00Z
STM-00511-202609,ACC-00511,2026-08-13,2026-09-12,99.38,2026-09-13T04:00:00Z,2026-09-13T04:00:00Z
STM-00511-202610,ACC-00511,2026-09-13,2026-10-12,75.26,2026-10-13T04:00:00Z,2026-10-13T04:00:00Z
STM-00511-202611,ACC-00511,2026-10-13,2026-11-12,93.63,2026-11-13T05:00:00Z,2026-11-13T05:00:00Z
STM-00512-202607,ACC-00512,2026-06-04,2026-07-03,1170.17,2026-07-04T04:00:00Z,2026-07-04T04:00:00Z
STM-00512-202608,ACC-00512,2026-07-04,2026-08-03,1027.70,2026-08-04T04:00:00Z,2026-08-04T04:00:00Z
STM-00512-202609,ACC-00512,2026-08-04,2026-09-03,1039.24,2026-09-04T04:00:00Z,2026-09-04T04:00:00Z
STM-00512-202610,ACC-00512,2026-09-04,2026-10-03,0.00,2026-10-04T04:00:00Z,2026-10-04T04:00:00Z
STM-00512-202611,ACC-00512,2026-10-04,2026-11-03,912.79,2026-11-04T05:00:00Z,2026-11-04T05:00:00Z
STM-00513-202607,ACC-00513,2026-06-04,2026-07-03,16285.89,2026-07-04T04:00:00Z,2026-07-04T04:00:00Z
STM-00513-202608,ACC-00513,2026-07-04,2026-08-03,28339.27,2026-08-04T04:00:00Z,2026-08-04T04:00:00Z
STM-00513-202609,ACC-00513,2026-08-04,2026-09-03,18618.79,2026-09-04T04:00:00Z,2026-09-04T04:00:00Z
STM-00513-202610,ACC-00513,2026-09-04,2026-10-03,17168.59,2026-10-04T04:00:00Z,2026-10-04T04:00:00Z
STM-00513-202611,ACC-00513,2026-10-04,2026-11-03,0.00,2026-11-04T05:00:00Z,2026-11-04T05:00:00Z
STM-00514-202607,ACC-00514,2026-06-21,2026-07-20,4126.41,2026-07-21T04:00:00Z,2026-07-21T04:00:00Z
STM-00514-202608,ACC-00514,2026-07-21,2026-08-20,2917.13,2026-08-21T04:00:00Z,2026-08-21T04:00:00Z
STM-00514-202609,ACC-00514,2026-08-21,2026-09-20,2326.02,2026-09-21T04:00:00Z,2026-09-21T04:00:00Z
STM-00514-202610,ACC-00514,2026-09-21,2026-10-20,3197.15,2026-10-21T04:00:00Z,2026-10-21T04:00:00Z
STM-00515-202607,ACC-00515,2026-06-09,2026-07-08,134.31,2026-07-09T04:00:00Z,2026-07-09T04:00:00Z
STM-00515-202608,ACC-00515,2026-07-09,2026-08-08,246.70,2026-08-09T04:00:00Z,2026-08-09T04:00:00Z
STM-00515-202609,ACC-00515,2026-08-09,2026-09-08,163.99,2026-09-09T04:00:00Z,2026-09-09T04:00:00Z
STM-00515-202610,ACC-00515,2026-09-09,2026-10-08,204.30,2026-10-09T04:00:00Z,2026-10-09T04:00:00Z
STM-00515-202611,ACC-00515,2026-10-09,2026-11-08,206.67,2026-11-09T05:00:00Z,2026-11-09T05:00:00Z
STM-00516-202607,ACC-00516,2026-06-09,2026-07-08,3910.48,2026-07-09T04:00:00Z,2026-07-09T04:00:00Z
STM-00516-202608,ACC-00516,2026-07-09,2026-08-08,1534.65,2026-08-09T04:00:00Z,2026-08-09T04:00:00Z
STM-00516-202609,ACC-00516,2026-08-09,2026-09-08,2126.22,2026-09-09T04:00:00Z,2026-09-09T04:00:00Z
STM-00516-202610,ACC-00516,2026-09-09,2026-10-08,2806.88,2026-10-09T04:00:00Z,2026-10-09T04:00:00Z
STM-00516-202611,ACC-00516,2026-10-09,2026-11-08,2996.79,2026-11-09T05:00:00Z,2026-11-09T05:00:00Z
STM-00517-202607,ACC-00517,2026-06-26,2026-07-25,1155.55,2026-07-26T04:00:00Z,2026-07-26T04:00:00Z
STM-00517-202608,ACC-00517,2026-07-26,2026-08-25,1399.35,2026-08-26T04:00:00Z,2026-08-26T04:00:00Z
STM-00517-202609,ACC-00517,2026-08-26,2026-09-25,1086.03,2026-09-26T04:00:00Z,2026-09-26T04:00:00Z
STM-00517-202610,ACC-00517,2026-09-26,2026-10-25,818.91,2026-10-26T04:00:00Z,2026-10-26T04:00:00Z
STM-00518-202607,ACC-00518,2026-06-21,2026-07-20,20578.25,2026-07-21T04:00:00Z,2026-07-21T04:00:00Z
STM-00518-202608,ACC-00518,2026-07-21,2026-08-20,19282.66,2026-08-21T04:00:00Z,2026-08-21T04:00:00Z
STM-00518-202609,ACC-00518,2026-08-21,2026-09-20,8722.54,2026-09-21T04:00:00Z,2026-09-21T04:00:00Z
STM-00518-202610,ACC-00518,2026-09-21,2026-10-20,19245.93,2026-10-21T04:00:00Z,2026-10-21T04:00:00Z
STM-00519-202607,ACC-00519,2026-06-13,2026-07-12,2897.66,2026-07-13T04:00:00Z,2026-07-13T04:00:00Z
STM-00519-202608,ACC-00519,2026-07-13,2026-08-12,2409.00,2026-08-13T04:00:00Z,2026-08-13T04:00:00Z
STM-00519-202609,ACC-00519,2026-08-13,2026-09-12,4165.61,2026-09-13T04:00:00Z,2026-09-13T04:00:00Z
STM-00519-202610,ACC-00519,2026-09-13,2026-10-12,1329.25,2026-10-13T04:00:00Z,2026-10-13T04:00:00Z
STM-00519-202611,ACC-00519,2026-10-13,2026-11-12,3464.71,2026-11-13T05:00:00Z,2026-11-13T05:00:00Z
STM-00520-202607,ACC-00520,2026-06-18,2026-07-17,7171.69,2026-07-18T04:00:00Z,2026-07-18T04:00:00Z
STM-00520-202608,ACC-00520,2026-07-18,2026-08-17,7633.68,2026-08-18T04:00:00Z,2026-08-18T04:00:00Z
STM-00520-202609,ACC-00520,2026-08-18,2026-09-17,6416.41,2026-09-18T04:00:00Z,2026-09-18T04:00:00Z
STM-00520-202610,ACC-00520,2026-09-18,2026-10-17,7617.85,2026-10-18T04:00:00Z,2026-10-18T04:00:00Z
STM-00521-202607,ACC-00521,2026-06-13,2026-07-12,1576.78,2026-07-13T04:00:00Z,2026-07-13T04:00:00Z
STM-00521-202608,ACC-00521,2026-07-13,2026-08-12,1397.94,2026-08-13T04:00:00Z,2026-08-13T04:00:00Z
STM-00521-202609,ACC-00521,2026-08-13,2026-09-12,1727.64,2026-09-13T04:00:00Z,2026-09-13T04:00:00Z
STM-00521-202610,ACC-00521,2026-09-13,2026-10-12,1545.21,2026-10-13T04:00:00Z,2026-10-13T04:00:00Z
STM-00521-202611,ACC-00521,2026-10-13,2026-11-12,1499.03,2026-11-13T05:00:00Z,2026-11-13T05:00:00Z
STM-00522-202607,ACC-00522,2026-06-13,2026-07-12,1221.06,2026-07-13T04:00:00Z,2026-07-13T04:00:00Z
STM-00522-202608,ACC-00522,2026-07-13,2026-08-12,2511.59,2026-08-13T04:00:00Z,2026-08-13T04:00:00Z
STM-00522-202609,ACC-00522,2026-08-13,2026-09-12,2262.93,2026-09-13T04:00:00Z,2026-09-13T04:00:00Z
STM-00522-202610,ACC-00522,2026-09-13,2026-10-12,2150.11,2026-10-13T04:00:00Z,2026-10-13T04:00:00Z
STM-00522-202611,ACC-00522,2026-10-13,2026-11-12,915.72,2026-11-13T05:00:00Z,2026-11-13T05:00:00Z
STM-00523-202607,ACC-00523,2026-06-09,2026-07-08,177.79,2026-07-09T04:00:00Z,2026-07-09T04:00:00Z
STM-00523-202608,ACC-00523,2026-07-09,2026-08-08,168.01,2026-08-09T04:00:00Z,2026-08-09T04:00:00Z
STM-00523-202609,ACC-00523,2026-08-09,2026-09-08,194.40,2026-09-09T04:00:00Z,2026-09-09T04:00:00Z
STM-00523-202610,ACC-00523,2026-09-09,2026-10-08,123.26,2026-10-09T04:00:00Z,2026-10-09T04:00:00Z
STM-00523-202611,ACC-00523,2026-10-09,2026-11-08,189.79,2026-11-09T05:00:00Z,2026-11-09T05:00:00Z
STM-00524-202607,ACC-00524,2026-06-09,2026-07-08,2371.04,2026-07-09T04:00:00Z,2026-07-09T04:00:00Z
STM-00524-202608,ACC-00524,2026-07-09,2026-08-08,2728.33,2026-08-09T04:00:00Z,2026-08-09T04:00:00Z
STM-00524-202609,ACC-00524,2026-08-09,2026-09-08,2110.75,2026-09-09T04:00:00Z,2026-09-09T04:00:00Z
STM-00524-202610,ACC-00524,2026-09-09,2026-10-08,1835.57,2026-10-09T04:00:00Z,2026-10-09T04:00:00Z
STM-00524-202611,ACC-00524,2026-10-09,2026-11-08,1594.43,2026-11-09T05:00:00Z,2026-11-09T05:00:00Z
STM-00525-202607,ACC-00525,2026-06-13,2026-07-12,1337.00,2026-07-13T04:00:00Z,2026-07-13T04:00:00Z
STM-00525-202608,ACC-00525,2026-07-13,2026-08-12,3361.21,2026-08-13T04:00:00Z,2026-08-13T04:00:00Z
STM-00525-202609,ACC-00525,2026-08-13,2026-09-12,0.00,2026-09-13T04:00:00Z,2026-09-13T04:00:00Z
STM-00525-202610,ACC-00525,2026-09-13,2026-10-12,3129.31,2026-10-13T04:00:00Z,2026-10-13T04:00:00Z
STM-00525-202611,ACC-00525,2026-10-13,2026-11-12,2506.46,2026-11-13T05:00:00Z,2026-11-13T05:00:00Z
STM-00526-202607,ACC-00526,2026-06-18,2026-07-17,722.24,2026-07-18T04:00:00Z,2026-07-18T04:00:00Z
STM-00526-202608,ACC-00526,2026-07-18,2026-08-17,746.94,2026-08-18T04:00:00Z,2026-08-18T04:00:00Z
STM-00526-202609,ACC-00526,2026-08-18,2026-09-17,1015.01,2026-09-18T04:00:00Z,2026-09-18T04:00:00Z
STM-00526-202610,ACC-00526,2026-09-18,2026-10-17,516.67,2026-10-18T04:00:00Z,2026-10-18T04:00:00Z
STM-00527-202607,ACC-00527,2026-06-09,2026-07-08,2473.10,2026-07-09T04:00:00Z,2026-07-09T04:00:00Z
STM-00527-202608,ACC-00527,2026-07-09,2026-08-08,1388.33,2026-08-09T04:00:00Z,2026-08-09T04:00:00Z
STM-00527-202609,ACC-00527,2026-08-09,2026-09-08,2153.27,2026-09-09T04:00:00Z,2026-09-09T04:00:00Z
STM-00527-202610,ACC-00527,2026-09-09,2026-10-08,2705.52,2026-10-09T04:00:00Z,2026-10-09T04:00:00Z
STM-00527-202611,ACC-00527,2026-10-09,2026-11-08,1028.69,2026-11-09T05:00:00Z,2026-11-09T05:00:00Z
STM-00528-202607,ACC-00528,2026-06-26,2026-07-25,119.96,2026-07-26T04:00:00Z,2026-07-26T04:00:00Z
STM-00528-202608,ACC-00528,2026-07-26,2026-08-25,36.38,2026-08-26T04:00:00Z,2026-08-26T04:00:00Z
STM-00528-202609,ACC-00528,2026-08-26,2026-09-25,186.95,2026-09-26T04:00:00Z,2026-09-26T04:00:00Z
STM-00528-202610,ACC-00528,2026-09-26,2026-10-25,213.56,2026-10-26T04:00:00Z,2026-10-26T04:00:00Z
STM-00529-202607,ACC-00529,2026-06-26,2026-07-25,1114.77,2026-07-26T04:00:00Z,2026-07-26T04:00:00Z
STM-00529-202608,ACC-00529,2026-07-26,2026-08-25,1061.18,2026-08-26T04:00:00Z,2026-08-26T04:00:00Z
STM-00529-202609,ACC-00529,2026-08-26,2026-09-25,622.92,2026-09-26T04:00:00Z,2026-09-26T04:00:00Z
STM-00529-202610,ACC-00529,2026-09-26,2026-10-25,687.72,2026-10-26T04:00:00Z,2026-10-26T04:00:00Z
STM-00530-202607,ACC-00530,2026-06-18,2026-07-17,1393.04,2026-07-18T04:00:00Z,2026-07-18T04:00:00Z
STM-00530-202608,ACC-00530,2026-07-18,2026-08-17,3260.53,2026-08-18T04:00:00Z,2026-08-18T04:00:00Z
STM-00530-202609,ACC-00530,2026-08-18,2026-09-17,1330.90,2026-09-18T04:00:00Z,2026-09-18T04:00:00Z
STM-00530-202610,ACC-00530,2026-09-18,2026-10-17,2701.95,2026-10-18T04:00:00Z,2026-10-18T04:00:00Z
STM-00531-202607,ACC-00531,2026-06-13,2026-07-12,0.00,2026-07-13T04:00:00Z,2026-07-13T04:00:00Z
STM-00531-202608,ACC-00531,2026-07-13,2026-08-12,4957.27,2026-08-13T04:00:00Z,2026-08-13T04:00:00Z
STM-00531-202609,ACC-00531,2026-08-13,2026-09-12,3592.69,2026-09-13T04:00:00Z,2026-09-13T04:00:00Z
STM-00531-202610,ACC-00531,2026-09-13,2026-10-12,2997.44,2026-10-13T04:00:00Z,2026-10-13T04:00:00Z
STM-00531-202611,ACC-00531,2026-10-13,2026-11-12,1930.14,2026-11-13T05:00:00Z,2026-11-13T05:00:00Z
STM-00532-202607,ACC-00532,2026-06-09,2026-07-08,6461.40,2026-07-09T04:00:00Z,2026-07-09T04:00:00Z
STM-00532-202608,ACC-00532,2026-07-09,2026-08-08,6880.62,2026-08-09T04:00:00Z,2026-08-09T04:00:00Z
STM-00532-202609,ACC-00532,2026-08-09,2026-09-08,5846.81,2026-09-09T04:00:00Z,2026-09-09T04:00:00Z
STM-00532-202610,ACC-00532,2026-09-09,2026-10-08,6247.33,2026-10-09T04:00:00Z,2026-10-09T04:00:00Z
STM-00532-202611,ACC-00532,2026-10-09,2026-11-08,6522.24,2026-11-09T05:00:00Z,2026-11-09T05:00:00Z
STM-00533-202607,ACC-00533,2026-06-18,2026-07-17,2643.18,2026-07-18T04:00:00Z,2026-07-18T04:00:00Z
STM-00533-202608,ACC-00533,2026-07-18,2026-08-17,2220.01,2026-08-18T04:00:00Z,2026-08-18T04:00:00Z
STM-00533-202609,ACC-00533,2026-08-18,2026-09-17,3371.41,2026-09-18T04:00:00Z,2026-09-18T04:00:00Z
STM-00533-202610,ACC-00533,2026-09-18,2026-10-17,1138.98,2026-10-18T04:00:00Z,2026-10-18T04:00:00Z
STM-00534-202607,ACC-00534,2026-06-09,2026-07-08,433.69,2026-07-09T04:00:00Z,2026-07-09T04:00:00Z
STM-00534-202608,ACC-00534,2026-07-09,2026-08-08,414.03,2026-08-09T04:00:00Z,2026-08-09T04:00:00Z
STM-00534-202609,ACC-00534,2026-08-09,2026-09-08,539.24,2026-09-09T04:00:00Z,2026-09-09T04:00:00Z
STM-00534-202610,ACC-00534,2026-09-09,2026-10-08,477.98,2026-10-09T04:00:00Z,2026-10-09T04:00:00Z
STM-00534-202611,ACC-00534,2026-10-09,2026-11-08,241.65,2026-11-09T05:00:00Z,2026-11-09T05:00:00Z
STM-00535-202607,ACC-00535,2026-06-21,2026-07-20,516.07,2026-07-21T04:00:00Z,2026-07-21T04:00:00Z
STM-00535-202608,ACC-00535,2026-07-21,2026-08-20,479.94,2026-08-21T04:00:00Z,2026-08-21T04:00:00Z
STM-00535-202609,ACC-00535,2026-08-21,2026-09-20,357.19,2026-09-21T04:00:00Z,2026-09-21T04:00:00Z
STM-00535-202610,ACC-00535,2026-09-21,2026-10-20,728.18,2026-10-21T04:00:00Z,2026-10-21T04:00:00Z
STM-00536-202607,ACC-00536,2026-06-04,2026-07-03,940.18,2026-07-04T04:00:00Z,2026-07-04T04:00:00Z
STM-00536-202608,ACC-00536,2026-07-04,2026-08-03,1197.19,2026-08-04T04:00:00Z,2026-08-04T04:00:00Z
STM-00536-202609,ACC-00536,2026-08-04,2026-09-03,0.00,2026-09-04T04:00:00Z,2026-09-04T04:00:00Z
STM-00536-202610,ACC-00536,2026-09-04,2026-10-03,1057.64,2026-10-04T04:00:00Z,2026-10-04T04:00:00Z
STM-00536-202611,ACC-00536,2026-10-04,2026-11-03,709.41,2026-11-04T05:00:00Z,2026-11-04T05:00:00Z
STM-00537-202607,ACC-00537,2026-06-04,2026-07-03,222.86,2026-07-04T04:00:00Z,2026-07-04T04:00:00Z
STM-00537-202608,ACC-00537,2026-07-04,2026-08-03,179.77,2026-08-04T04:00:00Z,2026-08-04T04:00:00Z
STM-00537-202609,ACC-00537,2026-08-04,2026-09-03,304.85,2026-09-04T04:00:00Z,2026-09-04T04:00:00Z
STM-00537-202610,ACC-00537,2026-09-04,2026-10-03,265.12,2026-10-04T04:00:00Z,2026-10-04T04:00:00Z
STM-00537-202611,ACC-00537,2026-10-04,2026-11-03,244.94,2026-11-04T05:00:00Z,2026-11-04T05:00:00Z
STM-00538-202607,ACC-00538,2026-06-13,2026-07-12,2051.58,2026-07-13T04:00:00Z,2026-07-13T04:00:00Z
STM-00538-202608,ACC-00538,2026-07-13,2026-08-12,2208.55,2026-08-13T04:00:00Z,2026-08-13T04:00:00Z
STM-00538-202609,ACC-00538,2026-08-13,2026-09-12,1565.14,2026-09-13T04:00:00Z,2026-09-13T04:00:00Z
STM-00538-202610,ACC-00538,2026-09-13,2026-10-12,2760.05,2026-10-13T04:00:00Z,2026-10-13T04:00:00Z
STM-00538-202611,ACC-00538,2026-10-13,2026-11-12,2240.98,2026-11-13T05:00:00Z,2026-11-13T05:00:00Z
STM-00539-202607,ACC-00539,2026-06-09,2026-07-08,2516.36,2026-07-09T04:00:00Z,2026-07-09T04:00:00Z
STM-00539-202608,ACC-00539,2026-07-09,2026-08-08,2144.32,2026-08-09T04:00:00Z,2026-08-09T04:00:00Z
STM-00539-202609,ACC-00539,2026-08-09,2026-09-08,1361.73,2026-09-09T04:00:00Z,2026-09-09T04:00:00Z
STM-00539-202610,ACC-00539,2026-09-09,2026-10-08,1854.09,2026-10-09T04:00:00Z,2026-10-09T04:00:00Z
STM-00539-202611,ACC-00539,2026-10-09,2026-11-08,0.00,2026-11-09T05:00:00Z,2026-11-09T05:00:00Z
STM-00540-202607,ACC-00540,2026-06-04,2026-07-03,4264.87,2026-07-04T04:00:00Z,2026-07-04T04:00:00Z
STM-00540-202608,ACC-00540,2026-07-04,2026-08-03,4312.09,2026-08-04T04:00:00Z,2026-08-04T04:00:00Z
STM-00540-202609,ACC-00540,2026-08-04,2026-09-03,5279.71,2026-09-04T04:00:00Z,2026-09-04T04:00:00Z
STM-00540-202610,ACC-00540,2026-09-04,2026-10-03,5662.66,2026-10-04T04:00:00Z,2026-10-04T04:00:00Z
STM-00540-202611,ACC-00540,2026-10-04,2026-11-03,2751.41,2026-11-04T05:00:00Z,2026-11-04T05:00:00Z
STM-00541-202607,ACC-00541,2026-06-26,2026-07-25,1879.05,2026-07-26T04:00:00Z,2026-07-26T04:00:00Z
STM-00541-202608,ACC-00541,2026-07-26,2026-08-25,1424.26,2026-08-26T04:00:00Z,2026-08-26T04:00:00Z
STM-00541-202609,ACC-00541,2026-08-26,2026-09-25,655.35,2026-09-26T04:00:00Z,2026-09-26T04:00:00Z
STM-00541-202610,ACC-00541,2026-09-26,2026-10-25,2295.63,2026-10-26T04:00:00Z,2026-10-26T04:00:00Z
STM-00542-202607,ACC-00542,2026-06-04,2026-07-03,353.92,2026-07-04T04:00:00Z,2026-07-04T04:00:00Z
STM-00542-202608,ACC-00542,2026-07-04,2026-08-03,411.74,2026-08-04T04:00:00Z,2026-08-04T04:00:00Z
STM-00542-202609,ACC-00542,2026-08-04,2026-09-03,527.36,2026-09-04T04:00:00Z,2026-09-04T04:00:00Z
STM-00542-202610,ACC-00542,2026-09-04,2026-10-03,424.81,2026-10-04T04:00:00Z,2026-10-04T04:00:00Z
STM-00542-202611,ACC-00542,2026-10-04,2026-11-03,443.34,2026-11-04T05:00:00Z,2026-11-04T05:00:00Z
STM-00543-202607,ACC-00543,2026-06-13,2026-07-12,1499.33,2026-07-13T04:00:00Z,2026-07-13T04:00:00Z
STM-00543-202608,ACC-00543,2026-07-13,2026-08-12,2262.94,2026-08-13T04:00:00Z,2026-08-13T04:00:00Z
STM-00543-202609,ACC-00543,2026-08-13,2026-09-12,1229.00,2026-09-13T04:00:00Z,2026-09-13T04:00:00Z
STM-00543-202610,ACC-00543,2026-09-13,2026-10-12,850.79,2026-10-13T04:00:00Z,2026-10-13T04:00:00Z
STM-00543-202611,ACC-00543,2026-10-13,2026-11-12,1502.80,2026-11-13T05:00:00Z,2026-11-13T05:00:00Z
STM-00544-202607,ACC-00544,2026-06-18,2026-07-17,1736.40,2026-07-18T04:00:00Z,2026-07-18T04:00:00Z
STM-00544-202608,ACC-00544,2026-07-18,2026-08-17,1482.06,2026-08-18T04:00:00Z,2026-08-18T04:00:00Z
STM-00544-202609,ACC-00544,2026-08-18,2026-09-17,1336.63,2026-09-18T04:00:00Z,2026-09-18T04:00:00Z
STM-00544-202610,ACC-00544,2026-09-18,2026-10-17,1717.35,2026-10-18T04:00:00Z,2026-10-18T04:00:00Z
STM-00545-202607,ACC-00545,2026-06-18,2026-07-17,5451.67,2026-07-18T04:00:00Z,2026-07-18T04:00:00Z
STM-00545-202608,ACC-00545,2026-07-18,2026-08-17,4088.61,2026-08-18T04:00:00Z,2026-08-18T04:00:00Z
STM-00545-202609,ACC-00545,2026-08-18,2026-09-17,4940.45,2026-09-18T04:00:00Z,2026-09-18T04:00:00Z
STM-00545-202610,ACC-00545,2026-09-18,2026-10-17,5697.66,2026-10-18T04:00:00Z,2026-10-18T04:00:00Z
STM-00546-202607,ACC-00546,2026-06-18,2026-07-17,2046.00,2026-07-18T04:00:00Z,2026-07-18T04:00:00Z
STM-00546-202608,ACC-00546,2026-07-18,2026-08-17,2354.61,2026-08-18T04:00:00Z,2026-08-18T04:00:00Z
STM-00546-202609,ACC-00546,2026-08-18,2026-09-17,2021.18,2026-09-18T04:00:00Z,2026-09-18T04:00:00Z
STM-00546-202610,ACC-00546,2026-09-18,2026-10-17,1715.98,2026-10-18T04:00:00Z,2026-10-18T04:00:00Z
STM-00547-202607,ACC-00547,2026-06-09,2026-07-08,2215.11,2026-07-09T04:00:00Z,2026-07-09T04:00:00Z
STM-00547-202608,ACC-00547,2026-07-09,2026-08-08,2281.00,2026-08-09T04:00:00Z,2026-08-09T04:00:00Z
STM-00547-202609,ACC-00547,2026-08-09,2026-09-08,1616.00,2026-09-09T04:00:00Z,2026-09-09T04:00:00Z
STM-00547-202610,ACC-00547,2026-09-09,2026-10-08,2022.11,2026-10-09T04:00:00Z,2026-10-09T04:00:00Z
STM-00547-202611,ACC-00547,2026-10-09,2026-11-08,1768.89,2026-11-09T05:00:00Z,2026-11-09T05:00:00Z
STM-00548-202607,ACC-00548,2026-06-04,2026-07-03,1648.63,2026-07-04T04:00:00Z,2026-07-04T04:00:00Z
STM-00548-202608,ACC-00548,2026-07-04,2026-08-03,1700.06,2026-08-04T04:00:00Z,2026-08-04T04:00:00Z
STM-00548-202609,ACC-00548,2026-08-04,2026-09-03,2367.40,2026-09-04T04:00:00Z,2026-09-04T04:00:00Z
STM-00548-202610,ACC-00548,2026-09-04,2026-10-03,1624.75,2026-10-04T04:00:00Z,2026-10-04T04:00:00Z
STM-00548-202611,ACC-00548,2026-10-04,2026-11-03,1457.36,2026-11-04T05:00:00Z,2026-11-04T05:00:00Z
STM-00549-202607,ACC-00549,2026-06-09,2026-07-08,1132.86,2026-07-09T04:00:00Z,2026-07-09T04:00:00Z
STM-00549-202608,ACC-00549,2026-07-09,2026-08-08,2296.84,2026-08-09T04:00:00Z,2026-08-09T04:00:00Z
STM-00549-202609,ACC-00549,2026-08-09,2026-09-08,1818.98,2026-09-09T04:00:00Z,2026-09-09T04:00:00Z
STM-00549-202610,ACC-00549,2026-09-09,2026-10-08,1405.96,2026-10-09T04:00:00Z,2026-10-09T04:00:00Z
STM-00549-202611,ACC-00549,2026-10-09,2026-11-08,2346.78,2026-11-09T05:00:00Z,2026-11-09T05:00:00Z
STM-00550-202608,ACC-00550,2026-07-13,2026-08-12,979.51,2026-08-13T04:00:00Z,2026-08-13T04:00:00Z
STM-00550-202609,ACC-00550,2026-08-13,2026-09-12,2092.65,2026-09-13T04:00:00Z,2026-09-13T04:00:00Z
STM-00550-202610,ACC-00550,2026-09-13,2026-10-12,0.00,2026-10-13T04:00:00Z,2026-10-13T04:00:00Z
STM-00550-202611,ACC-00550,2026-10-13,2026-11-12,1499.12,2026-11-13T05:00:00Z,2026-11-13T05:00:00Z
STM-00551-202607,ACC-00551,2026-06-09,2026-07-08,4987.94,2026-07-09T04:00:00Z,2026-07-09T04:00:00Z
STM-00551-202608,ACC-00551,2026-07-09,2026-08-08,5402.60,2026-08-09T04:00:00Z,2026-08-09T04:00:00Z
STM-00551-202609,ACC-00551,2026-08-09,2026-09-08,6277.93,2026-09-09T04:00:00Z,2026-09-09T04:00:00Z
STM-00551-202610,ACC-00551,2026-09-09,2026-10-08,5632.34,2026-10-09T04:00:00Z,2026-10-09T04:00:00Z
STM-00551-202611,ACC-00551,2026-10-09,2026-11-08,6925.64,2026-11-09T05:00:00Z,2026-11-09T05:00:00Z
STM-00552-202607,ACC-00552,2026-06-04,2026-07-03,444.82,2026-07-04T04:00:00Z,2026-07-04T04:00:00Z
STM-00552-202608,ACC-00552,2026-07-04,2026-08-03,0.00,2026-08-04T04:00:00Z,2026-08-04T04:00:00Z
STM-00552-202609,ACC-00552,2026-08-04,2026-09-03,452.32,2026-09-04T04:00:00Z,2026-09-04T04:00:00Z
STM-00552-202610,ACC-00552,2026-09-04,2026-10-03,498.24,2026-10-04T04:00:00Z,2026-10-04T04:00:00Z
STM-00552-202611,ACC-00552,2026-10-04,2026-11-03,625.58,2026-11-04T05:00:00Z,2026-11-04T05:00:00Z
STM-00553-202607,ACC-00553,2026-06-13,2026-07-12,1495.86,2026-07-13T04:00:00Z,2026-07-13T04:00:00Z
STM-00553-202608,ACC-00553,2026-07-13,2026-08-12,1176.91,2026-08-13T04:00:00Z,2026-08-13T04:00:00Z
STM-00553-202609,ACC-00553,2026-08-13,2026-09-12,1272.85,2026-09-13T04:00:00Z,2026-09-13T04:00:00Z
STM-00553-202610,ACC-00553,2026-09-13,2026-10-12,1199.25,2026-10-13T04:00:00Z,2026-10-13T04:00:00Z
STM-00553-202611,ACC-00553,2026-10-13,2026-11-12,1143.51,2026-11-13T05:00:00Z,2026-11-13T05:00:00Z
STM-00554-202607,ACC-00554,2026-06-26,2026-07-25,1006.24,2026-07-26T04:00:00Z,2026-07-26T04:00:00Z
STM-00554-202608,ACC-00554,2026-07-26,2026-08-25,1449.17,2026-08-26T04:00:00Z,2026-08-26T04:00:00Z
STM-00554-202609,ACC-00554,2026-08-26,2026-09-25,958.88,2026-09-26T04:00:00Z,2026-09-26T04:00:00Z
STM-00554-202610,ACC-00554,2026-09-26,2026-10-25,1078.25,2026-10-26T04:00:00Z,2026-10-26T04:00:00Z
STM-00555-202607,ACC-00555,2026-06-09,2026-07-08,4248.44,2026-07-09T04:00:00Z,2026-07-09T04:00:00Z
STM-00555-202608,ACC-00555,2026-07-09,2026-08-08,3922.58,2026-08-09T04:00:00Z,2026-08-09T04:00:00Z
STM-00555-202609,ACC-00555,2026-08-09,2026-09-08,3232.03,2026-09-09T04:00:00Z,2026-09-09T04:00:00Z
STM-00555-202610,ACC-00555,2026-09-09,2026-10-08,2623.11,2026-10-09T04:00:00Z,2026-10-09T04:00:00Z
STM-00555-202611,ACC-00555,2026-10-09,2026-11-08,3880.42,2026-11-09T05:00:00Z,2026-11-09T05:00:00Z
STM-00556-202607,ACC-00556,2026-06-13,2026-07-12,4270.49,2026-07-13T04:00:00Z,2026-07-13T04:00:00Z
STM-00556-202608,ACC-00556,2026-07-13,2026-08-12,4740.13,2026-08-13T04:00:00Z,2026-08-13T04:00:00Z
STM-00556-202609,ACC-00556,2026-08-13,2026-09-12,3262.66,2026-09-13T04:00:00Z,2026-09-13T04:00:00Z
STM-00556-202610,ACC-00556,2026-09-13,2026-10-12,2547.79,2026-10-13T04:00:00Z,2026-10-13T04:00:00Z
STM-00556-202611,ACC-00556,2026-10-13,2026-11-12,3723.25,2026-11-13T05:00:00Z,2026-11-13T05:00:00Z
STM-00557-202607,ACC-00557,2026-06-13,2026-07-12,2144.27,2026-07-13T04:00:00Z,2026-07-13T04:00:00Z
STM-00557-202608,ACC-00557,2026-07-13,2026-08-12,1790.70,2026-08-13T04:00:00Z,2026-08-13T04:00:00Z
STM-00557-202609,ACC-00557,2026-08-13,2026-09-12,1888.11,2026-09-13T04:00:00Z,2026-09-13T04:00:00Z
STM-00557-202610,ACC-00557,2026-09-13,2026-10-12,1994.29,2026-10-13T04:00:00Z,2026-10-13T04:00:00Z
STM-00557-202611,ACC-00557,2026-10-13,2026-11-12,1238.53,2026-11-13T05:00:00Z,2026-11-13T05:00:00Z
STM-00558-202607,ACC-00558,2026-06-21,2026-07-20,7046.91,2026-07-21T04:00:00Z,2026-07-21T04:00:00Z
STM-00558-202608,ACC-00558,2026-07-21,2026-08-20,5838.85,2026-08-21T04:00:00Z,2026-08-21T04:00:00Z
STM-00558-202609,ACC-00558,2026-08-21,2026-09-20,5442.12,2026-09-21T04:00:00Z,2026-09-21T04:00:00Z
STM-00558-202610,ACC-00558,2026-09-21,2026-10-20,6349.03,2026-10-21T04:00:00Z,2026-10-21T04:00:00Z
STM-00559-202607,ACC-00559,2026-06-09,2026-07-08,707.06,2026-07-09T04:00:00Z,2026-07-09T04:00:00Z
STM-00559-202608,ACC-00559,2026-07-09,2026-08-08,677.96,2026-08-09T04:00:00Z,2026-08-09T04:00:00Z
STM-00559-202609,ACC-00559,2026-08-09,2026-09-08,630.18,2026-09-09T04:00:00Z,2026-09-09T04:00:00Z
STM-00559-202610,ACC-00559,2026-09-09,2026-10-08,725.92,2026-10-09T04:00:00Z,2026-10-09T04:00:00Z
STM-00559-202611,ACC-00559,2026-10-09,2026-11-08,696.61,2026-11-09T05:00:00Z,2026-11-09T05:00:00Z
STM-00560-202607,ACC-00560,2026-06-21,2026-07-20,4839.79,2026-07-21T04:00:00Z,2026-07-21T04:00:00Z
STM-00560-202608,ACC-00560,2026-07-21,2026-08-20,3894.18,2026-08-21T04:00:00Z,2026-08-21T04:00:00Z
STM-00560-202609,ACC-00560,2026-08-21,2026-09-20,5145.21,2026-09-21T04:00:00Z,2026-09-21T04:00:00Z
STM-00560-202610,ACC-00560,2026-09-21,2026-10-20,5088.94,2026-10-21T04:00:00Z,2026-10-21T04:00:00Z
STM-00561-202607,ACC-00561,2026-06-13,2026-07-12,2350.98,2026-07-13T04:00:00Z,2026-07-13T04:00:00Z
STM-00561-202608,ACC-00561,2026-07-13,2026-08-12,3067.83,2026-08-13T04:00:00Z,2026-08-13T04:00:00Z
STM-00561-202609,ACC-00561,2026-08-13,2026-09-12,3041.35,2026-09-13T04:00:00Z,2026-09-13T04:00:00Z
STM-00561-202610,ACC-00561,2026-09-13,2026-10-12,3400.69,2026-10-13T04:00:00Z,2026-10-13T04:00:00Z
STM-00561-202611,ACC-00561,2026-10-13,2026-11-12,2037.14,2026-11-13T05:00:00Z,2026-11-13T05:00:00Z
STM-00562-202607,ACC-00562,2026-06-09,2026-07-08,8088.38,2026-07-09T04:00:00Z,2026-07-09T04:00:00Z
STM-00562-202608,ACC-00562,2026-07-09,2026-08-08,7250.13,2026-08-09T04:00:00Z,2026-08-09T04:00:00Z
STM-00562-202609,ACC-00562,2026-08-09,2026-09-08,11544.12,2026-09-09T04:00:00Z,2026-09-09T04:00:00Z
STM-00562-202610,ACC-00562,2026-09-09,2026-10-08,8111.84,2026-10-09T04:00:00Z,2026-10-09T04:00:00Z
STM-00562-202611,ACC-00562,2026-10-09,2026-11-08,6682.82,2026-11-09T05:00:00Z,2026-11-09T05:00:00Z
STM-00563-202608,ACC-00563,2026-07-26,2026-08-25,835.37,2026-08-26T04:00:00Z,2026-08-26T04:00:00Z
STM-00563-202609,ACC-00563,2026-08-26,2026-09-25,1667.81,2026-09-26T04:00:00Z,2026-09-26T04:00:00Z
STM-00563-202610,ACC-00563,2026-09-26,2026-10-25,1578.45,2026-10-26T04:00:00Z,2026-10-26T04:00:00Z
STM-00564-202607,ACC-00564,2026-06-13,2026-07-12,821.93,2026-07-13T04:00:00Z,2026-07-13T04:00:00Z
STM-00564-202608,ACC-00564,2026-07-13,2026-08-12,902.60,2026-08-13T04:00:00Z,2026-08-13T04:00:00Z
STM-00564-202609,ACC-00564,2026-08-13,2026-09-12,805.70,2026-09-13T04:00:00Z,2026-09-13T04:00:00Z
STM-00564-202610,ACC-00564,2026-09-13,2026-10-12,986.78,2026-10-13T04:00:00Z,2026-10-13T04:00:00Z
STM-00564-202611,ACC-00564,2026-10-13,2026-11-12,1081.80,2026-11-13T05:00:00Z,2026-11-13T05:00:00Z
STM-00565-202607,ACC-00565,2026-06-26,2026-07-25,590.20,2026-07-26T04:00:00Z,2026-07-26T04:00:00Z
STM-00565-202608,ACC-00565,2026-07-26,2026-08-25,0.00,2026-08-26T04:00:00Z,2026-08-26T04:00:00Z
STM-00565-202609,ACC-00565,2026-08-26,2026-09-25,547.14,2026-09-26T04:00:00Z,2026-09-26T04:00:00Z
STM-00565-202610,ACC-00565,2026-09-26,2026-10-25,607.47,2026-10-26T04:00:00Z,2026-10-26T04:00:00Z
STM-00566-202607,ACC-00566,2026-06-09,2026-07-08,0.00,2026-07-09T04:00:00Z,2026-07-09T04:00:00Z
STM-00566-202608,ACC-00566,2026-07-09,2026-08-08,100.77,2026-08-09T04:00:00Z,2026-08-09T04:00:00Z
STM-00566-202609,ACC-00566,2026-08-09,2026-09-08,129.93,2026-09-09T04:00:00Z,2026-09-09T04:00:00Z
STM-00566-202610,ACC-00566,2026-09-09,2026-10-08,82.33,2026-10-09T04:00:00Z,2026-10-09T04:00:00Z
STM-00566-202611,ACC-00566,2026-10-09,2026-11-08,116.69,2026-11-09T05:00:00Z,2026-11-09T05:00:00Z
STM-00567-202607,ACC-00567,2026-06-13,2026-07-12,540.98,2026-07-13T04:00:00Z,2026-07-13T04:00:00Z
STM-00567-202608,ACC-00567,2026-07-13,2026-08-12,748.82,2026-08-13T04:00:00Z,2026-08-13T04:00:00Z
STM-00567-202609,ACC-00567,2026-08-13,2026-09-12,1041.42,2026-09-13T04:00:00Z,2026-09-13T04:00:00Z
STM-00567-202610,ACC-00567,2026-09-13,2026-10-12,947.64,2026-10-13T04:00:00Z,2026-10-13T04:00:00Z
STM-00567-202611,ACC-00567,2026-10-13,2026-11-12,793.27,2026-11-13T05:00:00Z,2026-11-13T05:00:00Z
STM-00568-202607,ACC-00568,2026-06-18,2026-07-17,937.09,2026-07-18T04:00:00Z,2026-07-18T04:00:00Z
STM-00568-202608,ACC-00568,2026-07-18,2026-08-17,672.90,2026-08-18T04:00:00Z,2026-08-18T04:00:00Z
STM-00568-202609,ACC-00568,2026-08-18,2026-09-17,1133.39,2026-09-18T04:00:00Z,2026-09-18T04:00:00Z
STM-00568-202610,ACC-00568,2026-09-18,2026-10-17,1604.60,2026-10-18T04:00:00Z,2026-10-18T04:00:00Z
STM-00569-202607,ACC-00569,2026-06-09,2026-07-08,3639.62,2026-07-09T04:00:00Z,2026-07-09T04:00:00Z
STM-00569-202608,ACC-00569,2026-07-09,2026-08-08,3088.79,2026-08-09T04:00:00Z,2026-08-09T04:00:00Z
STM-00569-202609,ACC-00569,2026-08-09,2026-09-08,3263.82,2026-09-09T04:00:00Z,2026-09-09T04:00:00Z
STM-00569-202610,ACC-00569,2026-09-09,2026-10-08,3020.08,2026-10-09T04:00:00Z,2026-10-09T04:00:00Z
STM-00569-202611,ACC-00569,2026-10-09,2026-11-08,3355.57,2026-11-09T05:00:00Z,2026-11-09T05:00:00Z
STM-00570-202607,ACC-00570,2026-06-09,2026-07-08,3965.46,2026-07-09T04:00:00Z,2026-07-09T04:00:00Z
STM-00570-202608,ACC-00570,2026-07-09,2026-08-08,2290.11,2026-08-09T04:00:00Z,2026-08-09T04:00:00Z
STM-00570-202609,ACC-00570,2026-08-09,2026-09-08,3841.26,2026-09-09T04:00:00Z,2026-09-09T04:00:00Z
STM-00570-202610,ACC-00570,2026-09-09,2026-10-08,3104.42,2026-10-09T04:00:00Z,2026-10-09T04:00:00Z
STM-00570-202611,ACC-00570,2026-10-09,2026-11-08,3110.06,2026-11-09T05:00:00Z,2026-11-09T05:00:00Z
STM-00571-202607,ACC-00571,2026-06-13,2026-07-12,385.02,2026-07-13T04:00:00Z,2026-07-13T04:00:00Z
STM-00571-202608,ACC-00571,2026-07-13,2026-08-12,454.21,2026-08-13T04:00:00Z,2026-08-13T04:00:00Z
STM-00571-202609,ACC-00571,2026-08-13,2026-09-12,346.47,2026-09-13T04:00:00Z,2026-09-13T04:00:00Z
STM-00571-202610,ACC-00571,2026-09-13,2026-10-12,409.59,2026-10-13T04:00:00Z,2026-10-13T04:00:00Z
STM-00571-202611,ACC-00571,2026-10-13,2026-11-12,273.26,2026-11-13T05:00:00Z,2026-11-13T05:00:00Z
STM-00572-202607,ACC-00572,2026-06-21,2026-07-20,223.84,2026-07-21T04:00:00Z,2026-07-21T04:00:00Z
STM-00572-202608,ACC-00572,2026-07-21,2026-08-20,281.36,2026-08-21T04:00:00Z,2026-08-21T04:00:00Z
STM-00572-202609,ACC-00572,2026-08-21,2026-09-20,172.63,2026-09-21T04:00:00Z,2026-09-21T04:00:00Z
STM-00572-202610,ACC-00572,2026-09-21,2026-10-20,230.40,2026-10-21T04:00:00Z,2026-10-21T04:00:00Z
STM-00573-202607,ACC-00573,2026-06-26,2026-07-25,1342.59,2026-07-26T04:00:00Z,2026-07-26T04:00:00Z
STM-00573-202608,ACC-00573,2026-07-26,2026-08-25,2193.11,2026-08-26T04:00:00Z,2026-08-26T04:00:00Z
STM-00573-202609,ACC-00573,2026-08-26,2026-09-25,2069.40,2026-09-26T04:00:00Z,2026-09-26T04:00:00Z
STM-00573-202610,ACC-00573,2026-09-26,2026-10-25,1298.60,2026-10-26T04:00:00Z,2026-10-26T04:00:00Z
STM-00574-202607,ACC-00574,2026-06-09,2026-07-08,111.23,2026-07-09T04:00:00Z,2026-07-09T04:00:00Z
STM-00574-202608,ACC-00574,2026-07-09,2026-08-08,108.32,2026-08-09T04:00:00Z,2026-08-09T04:00:00Z
STM-00574-202609,ACC-00574,2026-08-09,2026-09-08,149.92,2026-09-09T04:00:00Z,2026-09-09T04:00:00Z
STM-00574-202610,ACC-00574,2026-09-09,2026-10-08,138.98,2026-10-09T04:00:00Z,2026-10-09T04:00:00Z
STM-00574-202611,ACC-00574,2026-10-09,2026-11-08,138.38,2026-11-09T05:00:00Z,2026-11-09T05:00:00Z
STM-00575-202607,ACC-00575,2026-06-09,2026-07-08,609.07,2026-07-09T04:00:00Z,2026-07-09T04:00:00Z
STM-00575-202608,ACC-00575,2026-07-09,2026-08-08,531.66,2026-08-09T04:00:00Z,2026-08-09T04:00:00Z
STM-00575-202609,ACC-00575,2026-08-09,2026-09-08,381.45,2026-09-09T04:00:00Z,2026-09-09T04:00:00Z
STM-00575-202610,ACC-00575,2026-09-09,2026-10-08,500.09,2026-10-09T04:00:00Z,2026-10-09T04:00:00Z
STM-00575-202611,ACC-00575,2026-10-09,2026-11-08,448.48,2026-11-09T05:00:00Z,2026-11-09T05:00:00Z
STM-00576-202607,ACC-00576,2026-06-18,2026-07-17,1470.35,2026-07-18T04:00:00Z,2026-07-18T04:00:00Z
STM-00576-202608,ACC-00576,2026-07-18,2026-08-17,1117.75,2026-08-18T04:00:00Z,2026-08-18T04:00:00Z
STM-00576-202609,ACC-00576,2026-08-18,2026-09-17,2455.99,2026-09-18T04:00:00Z,2026-09-18T04:00:00Z
STM-00576-202610,ACC-00576,2026-09-18,2026-10-17,2244.01,2026-10-18T04:00:00Z,2026-10-18T04:00:00Z
STM-00577-202607,ACC-00577,2026-06-09,2026-07-08,2151.34,2026-07-09T04:00:00Z,2026-07-09T04:00:00Z
STM-00577-202608,ACC-00577,2026-07-09,2026-08-08,1766.33,2026-08-09T04:00:00Z,2026-08-09T04:00:00Z
STM-00577-202609,ACC-00577,2026-08-09,2026-09-08,1756.25,2026-09-09T04:00:00Z,2026-09-09T04:00:00Z
STM-00577-202610,ACC-00577,2026-09-09,2026-10-08,631.36,2026-10-09T04:00:00Z,2026-10-09T04:00:00Z
STM-00577-202611,ACC-00577,2026-10-09,2026-11-08,1864.47,2026-11-09T05:00:00Z,2026-11-09T05:00:00Z
STM-00578-202608,ACC-00578,2026-07-21,2026-08-20,7639.93,2026-08-21T04:00:00Z,2026-08-21T04:00:00Z
STM-00578-202609,ACC-00578,2026-08-21,2026-09-20,9514.76,2026-09-21T04:00:00Z,2026-09-21T04:00:00Z
STM-00578-202610,ACC-00578,2026-09-21,2026-10-20,9723.89,2026-10-21T04:00:00Z,2026-10-21T04:00:00Z
STM-00579-202607,ACC-00579,2026-06-04,2026-07-03,2927.57,2026-07-04T04:00:00Z,2026-07-04T04:00:00Z
STM-00579-202608,ACC-00579,2026-07-04,2026-08-03,4344.82,2026-08-04T04:00:00Z,2026-08-04T04:00:00Z
STM-00579-202609,ACC-00579,2026-08-04,2026-09-03,6384.41,2026-09-04T04:00:00Z,2026-09-04T04:00:00Z
STM-00579-202610,ACC-00579,2026-09-04,2026-10-03,2833.10,2026-10-04T04:00:00Z,2026-10-04T04:00:00Z
STM-00579-202611,ACC-00579,2026-10-04,2026-11-03,5656.73,2026-11-04T05:00:00Z,2026-11-04T05:00:00Z
STM-00580-202607,ACC-00580,2026-06-04,2026-07-03,293.10,2026-07-04T04:00:00Z,2026-07-04T04:00:00Z
STM-00580-202608,ACC-00580,2026-07-04,2026-08-03,119.82,2026-08-04T04:00:00Z,2026-08-04T04:00:00Z
STM-00580-202609,ACC-00580,2026-08-04,2026-09-03,0.00,2026-09-04T04:00:00Z,2026-09-04T04:00:00Z
STM-00580-202610,ACC-00580,2026-09-04,2026-10-03,93.13,2026-10-04T04:00:00Z,2026-10-04T04:00:00Z
STM-00580-202611,ACC-00580,2026-10-04,2026-11-03,110.15,2026-11-04T05:00:00Z,2026-11-04T05:00:00Z
STM-00581-202607,ACC-00581,2026-06-26,2026-07-25,159.42,2026-07-26T04:00:00Z,2026-07-26T04:00:00Z
STM-00581-202608,ACC-00581,2026-07-26,2026-08-25,118.67,2026-08-26T04:00:00Z,2026-08-26T04:00:00Z
STM-00581-202609,ACC-00581,2026-08-26,2026-09-25,89.87,2026-09-26T04:00:00Z,2026-09-26T04:00:00Z
STM-00581-202610,ACC-00581,2026-09-26,2026-10-25,121.73,2026-10-26T04:00:00Z,2026-10-26T04:00:00Z
STM-00582-202607,ACC-00582,2026-06-18,2026-07-17,6332.27,2026-07-18T04:00:00Z,2026-07-18T04:00:00Z
STM-00582-202608,ACC-00582,2026-07-18,2026-08-17,6456.42,2026-08-18T04:00:00Z,2026-08-18T04:00:00Z
STM-00582-202609,ACC-00582,2026-08-18,2026-09-17,5458.19,2026-09-18T04:00:00Z,2026-09-18T04:00:00Z
STM-00582-202610,ACC-00582,2026-09-18,2026-10-17,7483.31,2026-10-18T04:00:00Z,2026-10-18T04:00:00Z
STM-00583-202607,ACC-00583,2026-06-04,2026-07-03,3933.10,2026-07-04T04:00:00Z,2026-07-04T04:00:00Z
STM-00583-202608,ACC-00583,2026-07-04,2026-08-03,5736.80,2026-08-04T04:00:00Z,2026-08-04T04:00:00Z
STM-00583-202609,ACC-00583,2026-08-04,2026-09-03,0.00,2026-09-04T04:00:00Z,2026-09-04T04:00:00Z
STM-00583-202610,ACC-00583,2026-09-04,2026-10-03,3866.25,2026-10-04T04:00:00Z,2026-10-04T04:00:00Z
STM-00583-202611,ACC-00583,2026-10-04,2026-11-03,4965.78,2026-11-04T05:00:00Z,2026-11-04T05:00:00Z
STM-00584-202607,ACC-00584,2026-06-18,2026-07-17,706.44,2026-07-18T04:00:00Z,2026-07-18T04:00:00Z
STM-00584-202608,ACC-00584,2026-07-18,2026-08-17,1751.64,2026-08-18T04:00:00Z,2026-08-18T04:00:00Z
STM-00584-202609,ACC-00584,2026-08-18,2026-09-17,1547.36,2026-09-18T04:00:00Z,2026-09-18T04:00:00Z
STM-00584-202610,ACC-00584,2026-09-18,2026-10-17,1763.45,2026-10-18T04:00:00Z,2026-10-18T04:00:00Z
STM-00585-202607,ACC-00585,2026-06-09,2026-07-08,965.79,2026-07-09T04:00:00Z,2026-07-09T04:00:00Z
STM-00585-202608,ACC-00585,2026-07-09,2026-08-08,756.44,2026-08-09T04:00:00Z,2026-08-09T04:00:00Z
STM-00585-202609,ACC-00585,2026-08-09,2026-09-08,1161.69,2026-09-09T04:00:00Z,2026-09-09T04:00:00Z
STM-00585-202610,ACC-00585,2026-09-09,2026-10-08,578.50,2026-10-09T04:00:00Z,2026-10-09T04:00:00Z
STM-00585-202611,ACC-00585,2026-10-09,2026-11-08,489.87,2026-11-09T05:00:00Z,2026-11-09T05:00:00Z
STM-00586-202607,ACC-00586,2026-06-21,2026-07-20,6224.98,2026-07-21T04:00:00Z,2026-07-21T04:00:00Z
STM-00586-202608,ACC-00586,2026-07-21,2026-08-20,5820.70,2026-08-21T04:00:00Z,2026-08-21T04:00:00Z
STM-00586-202609,ACC-00586,2026-08-21,2026-09-20,4895.78,2026-09-21T04:00:00Z,2026-09-21T04:00:00Z
STM-00586-202610,ACC-00586,2026-09-21,2026-10-20,4272.08,2026-10-21T04:00:00Z,2026-10-21T04:00:00Z
STM-00587-202607,ACC-00587,2026-06-04,2026-07-03,1898.15,2026-07-04T04:00:00Z,2026-07-04T04:00:00Z
STM-00587-202608,ACC-00587,2026-07-04,2026-08-03,2285.97,2026-08-04T04:00:00Z,2026-08-04T04:00:00Z
STM-00587-202609,ACC-00587,2026-08-04,2026-09-03,1671.74,2026-09-04T04:00:00Z,2026-09-04T04:00:00Z
STM-00587-202610,ACC-00587,2026-09-04,2026-10-03,2303.65,2026-10-04T04:00:00Z,2026-10-04T04:00:00Z
STM-00587-202611,ACC-00587,2026-10-04,2026-11-03,0.00,2026-11-04T05:00:00Z,2026-11-04T05:00:00Z
STM-00588-202607,ACC-00588,2026-06-26,2026-07-25,3389.64,2026-07-26T04:00:00Z,2026-07-26T04:00:00Z
STM-00588-202608,ACC-00588,2026-07-26,2026-08-25,2839.25,2026-08-26T04:00:00Z,2026-08-26T04:00:00Z
STM-00588-202609,ACC-00588,2026-08-26,2026-09-25,3045.20,2026-09-26T04:00:00Z,2026-09-26T04:00:00Z
STM-00588-202610,ACC-00588,2026-09-26,2026-10-25,2093.41,2026-10-26T04:00:00Z,2026-10-26T04:00:00Z
STM-00589-202607,ACC-00589,2026-06-18,2026-07-17,1810.65,2026-07-18T04:00:00Z,2026-07-18T04:00:00Z
STM-00589-202608,ACC-00589,2026-07-18,2026-08-17,2184.91,2026-08-18T04:00:00Z,2026-08-18T04:00:00Z
STM-00589-202609,ACC-00589,2026-08-18,2026-09-17,2304.45,2026-09-18T04:00:00Z,2026-09-18T04:00:00Z
STM-00589-202610,ACC-00589,2026-09-18,2026-10-17,2145.82,2026-10-18T04:00:00Z,2026-10-18T04:00:00Z
STM-00590-202607,ACC-00590,2026-06-18,2026-07-17,3115.37,2026-07-18T04:00:00Z,2026-07-18T04:00:00Z
STM-00590-202608,ACC-00590,2026-07-18,2026-08-17,2586.63,2026-08-18T04:00:00Z,2026-08-18T04:00:00Z
STM-00590-202609,ACC-00590,2026-08-18,2026-09-17,2513.43,2026-09-18T04:00:00Z,2026-09-18T04:00:00Z
STM-00590-202610,ACC-00590,2026-09-18,2026-10-17,2325.68,2026-10-18T04:00:00Z,2026-10-18T04:00:00Z
STM-00591-202607,ACC-00591,2026-06-21,2026-07-20,5612.47,2026-07-21T04:00:00Z,2026-07-21T04:00:00Z
STM-00591-202608,ACC-00591,2026-07-21,2026-08-20,2410.18,2026-08-21T04:00:00Z,2026-08-21T04:00:00Z
STM-00591-202609,ACC-00591,2026-08-21,2026-09-20,7687.81,2026-09-21T04:00:00Z,2026-09-21T04:00:00Z
STM-00591-202610,ACC-00591,2026-09-21,2026-10-20,6394.84,2026-10-21T04:00:00Z,2026-10-21T04:00:00Z
STM-00592-202607,ACC-00592,2026-06-26,2026-07-25,1713.99,2026-07-26T04:00:00Z,2026-07-26T04:00:00Z
STM-00592-202608,ACC-00592,2026-07-26,2026-08-25,1214.41,2026-08-26T04:00:00Z,2026-08-26T04:00:00Z
STM-00592-202609,ACC-00592,2026-08-26,2026-09-25,1411.84,2026-09-26T04:00:00Z,2026-09-26T04:00:00Z
STM-00592-202610,ACC-00592,2026-09-26,2026-10-25,1384.78,2026-10-26T04:00:00Z,2026-10-26T04:00:00Z
STM-00593-202607,ACC-00593,2026-06-18,2026-07-17,2245.00,2026-07-18T04:00:00Z,2026-07-18T04:00:00Z
STM-00593-202608,ACC-00593,2026-07-18,2026-08-17,2079.39,2026-08-18T04:00:00Z,2026-08-18T04:00:00Z
STM-00593-202609,ACC-00593,2026-08-18,2026-09-17,0.00,2026-09-18T04:00:00Z,2026-09-18T04:00:00Z
STM-00593-202610,ACC-00593,2026-09-18,2026-10-17,2997.89,2026-10-18T04:00:00Z,2026-10-18T04:00:00Z
STM-00594-202607,ACC-00594,2026-06-26,2026-07-25,2603.24,2026-07-26T04:00:00Z,2026-07-26T04:00:00Z
STM-00594-202608,ACC-00594,2026-07-26,2026-08-25,1482.16,2026-08-26T04:00:00Z,2026-08-26T04:00:00Z
STM-00594-202609,ACC-00594,2026-08-26,2026-09-25,1730.63,2026-09-26T04:00:00Z,2026-09-26T04:00:00Z
STM-00594-202610,ACC-00594,2026-09-26,2026-10-25,2486.52,2026-10-26T04:00:00Z,2026-10-26T04:00:00Z
STM-00595-202607,ACC-00595,2026-06-26,2026-07-25,2667.08,2026-07-26T04:00:00Z,2026-07-26T04:00:00Z
STM-00595-202608,ACC-00595,2026-07-26,2026-08-25,4376.41,2026-08-26T04:00:00Z,2026-08-26T04:00:00Z
STM-00595-202609,ACC-00595,2026-08-26,2026-09-25,3979.84,2026-09-26T04:00:00Z,2026-09-26T04:00:00Z
STM-00595-202610,ACC-00595,2026-09-26,2026-10-25,1807.76,2026-10-26T04:00:00Z,2026-10-26T04:00:00Z
STM-00596-202607,ACC-00596,2026-06-26,2026-07-25,4584.27,2026-07-26T04:00:00Z,2026-07-26T04:00:00Z
STM-00596-202608,ACC-00596,2026-07-26,2026-08-25,3219.10,2026-08-26T04:00:00Z,2026-08-26T04:00:00Z
STM-00596-202609,ACC-00596,2026-08-26,2026-09-25,4390.65,2026-09-26T04:00:00Z,2026-09-26T04:00:00Z
STM-00596-202610,ACC-00596,2026-09-26,2026-10-25,5176.29,2026-10-26T04:00:00Z,2026-10-26T04:00:00Z
STM-00597-202607,ACC-00597,2026-06-13,2026-07-12,0.00,2026-07-13T04:00:00Z,2026-07-13T04:00:00Z
STM-00597-202608,ACC-00597,2026-07-13,2026-08-12,2823.90,2026-08-13T04:00:00Z,2026-08-13T04:00:00Z
STM-00597-202609,ACC-00597,2026-08-13,2026-09-12,3510.23,2026-09-13T04:00:00Z,2026-09-13T04:00:00Z
STM-00597-202610,ACC-00597,2026-09-13,2026-10-12,3254.48,2026-10-13T04:00:00Z,2026-10-13T04:00:00Z
STM-00597-202611,ACC-00597,2026-10-13,2026-11-12,3966.88,2026-11-13T05:00:00Z,2026-11-13T05:00:00Z
STM-00598-202608,ACC-00598,2026-07-21,2026-08-20,1117.55,2026-08-21T04:00:00Z,2026-08-21T04:00:00Z
STM-00598-202609,ACC-00598,2026-08-21,2026-09-20,872.84,2026-09-21T04:00:00Z,2026-09-21T04:00:00Z
STM-00598-202610,ACC-00598,2026-09-21,2026-10-20,469.03,2026-10-21T04:00:00Z,2026-10-21T04:00:00Z
STM-00599-202607,ACC-00599,2026-06-26,2026-07-25,198.86,2026-07-26T04:00:00Z,2026-07-26T04:00:00Z
STM-00599-202608,ACC-00599,2026-07-26,2026-08-25,199.19,2026-08-26T04:00:00Z,2026-08-26T04:00:00Z
STM-00599-202609,ACC-00599,2026-08-26,2026-09-25,122.67,2026-09-26T04:00:00Z,2026-09-26T04:00:00Z
STM-00599-202610,ACC-00599,2026-09-26,2026-10-25,128.83,2026-10-26T04:00:00Z,2026-10-26T04:00:00Z
STM-00600-202608,ACC-00600,2026-07-26,2026-08-25,531.63,2026-08-26T04:00:00Z,2026-08-26T04:00:00Z
STM-00600-202609,ACC-00600,2026-08-26,2026-09-25,1016.03,2026-09-26T04:00:00Z,2026-09-26T04:00:00Z
STM-00600-202610,ACC-00600,2026-09-26,2026-10-25,540.71,2026-10-26T04:00:00Z,2026-10-26T04:00:00Z
STM-00601-202607,ACC-00601,2026-06-09,2026-07-08,427.97,2026-07-09T04:00:00Z,2026-07-09T04:00:00Z
STM-00601-202608,ACC-00601,2026-07-09,2026-08-08,739.99,2026-08-09T04:00:00Z,2026-08-09T04:00:00Z
STM-00601-202609,ACC-00601,2026-08-09,2026-09-08,0.00,2026-09-09T04:00:00Z,2026-09-09T04:00:00Z
STM-00601-202610,ACC-00601,2026-09-09,2026-10-08,1140.58,2026-10-09T04:00:00Z,2026-10-09T04:00:00Z
STM-00601-202611,ACC-00601,2026-10-09,2026-11-08,751.29,2026-11-09T05:00:00Z,2026-11-09T05:00:00Z
STM-00602-202607,ACC-00602,2026-06-09,2026-07-08,1610.76,2026-07-09T04:00:00Z,2026-07-09T04:00:00Z
STM-00602-202608,ACC-00602,2026-07-09,2026-08-08,1366.39,2026-08-09T04:00:00Z,2026-08-09T04:00:00Z
STM-00602-202609,ACC-00602,2026-08-09,2026-09-08,1467.39,2026-09-09T04:00:00Z,2026-09-09T04:00:00Z
STM-00602-202610,ACC-00602,2026-09-09,2026-10-08,1264.89,2026-10-09T04:00:00Z,2026-10-09T04:00:00Z
STM-00602-202611,ACC-00602,2026-10-09,2026-11-08,1228.17,2026-11-09T05:00:00Z,2026-11-09T05:00:00Z
STM-00603-202607,ACC-00603,2026-06-04,2026-07-03,1247.40,2026-07-04T04:00:00Z,2026-07-04T04:00:00Z
STM-00603-202608,ACC-00603,2026-07-04,2026-08-03,0.00,2026-08-04T04:00:00Z,2026-08-04T04:00:00Z
STM-00603-202609,ACC-00603,2026-08-04,2026-09-03,1298.80,2026-09-04T04:00:00Z,2026-09-04T04:00:00Z
STM-00603-202610,ACC-00603,2026-09-04,2026-10-03,1577.04,2026-10-04T04:00:00Z,2026-10-04T04:00:00Z
STM-00603-202611,ACC-00603,2026-10-04,2026-11-03,1647.42,2026-11-04T05:00:00Z,2026-11-04T05:00:00Z
STM-00604-202607,ACC-00604,2026-06-09,2026-07-08,5788.08,2026-07-09T04:00:00Z,2026-07-09T04:00:00Z
STM-00604-202608,ACC-00604,2026-07-09,2026-08-08,5387.08,2026-08-09T04:00:00Z,2026-08-09T04:00:00Z
STM-00604-202609,ACC-00604,2026-08-09,2026-09-08,5630.09,2026-09-09T04:00:00Z,2026-09-09T04:00:00Z
STM-00604-202610,ACC-00604,2026-09-09,2026-10-08,6553.12,2026-10-09T04:00:00Z,2026-10-09T04:00:00Z
STM-00604-202611,ACC-00604,2026-10-09,2026-11-08,5659.77,2026-11-09T05:00:00Z,2026-11-09T05:00:00Z
STM-00605-202607,ACC-00605,2026-06-21,2026-07-20,387.18,2026-07-21T04:00:00Z,2026-07-21T04:00:00Z
STM-00605-202608,ACC-00605,2026-07-21,2026-08-20,248.76,2026-08-21T04:00:00Z,2026-08-21T04:00:00Z
STM-00605-202609,ACC-00605,2026-08-21,2026-09-20,384.94,2026-09-21T04:00:00Z,2026-09-21T04:00:00Z
STM-00605-202610,ACC-00605,2026-09-21,2026-10-20,0.00,2026-10-21T04:00:00Z,2026-10-21T04:00:00Z
STM-00606-202607,ACC-00606,2026-06-13,2026-07-12,0.00,2026-07-13T04:00:00Z,2026-07-13T04:00:00Z
STM-00606-202608,ACC-00606,2026-07-13,2026-08-12,321.09,2026-08-13T04:00:00Z,2026-08-13T04:00:00Z
STM-00606-202609,ACC-00606,2026-08-13,2026-09-12,218.50,2026-09-13T04:00:00Z,2026-09-13T04:00:00Z
STM-00606-202610,ACC-00606,2026-09-13,2026-10-12,546.88,2026-10-13T04:00:00Z,2026-10-13T04:00:00Z
STM-00606-202611,ACC-00606,2026-10-13,2026-11-12,413.06,2026-11-13T05:00:00Z,2026-11-13T05:00:00Z
STM-00607-202607,ACC-00607,2026-06-26,2026-07-25,1595.37,2026-07-26T04:00:00Z,2026-07-26T04:00:00Z
STM-00607-202608,ACC-00607,2026-07-26,2026-08-25,2064.47,2026-08-26T04:00:00Z,2026-08-26T04:00:00Z
STM-00607-202609,ACC-00607,2026-08-26,2026-09-25,2112.74,2026-09-26T04:00:00Z,2026-09-26T04:00:00Z
STM-00607-202610,ACC-00607,2026-09-26,2026-10-25,1873.41,2026-10-26T04:00:00Z,2026-10-26T04:00:00Z
STM-00608-202607,ACC-00608,2026-06-13,2026-07-12,531.14,2026-07-13T04:00:00Z,2026-07-13T04:00:00Z
STM-00608-202608,ACC-00608,2026-07-13,2026-08-12,729.26,2026-08-13T04:00:00Z,2026-08-13T04:00:00Z
STM-00608-202609,ACC-00608,2026-08-13,2026-09-12,639.34,2026-09-13T04:00:00Z,2026-09-13T04:00:00Z
STM-00608-202610,ACC-00608,2026-09-13,2026-10-12,498.78,2026-10-13T04:00:00Z,2026-10-13T04:00:00Z
STM-00608-202611,ACC-00608,2026-10-13,2026-11-12,724.78,2026-11-13T05:00:00Z,2026-11-13T05:00:00Z
STM-00609-202607,ACC-00609,2026-06-18,2026-07-17,454.73,2026-07-18T04:00:00Z,2026-07-18T04:00:00Z
STM-00609-202608,ACC-00609,2026-07-18,2026-08-17,366.60,2026-08-18T04:00:00Z,2026-08-18T04:00:00Z
STM-00609-202609,ACC-00609,2026-08-18,2026-09-17,409.12,2026-09-18T04:00:00Z,2026-09-18T04:00:00Z
STM-00609-202610,ACC-00609,2026-09-18,2026-10-17,338.73,2026-10-18T04:00:00Z,2026-10-18T04:00:00Z
STM-00610-202607,ACC-00610,2026-06-26,2026-07-25,4371.62,2026-07-26T04:00:00Z,2026-07-26T04:00:00Z
STM-00610-202608,ACC-00610,2026-07-26,2026-08-25,3857.00,2026-08-26T04:00:00Z,2026-08-26T04:00:00Z
STM-00610-202609,ACC-00610,2026-08-26,2026-09-25,5498.33,2026-09-26T04:00:00Z,2026-09-26T04:00:00Z
STM-00610-202610,ACC-00610,2026-09-26,2026-10-25,7032.19,2026-10-26T04:00:00Z,2026-10-26T04:00:00Z
STM-00611-202607,ACC-00611,2026-06-18,2026-07-17,6477.91,2026-07-18T04:00:00Z,2026-07-18T04:00:00Z
STM-00611-202608,ACC-00611,2026-07-18,2026-08-17,4728.51,2026-08-18T04:00:00Z,2026-08-18T04:00:00Z
STM-00611-202609,ACC-00611,2026-08-18,2026-09-17,5432.73,2026-09-18T04:00:00Z,2026-09-18T04:00:00Z
STM-00611-202610,ACC-00611,2026-09-18,2026-10-17,3060.55,2026-10-18T04:00:00Z,2026-10-18T04:00:00Z
STM-00612-202607,ACC-00612,2026-06-18,2026-07-17,3573.10,2026-07-18T04:00:00Z,2026-07-18T04:00:00Z
STM-00612-202608,ACC-00612,2026-07-18,2026-08-17,6982.16,2026-08-18T04:00:00Z,2026-08-18T04:00:00Z
STM-00612-202609,ACC-00612,2026-08-18,2026-09-17,5755.41,2026-09-18T04:00:00Z,2026-09-18T04:00:00Z
STM-00612-202610,ACC-00612,2026-09-18,2026-10-17,5663.07,2026-10-18T04:00:00Z,2026-10-18T04:00:00Z
STM-00613-202607,ACC-00613,2026-06-13,2026-07-12,15300.40,2026-07-13T04:00:00Z,2026-07-13T04:00:00Z
STM-00613-202608,ACC-00613,2026-07-13,2026-08-12,14549.04,2026-08-13T04:00:00Z,2026-08-13T04:00:00Z
STM-00613-202609,ACC-00613,2026-08-13,2026-09-12,18943.54,2026-09-13T04:00:00Z,2026-09-13T04:00:00Z
STM-00613-202610,ACC-00613,2026-09-13,2026-10-12,10762.21,2026-10-13T04:00:00Z,2026-10-13T04:00:00Z
STM-00613-202611,ACC-00613,2026-10-13,2026-11-12,12880.16,2026-11-13T05:00:00Z,2026-11-13T05:00:00Z
STM-00614-202607,ACC-00614,2026-06-21,2026-07-20,3746.13,2026-07-21T04:00:00Z,2026-07-21T04:00:00Z
STM-00614-202608,ACC-00614,2026-07-21,2026-08-20,3129.34,2026-08-21T04:00:00Z,2026-08-21T04:00:00Z
STM-00614-202609,ACC-00614,2026-08-21,2026-09-20,1458.32,2026-09-21T04:00:00Z,2026-09-21T04:00:00Z
STM-00614-202610,ACC-00614,2026-09-21,2026-10-20,920.26,2026-10-21T04:00:00Z,2026-10-21T04:00:00Z
STM-00615-202607,ACC-00615,2026-06-21,2026-07-20,778.08,2026-07-21T04:00:00Z,2026-07-21T04:00:00Z
STM-00615-202608,ACC-00615,2026-07-21,2026-08-20,794.19,2026-08-21T04:00:00Z,2026-08-21T04:00:00Z
STM-00615-202609,ACC-00615,2026-08-21,2026-09-20,392.03,2026-09-21T04:00:00Z,2026-09-21T04:00:00Z
STM-00615-202610,ACC-00615,2026-09-21,2026-10-20,634.53,2026-10-21T04:00:00Z,2026-10-21T04:00:00Z
STM-00616-202607,ACC-00616,2026-06-04,2026-07-03,2840.52,2026-07-04T04:00:00Z,2026-07-04T04:00:00Z
STM-00616-202608,ACC-00616,2026-07-04,2026-08-03,2809.76,2026-08-04T04:00:00Z,2026-08-04T04:00:00Z
STM-00616-202609,ACC-00616,2026-08-04,2026-09-03,2392.67,2026-09-04T04:00:00Z,2026-09-04T04:00:00Z
STM-00616-202610,ACC-00616,2026-09-04,2026-10-03,2305.20,2026-10-04T04:00:00Z,2026-10-04T04:00:00Z
STM-00616-202611,ACC-00616,2026-10-04,2026-11-03,3314.75,2026-11-04T05:00:00Z,2026-11-04T05:00:00Z
STM-00617-202607,ACC-00617,2026-06-13,2026-07-12,1062.17,2026-07-13T04:00:00Z,2026-07-13T04:00:00Z
STM-00617-202608,ACC-00617,2026-07-13,2026-08-12,1320.65,2026-08-13T04:00:00Z,2026-08-13T04:00:00Z
STM-00617-202609,ACC-00617,2026-08-13,2026-09-12,1781.09,2026-09-13T04:00:00Z,2026-09-13T04:00:00Z
STM-00617-202610,ACC-00617,2026-09-13,2026-10-12,1444.77,2026-10-13T04:00:00Z,2026-10-13T04:00:00Z
STM-00617-202611,ACC-00617,2026-10-13,2026-11-12,1936.15,2026-11-13T05:00:00Z,2026-11-13T05:00:00Z
STM-00618-202607,ACC-00618,2026-06-04,2026-07-03,3701.94,2026-07-04T04:00:00Z,2026-07-04T04:00:00Z
STM-00618-202608,ACC-00618,2026-07-04,2026-08-03,0.00,2026-08-04T04:00:00Z,2026-08-04T04:00:00Z
STM-00618-202609,ACC-00618,2026-08-04,2026-09-03,2760.63,2026-09-04T04:00:00Z,2026-09-04T04:00:00Z
STM-00618-202610,ACC-00618,2026-09-04,2026-10-03,3141.83,2026-10-04T04:00:00Z,2026-10-04T04:00:00Z
STM-00618-202611,ACC-00618,2026-10-04,2026-11-03,4639.85,2026-11-04T05:00:00Z,2026-11-04T05:00:00Z
STM-00619-202607,ACC-00619,2026-06-13,2026-07-12,3853.11,2026-07-13T04:00:00Z,2026-07-13T04:00:00Z
STM-00619-202608,ACC-00619,2026-07-13,2026-08-12,3899.81,2026-08-13T04:00:00Z,2026-08-13T04:00:00Z
STM-00619-202609,ACC-00619,2026-08-13,2026-09-12,4307.58,2026-09-13T04:00:00Z,2026-09-13T04:00:00Z
STM-00619-202610,ACC-00619,2026-09-13,2026-10-12,1432.76,2026-10-13T04:00:00Z,2026-10-13T04:00:00Z
STM-00619-202611,ACC-00619,2026-10-13,2026-11-12,3626.12,2026-11-13T05:00:00Z,2026-11-13T05:00:00Z
STM-00620-202607,ACC-00620,2026-06-18,2026-07-17,7590.91,2026-07-18T04:00:00Z,2026-07-18T04:00:00Z
STM-00620-202608,ACC-00620,2026-07-18,2026-08-17,6187.05,2026-08-18T04:00:00Z,2026-08-18T04:00:00Z
STM-00620-202609,ACC-00620,2026-08-18,2026-09-17,8138.69,2026-09-18T04:00:00Z,2026-09-18T04:00:00Z
STM-00620-202610,ACC-00620,2026-09-18,2026-10-17,6355.23,2026-10-18T04:00:00Z,2026-10-18T04:00:00Z
STM-00621-202607,ACC-00621,2026-06-04,2026-07-03,10036.09,2026-07-04T04:00:00Z,2026-07-04T04:00:00Z
STM-00621-202608,ACC-00621,2026-07-04,2026-08-03,8139.84,2026-08-04T04:00:00Z,2026-08-04T04:00:00Z
STM-00621-202609,ACC-00621,2026-08-04,2026-09-03,9685.02,2026-09-04T04:00:00Z,2026-09-04T04:00:00Z
STM-00621-202610,ACC-00621,2026-09-04,2026-10-03,6291.05,2026-10-04T04:00:00Z,2026-10-04T04:00:00Z
STM-00621-202611,ACC-00621,2026-10-04,2026-11-03,4914.96,2026-11-04T05:00:00Z,2026-11-04T05:00:00Z
STM-00622-202607,ACC-00622,2026-06-09,2026-07-08,1384.92,2026-07-09T04:00:00Z,2026-07-09T04:00:00Z
STM-00622-202608,ACC-00622,2026-07-09,2026-08-08,855.78,2026-08-09T04:00:00Z,2026-08-09T04:00:00Z
STM-00622-202609,ACC-00622,2026-08-09,2026-09-08,1044.60,2026-09-09T04:00:00Z,2026-09-09T04:00:00Z
STM-00622-202610,ACC-00622,2026-09-09,2026-10-08,1077.76,2026-10-09T04:00:00Z,2026-10-09T04:00:00Z
STM-00622-202611,ACC-00622,2026-10-09,2026-11-08,1312.30,2026-11-09T05:00:00Z,2026-11-09T05:00:00Z
STM-00623-202607,ACC-00623,2026-06-09,2026-07-08,4646.94,2026-07-09T04:00:00Z,2026-07-09T04:00:00Z
STM-00623-202608,ACC-00623,2026-07-09,2026-08-08,4211.38,2026-08-09T04:00:00Z,2026-08-09T04:00:00Z
STM-00623-202609,ACC-00623,2026-08-09,2026-09-08,5545.88,2026-09-09T04:00:00Z,2026-09-09T04:00:00Z
STM-00623-202610,ACC-00623,2026-09-09,2026-10-08,3246.10,2026-10-09T04:00:00Z,2026-10-09T04:00:00Z
STM-00623-202611,ACC-00623,2026-10-09,2026-11-08,4378.60,2026-11-09T05:00:00Z,2026-11-09T05:00:00Z
STM-00624-202607,ACC-00624,2026-06-21,2026-07-20,916.44,2026-07-21T04:00:00Z,2026-07-21T04:00:00Z
STM-00624-202608,ACC-00624,2026-07-21,2026-08-20,515.14,2026-08-21T04:00:00Z,2026-08-21T04:00:00Z
STM-00624-202609,ACC-00624,2026-08-21,2026-09-20,1038.59,2026-09-21T04:00:00Z,2026-09-21T04:00:00Z
STM-00624-202610,ACC-00624,2026-09-21,2026-10-20,663.34,2026-10-21T04:00:00Z,2026-10-21T04:00:00Z
STM-00625-202607,ACC-00625,2026-06-13,2026-07-12,5994.39,2026-07-13T04:00:00Z,2026-07-13T04:00:00Z
STM-00625-202608,ACC-00625,2026-07-13,2026-08-12,7675.93,2026-08-13T04:00:00Z,2026-08-13T04:00:00Z
STM-00625-202609,ACC-00625,2026-08-13,2026-09-12,7611.38,2026-09-13T04:00:00Z,2026-09-13T04:00:00Z
STM-00625-202610,ACC-00625,2026-09-13,2026-10-12,9402.44,2026-10-13T04:00:00Z,2026-10-13T04:00:00Z
STM-00625-202611,ACC-00625,2026-10-13,2026-11-12,4926.48,2026-11-13T05:00:00Z,2026-11-13T05:00:00Z
STM-00626-202607,ACC-00626,2026-06-21,2026-07-20,2327.35,2026-07-21T04:00:00Z,2026-07-21T04:00:00Z
STM-00626-202608,ACC-00626,2026-07-21,2026-08-20,2344.52,2026-08-21T04:00:00Z,2026-08-21T04:00:00Z
STM-00626-202609,ACC-00626,2026-08-21,2026-09-20,2400.94,2026-09-21T04:00:00Z,2026-09-21T04:00:00Z
STM-00626-202610,ACC-00626,2026-09-21,2026-10-20,1436.69,2026-10-21T04:00:00Z,2026-10-21T04:00:00Z
STM-00627-202607,ACC-00627,2026-06-04,2026-07-03,3774.69,2026-07-04T04:00:00Z,2026-07-04T04:00:00Z
STM-00627-202608,ACC-00627,2026-07-04,2026-08-03,5934.20,2026-08-04T04:00:00Z,2026-08-04T04:00:00Z
STM-00627-202609,ACC-00627,2026-08-04,2026-09-03,4120.85,2026-09-04T04:00:00Z,2026-09-04T04:00:00Z
STM-00627-202610,ACC-00627,2026-09-04,2026-10-03,2961.63,2026-10-04T04:00:00Z,2026-10-04T04:00:00Z
STM-00627-202611,ACC-00627,2026-10-04,2026-11-03,5338.06,2026-11-04T05:00:00Z,2026-11-04T05:00:00Z
STM-00628-202607,ACC-00628,2026-06-13,2026-07-12,1318.07,2026-07-13T04:00:00Z,2026-07-13T04:00:00Z
STM-00628-202608,ACC-00628,2026-07-13,2026-08-12,931.69,2026-08-13T04:00:00Z,2026-08-13T04:00:00Z
STM-00628-202609,ACC-00628,2026-08-13,2026-09-12,1666.26,2026-09-13T04:00:00Z,2026-09-13T04:00:00Z
STM-00628-202610,ACC-00628,2026-09-13,2026-10-12,0.00,2026-10-13T04:00:00Z,2026-10-13T04:00:00Z
STM-00628-202611,ACC-00628,2026-10-13,2026-11-12,1260.38,2026-11-13T05:00:00Z,2026-11-13T05:00:00Z
STM-00629-202607,ACC-00629,2026-06-21,2026-07-20,1201.09,2026-07-21T04:00:00Z,2026-07-21T04:00:00Z
STM-00629-202608,ACC-00629,2026-07-21,2026-08-20,1134.11,2026-08-21T04:00:00Z,2026-08-21T04:00:00Z
STM-00629-202609,ACC-00629,2026-08-21,2026-09-20,1376.12,2026-09-21T04:00:00Z,2026-09-21T04:00:00Z
STM-00629-202610,ACC-00629,2026-09-21,2026-10-20,1054.87,2026-10-21T04:00:00Z,2026-10-21T04:00:00Z
STM-00630-202607,ACC-00630,2026-06-18,2026-07-17,460.04,2026-07-18T04:00:00Z,2026-07-18T04:00:00Z
STM-00630-202608,ACC-00630,2026-07-18,2026-08-17,408.76,2026-08-18T04:00:00Z,2026-08-18T04:00:00Z
STM-00630-202609,ACC-00630,2026-08-18,2026-09-17,269.55,2026-09-18T04:00:00Z,2026-09-18T04:00:00Z
STM-00630-202610,ACC-00630,2026-09-18,2026-10-17,417.57,2026-10-18T04:00:00Z,2026-10-18T04:00:00Z
STM-00631-202607,ACC-00631,2026-06-04,2026-07-03,1329.31,2026-07-04T04:00:00Z,2026-07-04T04:00:00Z
STM-00631-202608,ACC-00631,2026-07-04,2026-08-03,1139.00,2026-08-04T04:00:00Z,2026-08-04T04:00:00Z
STM-00631-202609,ACC-00631,2026-08-04,2026-09-03,1080.17,2026-09-04T04:00:00Z,2026-09-04T04:00:00Z
STM-00631-202610,ACC-00631,2026-09-04,2026-10-03,1316.34,2026-10-04T04:00:00Z,2026-10-04T04:00:00Z
STM-00631-202611,ACC-00631,2026-10-04,2026-11-03,1449.50,2026-11-04T05:00:00Z,2026-11-04T05:00:00Z
STM-00632-202607,ACC-00632,2026-06-26,2026-07-25,796.95,2026-07-26T04:00:00Z,2026-07-26T04:00:00Z
STM-00632-202608,ACC-00632,2026-07-26,2026-08-25,759.84,2026-08-26T04:00:00Z,2026-08-26T04:00:00Z
STM-00632-202609,ACC-00632,2026-08-26,2026-09-25,587.43,2026-09-26T04:00:00Z,2026-09-26T04:00:00Z
STM-00632-202610,ACC-00632,2026-09-26,2026-10-25,784.31,2026-10-26T04:00:00Z,2026-10-26T04:00:00Z
STM-00633-202607,ACC-00633,2026-06-26,2026-07-25,468.69,2026-07-26T04:00:00Z,2026-07-26T04:00:00Z
STM-00633-202608,ACC-00633,2026-07-26,2026-08-25,554.45,2026-08-26T04:00:00Z,2026-08-26T04:00:00Z
STM-00633-202609,ACC-00633,2026-08-26,2026-09-25,485.61,2026-09-26T04:00:00Z,2026-09-26T04:00:00Z
STM-00633-202610,ACC-00633,2026-09-26,2026-10-25,480.77,2026-10-26T04:00:00Z,2026-10-26T04:00:00Z
STM-00634-202607,ACC-00634,2026-06-26,2026-07-25,1466.94,2026-07-26T04:00:00Z,2026-07-26T04:00:00Z
STM-00634-202608,ACC-00634,2026-07-26,2026-08-25,1797.01,2026-08-26T04:00:00Z,2026-08-26T04:00:00Z
STM-00634-202609,ACC-00634,2026-08-26,2026-09-25,1705.96,2026-09-26T04:00:00Z,2026-09-26T04:00:00Z
STM-00634-202610,ACC-00634,2026-09-26,2026-10-25,1520.85,2026-10-26T04:00:00Z,2026-10-26T04:00:00Z
STM-00635-202607,ACC-00635,2026-06-04,2026-07-03,98.75,2026-07-04T04:00:00Z,2026-07-04T04:00:00Z
STM-00635-202608,ACC-00635,2026-07-04,2026-08-03,179.99,2026-08-04T04:00:00Z,2026-08-04T04:00:00Z
STM-00635-202609,ACC-00635,2026-08-04,2026-09-03,114.83,2026-09-04T04:00:00Z,2026-09-04T04:00:00Z
STM-00635-202610,ACC-00635,2026-09-04,2026-10-03,127.97,2026-10-04T04:00:00Z,2026-10-04T04:00:00Z
STM-00635-202611,ACC-00635,2026-10-04,2026-11-03,98.96,2026-11-04T05:00:00Z,2026-11-04T05:00:00Z
STM-00636-202607,ACC-00636,2026-06-09,2026-07-08,2202.02,2026-07-09T04:00:00Z,2026-07-09T04:00:00Z
STM-00636-202608,ACC-00636,2026-07-09,2026-08-08,3836.60,2026-08-09T04:00:00Z,2026-08-09T04:00:00Z
STM-00636-202609,ACC-00636,2026-08-09,2026-09-08,5212.12,2026-09-09T04:00:00Z,2026-09-09T04:00:00Z
STM-00636-202610,ACC-00636,2026-09-09,2026-10-08,3553.47,2026-10-09T04:00:00Z,2026-10-09T04:00:00Z
STM-00636-202611,ACC-00636,2026-10-09,2026-11-08,2188.55,2026-11-09T05:00:00Z,2026-11-09T05:00:00Z
STM-00637-202607,ACC-00637,2026-06-18,2026-07-17,2970.50,2026-07-18T04:00:00Z,2026-07-18T04:00:00Z
STM-00637-202608,ACC-00637,2026-07-18,2026-08-17,2841.29,2026-08-18T04:00:00Z,2026-08-18T04:00:00Z
STM-00637-202609,ACC-00637,2026-08-18,2026-09-17,2012.94,2026-09-18T04:00:00Z,2026-09-18T04:00:00Z
STM-00637-202610,ACC-00637,2026-09-18,2026-10-17,3428.84,2026-10-18T04:00:00Z,2026-10-18T04:00:00Z
STM-00638-202607,ACC-00638,2026-06-18,2026-07-17,2999.06,2026-07-18T04:00:00Z,2026-07-18T04:00:00Z
STM-00638-202608,ACC-00638,2026-07-18,2026-08-17,3390.53,2026-08-18T04:00:00Z,2026-08-18T04:00:00Z
STM-00638-202609,ACC-00638,2026-08-18,2026-09-17,1903.92,2026-09-18T04:00:00Z,2026-09-18T04:00:00Z
STM-00638-202610,ACC-00638,2026-09-18,2026-10-17,0.00,2026-10-18T04:00:00Z,2026-10-18T04:00:00Z
STM-00639-202607,ACC-00639,2026-06-18,2026-07-17,1904.16,2026-07-18T04:00:00Z,2026-07-18T04:00:00Z
STM-00639-202608,ACC-00639,2026-07-18,2026-08-17,2523.05,2026-08-18T04:00:00Z,2026-08-18T04:00:00Z
STM-00639-202609,ACC-00639,2026-08-18,2026-09-17,1708.02,2026-09-18T04:00:00Z,2026-09-18T04:00:00Z
STM-00639-202610,ACC-00639,2026-09-18,2026-10-17,4949.45,2026-10-18T04:00:00Z,2026-10-18T04:00:00Z
STM-00640-202607,ACC-00640,2026-06-21,2026-07-20,3070.12,2026-07-21T04:00:00Z,2026-07-21T04:00:00Z
STM-00640-202608,ACC-00640,2026-07-21,2026-08-20,2061.33,2026-08-21T04:00:00Z,2026-08-21T04:00:00Z
STM-00640-202609,ACC-00640,2026-08-21,2026-09-20,3217.72,2026-09-21T04:00:00Z,2026-09-21T04:00:00Z
STM-00640-202610,ACC-00640,2026-09-21,2026-10-20,3022.81,2026-10-21T04:00:00Z,2026-10-21T04:00:00Z
STM-00641-202607,ACC-00641,2026-06-04,2026-07-03,3831.79,2026-07-04T04:00:00Z,2026-07-04T04:00:00Z
STM-00641-202608,ACC-00641,2026-07-04,2026-08-03,2685.77,2026-08-04T04:00:00Z,2026-08-04T04:00:00Z
STM-00641-202609,ACC-00641,2026-08-04,2026-09-03,2618.87,2026-09-04T04:00:00Z,2026-09-04T04:00:00Z
STM-00641-202610,ACC-00641,2026-09-04,2026-10-03,2032.78,2026-10-04T04:00:00Z,2026-10-04T04:00:00Z
STM-00641-202611,ACC-00641,2026-10-04,2026-11-03,3481.90,2026-11-04T05:00:00Z,2026-11-04T05:00:00Z
STM-00642-202607,ACC-00642,2026-06-21,2026-07-20,740.47,2026-07-21T04:00:00Z,2026-07-21T04:00:00Z
STM-00642-202608,ACC-00642,2026-07-21,2026-08-20,715.11,2026-08-21T04:00:00Z,2026-08-21T04:00:00Z
STM-00642-202609,ACC-00642,2026-08-21,2026-09-20,691.68,2026-09-21T04:00:00Z,2026-09-21T04:00:00Z
STM-00642-202610,ACC-00642,2026-09-21,2026-10-20,783.65,2026-10-21T04:00:00Z,2026-10-21T04:00:00Z
STM-00643-202607,ACC-00643,2026-06-26,2026-07-25,3668.77,2026-07-26T04:00:00Z,2026-07-26T04:00:00Z
STM-00643-202608,ACC-00643,2026-07-26,2026-08-25,3659.63,2026-08-26T04:00:00Z,2026-08-26T04:00:00Z
STM-00643-202609,ACC-00643,2026-08-26,2026-09-25,4270.45,2026-09-26T04:00:00Z,2026-09-26T04:00:00Z
STM-00643-202610,ACC-00643,2026-09-26,2026-10-25,4536.68,2026-10-26T04:00:00Z,2026-10-26T04:00:00Z
STM-00644-202607,ACC-00644,2026-06-26,2026-07-25,4685.38,2026-07-26T04:00:00Z,2026-07-26T04:00:00Z
STM-00644-202608,ACC-00644,2026-07-26,2026-08-25,6249.57,2026-08-26T04:00:00Z,2026-08-26T04:00:00Z
STM-00644-202609,ACC-00644,2026-08-26,2026-09-25,3224.19,2026-09-26T04:00:00Z,2026-09-26T04:00:00Z
STM-00644-202610,ACC-00644,2026-09-26,2026-10-25,0.00,2026-10-26T04:00:00Z,2026-10-26T04:00:00Z
STM-00645-202607,ACC-00645,2026-06-09,2026-07-08,610.35,2026-07-09T04:00:00Z,2026-07-09T04:00:00Z
STM-00645-202608,ACC-00645,2026-07-09,2026-08-08,893.78,2026-08-09T04:00:00Z,2026-08-09T04:00:00Z
STM-00645-202609,ACC-00645,2026-08-09,2026-09-08,954.81,2026-09-09T04:00:00Z,2026-09-09T04:00:00Z
STM-00645-202610,ACC-00645,2026-09-09,2026-10-08,707.11,2026-10-09T04:00:00Z,2026-10-09T04:00:00Z
STM-00645-202611,ACC-00645,2026-10-09,2026-11-08,947.89,2026-11-09T05:00:00Z,2026-11-09T05:00:00Z
STM-00646-202607,ACC-00646,2026-06-18,2026-07-17,3109.69,2026-07-18T04:00:00Z,2026-07-18T04:00:00Z
STM-00646-202608,ACC-00646,2026-07-18,2026-08-17,1417.91,2026-08-18T04:00:00Z,2026-08-18T04:00:00Z
STM-00646-202609,ACC-00646,2026-08-18,2026-09-17,3127.80,2026-09-18T04:00:00Z,2026-09-18T04:00:00Z
STM-00646-202610,ACC-00646,2026-09-18,2026-10-17,3028.78,2026-10-18T04:00:00Z,2026-10-18T04:00:00Z
STM-00647-202607,ACC-00647,2026-06-09,2026-07-08,4764.94,2026-07-09T04:00:00Z,2026-07-09T04:00:00Z
STM-00647-202608,ACC-00647,2026-07-09,2026-08-08,3960.54,2026-08-09T04:00:00Z,2026-08-09T04:00:00Z
STM-00647-202609,ACC-00647,2026-08-09,2026-09-08,5486.00,2026-09-09T04:00:00Z,2026-09-09T04:00:00Z
STM-00647-202610,ACC-00647,2026-09-09,2026-10-08,4060.02,2026-10-09T04:00:00Z,2026-10-09T04:00:00Z
STM-00647-202611,ACC-00647,2026-10-09,2026-11-08,4931.51,2026-11-09T05:00:00Z,2026-11-09T05:00:00Z
STM-00648-202609,ACC-00648,2026-08-21,2026-09-20,2282.05,2026-09-21T04:00:00Z,2026-09-21T04:00:00Z
STM-00648-202610,ACC-00648,2026-09-21,2026-10-20,3187.97,2026-10-21T04:00:00Z,2026-10-21T04:00:00Z
STM-00649-202607,ACC-00649,2026-06-04,2026-07-03,2490.41,2026-07-04T04:00:00Z,2026-07-04T04:00:00Z
STM-00649-202608,ACC-00649,2026-07-04,2026-08-03,1633.71,2026-08-04T04:00:00Z,2026-08-04T04:00:00Z
STM-00649-202609,ACC-00649,2026-08-04,2026-09-03,1093.22,2026-09-04T04:00:00Z,2026-09-04T04:00:00Z
STM-00649-202610,ACC-00649,2026-09-04,2026-10-03,2427.88,2026-10-04T04:00:00Z,2026-10-04T04:00:00Z
STM-00649-202611,ACC-00649,2026-10-04,2026-11-03,2211.10,2026-11-04T05:00:00Z,2026-11-04T05:00:00Z
STM-00650-202607,ACC-00650,2026-06-13,2026-07-12,496.21,2026-07-13T04:00:00Z,2026-07-13T04:00:00Z
STM-00650-202608,ACC-00650,2026-07-13,2026-08-12,336.73,2026-08-13T04:00:00Z,2026-08-13T04:00:00Z
STM-00650-202609,ACC-00650,2026-08-13,2026-09-12,793.93,2026-09-13T04:00:00Z,2026-09-13T04:00:00Z
STM-00650-202610,ACC-00650,2026-09-13,2026-10-12,533.52,2026-10-13T04:00:00Z,2026-10-13T04:00:00Z
STM-00650-202611,ACC-00650,2026-10-13,2026-11-12,299.75,2026-11-13T05:00:00Z,2026-11-13T05:00:00Z
STM-00651-202607,ACC-00651,2026-06-21,2026-07-20,157.15,2026-07-21T04:00:00Z,2026-07-21T04:00:00Z
STM-00651-202608,ACC-00651,2026-07-21,2026-08-20,206.33,2026-08-21T04:00:00Z,2026-08-21T04:00:00Z
STM-00651-202609,ACC-00651,2026-08-21,2026-09-20,218.85,2026-09-21T04:00:00Z,2026-09-21T04:00:00Z
STM-00651-202610,ACC-00651,2026-09-21,2026-10-20,197.73,2026-10-21T04:00:00Z,2026-10-21T04:00:00Z
STM-00652-202607,ACC-00652,2026-06-26,2026-07-25,1690.04,2026-07-26T04:00:00Z,2026-07-26T04:00:00Z
STM-00652-202608,ACC-00652,2026-07-26,2026-08-25,1269.78,2026-08-26T04:00:00Z,2026-08-26T04:00:00Z
STM-00652-202609,ACC-00652,2026-08-26,2026-09-25,1455.49,2026-09-26T04:00:00Z,2026-09-26T04:00:00Z
STM-00652-202610,ACC-00652,2026-09-26,2026-10-25,1080.74,2026-10-26T04:00:00Z,2026-10-26T04:00:00Z
STM-00653-202607,ACC-00653,2026-06-04,2026-07-03,214.86,2026-07-04T04:00:00Z,2026-07-04T04:00:00Z
STM-00653-202608,ACC-00653,2026-07-04,2026-08-03,238.02,2026-08-04T04:00:00Z,2026-08-04T04:00:00Z
STM-00653-202609,ACC-00653,2026-08-04,2026-09-03,205.12,2026-09-04T04:00:00Z,2026-09-04T04:00:00Z
STM-00653-202610,ACC-00653,2026-09-04,2026-10-03,245.37,2026-10-04T04:00:00Z,2026-10-04T04:00:00Z
STM-00653-202611,ACC-00653,2026-10-04,2026-11-03,298.21,2026-11-04T05:00:00Z,2026-11-04T05:00:00Z
STM-00654-202607,ACC-00654,2026-06-18,2026-07-17,424.13,2026-07-18T04:00:00Z,2026-07-18T04:00:00Z
STM-00654-202608,ACC-00654,2026-07-18,2026-08-17,571.13,2026-08-18T04:00:00Z,2026-08-18T04:00:00Z
STM-00654-202609,ACC-00654,2026-08-18,2026-09-17,486.61,2026-09-18T04:00:00Z,2026-09-18T04:00:00Z
STM-00654-202610,ACC-00654,2026-09-18,2026-10-17,423.95,2026-10-18T04:00:00Z,2026-10-18T04:00:00Z
STM-00655-202607,ACC-00655,2026-06-09,2026-07-08,482.75,2026-07-09T04:00:00Z,2026-07-09T04:00:00Z
STM-00655-202608,ACC-00655,2026-07-09,2026-08-08,417.93,2026-08-09T04:00:00Z,2026-08-09T04:00:00Z
STM-00655-202609,ACC-00655,2026-08-09,2026-09-08,772.19,2026-09-09T04:00:00Z,2026-09-09T04:00:00Z
STM-00655-202610,ACC-00655,2026-09-09,2026-10-08,730.54,2026-10-09T04:00:00Z,2026-10-09T04:00:00Z
STM-00655-202611,ACC-00655,2026-10-09,2026-11-08,844.04,2026-11-09T05:00:00Z,2026-11-09T05:00:00Z
STM-00656-202609,ACC-00656,2026-08-18,2026-09-17,2837.12,2026-09-18T04:00:00Z,2026-09-18T04:00:00Z
STM-00656-202610,ACC-00656,2026-09-18,2026-10-17,4848.28,2026-10-18T04:00:00Z,2026-10-18T04:00:00Z
STM-00657-202607,ACC-00657,2026-06-04,2026-07-03,129.13,2026-07-04T04:00:00Z,2026-07-04T04:00:00Z
STM-00657-202608,ACC-00657,2026-07-04,2026-08-03,277.20,2026-08-04T04:00:00Z,2026-08-04T04:00:00Z
STM-00657-202609,ACC-00657,2026-08-04,2026-09-03,481.53,2026-09-04T04:00:00Z,2026-09-04T04:00:00Z
STM-00657-202610,ACC-00657,2026-09-04,2026-10-03,380.56,2026-10-04T04:00:00Z,2026-10-04T04:00:00Z
STM-00657-202611,ACC-00657,2026-10-04,2026-11-03,474.94,2026-11-04T05:00:00Z,2026-11-04T05:00:00Z
STM-00658-202607,ACC-00658,2026-06-26,2026-07-25,801.82,2026-07-26T04:00:00Z,2026-07-26T04:00:00Z
STM-00658-202608,ACC-00658,2026-07-26,2026-08-25,1242.30,2026-08-26T04:00:00Z,2026-08-26T04:00:00Z
STM-00658-202609,ACC-00658,2026-08-26,2026-09-25,1106.03,2026-09-26T04:00:00Z,2026-09-26T04:00:00Z
STM-00658-202610,ACC-00658,2026-09-26,2026-10-25,1121.41,2026-10-26T04:00:00Z,2026-10-26T04:00:00Z
STM-00659-202607,ACC-00659,2026-06-21,2026-07-20,1189.46,2026-07-21T04:00:00Z,2026-07-21T04:00:00Z
STM-00659-202608,ACC-00659,2026-07-21,2026-08-20,1555.58,2026-08-21T04:00:00Z,2026-08-21T04:00:00Z
STM-00659-202609,ACC-00659,2026-08-21,2026-09-20,2414.51,2026-09-21T04:00:00Z,2026-09-21T04:00:00Z
STM-00659-202610,ACC-00659,2026-09-21,2026-10-20,1906.11,2026-10-21T04:00:00Z,2026-10-21T04:00:00Z
STM-00660-202607,ACC-00660,2026-06-09,2026-07-08,2017.99,2026-07-09T04:00:00Z,2026-07-09T04:00:00Z
STM-00660-202608,ACC-00660,2026-07-09,2026-08-08,1192.38,2026-08-09T04:00:00Z,2026-08-09T04:00:00Z
STM-00660-202609,ACC-00660,2026-08-09,2026-09-08,2468.04,2026-09-09T04:00:00Z,2026-09-09T04:00:00Z
STM-00660-202610,ACC-00660,2026-09-09,2026-10-08,1987.83,2026-10-09T04:00:00Z,2026-10-09T04:00:00Z
STM-00660-202611,ACC-00660,2026-10-09,2026-11-08,2253.49,2026-11-09T05:00:00Z,2026-11-09T05:00:00Z
STM-00661-202607,ACC-00661,2026-06-18,2026-07-17,0.00,2026-07-18T04:00:00Z,2026-07-18T04:00:00Z
STM-00661-202608,ACC-00661,2026-07-18,2026-08-17,221.94,2026-08-18T04:00:00Z,2026-08-18T04:00:00Z
STM-00661-202609,ACC-00661,2026-08-18,2026-09-17,160.07,2026-09-18T04:00:00Z,2026-09-18T04:00:00Z
STM-00661-202610,ACC-00661,2026-09-18,2026-10-17,171.92,2026-10-18T04:00:00Z,2026-10-18T04:00:00Z
STM-00662-202607,ACC-00662,2026-06-04,2026-07-03,1435.17,2026-07-04T04:00:00Z,2026-07-04T04:00:00Z
STM-00662-202608,ACC-00662,2026-07-04,2026-08-03,992.39,2026-08-04T04:00:00Z,2026-08-04T04:00:00Z
STM-00662-202609,ACC-00662,2026-08-04,2026-09-03,996.82,2026-09-04T04:00:00Z,2026-09-04T04:00:00Z
STM-00662-202610,ACC-00662,2026-09-04,2026-10-03,0.00,2026-10-04T04:00:00Z,2026-10-04T04:00:00Z
STM-00662-202611,ACC-00662,2026-10-04,2026-11-03,1185.96,2026-11-04T05:00:00Z,2026-11-04T05:00:00Z
STM-00663-202607,ACC-00663,2026-06-26,2026-07-25,3188.86,2026-07-26T04:00:00Z,2026-07-26T04:00:00Z
STM-00663-202608,ACC-00663,2026-07-26,2026-08-25,3921.43,2026-08-26T04:00:00Z,2026-08-26T04:00:00Z
STM-00663-202609,ACC-00663,2026-08-26,2026-09-25,6352.23,2026-09-26T04:00:00Z,2026-09-26T04:00:00Z
STM-00663-202610,ACC-00663,2026-09-26,2026-10-25,5036.91,2026-10-26T04:00:00Z,2026-10-26T04:00:00Z
STM-00664-202607,ACC-00664,2026-06-13,2026-07-12,2513.21,2026-07-13T04:00:00Z,2026-07-13T04:00:00Z
STM-00664-202608,ACC-00664,2026-07-13,2026-08-12,1698.61,2026-08-13T04:00:00Z,2026-08-13T04:00:00Z
STM-00664-202609,ACC-00664,2026-08-13,2026-09-12,0.00,2026-09-13T04:00:00Z,2026-09-13T04:00:00Z
STM-00664-202610,ACC-00664,2026-09-13,2026-10-12,3251.17,2026-10-13T04:00:00Z,2026-10-13T04:00:00Z
STM-00664-202611,ACC-00664,2026-10-13,2026-11-12,2013.81,2026-11-13T05:00:00Z,2026-11-13T05:00:00Z
STM-00665-202607,ACC-00665,2026-06-26,2026-07-25,210.50,2026-07-26T04:00:00Z,2026-07-26T04:00:00Z
STM-00665-202608,ACC-00665,2026-07-26,2026-08-25,193.05,2026-08-26T04:00:00Z,2026-08-26T04:00:00Z
STM-00665-202609,ACC-00665,2026-08-26,2026-09-25,178.59,2026-09-26T04:00:00Z,2026-09-26T04:00:00Z
STM-00665-202610,ACC-00665,2026-09-26,2026-10-25,207.75,2026-10-26T04:00:00Z,2026-10-26T04:00:00Z
STM-00666-202607,ACC-00666,2026-06-04,2026-07-03,890.62,2026-07-04T04:00:00Z,2026-07-04T04:00:00Z
STM-00666-202608,ACC-00666,2026-07-04,2026-08-03,605.60,2026-08-04T04:00:00Z,2026-08-04T04:00:00Z
STM-00666-202609,ACC-00666,2026-08-04,2026-09-03,900.99,2026-09-04T04:00:00Z,2026-09-04T04:00:00Z
STM-00666-202610,ACC-00666,2026-09-04,2026-10-03,680.40,2026-10-04T04:00:00Z,2026-10-04T04:00:00Z
STM-00666-202611,ACC-00666,2026-10-04,2026-11-03,759.11,2026-11-04T05:00:00Z,2026-11-04T05:00:00Z
STM-00667-202607,ACC-00667,2026-06-13,2026-07-12,118.89,2026-07-13T04:00:00Z,2026-07-13T04:00:00Z
STM-00667-202608,ACC-00667,2026-07-13,2026-08-12,163.79,2026-08-13T04:00:00Z,2026-08-13T04:00:00Z
STM-00667-202609,ACC-00667,2026-08-13,2026-09-12,32.92,2026-09-13T04:00:00Z,2026-09-13T04:00:00Z
STM-00667-202610,ACC-00667,2026-09-13,2026-10-12,109.86,2026-10-13T04:00:00Z,2026-10-13T04:00:00Z
STM-00667-202611,ACC-00667,2026-10-13,2026-11-12,158.00,2026-11-13T05:00:00Z,2026-11-13T05:00:00Z
STM-00668-202607,ACC-00668,2026-06-21,2026-07-20,284.26,2026-07-21T04:00:00Z,2026-07-21T04:00:00Z
STM-00668-202608,ACC-00668,2026-07-21,2026-08-20,251.55,2026-08-21T04:00:00Z,2026-08-21T04:00:00Z
STM-00668-202609,ACC-00668,2026-08-21,2026-09-20,0.00,2026-09-21T04:00:00Z,2026-09-21T04:00:00Z
STM-00668-202610,ACC-00668,2026-09-21,2026-10-20,437.39,2026-10-21T04:00:00Z,2026-10-21T04:00:00Z
STM-00669-202607,ACC-00669,2026-06-18,2026-07-17,3622.23,2026-07-18T04:00:00Z,2026-07-18T04:00:00Z
STM-00669-202608,ACC-00669,2026-07-18,2026-08-17,3873.63,2026-08-18T04:00:00Z,2026-08-18T04:00:00Z
STM-00669-202609,ACC-00669,2026-08-18,2026-09-17,4692.95,2026-09-18T04:00:00Z,2026-09-18T04:00:00Z
STM-00669-202610,ACC-00669,2026-09-18,2026-10-17,4694.58,2026-10-18T04:00:00Z,2026-10-18T04:00:00Z
STM-00670-202607,ACC-00670,2026-06-09,2026-07-08,1115.58,2026-07-09T04:00:00Z,2026-07-09T04:00:00Z
STM-00670-202608,ACC-00670,2026-07-09,2026-08-08,1223.70,2026-08-09T04:00:00Z,2026-08-09T04:00:00Z
STM-00670-202609,ACC-00670,2026-08-09,2026-09-08,1817.62,2026-09-09T04:00:00Z,2026-09-09T04:00:00Z
STM-00670-202610,ACC-00670,2026-09-09,2026-10-08,1027.31,2026-10-09T04:00:00Z,2026-10-09T04:00:00Z
STM-00670-202611,ACC-00670,2026-10-09,2026-11-08,1026.08,2026-11-09T05:00:00Z,2026-11-09T05:00:00Z
STM-00671-202607,ACC-00671,2026-06-04,2026-07-03,8255.10,2026-07-04T04:00:00Z,2026-07-04T04:00:00Z
STM-00671-202608,ACC-00671,2026-07-04,2026-08-03,5516.43,2026-08-04T04:00:00Z,2026-08-04T04:00:00Z
STM-00671-202609,ACC-00671,2026-08-04,2026-09-03,6729.53,2026-09-04T04:00:00Z,2026-09-04T04:00:00Z
STM-00671-202610,ACC-00671,2026-09-04,2026-10-03,7290.38,2026-10-04T04:00:00Z,2026-10-04T04:00:00Z
STM-00671-202611,ACC-00671,2026-10-04,2026-11-03,8745.89,2026-11-04T05:00:00Z,2026-11-04T05:00:00Z
STM-00672-202607,ACC-00672,2026-06-04,2026-07-03,9668.76,2026-07-04T04:00:00Z,2026-07-04T04:00:00Z
STM-00672-202608,ACC-00672,2026-07-04,2026-08-03,14145.98,2026-08-04T04:00:00Z,2026-08-04T04:00:00Z
STM-00672-202609,ACC-00672,2026-08-04,2026-09-03,12913.84,2026-09-04T04:00:00Z,2026-09-04T04:00:00Z
STM-00672-202610,ACC-00672,2026-09-04,2026-10-03,9555.70,2026-10-04T04:00:00Z,2026-10-04T04:00:00Z
STM-00672-202611,ACC-00672,2026-10-04,2026-11-03,6382.65,2026-11-04T05:00:00Z,2026-11-04T05:00:00Z
STM-00673-202607,ACC-00673,2026-06-18,2026-07-17,985.59,2026-07-18T04:00:00Z,2026-07-18T04:00:00Z
STM-00673-202608,ACC-00673,2026-07-18,2026-08-17,679.15,2026-08-18T04:00:00Z,2026-08-18T04:00:00Z
STM-00673-202609,ACC-00673,2026-08-18,2026-09-17,552.93,2026-09-18T04:00:00Z,2026-09-18T04:00:00Z
STM-00673-202610,ACC-00673,2026-09-18,2026-10-17,947.75,2026-10-18T04:00:00Z,2026-10-18T04:00:00Z
STM-00674-202607,ACC-00674,2026-06-13,2026-07-12,385.62,2026-07-13T04:00:00Z,2026-07-13T04:00:00Z
STM-00674-202608,ACC-00674,2026-07-13,2026-08-12,0.00,2026-08-13T04:00:00Z,2026-08-13T04:00:00Z
STM-00674-202609,ACC-00674,2026-08-13,2026-09-12,359.50,2026-09-13T04:00:00Z,2026-09-13T04:00:00Z
STM-00674-202610,ACC-00674,2026-09-13,2026-10-12,360.59,2026-10-13T04:00:00Z,2026-10-13T04:00:00Z
STM-00674-202611,ACC-00674,2026-10-13,2026-11-12,241.14,2026-11-13T05:00:00Z,2026-11-13T05:00:00Z
STM-00675-202607,ACC-00675,2026-06-09,2026-07-08,37.11,2026-07-09T04:00:00Z,2026-07-09T04:00:00Z
STM-00675-202608,ACC-00675,2026-07-09,2026-08-08,37.20,2026-08-09T04:00:00Z,2026-08-09T04:00:00Z
STM-00675-202609,ACC-00675,2026-08-09,2026-09-08,47.65,2026-09-09T04:00:00Z,2026-09-09T04:00:00Z
STM-00675-202610,ACC-00675,2026-09-09,2026-10-08,42.10,2026-10-09T04:00:00Z,2026-10-09T04:00:00Z
STM-00675-202611,ACC-00675,2026-10-09,2026-11-08,31.25,2026-11-09T05:00:00Z,2026-11-09T05:00:00Z
STM-00676-202607,ACC-00676,2026-06-13,2026-07-12,492.03,2026-07-13T04:00:00Z,2026-07-13T04:00:00Z
STM-00676-202608,ACC-00676,2026-07-13,2026-08-12,708.61,2026-08-13T04:00:00Z,2026-08-13T04:00:00Z
STM-00676-202609,ACC-00676,2026-08-13,2026-09-12,554.68,2026-09-13T04:00:00Z,2026-09-13T04:00:00Z
STM-00676-202610,ACC-00676,2026-09-13,2026-10-12,400.21,2026-10-13T04:00:00Z,2026-10-13T04:00:00Z
STM-00676-202611,ACC-00676,2026-10-13,2026-11-12,633.02,2026-11-13T05:00:00Z,2026-11-13T05:00:00Z
STM-00677-202607,ACC-00677,2026-06-04,2026-07-03,7475.34,2026-07-04T04:00:00Z,2026-07-04T04:00:00Z
STM-00677-202608,ACC-00677,2026-07-04,2026-08-03,7696.17,2026-08-04T04:00:00Z,2026-08-04T04:00:00Z
STM-00677-202609,ACC-00677,2026-08-04,2026-09-03,4154.12,2026-09-04T04:00:00Z,2026-09-04T04:00:00Z
STM-00677-202610,ACC-00677,2026-09-04,2026-10-03,7664.70,2026-10-04T04:00:00Z,2026-10-04T04:00:00Z
STM-00677-202611,ACC-00677,2026-10-04,2026-11-03,6599.83,2026-11-04T05:00:00Z,2026-11-04T05:00:00Z
STM-00678-202607,ACC-00678,2026-06-21,2026-07-20,94.53,2026-07-21T04:00:00Z,2026-07-21T04:00:00Z
STM-00678-202608,ACC-00678,2026-07-21,2026-08-20,72.10,2026-08-21T04:00:00Z,2026-08-21T04:00:00Z
STM-00678-202609,ACC-00678,2026-08-21,2026-09-20,0.00,2026-09-21T04:00:00Z,2026-09-21T04:00:00Z
STM-00678-202610,ACC-00678,2026-09-21,2026-10-20,89.85,2026-10-21T04:00:00Z,2026-10-21T04:00:00Z
STM-00679-202607,ACC-00679,2026-06-13,2026-07-12,0.00,2026-07-13T04:00:00Z,2026-07-13T04:00:00Z
STM-00679-202608,ACC-00679,2026-07-13,2026-08-12,291.25,2026-08-13T04:00:00Z,2026-08-13T04:00:00Z
STM-00679-202609,ACC-00679,2026-08-13,2026-09-12,1327.96,2026-09-13T04:00:00Z,2026-09-13T04:00:00Z
STM-00679-202610,ACC-00679,2026-09-13,2026-10-12,1250.93,2026-10-13T04:00:00Z,2026-10-13T04:00:00Z
STM-00679-202611,ACC-00679,2026-10-13,2026-11-12,1272.09,2026-11-13T05:00:00Z,2026-11-13T05:00:00Z
STM-00680-202607,ACC-00680,2026-06-13,2026-07-12,1299.40,2026-07-13T04:00:00Z,2026-07-13T04:00:00Z
STM-00680-202608,ACC-00680,2026-07-13,2026-08-12,1079.16,2026-08-13T04:00:00Z,2026-08-13T04:00:00Z
STM-00680-202609,ACC-00680,2026-08-13,2026-09-12,1183.34,2026-09-13T04:00:00Z,2026-09-13T04:00:00Z
STM-00680-202610,ACC-00680,2026-09-13,2026-10-12,1725.20,2026-10-13T04:00:00Z,2026-10-13T04:00:00Z
STM-00680-202611,ACC-00680,2026-10-13,2026-11-12,899.68,2026-11-13T05:00:00Z,2026-11-13T05:00:00Z
STM-00681-202607,ACC-00681,2026-06-13,2026-07-12,1978.51,2026-07-13T04:00:00Z,2026-07-13T04:00:00Z
STM-00681-202608,ACC-00681,2026-07-13,2026-08-12,1598.95,2026-08-13T04:00:00Z,2026-08-13T04:00:00Z
STM-00681-202609,ACC-00681,2026-08-13,2026-09-12,2141.09,2026-09-13T04:00:00Z,2026-09-13T04:00:00Z
STM-00681-202610,ACC-00681,2026-09-13,2026-10-12,2432.67,2026-10-13T04:00:00Z,2026-10-13T04:00:00Z
STM-00681-202611,ACC-00681,2026-10-13,2026-11-12,1892.14,2026-11-13T05:00:00Z,2026-11-13T05:00:00Z
STM-00682-202607,ACC-00682,2026-06-04,2026-07-03,1473.83,2026-07-04T04:00:00Z,2026-07-04T04:00:00Z
STM-00682-202608,ACC-00682,2026-07-04,2026-08-03,1666.63,2026-08-04T04:00:00Z,2026-08-04T04:00:00Z
STM-00682-202609,ACC-00682,2026-08-04,2026-09-03,1285.30,2026-09-04T04:00:00Z,2026-09-04T04:00:00Z
STM-00682-202610,ACC-00682,2026-09-04,2026-10-03,1213.39,2026-10-04T04:00:00Z,2026-10-04T04:00:00Z
STM-00682-202611,ACC-00682,2026-10-04,2026-11-03,1073.07,2026-11-04T05:00:00Z,2026-11-04T05:00:00Z
STM-00683-202607,ACC-00683,2026-06-13,2026-07-12,6098.60,2026-07-13T04:00:00Z,2026-07-13T04:00:00Z
STM-00683-202608,ACC-00683,2026-07-13,2026-08-12,8745.96,2026-08-13T04:00:00Z,2026-08-13T04:00:00Z
STM-00683-202609,ACC-00683,2026-08-13,2026-09-12,10362.13,2026-09-13T04:00:00Z,2026-09-13T04:00:00Z
STM-00683-202610,ACC-00683,2026-09-13,2026-10-12,7096.27,2026-10-13T04:00:00Z,2026-10-13T04:00:00Z
STM-00683-202611,ACC-00683,2026-10-13,2026-11-12,2448.18,2026-11-13T05:00:00Z,2026-11-13T05:00:00Z
STM-00684-202607,ACC-00684,2026-06-13,2026-07-12,68.45,2026-07-13T04:00:00Z,2026-07-13T04:00:00Z
STM-00684-202608,ACC-00684,2026-07-13,2026-08-12,90.23,2026-08-13T04:00:00Z,2026-08-13T04:00:00Z
STM-00684-202609,ACC-00684,2026-08-13,2026-09-12,56.29,2026-09-13T04:00:00Z,2026-09-13T04:00:00Z
STM-00684-202610,ACC-00684,2026-09-13,2026-10-12,76.10,2026-10-13T04:00:00Z,2026-10-13T04:00:00Z
STM-00684-202611,ACC-00684,2026-10-13,2026-11-12,67.84,2026-11-13T05:00:00Z,2026-11-13T05:00:00Z
STM-00685-202607,ACC-00685,2026-06-13,2026-07-12,2237.02,2026-07-13T04:00:00Z,2026-07-13T04:00:00Z
STM-00685-202608,ACC-00685,2026-07-13,2026-08-12,3293.81,2026-08-13T04:00:00Z,2026-08-13T04:00:00Z
STM-00685-202609,ACC-00685,2026-08-13,2026-09-12,3517.32,2026-09-13T04:00:00Z,2026-09-13T04:00:00Z
STM-00685-202610,ACC-00685,2026-09-13,2026-10-12,3026.60,2026-10-13T04:00:00Z,2026-10-13T04:00:00Z
STM-00685-202611,ACC-00685,2026-10-13,2026-11-12,3176.26,2026-11-13T05:00:00Z,2026-11-13T05:00:00Z
STM-00686-202607,ACC-00686,2026-06-09,2026-07-08,11632.70,2026-07-09T04:00:00Z,2026-07-09T04:00:00Z
STM-00686-202608,ACC-00686,2026-07-09,2026-08-08,9698.01,2026-08-09T04:00:00Z,2026-08-09T04:00:00Z
STM-00686-202609,ACC-00686,2026-08-09,2026-09-08,7014.54,2026-09-09T04:00:00Z,2026-09-09T04:00:00Z
STM-00686-202610,ACC-00686,2026-09-09,2026-10-08,12070.45,2026-10-09T04:00:00Z,2026-10-09T04:00:00Z
STM-00686-202611,ACC-00686,2026-10-09,2026-11-08,6591.01,2026-11-09T05:00:00Z,2026-11-09T05:00:00Z
STM-00687-202607,ACC-00687,2026-06-18,2026-07-17,0.00,2026-07-18T04:00:00Z,2026-07-18T04:00:00Z
STM-00687-202608,ACC-00687,2026-07-18,2026-08-17,0.00,2026-08-18T04:00:00Z,2026-08-18T04:00:00Z
STM-00687-202609,ACC-00687,2026-08-18,2026-09-17,9709.51,2026-09-18T04:00:00Z,2026-09-18T04:00:00Z
STM-00687-202610,ACC-00687,2026-09-18,2026-10-17,5680.59,2026-10-18T04:00:00Z,2026-10-18T04:00:00Z
STM-00688-202607,ACC-00688,2026-06-04,2026-07-03,392.52,2026-07-04T04:00:00Z,2026-07-04T04:00:00Z
STM-00688-202608,ACC-00688,2026-07-04,2026-08-03,407.96,2026-08-04T04:00:00Z,2026-08-04T04:00:00Z
STM-00688-202609,ACC-00688,2026-08-04,2026-09-03,510.08,2026-09-04T04:00:00Z,2026-09-04T04:00:00Z
STM-00688-202610,ACC-00688,2026-09-04,2026-10-03,433.22,2026-10-04T04:00:00Z,2026-10-04T04:00:00Z
STM-00688-202611,ACC-00688,2026-10-04,2026-11-03,291.17,2026-11-04T05:00:00Z,2026-11-04T05:00:00Z
STM-00689-202607,ACC-00689,2026-06-18,2026-07-17,4841.92,2026-07-18T04:00:00Z,2026-07-18T04:00:00Z
STM-00689-202608,ACC-00689,2026-07-18,2026-08-17,4316.17,2026-08-18T04:00:00Z,2026-08-18T04:00:00Z
STM-00689-202609,ACC-00689,2026-08-18,2026-09-17,7782.55,2026-09-18T04:00:00Z,2026-09-18T04:00:00Z
STM-00689-202610,ACC-00689,2026-09-18,2026-10-17,8091.76,2026-10-18T04:00:00Z,2026-10-18T04:00:00Z
STM-00690-202607,ACC-00690,2026-06-26,2026-07-25,5579.61,2026-07-26T04:00:00Z,2026-07-26T04:00:00Z
STM-00690-202608,ACC-00690,2026-07-26,2026-08-25,3577.00,2026-08-26T04:00:00Z,2026-08-26T04:00:00Z
STM-00690-202609,ACC-00690,2026-08-26,2026-09-25,3732.57,2026-09-26T04:00:00Z,2026-09-26T04:00:00Z
STM-00690-202610,ACC-00690,2026-09-26,2026-10-25,2953.33,2026-10-26T04:00:00Z,2026-10-26T04:00:00Z
STM-00691-202607,ACC-00691,2026-06-26,2026-07-25,72.33,2026-07-26T04:00:00Z,2026-07-26T04:00:00Z
STM-00691-202608,ACC-00691,2026-07-26,2026-08-25,112.83,2026-08-26T04:00:00Z,2026-08-26T04:00:00Z
STM-00691-202609,ACC-00691,2026-08-26,2026-09-25,196.08,2026-09-26T04:00:00Z,2026-09-26T04:00:00Z
STM-00691-202610,ACC-00691,2026-09-26,2026-10-25,173.63,2026-10-26T04:00:00Z,2026-10-26T04:00:00Z
STM-00692-202607,ACC-00692,2026-06-13,2026-07-12,4945.79,2026-07-13T04:00:00Z,2026-07-13T04:00:00Z
STM-00692-202608,ACC-00692,2026-07-13,2026-08-12,4620.75,2026-08-13T04:00:00Z,2026-08-13T04:00:00Z
STM-00692-202609,ACC-00692,2026-08-13,2026-09-12,3494.51,2026-09-13T04:00:00Z,2026-09-13T04:00:00Z
STM-00692-202610,ACC-00692,2026-09-13,2026-10-12,5258.88,2026-10-13T04:00:00Z,2026-10-13T04:00:00Z
STM-00692-202611,ACC-00692,2026-10-13,2026-11-12,6344.58,2026-11-13T05:00:00Z,2026-11-13T05:00:00Z
STM-00693-202607,ACC-00693,2026-06-09,2026-07-08,538.76,2026-07-09T04:00:00Z,2026-07-09T04:00:00Z
STM-00693-202608,ACC-00693,2026-07-09,2026-08-08,1075.07,2026-08-09T04:00:00Z,2026-08-09T04:00:00Z
STM-00693-202609,ACC-00693,2026-08-09,2026-09-08,1005.32,2026-09-09T04:00:00Z,2026-09-09T04:00:00Z
STM-00693-202610,ACC-00693,2026-09-09,2026-10-08,1022.69,2026-10-09T04:00:00Z,2026-10-09T04:00:00Z
STM-00693-202611,ACC-00693,2026-10-09,2026-11-08,874.51,2026-11-09T05:00:00Z,2026-11-09T05:00:00Z
STM-00694-202607,ACC-00694,2026-06-26,2026-07-25,3589.32,2026-07-26T04:00:00Z,2026-07-26T04:00:00Z
STM-00694-202608,ACC-00694,2026-07-26,2026-08-25,0.00,2026-08-26T04:00:00Z,2026-08-26T04:00:00Z
STM-00694-202609,ACC-00694,2026-08-26,2026-09-25,4340.16,2026-09-26T04:00:00Z,2026-09-26T04:00:00Z
STM-00694-202610,ACC-00694,2026-09-26,2026-10-25,3719.36,2026-10-26T04:00:00Z,2026-10-26T04:00:00Z
STM-00695-202607,ACC-00695,2026-06-04,2026-07-03,442.60,2026-07-04T04:00:00Z,2026-07-04T04:00:00Z
STM-00695-202608,ACC-00695,2026-07-04,2026-08-03,287.88,2026-08-04T04:00:00Z,2026-08-04T04:00:00Z
STM-00695-202609,ACC-00695,2026-08-04,2026-09-03,230.12,2026-09-04T04:00:00Z,2026-09-04T04:00:00Z
STM-00695-202610,ACC-00695,2026-09-04,2026-10-03,405.08,2026-10-04T04:00:00Z,2026-10-04T04:00:00Z
STM-00695-202611,ACC-00695,2026-10-04,2026-11-03,186.65,2026-11-04T05:00:00Z,2026-11-04T05:00:00Z
STM-00696-202607,ACC-00696,2026-06-21,2026-07-20,1075.76,2026-07-21T04:00:00Z,2026-07-21T04:00:00Z
STM-00696-202608,ACC-00696,2026-07-21,2026-08-20,1308.92,2026-08-21T04:00:00Z,2026-08-21T04:00:00Z
STM-00696-202609,ACC-00696,2026-08-21,2026-09-20,1124.92,2026-09-21T04:00:00Z,2026-09-21T04:00:00Z
STM-00696-202610,ACC-00696,2026-09-21,2026-10-20,646.69,2026-10-21T04:00:00Z,2026-10-21T04:00:00Z
STM-00697-202607,ACC-00697,2026-06-04,2026-07-03,501.99,2026-07-04T04:00:00Z,2026-07-04T04:00:00Z
STM-00697-202608,ACC-00697,2026-07-04,2026-08-03,612.53,2026-08-04T04:00:00Z,2026-08-04T04:00:00Z
STM-00697-202609,ACC-00697,2026-08-04,2026-09-03,890.36,2026-09-04T04:00:00Z,2026-09-04T04:00:00Z
STM-00697-202610,ACC-00697,2026-09-04,2026-10-03,552.38,2026-10-04T04:00:00Z,2026-10-04T04:00:00Z
STM-00697-202611,ACC-00697,2026-10-04,2026-11-03,551.14,2026-11-04T05:00:00Z,2026-11-04T05:00:00Z
STM-00698-202607,ACC-00698,2026-06-18,2026-07-17,1400.15,2026-07-18T04:00:00Z,2026-07-18T04:00:00Z
STM-00698-202608,ACC-00698,2026-07-18,2026-08-17,970.65,2026-08-18T04:00:00Z,2026-08-18T04:00:00Z
STM-00698-202609,ACC-00698,2026-08-18,2026-09-17,576.14,2026-09-18T04:00:00Z,2026-09-18T04:00:00Z
STM-00698-202610,ACC-00698,2026-09-18,2026-10-17,1326.76,2026-10-18T04:00:00Z,2026-10-18T04:00:00Z
STM-00699-202607,ACC-00699,2026-06-13,2026-07-12,4203.16,2026-07-13T04:00:00Z,2026-07-13T04:00:00Z
STM-00699-202608,ACC-00699,2026-07-13,2026-08-12,4068.97,2026-08-13T04:00:00Z,2026-08-13T04:00:00Z
STM-00699-202609,ACC-00699,2026-08-13,2026-09-12,6062.10,2026-09-13T04:00:00Z,2026-09-13T04:00:00Z
STM-00699-202610,ACC-00699,2026-09-13,2026-10-12,2573.89,2026-10-13T04:00:00Z,2026-10-13T04:00:00Z
STM-00699-202611,ACC-00699,2026-10-13,2026-11-12,4916.75,2026-11-13T05:00:00Z,2026-11-13T05:00:00Z
STM-00700-202607,ACC-00700,2026-06-18,2026-07-17,148.77,2026-07-18T04:00:00Z,2026-07-18T04:00:00Z
STM-00700-202608,ACC-00700,2026-07-18,2026-08-17,134.69,2026-08-18T04:00:00Z,2026-08-18T04:00:00Z
STM-00700-202609,ACC-00700,2026-08-18,2026-09-17,223.22,2026-09-18T04:00:00Z,2026-09-18T04:00:00Z
STM-00700-202610,ACC-00700,2026-09-18,2026-10-17,131.41,2026-10-18T04:00:00Z,2026-10-18T04:00:00Z
STM-00701-202607,ACC-00701,2026-06-18,2026-07-17,2437.29,2026-07-18T04:00:00Z,2026-07-18T04:00:00Z
STM-00701-202608,ACC-00701,2026-07-18,2026-08-17,2294.16,2026-08-18T04:00:00Z,2026-08-18T04:00:00Z
STM-00701-202609,ACC-00701,2026-08-18,2026-09-17,2105.16,2026-09-18T04:00:00Z,2026-09-18T04:00:00Z
STM-00701-202610,ACC-00701,2026-09-18,2026-10-17,1503.66,2026-10-18T04:00:00Z,2026-10-18T04:00:00Z
STM-00702-202607,ACC-00702,2026-06-09,2026-07-08,125.41,2026-07-09T04:00:00Z,2026-07-09T04:00:00Z
STM-00702-202608,ACC-00702,2026-07-09,2026-08-08,71.31,2026-08-09T04:00:00Z,2026-08-09T04:00:00Z
STM-00702-202609,ACC-00702,2026-08-09,2026-09-08,59.60,2026-09-09T04:00:00Z,2026-09-09T04:00:00Z
STM-00702-202610,ACC-00702,2026-09-09,2026-10-08,78.87,2026-10-09T04:00:00Z,2026-10-09T04:00:00Z
STM-00702-202611,ACC-00702,2026-10-09,2026-11-08,62.53,2026-11-09T05:00:00Z,2026-11-09T05:00:00Z
STM-00703-202607,ACC-00703,2026-06-18,2026-07-17,8308.32,2026-07-18T04:00:00Z,2026-07-18T04:00:00Z
STM-00703-202608,ACC-00703,2026-07-18,2026-08-17,5654.50,2026-08-18T04:00:00Z,2026-08-18T04:00:00Z
STM-00703-202609,ACC-00703,2026-08-18,2026-09-17,5564.56,2026-09-18T04:00:00Z,2026-09-18T04:00:00Z
STM-00703-202610,ACC-00703,2026-09-18,2026-10-17,6390.78,2026-10-18T04:00:00Z,2026-10-18T04:00:00Z
STM-00704-202607,ACC-00704,2026-06-18,2026-07-17,102.48,2026-07-18T04:00:00Z,2026-07-18T04:00:00Z
STM-00704-202608,ACC-00704,2026-07-18,2026-08-17,193.08,2026-08-18T04:00:00Z,2026-08-18T04:00:00Z
STM-00704-202609,ACC-00704,2026-08-18,2026-09-17,175.21,2026-09-18T04:00:00Z,2026-09-18T04:00:00Z
STM-00704-202610,ACC-00704,2026-09-18,2026-10-17,199.42,2026-10-18T04:00:00Z,2026-10-18T04:00:00Z
STM-00705-202607,ACC-00705,2026-06-21,2026-07-20,1434.23,2026-07-21T04:00:00Z,2026-07-21T04:00:00Z
STM-00705-202608,ACC-00705,2026-07-21,2026-08-20,604.08,2026-08-21T04:00:00Z,2026-08-21T04:00:00Z
STM-00705-202609,ACC-00705,2026-08-21,2026-09-20,1301.64,2026-09-21T04:00:00Z,2026-09-21T04:00:00Z
STM-00705-202610,ACC-00705,2026-09-21,2026-10-20,1694.81,2026-10-21T04:00:00Z,2026-10-21T04:00:00Z
STM-00706-202607,ACC-00706,2026-06-18,2026-07-17,63.68,2026-07-18T04:00:00Z,2026-07-18T04:00:00Z
STM-00706-202608,ACC-00706,2026-07-18,2026-08-17,52.90,2026-08-18T04:00:00Z,2026-08-18T04:00:00Z
STM-00706-202609,ACC-00706,2026-08-18,2026-09-17,66.97,2026-09-18T04:00:00Z,2026-09-18T04:00:00Z
STM-00706-202610,ACC-00706,2026-09-18,2026-10-17,65.02,2026-10-18T04:00:00Z,2026-10-18T04:00:00Z
STM-00707-202607,ACC-00707,2026-06-13,2026-07-12,2404.70,2026-07-13T04:00:00Z,2026-07-13T04:00:00Z
STM-00707-202608,ACC-00707,2026-07-13,2026-08-12,1160.48,2026-08-13T04:00:00Z,2026-08-13T04:00:00Z
STM-00707-202609,ACC-00707,2026-08-13,2026-09-12,2435.67,2026-09-13T04:00:00Z,2026-09-13T04:00:00Z
STM-00707-202610,ACC-00707,2026-09-13,2026-10-12,0.00,2026-10-13T04:00:00Z,2026-10-13T04:00:00Z
STM-00707-202611,ACC-00707,2026-10-13,2026-11-12,2070.18,2026-11-13T05:00:00Z,2026-11-13T05:00:00Z
STM-00708-202607,ACC-00708,2026-06-26,2026-07-25,189.35,2026-07-26T04:00:00Z,2026-07-26T04:00:00Z
STM-00708-202608,ACC-00708,2026-07-26,2026-08-25,258.84,2026-08-26T04:00:00Z,2026-08-26T04:00:00Z
STM-00708-202609,ACC-00708,2026-08-26,2026-09-25,240.83,2026-09-26T04:00:00Z,2026-09-26T04:00:00Z
STM-00708-202610,ACC-00708,2026-09-26,2026-10-25,186.82,2026-10-26T04:00:00Z,2026-10-26T04:00:00Z
STM-00709-202607,ACC-00709,2026-06-21,2026-07-20,1672.77,2026-07-21T04:00:00Z,2026-07-21T04:00:00Z
STM-00709-202608,ACC-00709,2026-07-21,2026-08-20,0.00,2026-08-21T04:00:00Z,2026-08-21T04:00:00Z
STM-00709-202609,ACC-00709,2026-08-21,2026-09-20,1938.39,2026-09-21T04:00:00Z,2026-09-21T04:00:00Z
STM-00709-202610,ACC-00709,2026-09-21,2026-10-20,2974.86,2026-10-21T04:00:00Z,2026-10-21T04:00:00Z
STM-00710-202607,ACC-00710,2026-06-26,2026-07-25,1146.32,2026-07-26T04:00:00Z,2026-07-26T04:00:00Z
STM-00710-202608,ACC-00710,2026-07-26,2026-08-25,915.89,2026-08-26T04:00:00Z,2026-08-26T04:00:00Z
STM-00710-202609,ACC-00710,2026-08-26,2026-09-25,660.47,2026-09-26T04:00:00Z,2026-09-26T04:00:00Z
STM-00710-202610,ACC-00710,2026-09-26,2026-10-25,1236.61,2026-10-26T04:00:00Z,2026-10-26T04:00:00Z
STM-00711-202607,ACC-00711,2026-06-13,2026-07-12,5681.39,2026-07-13T04:00:00Z,2026-07-13T04:00:00Z
STM-00711-202608,ACC-00711,2026-07-13,2026-08-12,2383.45,2026-08-13T04:00:00Z,2026-08-13T04:00:00Z
STM-00711-202609,ACC-00711,2026-08-13,2026-09-12,4611.01,2026-09-13T04:00:00Z,2026-09-13T04:00:00Z
STM-00711-202610,ACC-00711,2026-09-13,2026-10-12,5430.91,2026-10-13T04:00:00Z,2026-10-13T04:00:00Z
STM-00711-202611,ACC-00711,2026-10-13,2026-11-12,6572.44,2026-11-13T05:00:00Z,2026-11-13T05:00:00Z
STM-00712-202607,ACC-00712,2026-06-09,2026-07-08,2367.81,2026-07-09T04:00:00Z,2026-07-09T04:00:00Z
STM-00712-202608,ACC-00712,2026-07-09,2026-08-08,2479.28,2026-08-09T04:00:00Z,2026-08-09T04:00:00Z
STM-00712-202609,ACC-00712,2026-08-09,2026-09-08,1988.93,2026-09-09T04:00:00Z,2026-09-09T04:00:00Z
STM-00712-202610,ACC-00712,2026-09-09,2026-10-08,3128.99,2026-10-09T04:00:00Z,2026-10-09T04:00:00Z
STM-00712-202611,ACC-00712,2026-10-09,2026-11-08,1586.81,2026-11-09T05:00:00Z,2026-11-09T05:00:00Z
STM-00713-202607,ACC-00713,2026-06-13,2026-07-12,1281.85,2026-07-13T04:00:00Z,2026-07-13T04:00:00Z
STM-00713-202608,ACC-00713,2026-07-13,2026-08-12,1255.85,2026-08-13T04:00:00Z,2026-08-13T04:00:00Z
STM-00713-202609,ACC-00713,2026-08-13,2026-09-12,1658.89,2026-09-13T04:00:00Z,2026-09-13T04:00:00Z
STM-00713-202610,ACC-00713,2026-09-13,2026-10-12,1038.68,2026-10-13T04:00:00Z,2026-10-13T04:00:00Z
STM-00713-202611,ACC-00713,2026-10-13,2026-11-12,797.15,2026-11-13T05:00:00Z,2026-11-13T05:00:00Z
STM-00714-202607,ACC-00714,2026-06-04,2026-07-03,6492.02,2026-07-04T04:00:00Z,2026-07-04T04:00:00Z
STM-00714-202608,ACC-00714,2026-07-04,2026-08-03,10420.71,2026-08-04T04:00:00Z,2026-08-04T04:00:00Z
STM-00714-202609,ACC-00714,2026-08-04,2026-09-03,6247.55,2026-09-04T04:00:00Z,2026-09-04T04:00:00Z
STM-00714-202610,ACC-00714,2026-09-04,2026-10-03,9572.52,2026-10-04T04:00:00Z,2026-10-04T04:00:00Z
STM-00714-202611,ACC-00714,2026-10-04,2026-11-03,9344.60,2026-11-04T05:00:00Z,2026-11-04T05:00:00Z
STM-00715-202607,ACC-00715,2026-06-09,2026-07-08,292.68,2026-07-09T04:00:00Z,2026-07-09T04:00:00Z
STM-00715-202608,ACC-00715,2026-07-09,2026-08-08,598.15,2026-08-09T04:00:00Z,2026-08-09T04:00:00Z
STM-00715-202609,ACC-00715,2026-08-09,2026-09-08,485.60,2026-09-09T04:00:00Z,2026-09-09T04:00:00Z
STM-00715-202610,ACC-00715,2026-09-09,2026-10-08,626.97,2026-10-09T04:00:00Z,2026-10-09T04:00:00Z
STM-00715-202611,ACC-00715,2026-10-09,2026-11-08,537.18,2026-11-09T05:00:00Z,2026-11-09T05:00:00Z
STM-00716-202607,ACC-00716,2026-06-21,2026-07-20,1267.01,2026-07-21T04:00:00Z,2026-07-21T04:00:00Z
STM-00716-202608,ACC-00716,2026-07-21,2026-08-20,2743.18,2026-08-21T04:00:00Z,2026-08-21T04:00:00Z
STM-00716-202609,ACC-00716,2026-08-21,2026-09-20,4034.66,2026-09-21T04:00:00Z,2026-09-21T04:00:00Z
STM-00716-202610,ACC-00716,2026-09-21,2026-10-20,2804.30,2026-10-21T04:00:00Z,2026-10-21T04:00:00Z
STM-00717-202610,ACC-00717,2026-09-09,2026-10-08,165.07,2026-10-09T04:00:00Z,2026-10-09T04:00:00Z
STM-00717-202611,ACC-00717,2026-10-09,2026-11-08,253.54,2026-11-09T05:00:00Z,2026-11-09T05:00:00Z
STM-00718-202607,ACC-00718,2026-06-18,2026-07-17,3409.69,2026-07-18T04:00:00Z,2026-07-18T04:00:00Z
STM-00718-202608,ACC-00718,2026-07-18,2026-08-17,4021.42,2026-08-18T04:00:00Z,2026-08-18T04:00:00Z
STM-00718-202609,ACC-00718,2026-08-18,2026-09-17,3068.56,2026-09-18T04:00:00Z,2026-09-18T04:00:00Z
STM-00718-202610,ACC-00718,2026-09-18,2026-10-17,2267.69,2026-10-18T04:00:00Z,2026-10-18T04:00:00Z
STM-00719-202609,ACC-00719,2026-08-04,2026-09-03,3405.46,2026-09-04T04:00:00Z,2026-09-04T04:00:00Z
STM-00719-202610,ACC-00719,2026-09-04,2026-10-03,2728.82,2026-10-04T04:00:00Z,2026-10-04T04:00:00Z
STM-00719-202611,ACC-00719,2026-10-04,2026-11-03,1778.26,2026-11-04T05:00:00Z,2026-11-04T05:00:00Z
STM-00720-202607,ACC-00720,2026-06-26,2026-07-25,3407.12,2026-07-26T04:00:00Z,2026-07-26T04:00:00Z
STM-00720-202608,ACC-00720,2026-07-26,2026-08-25,3885.45,2026-08-26T04:00:00Z,2026-08-26T04:00:00Z
STM-00720-202609,ACC-00720,2026-08-26,2026-09-25,3113.12,2026-09-26T04:00:00Z,2026-09-26T04:00:00Z
STM-00720-202610,ACC-00720,2026-09-26,2026-10-25,2091.44,2026-10-26T04:00:00Z,2026-10-26T04:00:00Z
STM-00721-202607,ACC-00721,2026-06-09,2026-07-08,2265.56,2026-07-09T04:00:00Z,2026-07-09T04:00:00Z
STM-00721-202608,ACC-00721,2026-07-09,2026-08-08,1898.51,2026-08-09T04:00:00Z,2026-08-09T04:00:00Z
STM-00721-202609,ACC-00721,2026-08-09,2026-09-08,1406.71,2026-09-09T04:00:00Z,2026-09-09T04:00:00Z
STM-00721-202610,ACC-00721,2026-09-09,2026-10-08,1359.31,2026-10-09T04:00:00Z,2026-10-09T04:00:00Z
STM-00721-202611,ACC-00721,2026-10-09,2026-11-08,1986.95,2026-11-09T05:00:00Z,2026-11-09T05:00:00Z
STM-00722-202607,ACC-00722,2026-06-04,2026-07-03,8230.05,2026-07-04T04:00:00Z,2026-07-04T04:00:00Z
STM-00722-202608,ACC-00722,2026-07-04,2026-08-03,5741.25,2026-08-04T04:00:00Z,2026-08-04T04:00:00Z
STM-00722-202609,ACC-00722,2026-08-04,2026-09-03,6614.59,2026-09-04T04:00:00Z,2026-09-04T04:00:00Z
STM-00722-202610,ACC-00722,2026-09-04,2026-10-03,8703.87,2026-10-04T04:00:00Z,2026-10-04T04:00:00Z
STM-00722-202611,ACC-00722,2026-10-04,2026-11-03,5780.09,2026-11-04T05:00:00Z,2026-11-04T05:00:00Z
STM-00723-202607,ACC-00723,2026-06-13,2026-07-12,996.72,2026-07-13T04:00:00Z,2026-07-13T04:00:00Z
STM-00723-202608,ACC-00723,2026-07-13,2026-08-12,1335.82,2026-08-13T04:00:00Z,2026-08-13T04:00:00Z
STM-00723-202609,ACC-00723,2026-08-13,2026-09-12,1126.07,2026-09-13T04:00:00Z,2026-09-13T04:00:00Z
STM-00723-202610,ACC-00723,2026-09-13,2026-10-12,1787.31,2026-10-13T04:00:00Z,2026-10-13T04:00:00Z
STM-00723-202611,ACC-00723,2026-10-13,2026-11-12,1332.91,2026-11-13T05:00:00Z,2026-11-13T05:00:00Z
STM-00724-202607,ACC-00724,2026-06-13,2026-07-12,4103.96,2026-07-13T04:00:00Z,2026-07-13T04:00:00Z
STM-00724-202608,ACC-00724,2026-07-13,2026-08-12,3790.57,2026-08-13T04:00:00Z,2026-08-13T04:00:00Z
STM-00724-202609,ACC-00724,2026-08-13,2026-09-12,5305.82,2026-09-13T04:00:00Z,2026-09-13T04:00:00Z
STM-00724-202610,ACC-00724,2026-09-13,2026-10-12,2493.16,2026-10-13T04:00:00Z,2026-10-13T04:00:00Z
STM-00724-202611,ACC-00724,2026-10-13,2026-11-12,3584.82,2026-11-13T05:00:00Z,2026-11-13T05:00:00Z
STM-00725-202607,ACC-00725,2026-06-26,2026-07-25,6644.68,2026-07-26T04:00:00Z,2026-07-26T04:00:00Z
STM-00725-202608,ACC-00725,2026-07-26,2026-08-25,4582.36,2026-08-26T04:00:00Z,2026-08-26T04:00:00Z
STM-00725-202609,ACC-00725,2026-08-26,2026-09-25,3051.88,2026-09-26T04:00:00Z,2026-09-26T04:00:00Z
STM-00725-202610,ACC-00725,2026-09-26,2026-10-25,6912.92,2026-10-26T04:00:00Z,2026-10-26T04:00:00Z
STM-00726-202607,ACC-00726,2026-06-13,2026-07-12,47.78,2026-07-13T04:00:00Z,2026-07-13T04:00:00Z
STM-00726-202608,ACC-00726,2026-07-13,2026-08-12,69.29,2026-08-13T04:00:00Z,2026-08-13T04:00:00Z
STM-00726-202609,ACC-00726,2026-08-13,2026-09-12,0.00,2026-09-13T04:00:00Z,2026-09-13T04:00:00Z
STM-00726-202610,ACC-00726,2026-09-13,2026-10-12,48.74,2026-10-13T04:00:00Z,2026-10-13T04:00:00Z
STM-00726-202611,ACC-00726,2026-10-13,2026-11-12,64.22,2026-11-13T05:00:00Z,2026-11-13T05:00:00Z
STM-00727-202607,ACC-00727,2026-06-26,2026-07-25,633.83,2026-07-26T04:00:00Z,2026-07-26T04:00:00Z
STM-00727-202608,ACC-00727,2026-07-26,2026-08-25,0.00,2026-08-26T04:00:00Z,2026-08-26T04:00:00Z
STM-00727-202609,ACC-00727,2026-08-26,2026-09-25,460.23,2026-09-26T04:00:00Z,2026-09-26T04:00:00Z
STM-00727-202610,ACC-00727,2026-09-26,2026-10-25,650.78,2026-10-26T04:00:00Z,2026-10-26T04:00:00Z
STM-00728-202607,ACC-00728,2026-06-21,2026-07-20,3259.57,2026-07-21T04:00:00Z,2026-07-21T04:00:00Z
STM-00728-202608,ACC-00728,2026-07-21,2026-08-20,5437.13,2026-08-21T04:00:00Z,2026-08-21T04:00:00Z
STM-00728-202609,ACC-00728,2026-08-21,2026-09-20,1859.19,2026-09-21T04:00:00Z,2026-09-21T04:00:00Z
STM-00728-202610,ACC-00728,2026-09-21,2026-10-20,3882.81,2026-10-21T04:00:00Z,2026-10-21T04:00:00Z
STM-00729-202607,ACC-00729,2026-06-18,2026-07-17,0.00,2026-07-18T04:00:00Z,2026-07-18T04:00:00Z
STM-00729-202608,ACC-00729,2026-07-18,2026-08-17,1395.04,2026-08-18T04:00:00Z,2026-08-18T04:00:00Z
STM-00729-202609,ACC-00729,2026-08-18,2026-09-17,4109.20,2026-09-18T04:00:00Z,2026-09-18T04:00:00Z
STM-00729-202610,ACC-00729,2026-09-18,2026-10-17,3009.79,2026-10-18T04:00:00Z,2026-10-18T04:00:00Z
STM-00730-202607,ACC-00730,2026-06-21,2026-07-20,2271.10,2026-07-21T04:00:00Z,2026-07-21T04:00:00Z
STM-00730-202608,ACC-00730,2026-07-21,2026-08-20,1946.39,2026-08-21T04:00:00Z,2026-08-21T04:00:00Z
STM-00730-202609,ACC-00730,2026-08-21,2026-09-20,1704.71,2026-09-21T04:00:00Z,2026-09-21T04:00:00Z
STM-00730-202610,ACC-00730,2026-09-21,2026-10-20,2087.58,2026-10-21T04:00:00Z,2026-10-21T04:00:00Z
STM-00731-202607,ACC-00731,2026-06-13,2026-07-12,2048.70,2026-07-13T04:00:00Z,2026-07-13T04:00:00Z
STM-00731-202608,ACC-00731,2026-07-13,2026-08-12,2123.44,2026-08-13T04:00:00Z,2026-08-13T04:00:00Z
STM-00731-202609,ACC-00731,2026-08-13,2026-09-12,2105.19,2026-09-13T04:00:00Z,2026-09-13T04:00:00Z
STM-00731-202610,ACC-00731,2026-09-13,2026-10-12,1365.26,2026-10-13T04:00:00Z,2026-10-13T04:00:00Z
STM-00731-202611,ACC-00731,2026-10-13,2026-11-12,826.78,2026-11-13T05:00:00Z,2026-11-13T05:00:00Z
STM-00732-202607,ACC-00732,2026-06-04,2026-07-03,175.08,2026-07-04T04:00:00Z,2026-07-04T04:00:00Z
STM-00732-202608,ACC-00732,2026-07-04,2026-08-03,123.59,2026-08-04T04:00:00Z,2026-08-04T04:00:00Z
STM-00732-202609,ACC-00732,2026-08-04,2026-09-03,97.66,2026-09-04T04:00:00Z,2026-09-04T04:00:00Z
STM-00732-202610,ACC-00732,2026-09-04,2026-10-03,141.57,2026-10-04T04:00:00Z,2026-10-04T04:00:00Z
STM-00732-202611,ACC-00732,2026-10-04,2026-11-03,136.97,2026-11-04T05:00:00Z,2026-11-04T05:00:00Z
STM-00733-202607,ACC-00733,2026-06-13,2026-07-12,1053.37,2026-07-13T04:00:00Z,2026-07-13T04:00:00Z
STM-00733-202608,ACC-00733,2026-07-13,2026-08-12,1032.43,2026-08-13T04:00:00Z,2026-08-13T04:00:00Z
STM-00733-202609,ACC-00733,2026-08-13,2026-09-12,1101.57,2026-09-13T04:00:00Z,2026-09-13T04:00:00Z
STM-00733-202610,ACC-00733,2026-09-13,2026-10-12,968.98,2026-10-13T04:00:00Z,2026-10-13T04:00:00Z
STM-00733-202611,ACC-00733,2026-10-13,2026-11-12,830.68,2026-11-13T05:00:00Z,2026-11-13T05:00:00Z
STM-00734-202607,ACC-00734,2026-06-09,2026-07-08,1664.76,2026-07-09T04:00:00Z,2026-07-09T04:00:00Z
STM-00734-202608,ACC-00734,2026-07-09,2026-08-08,1512.53,2026-08-09T04:00:00Z,2026-08-09T04:00:00Z
STM-00734-202609,ACC-00734,2026-08-09,2026-09-08,1615.09,2026-09-09T04:00:00Z,2026-09-09T04:00:00Z
STM-00734-202610,ACC-00734,2026-09-09,2026-10-08,1019.44,2026-10-09T04:00:00Z,2026-10-09T04:00:00Z
STM-00734-202611,ACC-00734,2026-10-09,2026-11-08,1537.60,2026-11-09T05:00:00Z,2026-11-09T05:00:00Z
STM-00735-202607,ACC-00735,2026-06-04,2026-07-03,217.54,2026-07-04T04:00:00Z,2026-07-04T04:00:00Z
STM-00735-202608,ACC-00735,2026-07-04,2026-08-03,170.08,2026-08-04T04:00:00Z,2026-08-04T04:00:00Z
STM-00735-202609,ACC-00735,2026-08-04,2026-09-03,318.96,2026-09-04T04:00:00Z,2026-09-04T04:00:00Z
STM-00735-202610,ACC-00735,2026-09-04,2026-10-03,140.62,2026-10-04T04:00:00Z,2026-10-04T04:00:00Z
STM-00735-202611,ACC-00735,2026-10-04,2026-11-03,236.99,2026-11-04T05:00:00Z,2026-11-04T05:00:00Z
STM-00736-202607,ACC-00736,2026-06-09,2026-07-08,482.08,2026-07-09T04:00:00Z,2026-07-09T04:00:00Z
STM-00736-202608,ACC-00736,2026-07-09,2026-08-08,335.86,2026-08-09T04:00:00Z,2026-08-09T04:00:00Z
STM-00736-202609,ACC-00736,2026-08-09,2026-09-08,583.30,2026-09-09T04:00:00Z,2026-09-09T04:00:00Z
STM-00736-202610,ACC-00736,2026-09-09,2026-10-08,537.37,2026-10-09T04:00:00Z,2026-10-09T04:00:00Z
STM-00736-202611,ACC-00736,2026-10-09,2026-11-08,608.61,2026-11-09T05:00:00Z,2026-11-09T05:00:00Z
STM-00737-202607,ACC-00737,2026-06-13,2026-07-12,1300.22,2026-07-13T04:00:00Z,2026-07-13T04:00:00Z
STM-00737-202608,ACC-00737,2026-07-13,2026-08-12,1359.07,2026-08-13T04:00:00Z,2026-08-13T04:00:00Z
STM-00737-202609,ACC-00737,2026-08-13,2026-09-12,1379.17,2026-09-13T04:00:00Z,2026-09-13T04:00:00Z
STM-00737-202610,ACC-00737,2026-09-13,2026-10-12,1597.31,2026-10-13T04:00:00Z,2026-10-13T04:00:00Z
STM-00737-202611,ACC-00737,2026-10-13,2026-11-12,1720.32,2026-11-13T05:00:00Z,2026-11-13T05:00:00Z
STM-00738-202607,ACC-00738,2026-06-09,2026-07-08,615.13,2026-07-09T04:00:00Z,2026-07-09T04:00:00Z
STM-00738-202608,ACC-00738,2026-07-09,2026-08-08,452.41,2026-08-09T04:00:00Z,2026-08-09T04:00:00Z
STM-00738-202609,ACC-00738,2026-08-09,2026-09-08,612.12,2026-09-09T04:00:00Z,2026-09-09T04:00:00Z
STM-00738-202610,ACC-00738,2026-09-09,2026-10-08,289.25,2026-10-09T04:00:00Z,2026-10-09T04:00:00Z
STM-00738-202611,ACC-00738,2026-10-09,2026-11-08,433.88,2026-11-09T05:00:00Z,2026-11-09T05:00:00Z
STM-00739-202607,ACC-00739,2026-06-26,2026-07-25,2267.88,2026-07-26T04:00:00Z,2026-07-26T04:00:00Z
STM-00739-202608,ACC-00739,2026-07-26,2026-08-25,2333.53,2026-08-26T04:00:00Z,2026-08-26T04:00:00Z
STM-00739-202609,ACC-00739,2026-08-26,2026-09-25,1926.55,2026-09-26T04:00:00Z,2026-09-26T04:00:00Z
STM-00739-202610,ACC-00739,2026-09-26,2026-10-25,1688.06,2026-10-26T04:00:00Z,2026-10-26T04:00:00Z
STM-00740-202607,ACC-00740,2026-06-04,2026-07-03,113.88,2026-07-04T04:00:00Z,2026-07-04T04:00:00Z
STM-00740-202608,ACC-00740,2026-07-04,2026-08-03,183.33,2026-08-04T04:00:00Z,2026-08-04T04:00:00Z
STM-00740-202609,ACC-00740,2026-08-04,2026-09-03,158.43,2026-09-04T04:00:00Z,2026-09-04T04:00:00Z
STM-00740-202610,ACC-00740,2026-09-04,2026-10-03,136.10,2026-10-04T04:00:00Z,2026-10-04T04:00:00Z
STM-00740-202611,ACC-00740,2026-10-04,2026-11-03,191.13,2026-11-04T05:00:00Z,2026-11-04T05:00:00Z
STM-00741-202607,ACC-00741,2026-06-26,2026-07-25,1241.82,2026-07-26T04:00:00Z,2026-07-26T04:00:00Z
STM-00741-202608,ACC-00741,2026-07-26,2026-08-25,947.52,2026-08-26T04:00:00Z,2026-08-26T04:00:00Z
STM-00741-202609,ACC-00741,2026-08-26,2026-09-25,0.00,2026-09-26T04:00:00Z,2026-09-26T04:00:00Z
STM-00741-202610,ACC-00741,2026-09-26,2026-10-25,1530.13,2026-10-26T04:00:00Z,2026-10-26T04:00:00Z
STM-00742-202607,ACC-00742,2026-06-18,2026-07-17,205.45,2026-07-18T04:00:00Z,2026-07-18T04:00:00Z
STM-00742-202608,ACC-00742,2026-07-18,2026-08-17,169.45,2026-08-18T04:00:00Z,2026-08-18T04:00:00Z
STM-00742-202609,ACC-00742,2026-08-18,2026-09-17,175.02,2026-09-18T04:00:00Z,2026-09-18T04:00:00Z
STM-00742-202610,ACC-00742,2026-09-18,2026-10-17,180.23,2026-10-18T04:00:00Z,2026-10-18T04:00:00Z
STM-00743-202607,ACC-00743,2026-06-04,2026-07-03,1267.64,2026-07-04T04:00:00Z,2026-07-04T04:00:00Z
STM-00743-202608,ACC-00743,2026-07-04,2026-08-03,990.46,2026-08-04T04:00:00Z,2026-08-04T04:00:00Z
STM-00743-202609,ACC-00743,2026-08-04,2026-09-03,1182.59,2026-09-04T04:00:00Z,2026-09-04T04:00:00Z
STM-00743-202610,ACC-00743,2026-09-04,2026-10-03,1335.76,2026-10-04T04:00:00Z,2026-10-04T04:00:00Z
STM-00743-202611,ACC-00743,2026-10-04,2026-11-03,880.54,2026-11-04T05:00:00Z,2026-11-04T05:00:00Z
STM-00744-202607,ACC-00744,2026-06-18,2026-07-17,4669.78,2026-07-18T04:00:00Z,2026-07-18T04:00:00Z
STM-00744-202608,ACC-00744,2026-07-18,2026-08-17,4081.31,2026-08-18T04:00:00Z,2026-08-18T04:00:00Z
STM-00744-202609,ACC-00744,2026-08-18,2026-09-17,0.00,2026-09-18T04:00:00Z,2026-09-18T04:00:00Z
STM-00744-202610,ACC-00744,2026-09-18,2026-10-17,5333.09,2026-10-18T04:00:00Z,2026-10-18T04:00:00Z
STM-00745-202607,ACC-00745,2026-06-18,2026-07-17,4078.79,2026-07-18T04:00:00Z,2026-07-18T04:00:00Z
STM-00745-202608,ACC-00745,2026-07-18,2026-08-17,2812.05,2026-08-18T04:00:00Z,2026-08-18T04:00:00Z
STM-00745-202609,ACC-00745,2026-08-18,2026-09-17,3217.98,2026-09-18T04:00:00Z,2026-09-18T04:00:00Z
STM-00745-202610,ACC-00745,2026-09-18,2026-10-17,2233.32,2026-10-18T04:00:00Z,2026-10-18T04:00:00Z
STM-00746-202607,ACC-00746,2026-06-09,2026-07-08,529.97,2026-07-09T04:00:00Z,2026-07-09T04:00:00Z
STM-00746-202608,ACC-00746,2026-07-09,2026-08-08,569.68,2026-08-09T04:00:00Z,2026-08-09T04:00:00Z
STM-00746-202609,ACC-00746,2026-08-09,2026-09-08,486.61,2026-09-09T04:00:00Z,2026-09-09T04:00:00Z
STM-00746-202610,ACC-00746,2026-09-09,2026-10-08,497.40,2026-10-09T04:00:00Z,2026-10-09T04:00:00Z
STM-00746-202611,ACC-00746,2026-10-09,2026-11-08,574.09,2026-11-09T05:00:00Z,2026-11-09T05:00:00Z
STM-00747-202607,ACC-00747,2026-06-04,2026-07-03,1213.55,2026-07-04T04:00:00Z,2026-07-04T04:00:00Z
STM-00747-202608,ACC-00747,2026-07-04,2026-08-03,2060.71,2026-08-04T04:00:00Z,2026-08-04T04:00:00Z
STM-00747-202609,ACC-00747,2026-08-04,2026-09-03,2148.77,2026-09-04T04:00:00Z,2026-09-04T04:00:00Z
STM-00747-202610,ACC-00747,2026-09-04,2026-10-03,1726.18,2026-10-04T04:00:00Z,2026-10-04T04:00:00Z
STM-00747-202611,ACC-00747,2026-10-04,2026-11-03,2037.73,2026-11-04T05:00:00Z,2026-11-04T05:00:00Z
STM-00748-202607,ACC-00748,2026-06-09,2026-07-08,8005.65,2026-07-09T04:00:00Z,2026-07-09T04:00:00Z
STM-00748-202608,ACC-00748,2026-07-09,2026-08-08,10103.80,2026-08-09T04:00:00Z,2026-08-09T04:00:00Z
STM-00748-202609,ACC-00748,2026-08-09,2026-09-08,6402.79,2026-09-09T04:00:00Z,2026-09-09T04:00:00Z
STM-00748-202610,ACC-00748,2026-09-09,2026-10-08,7882.78,2026-10-09T04:00:00Z,2026-10-09T04:00:00Z
STM-00748-202611,ACC-00748,2026-10-09,2026-11-08,6938.89,2026-11-09T05:00:00Z,2026-11-09T05:00:00Z
STM-00749-202607,ACC-00749,2026-06-21,2026-07-20,767.03,2026-07-21T04:00:00Z,2026-07-21T04:00:00Z
STM-00749-202608,ACC-00749,2026-07-21,2026-08-20,1319.54,2026-08-21T04:00:00Z,2026-08-21T04:00:00Z
STM-00749-202609,ACC-00749,2026-08-21,2026-09-20,1206.80,2026-09-21T04:00:00Z,2026-09-21T04:00:00Z
STM-00749-202610,ACC-00749,2026-09-21,2026-10-20,1268.26,2026-10-21T04:00:00Z,2026-10-21T04:00:00Z
STM-00750-202607,ACC-00750,2026-06-26,2026-07-25,5827.45,2026-07-26T04:00:00Z,2026-07-26T04:00:00Z
STM-00750-202608,ACC-00750,2026-07-26,2026-08-25,6398.24,2026-08-26T04:00:00Z,2026-08-26T04:00:00Z
STM-00750-202609,ACC-00750,2026-08-26,2026-09-25,7446.85,2026-09-26T04:00:00Z,2026-09-26T04:00:00Z
STM-00750-202610,ACC-00750,2026-09-26,2026-10-25,8221.47,2026-10-26T04:00:00Z,2026-10-26T04:00:00Z
STM-00751-202607,ACC-00751,2026-06-04,2026-07-03,188.40,2026-07-04T04:00:00Z,2026-07-04T04:00:00Z
STM-00751-202608,ACC-00751,2026-07-04,2026-08-03,162.05,2026-08-04T04:00:00Z,2026-08-04T04:00:00Z
STM-00751-202609,ACC-00751,2026-08-04,2026-09-03,0.00,2026-09-04T04:00:00Z,2026-09-04T04:00:00Z
STM-00751-202610,ACC-00751,2026-09-04,2026-10-03,177.07,2026-10-04T04:00:00Z,2026-10-04T04:00:00Z
STM-00751-202611,ACC-00751,2026-10-04,2026-11-03,130.15,2026-11-04T05:00:00Z,2026-11-04T05:00:00Z
STM-00752-202607,ACC-00752,2026-06-21,2026-07-20,89.82,2026-07-21T04:00:00Z,2026-07-21T04:00:00Z
STM-00752-202608,ACC-00752,2026-07-21,2026-08-20,0.00,2026-08-21T04:00:00Z,2026-08-21T04:00:00Z
STM-00752-202609,ACC-00752,2026-08-21,2026-09-20,112.82,2026-09-21T04:00:00Z,2026-09-21T04:00:00Z
STM-00752-202610,ACC-00752,2026-09-21,2026-10-20,0.00,2026-10-21T04:00:00Z,2026-10-21T04:00:00Z
STM-00753-202607,ACC-00753,2026-06-18,2026-07-17,2516.83,2026-07-18T04:00:00Z,2026-07-18T04:00:00Z
STM-00753-202608,ACC-00753,2026-07-18,2026-08-17,2180.34,2026-08-18T04:00:00Z,2026-08-18T04:00:00Z
STM-00753-202609,ACC-00753,2026-08-18,2026-09-17,2429.94,2026-09-18T04:00:00Z,2026-09-18T04:00:00Z
STM-00753-202610,ACC-00753,2026-09-18,2026-10-17,2183.08,2026-10-18T04:00:00Z,2026-10-18T04:00:00Z
STM-00754-202607,ACC-00754,2026-06-26,2026-07-25,686.33,2026-07-26T04:00:00Z,2026-07-26T04:00:00Z
STM-00754-202608,ACC-00754,2026-07-26,2026-08-25,837.24,2026-08-26T04:00:00Z,2026-08-26T04:00:00Z
STM-00754-202609,ACC-00754,2026-08-26,2026-09-25,398.55,2026-09-26T04:00:00Z,2026-09-26T04:00:00Z
STM-00754-202610,ACC-00754,2026-09-26,2026-10-25,553.79,2026-10-26T04:00:00Z,2026-10-26T04:00:00Z
STM-00755-202607,ACC-00755,2026-06-18,2026-07-17,107.48,2026-07-18T04:00:00Z,2026-07-18T04:00:00Z
STM-00755-202608,ACC-00755,2026-07-18,2026-08-17,88.93,2026-08-18T04:00:00Z,2026-08-18T04:00:00Z
STM-00755-202609,ACC-00755,2026-08-18,2026-09-17,99.37,2026-09-18T04:00:00Z,2026-09-18T04:00:00Z
STM-00755-202610,ACC-00755,2026-09-18,2026-10-17,28.85,2026-10-18T04:00:00Z,2026-10-18T04:00:00Z
STM-00756-202607,ACC-00756,2026-06-18,2026-07-17,1627.46,2026-07-18T04:00:00Z,2026-07-18T04:00:00Z
STM-00756-202608,ACC-00756,2026-07-18,2026-08-17,1734.19,2026-08-18T04:00:00Z,2026-08-18T04:00:00Z
STM-00756-202609,ACC-00756,2026-08-18,2026-09-17,1298.12,2026-09-18T04:00:00Z,2026-09-18T04:00:00Z
STM-00756-202610,ACC-00756,2026-09-18,2026-10-17,1661.69,2026-10-18T04:00:00Z,2026-10-18T04:00:00Z
STM-00757-202607,ACC-00757,2026-06-26,2026-07-25,250.97,2026-07-26T04:00:00Z,2026-07-26T04:00:00Z
STM-00757-202608,ACC-00757,2026-07-26,2026-08-25,0.00,2026-08-26T04:00:00Z,2026-08-26T04:00:00Z
STM-00757-202609,ACC-00757,2026-08-26,2026-09-25,253.76,2026-09-26T04:00:00Z,2026-09-26T04:00:00Z
STM-00757-202610,ACC-00757,2026-09-26,2026-10-25,161.02,2026-10-26T04:00:00Z,2026-10-26T04:00:00Z
STM-00758-202607,ACC-00758,2026-06-26,2026-07-25,3613.05,2026-07-26T04:00:00Z,2026-07-26T04:00:00Z
STM-00758-202608,ACC-00758,2026-07-26,2026-08-25,4467.06,2026-08-26T04:00:00Z,2026-08-26T04:00:00Z
STM-00758-202609,ACC-00758,2026-08-26,2026-09-25,3491.14,2026-09-26T04:00:00Z,2026-09-26T04:00:00Z
STM-00758-202610,ACC-00758,2026-09-26,2026-10-25,3399.97,2026-10-26T04:00:00Z,2026-10-26T04:00:00Z
STM-00759-202609,ACC-00759,2026-08-21,2026-09-20,5850.00,2026-09-21T04:00:00Z,2026-09-21T04:00:00Z
STM-00759-202610,ACC-00759,2026-09-21,2026-10-20,7295.76,2026-10-21T04:00:00Z,2026-10-21T04:00:00Z
STM-00760-202607,ACC-00760,2026-06-09,2026-07-08,4369.48,2026-07-09T04:00:00Z,2026-07-09T04:00:00Z
STM-00760-202608,ACC-00760,2026-07-09,2026-08-08,4561.58,2026-08-09T04:00:00Z,2026-08-09T04:00:00Z
STM-00760-202609,ACC-00760,2026-08-09,2026-09-08,3868.74,2026-09-09T04:00:00Z,2026-09-09T04:00:00Z
STM-00760-202610,ACC-00760,2026-09-09,2026-10-08,1752.34,2026-10-09T04:00:00Z,2026-10-09T04:00:00Z
STM-00760-202611,ACC-00760,2026-10-09,2026-11-08,1885.03,2026-11-09T05:00:00Z,2026-11-09T05:00:00Z
STM-00761-202607,ACC-00761,2026-06-21,2026-07-20,240.36,2026-07-21T04:00:00Z,2026-07-21T04:00:00Z
STM-00761-202608,ACC-00761,2026-07-21,2026-08-20,140.01,2026-08-21T04:00:00Z,2026-08-21T04:00:00Z
STM-00761-202609,ACC-00761,2026-08-21,2026-09-20,125.09,2026-09-21T04:00:00Z,2026-09-21T04:00:00Z
STM-00761-202610,ACC-00761,2026-09-21,2026-10-20,290.03,2026-10-21T04:00:00Z,2026-10-21T04:00:00Z
STM-00762-202607,ACC-00762,2026-06-18,2026-07-17,0.00,2026-07-18T04:00:00Z,2026-07-18T04:00:00Z
STM-00762-202608,ACC-00762,2026-07-18,2026-08-17,0.00,2026-08-18T04:00:00Z,2026-08-18T04:00:00Z
STM-00762-202609,ACC-00762,2026-08-18,2026-09-17,1108.43,2026-09-18T04:00:00Z,2026-09-18T04:00:00Z
STM-00762-202610,ACC-00762,2026-09-18,2026-10-17,766.11,2026-10-18T04:00:00Z,2026-10-18T04:00:00Z
STM-00763-202607,ACC-00763,2026-06-21,2026-07-20,1077.39,2026-07-21T04:00:00Z,2026-07-21T04:00:00Z
STM-00763-202608,ACC-00763,2026-07-21,2026-08-20,637.31,2026-08-21T04:00:00Z,2026-08-21T04:00:00Z
STM-00763-202609,ACC-00763,2026-08-21,2026-09-20,606.19,2026-09-21T04:00:00Z,2026-09-21T04:00:00Z
STM-00763-202610,ACC-00763,2026-09-21,2026-10-20,608.03,2026-10-21T04:00:00Z,2026-10-21T04:00:00Z
STM-00764-202607,ACC-00764,2026-06-09,2026-07-08,0.00,2026-07-09T04:00:00Z,2026-07-09T04:00:00Z
STM-00764-202608,ACC-00764,2026-07-09,2026-08-08,632.33,2026-08-09T04:00:00Z,2026-08-09T04:00:00Z
STM-00764-202609,ACC-00764,2026-08-09,2026-09-08,507.37,2026-09-09T04:00:00Z,2026-09-09T04:00:00Z
STM-00764-202610,ACC-00764,2026-09-09,2026-10-08,457.06,2026-10-09T04:00:00Z,2026-10-09T04:00:00Z
STM-00764-202611,ACC-00764,2026-10-09,2026-11-08,499.95,2026-11-09T05:00:00Z,2026-11-09T05:00:00Z
STM-00765-202607,ACC-00765,2026-06-09,2026-07-08,3324.07,2026-07-09T04:00:00Z,2026-07-09T04:00:00Z
STM-00765-202608,ACC-00765,2026-07-09,2026-08-08,3557.64,2026-08-09T04:00:00Z,2026-08-09T04:00:00Z
STM-00765-202609,ACC-00765,2026-08-09,2026-09-08,4253.82,2026-09-09T04:00:00Z,2026-09-09T04:00:00Z
STM-00765-202610,ACC-00765,2026-09-09,2026-10-08,1982.21,2026-10-09T04:00:00Z,2026-10-09T04:00:00Z
STM-00765-202611,ACC-00765,2026-10-09,2026-11-08,5122.11,2026-11-09T05:00:00Z,2026-11-09T05:00:00Z
STM-00766-202607,ACC-00766,2026-06-04,2026-07-03,628.87,2026-07-04T04:00:00Z,2026-07-04T04:00:00Z
STM-00766-202608,ACC-00766,2026-07-04,2026-08-03,515.72,2026-08-04T04:00:00Z,2026-08-04T04:00:00Z
STM-00766-202609,ACC-00766,2026-08-04,2026-09-03,623.16,2026-09-04T04:00:00Z,2026-09-04T04:00:00Z
STM-00766-202610,ACC-00766,2026-09-04,2026-10-03,423.32,2026-10-04T04:00:00Z,2026-10-04T04:00:00Z
STM-00766-202611,ACC-00766,2026-10-04,2026-11-03,0.00,2026-11-04T05:00:00Z,2026-11-04T05:00:00Z
STM-00767-202607,ACC-00767,2026-06-21,2026-07-20,1158.41,2026-07-21T04:00:00Z,2026-07-21T04:00:00Z
STM-00767-202608,ACC-00767,2026-07-21,2026-08-20,1405.12,2026-08-21T04:00:00Z,2026-08-21T04:00:00Z
STM-00767-202609,ACC-00767,2026-08-21,2026-09-20,933.33,2026-09-21T04:00:00Z,2026-09-21T04:00:00Z
STM-00767-202610,ACC-00767,2026-09-21,2026-10-20,753.38,2026-10-21T04:00:00Z,2026-10-21T04:00:00Z
STM-00768-202607,ACC-00768,2026-06-09,2026-07-08,121.73,2026-07-09T04:00:00Z,2026-07-09T04:00:00Z
STM-00768-202608,ACC-00768,2026-07-09,2026-08-08,122.99,2026-08-09T04:00:00Z,2026-08-09T04:00:00Z
STM-00768-202609,ACC-00768,2026-08-09,2026-09-08,155.73,2026-09-09T04:00:00Z,2026-09-09T04:00:00Z
STM-00768-202610,ACC-00768,2026-09-09,2026-10-08,108.87,2026-10-09T04:00:00Z,2026-10-09T04:00:00Z
STM-00768-202611,ACC-00768,2026-10-09,2026-11-08,139.99,2026-11-09T05:00:00Z,2026-11-09T05:00:00Z
STM-00769-202607,ACC-00769,2026-06-04,2026-07-03,2937.39,2026-07-04T04:00:00Z,2026-07-04T04:00:00Z
STM-00769-202608,ACC-00769,2026-07-04,2026-08-03,3839.42,2026-08-04T04:00:00Z,2026-08-04T04:00:00Z
STM-00769-202609,ACC-00769,2026-08-04,2026-09-03,2152.45,2026-09-04T04:00:00Z,2026-09-04T04:00:00Z
STM-00769-202610,ACC-00769,2026-09-04,2026-10-03,6053.25,2026-10-04T04:00:00Z,2026-10-04T04:00:00Z
STM-00769-202611,ACC-00769,2026-10-04,2026-11-03,3616.61,2026-11-04T05:00:00Z,2026-11-04T05:00:00Z
STM-00770-202607,ACC-00770,2026-06-18,2026-07-17,4142.38,2026-07-18T04:00:00Z,2026-07-18T04:00:00Z
STM-00770-202608,ACC-00770,2026-07-18,2026-08-17,7133.52,2026-08-18T04:00:00Z,2026-08-18T04:00:00Z
STM-00770-202609,ACC-00770,2026-08-18,2026-09-17,4397.88,2026-09-18T04:00:00Z,2026-09-18T04:00:00Z
STM-00770-202610,ACC-00770,2026-09-18,2026-10-17,7708.77,2026-10-18T04:00:00Z,2026-10-18T04:00:00Z
STM-00771-202607,ACC-00771,2026-06-18,2026-07-17,100.39,2026-07-18T04:00:00Z,2026-07-18T04:00:00Z
STM-00771-202608,ACC-00771,2026-07-18,2026-08-17,81.92,2026-08-18T04:00:00Z,2026-08-18T04:00:00Z
STM-00771-202609,ACC-00771,2026-08-18,2026-09-17,94.69,2026-09-18T04:00:00Z,2026-09-18T04:00:00Z
STM-00771-202610,ACC-00771,2026-09-18,2026-10-17,93.75,2026-10-18T04:00:00Z,2026-10-18T04:00:00Z
STM-00772-202607,ACC-00772,2026-06-09,2026-07-08,3998.30,2026-07-09T04:00:00Z,2026-07-09T04:00:00Z
STM-00772-202608,ACC-00772,2026-07-09,2026-08-08,4256.57,2026-08-09T04:00:00Z,2026-08-09T04:00:00Z
STM-00772-202609,ACC-00772,2026-08-09,2026-09-08,4718.06,2026-09-09T04:00:00Z,2026-09-09T04:00:00Z
STM-00772-202610,ACC-00772,2026-09-09,2026-10-08,7104.11,2026-10-09T04:00:00Z,2026-10-09T04:00:00Z
STM-00772-202611,ACC-00772,2026-10-09,2026-11-08,5598.71,2026-11-09T05:00:00Z,2026-11-09T05:00:00Z
STM-00773-202607,ACC-00773,2026-06-21,2026-07-20,6814.92,2026-07-21T04:00:00Z,2026-07-21T04:00:00Z
STM-00773-202608,ACC-00773,2026-07-21,2026-08-20,2653.22,2026-08-21T04:00:00Z,2026-08-21T04:00:00Z
STM-00773-202609,ACC-00773,2026-08-21,2026-09-20,6668.64,2026-09-21T04:00:00Z,2026-09-21T04:00:00Z
STM-00773-202610,ACC-00773,2026-09-21,2026-10-20,4967.96,2026-10-21T04:00:00Z,2026-10-21T04:00:00Z
STM-00774-202607,ACC-00774,2026-06-04,2026-07-03,2157.80,2026-07-04T04:00:00Z,2026-07-04T04:00:00Z
STM-00774-202608,ACC-00774,2026-07-04,2026-08-03,1043.92,2026-08-04T04:00:00Z,2026-08-04T04:00:00Z
STM-00774-202609,ACC-00774,2026-08-04,2026-09-03,2583.90,2026-09-04T04:00:00Z,2026-09-04T04:00:00Z
STM-00774-202610,ACC-00774,2026-09-04,2026-10-03,2209.37,2026-10-04T04:00:00Z,2026-10-04T04:00:00Z
STM-00774-202611,ACC-00774,2026-10-04,2026-11-03,2525.27,2026-11-04T05:00:00Z,2026-11-04T05:00:00Z
STM-00775-202607,ACC-00775,2026-06-18,2026-07-17,3277.95,2026-07-18T04:00:00Z,2026-07-18T04:00:00Z
STM-00775-202608,ACC-00775,2026-07-18,2026-08-17,3122.99,2026-08-18T04:00:00Z,2026-08-18T04:00:00Z
STM-00775-202609,ACC-00775,2026-08-18,2026-09-17,4205.95,2026-09-18T04:00:00Z,2026-09-18T04:00:00Z
STM-00775-202610,ACC-00775,2026-09-18,2026-10-17,5168.38,2026-10-18T04:00:00Z,2026-10-18T04:00:00Z
STM-00776-202607,ACC-00776,2026-06-04,2026-07-03,88.18,2026-07-04T04:00:00Z,2026-07-04T04:00:00Z
STM-00776-202608,ACC-00776,2026-07-04,2026-08-03,51.38,2026-08-04T04:00:00Z,2026-08-04T04:00:00Z
STM-00776-202609,ACC-00776,2026-08-04,2026-09-03,62.31,2026-09-04T04:00:00Z,2026-09-04T04:00:00Z
STM-00776-202610,ACC-00776,2026-09-04,2026-10-03,52.89,2026-10-04T04:00:00Z,2026-10-04T04:00:00Z
STM-00776-202611,ACC-00776,2026-10-04,2026-11-03,60.34,2026-11-04T05:00:00Z,2026-11-04T05:00:00Z
STM-00777-202607,ACC-00777,2026-06-13,2026-07-12,982.84,2026-07-13T04:00:00Z,2026-07-13T04:00:00Z
STM-00777-202608,ACC-00777,2026-07-13,2026-08-12,974.43,2026-08-13T04:00:00Z,2026-08-13T04:00:00Z
STM-00777-202609,ACC-00777,2026-08-13,2026-09-12,519.82,2026-09-13T04:00:00Z,2026-09-13T04:00:00Z
STM-00777-202610,ACC-00777,2026-09-13,2026-10-12,1196.73,2026-10-13T04:00:00Z,2026-10-13T04:00:00Z
STM-00777-202611,ACC-00777,2026-10-13,2026-11-12,986.85,2026-11-13T05:00:00Z,2026-11-13T05:00:00Z
STM-00778-202607,ACC-00778,2026-06-26,2026-07-25,461.94,2026-07-26T04:00:00Z,2026-07-26T04:00:00Z
STM-00778-202608,ACC-00778,2026-07-26,2026-08-25,744.76,2026-08-26T04:00:00Z,2026-08-26T04:00:00Z
STM-00778-202609,ACC-00778,2026-08-26,2026-09-25,675.59,2026-09-26T04:00:00Z,2026-09-26T04:00:00Z
STM-00778-202610,ACC-00778,2026-09-26,2026-10-25,577.49,2026-10-26T04:00:00Z,2026-10-26T04:00:00Z
STM-00779-202607,ACC-00779,2026-06-21,2026-07-20,2633.94,2026-07-21T04:00:00Z,2026-07-21T04:00:00Z
STM-00779-202608,ACC-00779,2026-07-21,2026-08-20,2140.99,2026-08-21T04:00:00Z,2026-08-21T04:00:00Z
STM-00779-202609,ACC-00779,2026-08-21,2026-09-20,1493.66,2026-09-21T04:00:00Z,2026-09-21T04:00:00Z
STM-00779-202610,ACC-00779,2026-09-21,2026-10-20,1805.58,2026-10-21T04:00:00Z,2026-10-21T04:00:00Z
STM-00780-202607,ACC-00780,2026-06-18,2026-07-17,758.37,2026-07-18T04:00:00Z,2026-07-18T04:00:00Z
STM-00780-202608,ACC-00780,2026-07-18,2026-08-17,735.14,2026-08-18T04:00:00Z,2026-08-18T04:00:00Z
STM-00780-202609,ACC-00780,2026-08-18,2026-09-17,1208.05,2026-09-18T04:00:00Z,2026-09-18T04:00:00Z
STM-00780-202610,ACC-00780,2026-09-18,2026-10-17,1510.47,2026-10-18T04:00:00Z,2026-10-18T04:00:00Z
STM-00781-202607,ACC-00781,2026-06-04,2026-07-03,272.31,2026-07-04T04:00:00Z,2026-07-04T04:00:00Z
STM-00781-202608,ACC-00781,2026-07-04,2026-08-03,370.53,2026-08-04T04:00:00Z,2026-08-04T04:00:00Z
STM-00781-202609,ACC-00781,2026-08-04,2026-09-03,272.50,2026-09-04T04:00:00Z,2026-09-04T04:00:00Z
STM-00781-202610,ACC-00781,2026-09-04,2026-10-03,276.00,2026-10-04T04:00:00Z,2026-10-04T04:00:00Z
STM-00781-202611,ACC-00781,2026-10-04,2026-11-03,285.88,2026-11-04T05:00:00Z,2026-11-04T05:00:00Z
STM-00782-202607,ACC-00782,2026-06-13,2026-07-12,998.41,2026-07-13T04:00:00Z,2026-07-13T04:00:00Z
STM-00782-202608,ACC-00782,2026-07-13,2026-08-12,829.32,2026-08-13T04:00:00Z,2026-08-13T04:00:00Z
STM-00782-202609,ACC-00782,2026-08-13,2026-09-12,1018.91,2026-09-13T04:00:00Z,2026-09-13T04:00:00Z
STM-00782-202610,ACC-00782,2026-09-13,2026-10-12,1138.90,2026-10-13T04:00:00Z,2026-10-13T04:00:00Z
STM-00782-202611,ACC-00782,2026-10-13,2026-11-12,962.97,2026-11-13T05:00:00Z,2026-11-13T05:00:00Z
STM-00783-202608,ACC-00783,2026-07-09,2026-08-08,2102.64,2026-08-09T04:00:00Z,2026-08-09T04:00:00Z
STM-00783-202609,ACC-00783,2026-08-09,2026-09-08,2062.55,2026-09-09T04:00:00Z,2026-09-09T04:00:00Z
STM-00783-202610,ACC-00783,2026-09-09,2026-10-08,2418.34,2026-10-09T04:00:00Z,2026-10-09T04:00:00Z
STM-00783-202611,ACC-00783,2026-10-09,2026-11-08,3046.20,2026-11-09T05:00:00Z,2026-11-09T05:00:00Z
STM-00784-202607,ACC-00784,2026-06-18,2026-07-17,1474.79,2026-07-18T04:00:00Z,2026-07-18T04:00:00Z
STM-00784-202608,ACC-00784,2026-07-18,2026-08-17,1963.45,2026-08-18T04:00:00Z,2026-08-18T04:00:00Z
STM-00784-202609,ACC-00784,2026-08-18,2026-09-17,1406.99,2026-09-18T04:00:00Z,2026-09-18T04:00:00Z
STM-00784-202610,ACC-00784,2026-09-18,2026-10-17,1543.60,2026-10-18T04:00:00Z,2026-10-18T04:00:00Z
STM-00785-202607,ACC-00785,2026-06-09,2026-07-08,2515.97,2026-07-09T04:00:00Z,2026-07-09T04:00:00Z
STM-00785-202608,ACC-00785,2026-07-09,2026-08-08,2989.58,2026-08-09T04:00:00Z,2026-08-09T04:00:00Z
STM-00785-202609,ACC-00785,2026-08-09,2026-09-08,3217.10,2026-09-09T04:00:00Z,2026-09-09T04:00:00Z
STM-00785-202610,ACC-00785,2026-09-09,2026-10-08,2811.84,2026-10-09T04:00:00Z,2026-10-09T04:00:00Z
STM-00785-202611,ACC-00785,2026-10-09,2026-11-08,2691.92,2026-11-09T05:00:00Z,2026-11-09T05:00:00Z
STM-00786-202607,ACC-00786,2026-06-26,2026-07-25,1963.26,2026-07-26T04:00:00Z,2026-07-26T04:00:00Z
STM-00786-202608,ACC-00786,2026-07-26,2026-08-25,1555.37,2026-08-26T04:00:00Z,2026-08-26T04:00:00Z
STM-00786-202609,ACC-00786,2026-08-26,2026-09-25,2061.60,2026-09-26T04:00:00Z,2026-09-26T04:00:00Z
STM-00786-202610,ACC-00786,2026-09-26,2026-10-25,3008.50,2026-10-26T04:00:00Z,2026-10-26T04:00:00Z
STM-00787-202607,ACC-00787,2026-06-13,2026-07-12,3053.38,2026-07-13T04:00:00Z,2026-07-13T04:00:00Z
STM-00787-202608,ACC-00787,2026-07-13,2026-08-12,2523.60,2026-08-13T04:00:00Z,2026-08-13T04:00:00Z
STM-00787-202609,ACC-00787,2026-08-13,2026-09-12,2765.69,2026-09-13T04:00:00Z,2026-09-13T04:00:00Z
STM-00787-202610,ACC-00787,2026-09-13,2026-10-12,2807.23,2026-10-13T04:00:00Z,2026-10-13T04:00:00Z
STM-00787-202611,ACC-00787,2026-10-13,2026-11-12,0.00,2026-11-13T05:00:00Z,2026-11-13T05:00:00Z
STM-00788-202607,ACC-00788,2026-06-04,2026-07-03,401.19,2026-07-04T04:00:00Z,2026-07-04T04:00:00Z
STM-00788-202608,ACC-00788,2026-07-04,2026-08-03,385.27,2026-08-04T04:00:00Z,2026-08-04T04:00:00Z
STM-00788-202609,ACC-00788,2026-08-04,2026-09-03,393.47,2026-09-04T04:00:00Z,2026-09-04T04:00:00Z
STM-00788-202610,ACC-00788,2026-09-04,2026-10-03,406.85,2026-10-04T04:00:00Z,2026-10-04T04:00:00Z
STM-00788-202611,ACC-00788,2026-10-04,2026-11-03,712.85,2026-11-04T05:00:00Z,2026-11-04T05:00:00Z
STM-00789-202607,ACC-00789,2026-06-26,2026-07-25,1326.66,2026-07-26T04:00:00Z,2026-07-26T04:00:00Z
STM-00789-202608,ACC-00789,2026-07-26,2026-08-25,934.28,2026-08-26T04:00:00Z,2026-08-26T04:00:00Z
STM-00789-202609,ACC-00789,2026-08-26,2026-09-25,922.92,2026-09-26T04:00:00Z,2026-09-26T04:00:00Z
STM-00789-202610,ACC-00789,2026-09-26,2026-10-25,895.57,2026-10-26T04:00:00Z,2026-10-26T04:00:00Z
STM-00790-202607,ACC-00790,2026-06-04,2026-07-03,2059.41,2026-07-04T04:00:00Z,2026-07-04T04:00:00Z
STM-00790-202608,ACC-00790,2026-07-04,2026-08-03,3160.72,2026-08-04T04:00:00Z,2026-08-04T04:00:00Z
STM-00790-202609,ACC-00790,2026-08-04,2026-09-03,2292.54,2026-09-04T04:00:00Z,2026-09-04T04:00:00Z
STM-00790-202610,ACC-00790,2026-09-04,2026-10-03,3276.29,2026-10-04T04:00:00Z,2026-10-04T04:00:00Z
STM-00790-202611,ACC-00790,2026-10-04,2026-11-03,2585.73,2026-11-04T05:00:00Z,2026-11-04T05:00:00Z
STM-00791-202607,ACC-00791,2026-06-26,2026-07-25,712.90,2026-07-26T04:00:00Z,2026-07-26T04:00:00Z
STM-00791-202608,ACC-00791,2026-07-26,2026-08-25,1572.14,2026-08-26T04:00:00Z,2026-08-26T04:00:00Z
STM-00791-202609,ACC-00791,2026-08-26,2026-09-25,2452.05,2026-09-26T04:00:00Z,2026-09-26T04:00:00Z
STM-00791-202610,ACC-00791,2026-09-26,2026-10-25,3009.32,2026-10-26T04:00:00Z,2026-10-26T04:00:00Z
STM-00792-202607,ACC-00792,2026-06-26,2026-07-25,0.00,2026-07-26T04:00:00Z,2026-07-26T04:00:00Z
STM-00792-202608,ACC-00792,2026-07-26,2026-08-25,2001.11,2026-08-26T04:00:00Z,2026-08-26T04:00:00Z
STM-00792-202609,ACC-00792,2026-08-26,2026-09-25,2262.61,2026-09-26T04:00:00Z,2026-09-26T04:00:00Z
STM-00792-202610,ACC-00792,2026-09-26,2026-10-25,1576.52,2026-10-26T04:00:00Z,2026-10-26T04:00:00Z
STM-00793-202607,ACC-00793,2026-06-18,2026-07-17,13897.83,2026-07-18T04:00:00Z,2026-07-18T04:00:00Z
STM-00793-202608,ACC-00793,2026-07-18,2026-08-17,8189.59,2026-08-18T04:00:00Z,2026-08-18T04:00:00Z
STM-00793-202609,ACC-00793,2026-08-18,2026-09-17,8880.95,2026-09-18T04:00:00Z,2026-09-18T04:00:00Z
STM-00793-202610,ACC-00793,2026-09-18,2026-10-17,11142.95,2026-10-18T04:00:00Z,2026-10-18T04:00:00Z
STM-00794-202607,ACC-00794,2026-06-21,2026-07-20,2657.23,2026-07-21T04:00:00Z,2026-07-21T04:00:00Z
STM-00794-202608,ACC-00794,2026-07-21,2026-08-20,2693.19,2026-08-21T04:00:00Z,2026-08-21T04:00:00Z
STM-00794-202609,ACC-00794,2026-08-21,2026-09-20,680.00,2026-09-21T04:00:00Z,2026-09-21T04:00:00Z
STM-00794-202610,ACC-00794,2026-09-21,2026-10-20,2803.66,2026-10-21T04:00:00Z,2026-10-21T04:00:00Z
STM-00795-202607,ACC-00795,2026-06-09,2026-07-08,914.98,2026-07-09T04:00:00Z,2026-07-09T04:00:00Z
STM-00795-202608,ACC-00795,2026-07-09,2026-08-08,1138.18,2026-08-09T04:00:00Z,2026-08-09T04:00:00Z
STM-00795-202609,ACC-00795,2026-08-09,2026-09-08,1120.81,2026-09-09T04:00:00Z,2026-09-09T04:00:00Z
STM-00795-202610,ACC-00795,2026-09-09,2026-10-08,1062.60,2026-10-09T04:00:00Z,2026-10-09T04:00:00Z
STM-00795-202611,ACC-00795,2026-10-09,2026-11-08,710.76,2026-11-09T05:00:00Z,2026-11-09T05:00:00Z
STM-00796-202607,ACC-00796,2026-06-04,2026-07-03,1923.45,2026-07-04T04:00:00Z,2026-07-04T04:00:00Z
STM-00796-202608,ACC-00796,2026-07-04,2026-08-03,1845.71,2026-08-04T04:00:00Z,2026-08-04T04:00:00Z
STM-00796-202609,ACC-00796,2026-08-04,2026-09-03,1433.25,2026-09-04T04:00:00Z,2026-09-04T04:00:00Z
STM-00796-202610,ACC-00796,2026-09-04,2026-10-03,1195.95,2026-10-04T04:00:00Z,2026-10-04T04:00:00Z
STM-00796-202611,ACC-00796,2026-10-04,2026-11-03,1963.47,2026-11-04T05:00:00Z,2026-11-04T05:00:00Z
STM-00797-202607,ACC-00797,2026-06-04,2026-07-03,730.56,2026-07-04T04:00:00Z,2026-07-04T04:00:00Z
STM-00797-202608,ACC-00797,2026-07-04,2026-08-03,507.09,2026-08-04T04:00:00Z,2026-08-04T04:00:00Z
STM-00797-202609,ACC-00797,2026-08-04,2026-09-03,706.77,2026-09-04T04:00:00Z,2026-09-04T04:00:00Z
STM-00797-202610,ACC-00797,2026-09-04,2026-10-03,634.48,2026-10-04T04:00:00Z,2026-10-04T04:00:00Z
STM-00797-202611,ACC-00797,2026-10-04,2026-11-03,688.21,2026-11-04T05:00:00Z,2026-11-04T05:00:00Z
STM-00798-202607,ACC-00798,2026-06-21,2026-07-20,376.02,2026-07-21T04:00:00Z,2026-07-21T04:00:00Z
STM-00798-202608,ACC-00798,2026-07-21,2026-08-20,196.43,2026-08-21T04:00:00Z,2026-08-21T04:00:00Z
STM-00798-202609,ACC-00798,2026-08-21,2026-09-20,205.23,2026-09-21T04:00:00Z,2026-09-21T04:00:00Z
STM-00798-202610,ACC-00798,2026-09-21,2026-10-20,256.33,2026-10-21T04:00:00Z,2026-10-21T04:00:00Z
STM-00799-202609,ACC-00799,2026-08-04,2026-09-03,1613.00,2026-09-04T04:00:00Z,2026-09-04T04:00:00Z
STM-00799-202610,ACC-00799,2026-09-04,2026-10-03,932.85,2026-10-04T04:00:00Z,2026-10-04T04:00:00Z
STM-00799-202611,ACC-00799,2026-10-04,2026-11-03,1999.75,2026-11-04T05:00:00Z,2026-11-04T05:00:00Z
STM-00800-202607,ACC-00800,2026-06-26,2026-07-25,854.23,2026-07-26T04:00:00Z,2026-07-26T04:00:00Z
STM-00800-202608,ACC-00800,2026-07-26,2026-08-25,1124.74,2026-08-26T04:00:00Z,2026-08-26T04:00:00Z
STM-00800-202609,ACC-00800,2026-08-26,2026-09-25,504.59,2026-09-26T04:00:00Z,2026-09-26T04:00:00Z
STM-00800-202610,ACC-00800,2026-09-26,2026-10-25,920.07,2026-10-26T04:00:00Z,2026-10-26T04:00:00Z
STM-00801-202607,ACC-00801,2026-06-21,2026-07-20,13225.83,2026-07-21T04:00:00Z,2026-07-21T04:00:00Z
STM-00801-202608,ACC-00801,2026-07-21,2026-08-20,11965.44,2026-08-21T04:00:00Z,2026-08-21T04:00:00Z
STM-00801-202609,ACC-00801,2026-08-21,2026-09-20,10217.81,2026-09-21T04:00:00Z,2026-09-21T04:00:00Z
STM-00801-202610,ACC-00801,2026-09-21,2026-10-20,11139.55,2026-10-21T04:00:00Z,2026-10-21T04:00:00Z
STM-00802-202607,ACC-00802,2026-06-26,2026-07-25,1244.46,2026-07-26T04:00:00Z,2026-07-26T04:00:00Z
STM-00802-202608,ACC-00802,2026-07-26,2026-08-25,1697.86,2026-08-26T04:00:00Z,2026-08-26T04:00:00Z
STM-00802-202609,ACC-00802,2026-08-26,2026-09-25,1000.81,2026-09-26T04:00:00Z,2026-09-26T04:00:00Z
STM-00802-202610,ACC-00802,2026-09-26,2026-10-25,1795.43,2026-10-26T04:00:00Z,2026-10-26T04:00:00Z
STM-00803-202607,ACC-00803,2026-06-21,2026-07-20,3802.13,2026-07-21T04:00:00Z,2026-07-21T04:00:00Z
STM-00803-202608,ACC-00803,2026-07-21,2026-08-20,6431.28,2026-08-21T04:00:00Z,2026-08-21T04:00:00Z
STM-00803-202609,ACC-00803,2026-08-21,2026-09-20,8006.72,2026-09-21T04:00:00Z,2026-09-21T04:00:00Z
STM-00803-202610,ACC-00803,2026-09-21,2026-10-20,6038.10,2026-10-21T04:00:00Z,2026-10-21T04:00:00Z
STM-00804-202607,ACC-00804,2026-06-26,2026-07-25,5716.50,2026-07-26T04:00:00Z,2026-07-26T04:00:00Z
STM-00804-202608,ACC-00804,2026-07-26,2026-08-25,6208.53,2026-08-26T04:00:00Z,2026-08-26T04:00:00Z
STM-00804-202609,ACC-00804,2026-08-26,2026-09-25,5727.11,2026-09-26T04:00:00Z,2026-09-26T04:00:00Z
STM-00804-202610,ACC-00804,2026-09-26,2026-10-25,4269.17,2026-10-26T04:00:00Z,2026-10-26T04:00:00Z
STM-00805-202610,ACC-00805,2026-09-04,2026-10-03,1012.40,2026-10-04T04:00:00Z,2026-10-04T04:00:00Z
STM-00805-202611,ACC-00805,2026-10-04,2026-11-03,1124.36,2026-11-04T05:00:00Z,2026-11-04T05:00:00Z
STM-00806-202607,ACC-00806,2026-06-26,2026-07-25,0.00,2026-07-26T04:00:00Z,2026-07-26T04:00:00Z
STM-00806-202608,ACC-00806,2026-07-26,2026-08-25,7621.30,2026-08-26T04:00:00Z,2026-08-26T04:00:00Z
STM-00806-202609,ACC-00806,2026-08-26,2026-09-25,10281.20,2026-09-26T04:00:00Z,2026-09-26T04:00:00Z
STM-00806-202610,ACC-00806,2026-09-26,2026-10-25,9215.47,2026-10-26T04:00:00Z,2026-10-26T04:00:00Z
STM-00807-202607,ACC-00807,2026-06-04,2026-07-03,1463.74,2026-07-04T04:00:00Z,2026-07-04T04:00:00Z
STM-00807-202608,ACC-00807,2026-07-04,2026-08-03,1246.43,2026-08-04T04:00:00Z,2026-08-04T04:00:00Z
STM-00807-202609,ACC-00807,2026-08-04,2026-09-03,703.30,2026-09-04T04:00:00Z,2026-09-04T04:00:00Z
STM-00807-202610,ACC-00807,2026-09-04,2026-10-03,1104.93,2026-10-04T04:00:00Z,2026-10-04T04:00:00Z
STM-00807-202611,ACC-00807,2026-10-04,2026-11-03,913.62,2026-11-04T05:00:00Z,2026-11-04T05:00:00Z
STM-00808-202607,ACC-00808,2026-06-18,2026-07-17,2231.19,2026-07-18T04:00:00Z,2026-07-18T04:00:00Z
STM-00808-202608,ACC-00808,2026-07-18,2026-08-17,0.00,2026-08-18T04:00:00Z,2026-08-18T04:00:00Z
STM-00808-202609,ACC-00808,2026-08-18,2026-09-17,0.00,2026-09-18T04:00:00Z,2026-09-18T04:00:00Z
STM-00808-202610,ACC-00808,2026-09-18,2026-10-17,0.00,2026-10-18T04:00:00Z,2026-10-18T04:00:00Z
STM-00809-202607,ACC-00809,2026-06-26,2026-07-25,2890.20,2026-07-26T04:00:00Z,2026-07-26T04:00:00Z
STM-00809-202608,ACC-00809,2026-07-26,2026-08-25,2629.81,2026-08-26T04:00:00Z,2026-08-26T04:00:00Z
STM-00809-202609,ACC-00809,2026-08-26,2026-09-25,3389.58,2026-09-26T04:00:00Z,2026-09-26T04:00:00Z
STM-00809-202610,ACC-00809,2026-09-26,2026-10-25,0.00,2026-10-26T04:00:00Z,2026-10-26T04:00:00Z
STM-00810-202607,ACC-00810,2026-06-13,2026-07-12,266.46,2026-07-13T04:00:00Z,2026-07-13T04:00:00Z
STM-00810-202608,ACC-00810,2026-07-13,2026-08-12,472.45,2026-08-13T04:00:00Z,2026-08-13T04:00:00Z
STM-00810-202609,ACC-00810,2026-08-13,2026-09-12,494.39,2026-09-13T04:00:00Z,2026-09-13T04:00:00Z
STM-00810-202610,ACC-00810,2026-09-13,2026-10-12,528.84,2026-10-13T04:00:00Z,2026-10-13T04:00:00Z
STM-00810-202611,ACC-00810,2026-10-13,2026-11-12,711.23,2026-11-13T05:00:00Z,2026-11-13T05:00:00Z
STM-00811-202607,ACC-00811,2026-06-18,2026-07-17,7577.44,2026-07-18T04:00:00Z,2026-07-18T04:00:00Z
STM-00811-202608,ACC-00811,2026-07-18,2026-08-17,4812.24,2026-08-18T04:00:00Z,2026-08-18T04:00:00Z
STM-00811-202609,ACC-00811,2026-08-18,2026-09-17,5902.76,2026-09-18T04:00:00Z,2026-09-18T04:00:00Z
STM-00811-202610,ACC-00811,2026-09-18,2026-10-17,6930.35,2026-10-18T04:00:00Z,2026-10-18T04:00:00Z
STM-00812-202607,ACC-00812,2026-06-18,2026-07-17,2190.96,2026-07-18T04:00:00Z,2026-07-18T04:00:00Z
STM-00812-202608,ACC-00812,2026-07-18,2026-08-17,2737.95,2026-08-18T04:00:00Z,2026-08-18T04:00:00Z
STM-00812-202609,ACC-00812,2026-08-18,2026-09-17,2183.43,2026-09-18T04:00:00Z,2026-09-18T04:00:00Z
STM-00812-202610,ACC-00812,2026-09-18,2026-10-17,1966.10,2026-10-18T04:00:00Z,2026-10-18T04:00:00Z
STM-00813-202607,ACC-00813,2026-06-18,2026-07-17,0.00,2026-07-18T04:00:00Z,2026-07-18T04:00:00Z
STM-00813-202608,ACC-00813,2026-07-18,2026-08-17,609.08,2026-08-18T04:00:00Z,2026-08-18T04:00:00Z
STM-00813-202609,ACC-00813,2026-08-18,2026-09-17,1078.85,2026-09-18T04:00:00Z,2026-09-18T04:00:00Z
STM-00813-202610,ACC-00813,2026-09-18,2026-10-17,631.43,2026-10-18T04:00:00Z,2026-10-18T04:00:00Z
STM-00814-202607,ACC-00814,2026-06-09,2026-07-08,4834.14,2026-07-09T04:00:00Z,2026-07-09T04:00:00Z
STM-00814-202608,ACC-00814,2026-07-09,2026-08-08,5664.65,2026-08-09T04:00:00Z,2026-08-09T04:00:00Z
STM-00814-202609,ACC-00814,2026-08-09,2026-09-08,8102.73,2026-09-09T04:00:00Z,2026-09-09T04:00:00Z
STM-00814-202610,ACC-00814,2026-09-09,2026-10-08,5754.12,2026-10-09T04:00:00Z,2026-10-09T04:00:00Z
STM-00814-202611,ACC-00814,2026-10-09,2026-11-08,5642.51,2026-11-09T05:00:00Z,2026-11-09T05:00:00Z
STM-00815-202607,ACC-00815,2026-06-04,2026-07-03,2545.65,2026-07-04T04:00:00Z,2026-07-04T04:00:00Z
STM-00815-202608,ACC-00815,2026-07-04,2026-08-03,3411.84,2026-08-04T04:00:00Z,2026-08-04T04:00:00Z
STM-00815-202609,ACC-00815,2026-08-04,2026-09-03,1185.48,2026-09-04T04:00:00Z,2026-09-04T04:00:00Z
STM-00815-202610,ACC-00815,2026-09-04,2026-10-03,3105.93,2026-10-04T04:00:00Z,2026-10-04T04:00:00Z
STM-00815-202611,ACC-00815,2026-10-04,2026-11-03,2184.93,2026-11-04T05:00:00Z,2026-11-04T05:00:00Z
STM-00816-202607,ACC-00816,2026-06-26,2026-07-25,7385.68,2026-07-26T04:00:00Z,2026-07-26T04:00:00Z
STM-00816-202608,ACC-00816,2026-07-26,2026-08-25,14849.49,2026-08-26T04:00:00Z,2026-08-26T04:00:00Z
STM-00816-202609,ACC-00816,2026-08-26,2026-09-25,11339.19,2026-09-26T04:00:00Z,2026-09-26T04:00:00Z
STM-00816-202610,ACC-00816,2026-09-26,2026-10-25,9328.84,2026-10-26T04:00:00Z,2026-10-26T04:00:00Z
STM-00817-202607,ACC-00817,2026-06-13,2026-07-12,722.58,2026-07-13T04:00:00Z,2026-07-13T04:00:00Z
STM-00817-202608,ACC-00817,2026-07-13,2026-08-12,1056.86,2026-08-13T04:00:00Z,2026-08-13T04:00:00Z
STM-00817-202609,ACC-00817,2026-08-13,2026-09-12,565.28,2026-09-13T04:00:00Z,2026-09-13T04:00:00Z
STM-00817-202610,ACC-00817,2026-09-13,2026-10-12,701.42,2026-10-13T04:00:00Z,2026-10-13T04:00:00Z
STM-00817-202611,ACC-00817,2026-10-13,2026-11-12,830.83,2026-11-13T05:00:00Z,2026-11-13T05:00:00Z
STM-00818-202607,ACC-00818,2026-06-21,2026-07-20,1840.57,2026-07-21T04:00:00Z,2026-07-21T04:00:00Z
STM-00818-202608,ACC-00818,2026-07-21,2026-08-20,2037.96,2026-08-21T04:00:00Z,2026-08-21T04:00:00Z
STM-00818-202609,ACC-00818,2026-08-21,2026-09-20,1225.01,2026-09-21T04:00:00Z,2026-09-21T04:00:00Z
STM-00818-202610,ACC-00818,2026-09-21,2026-10-20,1423.77,2026-10-21T04:00:00Z,2026-10-21T04:00:00Z
STM-00819-202607,ACC-00819,2026-06-18,2026-07-17,324.26,2026-07-18T04:00:00Z,2026-07-18T04:00:00Z
STM-00819-202608,ACC-00819,2026-07-18,2026-08-17,514.39,2026-08-18T04:00:00Z,2026-08-18T04:00:00Z
STM-00819-202609,ACC-00819,2026-08-18,2026-09-17,179.54,2026-09-18T04:00:00Z,2026-09-18T04:00:00Z
STM-00819-202610,ACC-00819,2026-09-18,2026-10-17,319.75,2026-10-18T04:00:00Z,2026-10-18T04:00:00Z
STM-00820-202607,ACC-00820,2026-06-13,2026-07-12,1560.78,2026-07-13T04:00:00Z,2026-07-13T04:00:00Z
STM-00820-202608,ACC-00820,2026-07-13,2026-08-12,644.53,2026-08-13T04:00:00Z,2026-08-13T04:00:00Z
STM-00820-202609,ACC-00820,2026-08-13,2026-09-12,1305.47,2026-09-13T04:00:00Z,2026-09-13T04:00:00Z
STM-00820-202610,ACC-00820,2026-09-13,2026-10-12,1680.49,2026-10-13T04:00:00Z,2026-10-13T04:00:00Z
STM-00820-202611,ACC-00820,2026-10-13,2026-11-12,984.40,2026-11-13T05:00:00Z,2026-11-13T05:00:00Z
STM-00821-202607,ACC-00821,2026-06-26,2026-07-25,517.24,2026-07-26T04:00:00Z,2026-07-26T04:00:00Z
STM-00821-202608,ACC-00821,2026-07-26,2026-08-25,1056.00,2026-08-26T04:00:00Z,2026-08-26T04:00:00Z
STM-00821-202609,ACC-00821,2026-08-26,2026-09-25,600.55,2026-09-26T04:00:00Z,2026-09-26T04:00:00Z
STM-00821-202610,ACC-00821,2026-09-26,2026-10-25,768.84,2026-10-26T04:00:00Z,2026-10-26T04:00:00Z
STM-00822-202607,ACC-00822,2026-06-26,2026-07-25,138.11,2026-07-26T04:00:00Z,2026-07-26T04:00:00Z
STM-00822-202608,ACC-00822,2026-07-26,2026-08-25,129.16,2026-08-26T04:00:00Z,2026-08-26T04:00:00Z
STM-00822-202609,ACC-00822,2026-08-26,2026-09-25,150.57,2026-09-26T04:00:00Z,2026-09-26T04:00:00Z
STM-00822-202610,ACC-00822,2026-09-26,2026-10-25,166.40,2026-10-26T04:00:00Z,2026-10-26T04:00:00Z
STM-00823-202607,ACC-00823,2026-06-18,2026-07-17,2983.01,2026-07-18T04:00:00Z,2026-07-18T04:00:00Z
STM-00823-202608,ACC-00823,2026-07-18,2026-08-17,3363.76,2026-08-18T04:00:00Z,2026-08-18T04:00:00Z
STM-00823-202609,ACC-00823,2026-08-18,2026-09-17,3253.61,2026-09-18T04:00:00Z,2026-09-18T04:00:00Z
STM-00823-202610,ACC-00823,2026-09-18,2026-10-17,3025.49,2026-10-18T04:00:00Z,2026-10-18T04:00:00Z
STM-00824-202607,ACC-00824,2026-06-13,2026-07-12,3090.45,2026-07-13T04:00:00Z,2026-07-13T04:00:00Z
STM-00824-202608,ACC-00824,2026-07-13,2026-08-12,1999.85,2026-08-13T04:00:00Z,2026-08-13T04:00:00Z
STM-00824-202609,ACC-00824,2026-08-13,2026-09-12,3641.93,2026-09-13T04:00:00Z,2026-09-13T04:00:00Z
STM-00824-202610,ACC-00824,2026-09-13,2026-10-12,2912.26,2026-10-13T04:00:00Z,2026-10-13T04:00:00Z
STM-00824-202611,ACC-00824,2026-10-13,2026-11-12,3730.01,2026-11-13T05:00:00Z,2026-11-13T05:00:00Z
STM-00825-202607,ACC-00825,2026-06-18,2026-07-17,3692.41,2026-07-18T04:00:00Z,2026-07-18T04:00:00Z
STM-00825-202608,ACC-00825,2026-07-18,2026-08-17,0.00,2026-08-18T04:00:00Z,2026-08-18T04:00:00Z
STM-00825-202609,ACC-00825,2026-08-18,2026-09-17,4845.84,2026-09-18T04:00:00Z,2026-09-18T04:00:00Z
STM-00825-202610,ACC-00825,2026-09-18,2026-10-17,7001.05,2026-10-18T04:00:00Z,2026-10-18T04:00:00Z
STM-00826-202607,ACC-00826,2026-06-09,2026-07-08,414.72,2026-07-09T04:00:00Z,2026-07-09T04:00:00Z
STM-00826-202608,ACC-00826,2026-07-09,2026-08-08,370.60,2026-08-09T04:00:00Z,2026-08-09T04:00:00Z
STM-00826-202609,ACC-00826,2026-08-09,2026-09-08,0.00,2026-09-09T04:00:00Z,2026-09-09T04:00:00Z
STM-00826-202610,ACC-00826,2026-09-09,2026-10-08,447.27,2026-10-09T04:00:00Z,2026-10-09T04:00:00Z
STM-00826-202611,ACC-00826,2026-10-09,2026-11-08,383.66,2026-11-09T05:00:00Z,2026-11-09T05:00:00Z
STM-00827-202607,ACC-00827,2026-06-21,2026-07-20,1217.16,2026-07-21T04:00:00Z,2026-07-21T04:00:00Z
STM-00827-202608,ACC-00827,2026-07-21,2026-08-20,1153.22,2026-08-21T04:00:00Z,2026-08-21T04:00:00Z
STM-00827-202609,ACC-00827,2026-08-21,2026-09-20,1069.14,2026-09-21T04:00:00Z,2026-09-21T04:00:00Z
STM-00827-202610,ACC-00827,2026-09-21,2026-10-20,764.31,2026-10-21T04:00:00Z,2026-10-21T04:00:00Z
STM-00828-202607,ACC-00828,2026-06-04,2026-07-03,6138.95,2026-07-04T04:00:00Z,2026-07-04T04:00:00Z
STM-00828-202608,ACC-00828,2026-07-04,2026-08-03,6718.85,2026-08-04T04:00:00Z,2026-08-04T04:00:00Z
STM-00828-202609,ACC-00828,2026-08-04,2026-09-03,4291.09,2026-09-04T04:00:00Z,2026-09-04T04:00:00Z
STM-00828-202610,ACC-00828,2026-09-04,2026-10-03,7003.54,2026-10-04T04:00:00Z,2026-10-04T04:00:00Z
STM-00828-202611,ACC-00828,2026-10-04,2026-11-03,6572.98,2026-11-04T05:00:00Z,2026-11-04T05:00:00Z
STM-00829-202607,ACC-00829,2026-06-04,2026-07-03,885.19,2026-07-04T04:00:00Z,2026-07-04T04:00:00Z
STM-00829-202608,ACC-00829,2026-07-04,2026-08-03,1974.43,2026-08-04T04:00:00Z,2026-08-04T04:00:00Z
STM-00829-202609,ACC-00829,2026-08-04,2026-09-03,2181.51,2026-09-04T04:00:00Z,2026-09-04T04:00:00Z
STM-00829-202610,ACC-00829,2026-09-04,2026-10-03,2123.08,2026-10-04T04:00:00Z,2026-10-04T04:00:00Z
STM-00829-202611,ACC-00829,2026-10-04,2026-11-03,2517.22,2026-11-04T05:00:00Z,2026-11-04T05:00:00Z
STM-00830-202607,ACC-00830,2026-06-26,2026-07-25,1245.59,2026-07-26T04:00:00Z,2026-07-26T04:00:00Z
STM-00830-202608,ACC-00830,2026-07-26,2026-08-25,1375.01,2026-08-26T04:00:00Z,2026-08-26T04:00:00Z
STM-00830-202609,ACC-00830,2026-08-26,2026-09-25,724.31,2026-09-26T04:00:00Z,2026-09-26T04:00:00Z
STM-00830-202610,ACC-00830,2026-09-26,2026-10-25,1026.43,2026-10-26T04:00:00Z,2026-10-26T04:00:00Z
STM-00831-202607,ACC-00831,2026-06-18,2026-07-17,1265.77,2026-07-18T04:00:00Z,2026-07-18T04:00:00Z
STM-00831-202608,ACC-00831,2026-07-18,2026-08-17,3582.04,2026-08-18T04:00:00Z,2026-08-18T04:00:00Z
STM-00831-202609,ACC-00831,2026-08-18,2026-09-17,2853.24,2026-09-18T04:00:00Z,2026-09-18T04:00:00Z
STM-00831-202610,ACC-00831,2026-09-18,2026-10-17,1456.34,2026-10-18T04:00:00Z,2026-10-18T04:00:00Z
STM-00832-202607,ACC-00832,2026-06-09,2026-07-08,7233.03,2026-07-09T04:00:00Z,2026-07-09T04:00:00Z
STM-00832-202608,ACC-00832,2026-07-09,2026-08-08,5838.26,2026-08-09T04:00:00Z,2026-08-09T04:00:00Z
STM-00832-202609,ACC-00832,2026-08-09,2026-09-08,3990.34,2026-09-09T04:00:00Z,2026-09-09T04:00:00Z
STM-00832-202610,ACC-00832,2026-09-09,2026-10-08,5767.01,2026-10-09T04:00:00Z,2026-10-09T04:00:00Z
STM-00832-202611,ACC-00832,2026-10-09,2026-11-08,546.55,2026-11-09T05:00:00Z,2026-11-09T05:00:00Z
STM-00833-202607,ACC-00833,2026-06-09,2026-07-08,1901.73,2026-07-09T04:00:00Z,2026-07-09T04:00:00Z
STM-00833-202608,ACC-00833,2026-07-09,2026-08-08,2438.46,2026-08-09T04:00:00Z,2026-08-09T04:00:00Z
STM-00833-202609,ACC-00833,2026-08-09,2026-09-08,2365.55,2026-09-09T04:00:00Z,2026-09-09T04:00:00Z
STM-00833-202610,ACC-00833,2026-09-09,2026-10-08,3885.31,2026-10-09T04:00:00Z,2026-10-09T04:00:00Z
STM-00833-202611,ACC-00833,2026-10-09,2026-11-08,3169.08,2026-11-09T05:00:00Z,2026-11-09T05:00:00Z
STM-00834-202607,ACC-00834,2026-06-18,2026-07-17,6299.09,2026-07-18T04:00:00Z,2026-07-18T04:00:00Z
STM-00834-202608,ACC-00834,2026-07-18,2026-08-17,10726.82,2026-08-18T04:00:00Z,2026-08-18T04:00:00Z
STM-00834-202609,ACC-00834,2026-08-18,2026-09-17,16038.02,2026-09-18T04:00:00Z,2026-09-18T04:00:00Z
STM-00834-202610,ACC-00834,2026-09-18,2026-10-17,9068.23,2026-10-18T04:00:00Z,2026-10-18T04:00:00Z
STM-00835-202607,ACC-00835,2026-06-18,2026-07-17,934.80,2026-07-18T04:00:00Z,2026-07-18T04:00:00Z
STM-00835-202608,ACC-00835,2026-07-18,2026-08-17,1314.60,2026-08-18T04:00:00Z,2026-08-18T04:00:00Z
STM-00835-202609,ACC-00835,2026-08-18,2026-09-17,910.05,2026-09-18T04:00:00Z,2026-09-18T04:00:00Z
STM-00835-202610,ACC-00835,2026-09-18,2026-10-17,1024.38,2026-10-18T04:00:00Z,2026-10-18T04:00:00Z
STM-00836-202607,ACC-00836,2026-06-21,2026-07-20,2571.94,2026-07-21T04:00:00Z,2026-07-21T04:00:00Z
STM-00836-202608,ACC-00836,2026-07-21,2026-08-20,3488.84,2026-08-21T04:00:00Z,2026-08-21T04:00:00Z
STM-00836-202609,ACC-00836,2026-08-21,2026-09-20,366.35,2026-09-21T04:00:00Z,2026-09-21T04:00:00Z
STM-00836-202610,ACC-00836,2026-09-21,2026-10-20,4443.64,2026-10-21T04:00:00Z,2026-10-21T04:00:00Z
STM-00837-202607,ACC-00837,2026-06-09,2026-07-08,9627.41,2026-07-09T04:00:00Z,2026-07-09T04:00:00Z
STM-00837-202608,ACC-00837,2026-07-09,2026-08-08,8268.78,2026-08-09T04:00:00Z,2026-08-09T04:00:00Z
STM-00837-202609,ACC-00837,2026-08-09,2026-09-08,6134.02,2026-09-09T04:00:00Z,2026-09-09T04:00:00Z
STM-00837-202610,ACC-00837,2026-09-09,2026-10-08,7702.50,2026-10-09T04:00:00Z,2026-10-09T04:00:00Z
STM-00837-202611,ACC-00837,2026-10-09,2026-11-08,5644.33,2026-11-09T05:00:00Z,2026-11-09T05:00:00Z
STM-00838-202607,ACC-00838,2026-06-18,2026-07-17,3398.19,2026-07-18T04:00:00Z,2026-07-18T04:00:00Z
STM-00838-202608,ACC-00838,2026-07-18,2026-08-17,4012.53,2026-08-18T04:00:00Z,2026-08-18T04:00:00Z
STM-00838-202609,ACC-00838,2026-08-18,2026-09-17,3527.16,2026-09-18T04:00:00Z,2026-09-18T04:00:00Z
STM-00838-202610,ACC-00838,2026-09-18,2026-10-17,4886.55,2026-10-18T04:00:00Z,2026-10-18T04:00:00Z
STM-00839-202608,ACC-00839,2026-07-04,2026-08-03,481.84,2026-08-04T04:00:00Z,2026-08-04T04:00:00Z
STM-00839-202609,ACC-00839,2026-08-04,2026-09-03,750.98,2026-09-04T04:00:00Z,2026-09-04T04:00:00Z
STM-00839-202610,ACC-00839,2026-09-04,2026-10-03,458.70,2026-10-04T04:00:00Z,2026-10-04T04:00:00Z
STM-00839-202611,ACC-00839,2026-10-04,2026-11-03,444.79,2026-11-04T05:00:00Z,2026-11-04T05:00:00Z
STM-00840-202607,ACC-00840,2026-06-21,2026-07-20,21.36,2026-07-21T04:00:00Z,2026-07-21T04:00:00Z
STM-00840-202608,ACC-00840,2026-07-21,2026-08-20,10.10,2026-08-21T04:00:00Z,2026-08-21T04:00:00Z
STM-00840-202609,ACC-00840,2026-08-21,2026-09-20,21.88,2026-09-21T04:00:00Z,2026-09-21T04:00:00Z
STM-00840-202610,ACC-00840,2026-09-21,2026-10-20,31.34,2026-10-21T04:00:00Z,2026-10-21T04:00:00Z
STM-00841-202607,ACC-00841,2026-06-21,2026-07-20,233.57,2026-07-21T04:00:00Z,2026-07-21T04:00:00Z
STM-00841-202608,ACC-00841,2026-07-21,2026-08-20,283.00,2026-08-21T04:00:00Z,2026-08-21T04:00:00Z
STM-00841-202609,ACC-00841,2026-08-21,2026-09-20,350.32,2026-09-21T04:00:00Z,2026-09-21T04:00:00Z
STM-00841-202610,ACC-00841,2026-09-21,2026-10-20,283.63,2026-10-21T04:00:00Z,2026-10-21T04:00:00Z
STM-00842-202607,ACC-00842,2026-06-26,2026-07-25,66.56,2026-07-26T04:00:00Z,2026-07-26T04:00:00Z
STM-00842-202608,ACC-00842,2026-07-26,2026-08-25,78.49,2026-08-26T04:00:00Z,2026-08-26T04:00:00Z
STM-00842-202609,ACC-00842,2026-08-26,2026-09-25,0.00,2026-09-26T04:00:00Z,2026-09-26T04:00:00Z
STM-00842-202610,ACC-00842,2026-09-26,2026-10-25,66.30,2026-10-26T04:00:00Z,2026-10-26T04:00:00Z
STM-00843-202607,ACC-00843,2026-06-18,2026-07-17,4210.97,2026-07-18T04:00:00Z,2026-07-18T04:00:00Z
STM-00843-202608,ACC-00843,2026-07-18,2026-08-17,5644.12,2026-08-18T04:00:00Z,2026-08-18T04:00:00Z
STM-00843-202609,ACC-00843,2026-08-18,2026-09-17,4233.50,2026-09-18T04:00:00Z,2026-09-18T04:00:00Z
STM-00843-202610,ACC-00843,2026-09-18,2026-10-17,5299.13,2026-10-18T04:00:00Z,2026-10-18T04:00:00Z
STM-00844-202607,ACC-00844,2026-06-13,2026-07-12,251.17,2026-07-13T04:00:00Z,2026-07-13T04:00:00Z
STM-00844-202608,ACC-00844,2026-07-13,2026-08-12,558.87,2026-08-13T04:00:00Z,2026-08-13T04:00:00Z
STM-00844-202609,ACC-00844,2026-08-13,2026-09-12,609.93,2026-09-13T04:00:00Z,2026-09-13T04:00:00Z
STM-00844-202610,ACC-00844,2026-09-13,2026-10-12,469.01,2026-10-13T04:00:00Z,2026-10-13T04:00:00Z
STM-00844-202611,ACC-00844,2026-10-13,2026-11-12,469.04,2026-11-13T05:00:00Z,2026-11-13T05:00:00Z
STM-00845-202607,ACC-00845,2026-06-09,2026-07-08,207.03,2026-07-09T04:00:00Z,2026-07-09T04:00:00Z
STM-00845-202608,ACC-00845,2026-07-09,2026-08-08,292.83,2026-08-09T04:00:00Z,2026-08-09T04:00:00Z
STM-00845-202609,ACC-00845,2026-08-09,2026-09-08,73.68,2026-09-09T04:00:00Z,2026-09-09T04:00:00Z
STM-00845-202610,ACC-00845,2026-09-09,2026-10-08,157.36,2026-10-09T04:00:00Z,2026-10-09T04:00:00Z
STM-00845-202611,ACC-00845,2026-10-09,2026-11-08,196.55,2026-11-09T05:00:00Z,2026-11-09T05:00:00Z
STM-00846-202607,ACC-00846,2026-06-18,2026-07-17,2387.94,2026-07-18T04:00:00Z,2026-07-18T04:00:00Z
STM-00846-202608,ACC-00846,2026-07-18,2026-08-17,2417.57,2026-08-18T04:00:00Z,2026-08-18T04:00:00Z
STM-00846-202609,ACC-00846,2026-08-18,2026-09-17,2640.16,2026-09-18T04:00:00Z,2026-09-18T04:00:00Z
STM-00846-202610,ACC-00846,2026-09-18,2026-10-17,3601.67,2026-10-18T04:00:00Z,2026-10-18T04:00:00Z
STM-00847-202607,ACC-00847,2026-06-18,2026-07-17,3759.59,2026-07-18T04:00:00Z,2026-07-18T04:00:00Z
STM-00847-202608,ACC-00847,2026-07-18,2026-08-17,4769.53,2026-08-18T04:00:00Z,2026-08-18T04:00:00Z
STM-00847-202609,ACC-00847,2026-08-18,2026-09-17,3464.94,2026-09-18T04:00:00Z,2026-09-18T04:00:00Z
STM-00847-202610,ACC-00847,2026-09-18,2026-10-17,1822.28,2026-10-18T04:00:00Z,2026-10-18T04:00:00Z
STM-00848-202607,ACC-00848,2026-06-26,2026-07-25,5440.75,2026-07-26T04:00:00Z,2026-07-26T04:00:00Z
STM-00848-202608,ACC-00848,2026-07-26,2026-08-25,3239.01,2026-08-26T04:00:00Z,2026-08-26T04:00:00Z
STM-00848-202609,ACC-00848,2026-08-26,2026-09-25,3552.73,2026-09-26T04:00:00Z,2026-09-26T04:00:00Z
STM-00848-202610,ACC-00848,2026-09-26,2026-10-25,4141.79,2026-10-26T04:00:00Z,2026-10-26T04:00:00Z
STM-00849-202607,ACC-00849,2026-06-18,2026-07-17,1134.42,2026-07-18T04:00:00Z,2026-07-18T04:00:00Z
STM-00849-202608,ACC-00849,2026-07-18,2026-08-17,1303.76,2026-08-18T04:00:00Z,2026-08-18T04:00:00Z
STM-00849-202609,ACC-00849,2026-08-18,2026-09-17,1516.82,2026-09-18T04:00:00Z,2026-09-18T04:00:00Z
STM-00849-202610,ACC-00849,2026-09-18,2026-10-17,1294.09,2026-10-18T04:00:00Z,2026-10-18T04:00:00Z
STM-00850-202607,ACC-00850,2026-06-18,2026-07-17,0.00,2026-07-18T04:00:00Z,2026-07-18T04:00:00Z
STM-00850-202608,ACC-00850,2026-07-18,2026-08-17,2025.30,2026-08-18T04:00:00Z,2026-08-18T04:00:00Z
STM-00850-202609,ACC-00850,2026-08-18,2026-09-17,2077.84,2026-09-18T04:00:00Z,2026-09-18T04:00:00Z
STM-00850-202610,ACC-00850,2026-09-18,2026-10-17,1385.89,2026-10-18T04:00:00Z,2026-10-18T04:00:00Z
STM-00851-202607,ACC-00851,2026-06-21,2026-07-20,3132.18,2026-07-21T04:00:00Z,2026-07-21T04:00:00Z
STM-00851-202608,ACC-00851,2026-07-21,2026-08-20,3137.83,2026-08-21T04:00:00Z,2026-08-21T04:00:00Z
STM-00851-202609,ACC-00851,2026-08-21,2026-09-20,1977.48,2026-09-21T04:00:00Z,2026-09-21T04:00:00Z
STM-00851-202610,ACC-00851,2026-09-21,2026-10-20,2584.60,2026-10-21T04:00:00Z,2026-10-21T04:00:00Z
STM-00852-202607,ACC-00852,2026-06-09,2026-07-08,2343.16,2026-07-09T04:00:00Z,2026-07-09T04:00:00Z
STM-00852-202608,ACC-00852,2026-07-09,2026-08-08,2905.58,2026-08-09T04:00:00Z,2026-08-09T04:00:00Z
STM-00852-202609,ACC-00852,2026-08-09,2026-09-08,2351.39,2026-09-09T04:00:00Z,2026-09-09T04:00:00Z
STM-00852-202610,ACC-00852,2026-09-09,2026-10-08,3397.87,2026-10-09T04:00:00Z,2026-10-09T04:00:00Z
STM-00852-202611,ACC-00852,2026-10-09,2026-11-08,2826.19,2026-11-09T05:00:00Z,2026-11-09T05:00:00Z
STM-00853-202607,ACC-00853,2026-06-21,2026-07-20,8378.10,2026-07-21T04:00:00Z,2026-07-21T04:00:00Z
STM-00853-202608,ACC-00853,2026-07-21,2026-08-20,12568.40,2026-08-21T04:00:00Z,2026-08-21T04:00:00Z
STM-00853-202609,ACC-00853,2026-08-21,2026-09-20,12064.95,2026-09-21T04:00:00Z,2026-09-21T04:00:00Z
STM-00853-202610,ACC-00853,2026-09-21,2026-10-20,6013.07,2026-10-21T04:00:00Z,2026-10-21T04:00:00Z
STM-00854-202607,ACC-00854,2026-06-21,2026-07-20,177.32,2026-07-21T04:00:00Z,2026-07-21T04:00:00Z
STM-00854-202608,ACC-00854,2026-07-21,2026-08-20,328.09,2026-08-21T04:00:00Z,2026-08-21T04:00:00Z
STM-00854-202609,ACC-00854,2026-08-21,2026-09-20,152.49,2026-09-21T04:00:00Z,2026-09-21T04:00:00Z
STM-00854-202610,ACC-00854,2026-09-21,2026-10-20,307.98,2026-10-21T04:00:00Z,2026-10-21T04:00:00Z
STM-00855-202607,ACC-00855,2026-06-09,2026-07-08,369.12,2026-07-09T04:00:00Z,2026-07-09T04:00:00Z
STM-00855-202608,ACC-00855,2026-07-09,2026-08-08,407.78,2026-08-09T04:00:00Z,2026-08-09T04:00:00Z
STM-00855-202609,ACC-00855,2026-08-09,2026-09-08,275.91,2026-09-09T04:00:00Z,2026-09-09T04:00:00Z
STM-00855-202610,ACC-00855,2026-09-09,2026-10-08,398.72,2026-10-09T04:00:00Z,2026-10-09T04:00:00Z
STM-00855-202611,ACC-00855,2026-10-09,2026-11-08,281.96,2026-11-09T05:00:00Z,2026-11-09T05:00:00Z
STM-00856-202607,ACC-00856,2026-06-09,2026-07-08,528.95,2026-07-09T04:00:00Z,2026-07-09T04:00:00Z
STM-00856-202608,ACC-00856,2026-07-09,2026-08-08,0.00,2026-08-09T04:00:00Z,2026-08-09T04:00:00Z
STM-00856-202609,ACC-00856,2026-08-09,2026-09-08,516.10,2026-09-09T04:00:00Z,2026-09-09T04:00:00Z
STM-00856-202610,ACC-00856,2026-09-09,2026-10-08,268.28,2026-10-09T04:00:00Z,2026-10-09T04:00:00Z
STM-00856-202611,ACC-00856,2026-10-09,2026-11-08,423.89,2026-11-09T05:00:00Z,2026-11-09T05:00:00Z
STM-00857-202607,ACC-00857,2026-06-26,2026-07-25,592.43,2026-07-26T04:00:00Z,2026-07-26T04:00:00Z
STM-00857-202608,ACC-00857,2026-07-26,2026-08-25,3178.05,2026-08-26T04:00:00Z,2026-08-26T04:00:00Z
STM-00857-202609,ACC-00857,2026-08-26,2026-09-25,2162.01,2026-09-26T04:00:00Z,2026-09-26T04:00:00Z
STM-00857-202610,ACC-00857,2026-09-26,2026-10-25,2587.26,2026-10-26T04:00:00Z,2026-10-26T04:00:00Z
STM-00858-202607,ACC-00858,2026-06-13,2026-07-12,4866.54,2026-07-13T04:00:00Z,2026-07-13T04:00:00Z
STM-00858-202608,ACC-00858,2026-07-13,2026-08-12,5137.07,2026-08-13T04:00:00Z,2026-08-13T04:00:00Z
STM-00858-202609,ACC-00858,2026-08-13,2026-09-12,0.00,2026-09-13T04:00:00Z,2026-09-13T04:00:00Z
STM-00858-202610,ACC-00858,2026-09-13,2026-10-12,3631.48,2026-10-13T04:00:00Z,2026-10-13T04:00:00Z
STM-00858-202611,ACC-00858,2026-10-13,2026-11-12,4871.53,2026-11-13T05:00:00Z,2026-11-13T05:00:00Z
STM-00859-202607,ACC-00859,2026-06-13,2026-07-12,0.00,2026-07-13T04:00:00Z,2026-07-13T04:00:00Z
STM-00859-202608,ACC-00859,2026-07-13,2026-08-12,1657.17,2026-08-13T04:00:00Z,2026-08-13T04:00:00Z
STM-00859-202609,ACC-00859,2026-08-13,2026-09-12,1579.91,2026-09-13T04:00:00Z,2026-09-13T04:00:00Z
STM-00859-202610,ACC-00859,2026-09-13,2026-10-12,2191.49,2026-10-13T04:00:00Z,2026-10-13T04:00:00Z
STM-00859-202611,ACC-00859,2026-10-13,2026-11-12,1347.49,2026-11-13T05:00:00Z,2026-11-13T05:00:00Z
STM-00860-202607,ACC-00860,2026-06-04,2026-07-03,58.83,2026-07-04T04:00:00Z,2026-07-04T04:00:00Z
STM-00860-202608,ACC-00860,2026-07-04,2026-08-03,45.24,2026-08-04T04:00:00Z,2026-08-04T04:00:00Z
STM-00860-202609,ACC-00860,2026-08-04,2026-09-03,92.28,2026-09-04T04:00:00Z,2026-09-04T04:00:00Z
STM-00860-202610,ACC-00860,2026-09-04,2026-10-03,82.03,2026-10-04T04:00:00Z,2026-10-04T04:00:00Z
STM-00860-202611,ACC-00860,2026-10-04,2026-11-03,77.55,2026-11-04T05:00:00Z,2026-11-04T05:00:00Z
STM-00861-202607,ACC-00861,2026-06-13,2026-07-12,822.03,2026-07-13T04:00:00Z,2026-07-13T04:00:00Z
STM-00861-202608,ACC-00861,2026-07-13,2026-08-12,2281.00,2026-08-13T04:00:00Z,2026-08-13T04:00:00Z
STM-00861-202609,ACC-00861,2026-08-13,2026-09-12,2135.67,2026-09-13T04:00:00Z,2026-09-13T04:00:00Z
STM-00861-202610,ACC-00861,2026-09-13,2026-10-12,1679.10,2026-10-13T04:00:00Z,2026-10-13T04:00:00Z
STM-00861-202611,ACC-00861,2026-10-13,2026-11-12,2081.59,2026-11-13T05:00:00Z,2026-11-13T05:00:00Z
STM-00862-202607,ACC-00862,2026-06-04,2026-07-03,0.00,2026-07-04T04:00:00Z,2026-07-04T04:00:00Z
STM-00862-202608,ACC-00862,2026-07-04,2026-08-03,9522.31,2026-08-04T04:00:00Z,2026-08-04T04:00:00Z
STM-00862-202609,ACC-00862,2026-08-04,2026-09-03,13425.88,2026-09-04T04:00:00Z,2026-09-04T04:00:00Z
STM-00862-202610,ACC-00862,2026-09-04,2026-10-03,5156.10,2026-10-04T04:00:00Z,2026-10-04T04:00:00Z
STM-00862-202611,ACC-00862,2026-10-04,2026-11-03,8853.05,2026-11-04T05:00:00Z,2026-11-04T05:00:00Z
STM-00863-202607,ACC-00863,2026-06-09,2026-07-08,1738.44,2026-07-09T04:00:00Z,2026-07-09T04:00:00Z
STM-00863-202608,ACC-00863,2026-07-09,2026-08-08,2236.34,2026-08-09T04:00:00Z,2026-08-09T04:00:00Z
STM-00863-202609,ACC-00863,2026-08-09,2026-09-08,2777.10,2026-09-09T04:00:00Z,2026-09-09T04:00:00Z
STM-00863-202610,ACC-00863,2026-09-09,2026-10-08,2724.51,2026-10-09T04:00:00Z,2026-10-09T04:00:00Z
STM-00863-202611,ACC-00863,2026-10-09,2026-11-08,2325.81,2026-11-09T05:00:00Z,2026-11-09T05:00:00Z
STM-00864-202607,ACC-00864,2026-06-18,2026-07-17,629.95,2026-07-18T04:00:00Z,2026-07-18T04:00:00Z
STM-00864-202608,ACC-00864,2026-07-18,2026-08-17,448.71,2026-08-18T04:00:00Z,2026-08-18T04:00:00Z
STM-00864-202609,ACC-00864,2026-08-18,2026-09-17,444.75,2026-09-18T04:00:00Z,2026-09-18T04:00:00Z
STM-00864-202610,ACC-00864,2026-09-18,2026-10-17,438.01,2026-10-18T04:00:00Z,2026-10-18T04:00:00Z
STM-00865-202607,ACC-00865,2026-06-13,2026-07-12,3179.73,2026-07-13T04:00:00Z,2026-07-13T04:00:00Z
STM-00865-202608,ACC-00865,2026-07-13,2026-08-12,3008.58,2026-08-13T04:00:00Z,2026-08-13T04:00:00Z
STM-00865-202609,ACC-00865,2026-08-13,2026-09-12,2017.33,2026-09-13T04:00:00Z,2026-09-13T04:00:00Z
STM-00865-202610,ACC-00865,2026-09-13,2026-10-12,0.00,2026-10-13T04:00:00Z,2026-10-13T04:00:00Z
STM-00865-202611,ACC-00865,2026-10-13,2026-11-12,3426.48,2026-11-13T05:00:00Z,2026-11-13T05:00:00Z
STM-00866-202607,ACC-00866,2026-06-26,2026-07-25,987.00,2026-07-26T04:00:00Z,2026-07-26T04:00:00Z
STM-00866-202608,ACC-00866,2026-07-26,2026-08-25,1064.14,2026-08-26T04:00:00Z,2026-08-26T04:00:00Z
STM-00866-202609,ACC-00866,2026-08-26,2026-09-25,0.00,2026-09-26T04:00:00Z,2026-09-26T04:00:00Z
STM-00866-202610,ACC-00866,2026-09-26,2026-10-25,992.97,2026-10-26T04:00:00Z,2026-10-26T04:00:00Z
STM-00867-202607,ACC-00867,2026-06-04,2026-07-03,1513.93,2026-07-04T04:00:00Z,2026-07-04T04:00:00Z
STM-00867-202608,ACC-00867,2026-07-04,2026-08-03,1662.37,2026-08-04T04:00:00Z,2026-08-04T04:00:00Z
STM-00867-202609,ACC-00867,2026-08-04,2026-09-03,2433.18,2026-09-04T04:00:00Z,2026-09-04T04:00:00Z
STM-00867-202610,ACC-00867,2026-09-04,2026-10-03,1262.07,2026-10-04T04:00:00Z,2026-10-04T04:00:00Z
STM-00867-202611,ACC-00867,2026-10-04,2026-11-03,2015.86,2026-11-04T05:00:00Z,2026-11-04T05:00:00Z
STM-00868-202607,ACC-00868,2026-06-18,2026-07-17,5865.77,2026-07-18T04:00:00Z,2026-07-18T04:00:00Z
STM-00868-202608,ACC-00868,2026-07-18,2026-08-17,5079.77,2026-08-18T04:00:00Z,2026-08-18T04:00:00Z
STM-00868-202609,ACC-00868,2026-08-18,2026-09-17,0.00,2026-09-18T04:00:00Z,2026-09-18T04:00:00Z
STM-00868-202610,ACC-00868,2026-09-18,2026-10-17,6205.15,2026-10-18T04:00:00Z,2026-10-18T04:00:00Z
STM-00869-202607,ACC-00869,2026-06-21,2026-07-20,608.80,2026-07-21T04:00:00Z,2026-07-21T04:00:00Z
STM-00869-202608,ACC-00869,2026-07-21,2026-08-20,704.72,2026-08-21T04:00:00Z,2026-08-21T04:00:00Z
STM-00869-202609,ACC-00869,2026-08-21,2026-09-20,673.72,2026-09-21T04:00:00Z,2026-09-21T04:00:00Z
STM-00869-202610,ACC-00869,2026-09-21,2026-10-20,602.21,2026-10-21T04:00:00Z,2026-10-21T04:00:00Z
STM-00870-202607,ACC-00870,2026-06-26,2026-07-25,931.24,2026-07-26T04:00:00Z,2026-07-26T04:00:00Z
STM-00870-202608,ACC-00870,2026-07-26,2026-08-25,1587.17,2026-08-26T04:00:00Z,2026-08-26T04:00:00Z
STM-00870-202609,ACC-00870,2026-08-26,2026-09-25,1427.10,2026-09-26T04:00:00Z,2026-09-26T04:00:00Z
STM-00870-202610,ACC-00870,2026-09-26,2026-10-25,1341.92,2026-10-26T04:00:00Z,2026-10-26T04:00:00Z
STM-00871-202607,ACC-00871,2026-06-18,2026-07-17,1708.05,2026-07-18T04:00:00Z,2026-07-18T04:00:00Z
STM-00871-202608,ACC-00871,2026-07-18,2026-08-17,3240.10,2026-08-18T04:00:00Z,2026-08-18T04:00:00Z
STM-00871-202609,ACC-00871,2026-08-18,2026-09-17,826.86,2026-09-18T04:00:00Z,2026-09-18T04:00:00Z
STM-00871-202610,ACC-00871,2026-09-18,2026-10-17,2797.44,2026-10-18T04:00:00Z,2026-10-18T04:00:00Z
STM-00872-202607,ACC-00872,2026-06-13,2026-07-12,1443.59,2026-07-13T04:00:00Z,2026-07-13T04:00:00Z
STM-00872-202608,ACC-00872,2026-07-13,2026-08-12,966.09,2026-08-13T04:00:00Z,2026-08-13T04:00:00Z
STM-00872-202609,ACC-00872,2026-08-13,2026-09-12,1614.33,2026-09-13T04:00:00Z,2026-09-13T04:00:00Z
STM-00872-202610,ACC-00872,2026-09-13,2026-10-12,1634.23,2026-10-13T04:00:00Z,2026-10-13T04:00:00Z
STM-00872-202611,ACC-00872,2026-10-13,2026-11-12,1129.14,2026-11-13T05:00:00Z,2026-11-13T05:00:00Z
STM-00873-202608,ACC-00873,2026-07-13,2026-08-12,344.21,2026-08-13T04:00:00Z,2026-08-13T04:00:00Z
STM-00873-202609,ACC-00873,2026-08-13,2026-09-12,264.55,2026-09-13T04:00:00Z,2026-09-13T04:00:00Z
STM-00873-202610,ACC-00873,2026-09-13,2026-10-12,365.98,2026-10-13T04:00:00Z,2026-10-13T04:00:00Z
STM-00873-202611,ACC-00873,2026-10-13,2026-11-12,324.81,2026-11-13T05:00:00Z,2026-11-13T05:00:00Z
STM-00874-202607,ACC-00874,2026-06-04,2026-07-03,534.68,2026-07-04T04:00:00Z,2026-07-04T04:00:00Z
STM-00874-202608,ACC-00874,2026-07-04,2026-08-03,833.22,2026-08-04T04:00:00Z,2026-08-04T04:00:00Z
STM-00874-202609,ACC-00874,2026-08-04,2026-09-03,506.82,2026-09-04T04:00:00Z,2026-09-04T04:00:00Z
STM-00874-202610,ACC-00874,2026-09-04,2026-10-03,662.85,2026-10-04T04:00:00Z,2026-10-04T04:00:00Z
STM-00874-202611,ACC-00874,2026-10-04,2026-11-03,341.48,2026-11-04T05:00:00Z,2026-11-04T05:00:00Z
STM-00875-202607,ACC-00875,2026-06-26,2026-07-25,368.99,2026-07-26T04:00:00Z,2026-07-26T04:00:00Z
STM-00875-202608,ACC-00875,2026-07-26,2026-08-25,320.54,2026-08-26T04:00:00Z,2026-08-26T04:00:00Z
STM-00875-202609,ACC-00875,2026-08-26,2026-09-25,307.12,2026-09-26T04:00:00Z,2026-09-26T04:00:00Z
STM-00875-202610,ACC-00875,2026-09-26,2026-10-25,339.60,2026-10-26T04:00:00Z,2026-10-26T04:00:00Z
STM-00876-202607,ACC-00876,2026-06-09,2026-07-08,164.27,2026-07-09T04:00:00Z,2026-07-09T04:00:00Z
STM-00876-202608,ACC-00876,2026-07-09,2026-08-08,136.35,2026-08-09T04:00:00Z,2026-08-09T04:00:00Z
STM-00876-202609,ACC-00876,2026-08-09,2026-09-08,170.81,2026-09-09T04:00:00Z,2026-09-09T04:00:00Z
STM-00876-202610,ACC-00876,2026-09-09,2026-10-08,281.18,2026-10-09T04:00:00Z,2026-10-09T04:00:00Z
STM-00876-202611,ACC-00876,2026-10-09,2026-11-08,154.06,2026-11-09T05:00:00Z,2026-11-09T05:00:00Z
STM-00877-202607,ACC-00877,2026-06-09,2026-07-08,0.00,2026-07-09T04:00:00Z,2026-07-09T04:00:00Z
STM-00877-202608,ACC-00877,2026-07-09,2026-08-08,5295.29,2026-08-09T04:00:00Z,2026-08-09T04:00:00Z
STM-00877-202609,ACC-00877,2026-08-09,2026-09-08,4706.25,2026-09-09T04:00:00Z,2026-09-09T04:00:00Z
STM-00877-202610,ACC-00877,2026-09-09,2026-10-08,8819.37,2026-10-09T04:00:00Z,2026-10-09T04:00:00Z
STM-00877-202611,ACC-00877,2026-10-09,2026-11-08,5026.32,2026-11-09T05:00:00Z,2026-11-09T05:00:00Z
STM-00878-202607,ACC-00878,2026-06-21,2026-07-20,7517.93,2026-07-21T04:00:00Z,2026-07-21T04:00:00Z
STM-00878-202608,ACC-00878,2026-07-21,2026-08-20,9249.44,2026-08-21T04:00:00Z,2026-08-21T04:00:00Z
STM-00878-202609,ACC-00878,2026-08-21,2026-09-20,11083.76,2026-09-21T04:00:00Z,2026-09-21T04:00:00Z
STM-00878-202610,ACC-00878,2026-09-21,2026-10-20,10128.90,2026-10-21T04:00:00Z,2026-10-21T04:00:00Z
STM-00879-202607,ACC-00879,2026-06-21,2026-07-20,0.00,2026-07-21T04:00:00Z,2026-07-21T04:00:00Z
STM-00879-202608,ACC-00879,2026-07-21,2026-08-20,5927.22,2026-08-21T04:00:00Z,2026-08-21T04:00:00Z
STM-00879-202609,ACC-00879,2026-08-21,2026-09-20,5508.76,2026-09-21T04:00:00Z,2026-09-21T04:00:00Z
STM-00879-202610,ACC-00879,2026-09-21,2026-10-20,10060.95,2026-10-21T04:00:00Z,2026-10-21T04:00:00Z
STM-00880-202607,ACC-00880,2026-06-18,2026-07-17,2744.34,2026-07-18T04:00:00Z,2026-07-18T04:00:00Z
STM-00880-202608,ACC-00880,2026-07-18,2026-08-17,0.00,2026-08-18T04:00:00Z,2026-08-18T04:00:00Z
STM-00880-202609,ACC-00880,2026-08-18,2026-09-17,2121.91,2026-09-18T04:00:00Z,2026-09-18T04:00:00Z
STM-00880-202610,ACC-00880,2026-09-18,2026-10-17,1023.15,2026-10-18T04:00:00Z,2026-10-18T04:00:00Z
STM-00881-202607,ACC-00881,2026-06-26,2026-07-25,2370.44,2026-07-26T04:00:00Z,2026-07-26T04:00:00Z
STM-00881-202608,ACC-00881,2026-07-26,2026-08-25,2387.15,2026-08-26T04:00:00Z,2026-08-26T04:00:00Z
STM-00881-202609,ACC-00881,2026-08-26,2026-09-25,1844.74,2026-09-26T04:00:00Z,2026-09-26T04:00:00Z
STM-00881-202610,ACC-00881,2026-09-26,2026-10-25,1175.93,2026-10-26T04:00:00Z,2026-10-26T04:00:00Z
STM-00882-202607,ACC-00882,2026-06-09,2026-07-08,1513.71,2026-07-09T04:00:00Z,2026-07-09T04:00:00Z
STM-00882-202608,ACC-00882,2026-07-09,2026-08-08,1719.06,2026-08-09T04:00:00Z,2026-08-09T04:00:00Z
STM-00882-202609,ACC-00882,2026-08-09,2026-09-08,644.96,2026-09-09T04:00:00Z,2026-09-09T04:00:00Z
STM-00882-202610,ACC-00882,2026-09-09,2026-10-08,1245.57,2026-10-09T04:00:00Z,2026-10-09T04:00:00Z
STM-00882-202611,ACC-00882,2026-10-09,2026-11-08,1003.48,2026-11-09T05:00:00Z,2026-11-09T05:00:00Z
STM-00883-202607,ACC-00883,2026-06-13,2026-07-12,2821.58,2026-07-13T04:00:00Z,2026-07-13T04:00:00Z
STM-00883-202608,ACC-00883,2026-07-13,2026-08-12,3370.52,2026-08-13T04:00:00Z,2026-08-13T04:00:00Z
STM-00883-202609,ACC-00883,2026-08-13,2026-09-12,3373.36,2026-09-13T04:00:00Z,2026-09-13T04:00:00Z
STM-00883-202610,ACC-00883,2026-09-13,2026-10-12,1591.09,2026-10-13T04:00:00Z,2026-10-13T04:00:00Z
STM-00883-202611,ACC-00883,2026-10-13,2026-11-12,3679.86,2026-11-13T05:00:00Z,2026-11-13T05:00:00Z
STM-00884-202607,ACC-00884,2026-06-18,2026-07-17,618.73,2026-07-18T04:00:00Z,2026-07-18T04:00:00Z
STM-00884-202608,ACC-00884,2026-07-18,2026-08-17,455.22,2026-08-18T04:00:00Z,2026-08-18T04:00:00Z
STM-00884-202609,ACC-00884,2026-08-18,2026-09-17,468.47,2026-09-18T04:00:00Z,2026-09-18T04:00:00Z
STM-00884-202610,ACC-00884,2026-09-18,2026-10-17,564.99,2026-10-18T04:00:00Z,2026-10-18T04:00:00Z
STM-00885-202607,ACC-00885,2026-06-21,2026-07-20,0.00,2026-07-21T04:00:00Z,2026-07-21T04:00:00Z
STM-00885-202608,ACC-00885,2026-07-21,2026-08-20,1241.62,2026-08-21T04:00:00Z,2026-08-21T04:00:00Z
STM-00885-202609,ACC-00885,2026-08-21,2026-09-20,1043.30,2026-09-21T04:00:00Z,2026-09-21T04:00:00Z
STM-00885-202610,ACC-00885,2026-09-21,2026-10-20,959.52,2026-10-21T04:00:00Z,2026-10-21T04:00:00Z
STM-00886-202607,ACC-00886,2026-06-18,2026-07-17,1079.22,2026-07-18T04:00:00Z,2026-07-18T04:00:00Z
STM-00886-202608,ACC-00886,2026-07-18,2026-08-17,2000.40,2026-08-18T04:00:00Z,2026-08-18T04:00:00Z
STM-00886-202609,ACC-00886,2026-08-18,2026-09-17,1525.30,2026-09-18T04:00:00Z,2026-09-18T04:00:00Z
STM-00886-202610,ACC-00886,2026-09-18,2026-10-17,657.44,2026-10-18T04:00:00Z,2026-10-18T04:00:00Z
STM-00887-202607,ACC-00887,2026-06-09,2026-07-08,273.92,2026-07-09T04:00:00Z,2026-07-09T04:00:00Z
STM-00887-202608,ACC-00887,2026-07-09,2026-08-08,539.88,2026-08-09T04:00:00Z,2026-08-09T04:00:00Z
STM-00887-202609,ACC-00887,2026-08-09,2026-09-08,537.59,2026-09-09T04:00:00Z,2026-09-09T04:00:00Z
STM-00887-202610,ACC-00887,2026-09-09,2026-10-08,613.91,2026-10-09T04:00:00Z,2026-10-09T04:00:00Z
STM-00887-202611,ACC-00887,2026-10-09,2026-11-08,379.74,2026-11-09T05:00:00Z,2026-11-09T05:00:00Z
STM-00888-202607,ACC-00888,2026-06-21,2026-07-20,274.62,2026-07-21T04:00:00Z,2026-07-21T04:00:00Z
STM-00888-202608,ACC-00888,2026-07-21,2026-08-20,347.61,2026-08-21T04:00:00Z,2026-08-21T04:00:00Z
STM-00888-202609,ACC-00888,2026-08-21,2026-09-20,608.12,2026-09-21T04:00:00Z,2026-09-21T04:00:00Z
STM-00888-202610,ACC-00888,2026-09-21,2026-10-20,436.09,2026-10-21T04:00:00Z,2026-10-21T04:00:00Z
STM-00889-202607,ACC-00889,2026-06-04,2026-07-03,2056.81,2026-07-04T04:00:00Z,2026-07-04T04:00:00Z
STM-00889-202608,ACC-00889,2026-07-04,2026-08-03,2332.57,2026-08-04T04:00:00Z,2026-08-04T04:00:00Z
STM-00889-202609,ACC-00889,2026-08-04,2026-09-03,1601.95,2026-09-04T04:00:00Z,2026-09-04T04:00:00Z
STM-00889-202610,ACC-00889,2026-09-04,2026-10-03,1298.80,2026-10-04T04:00:00Z,2026-10-04T04:00:00Z
STM-00889-202611,ACC-00889,2026-10-04,2026-11-03,1318.28,2026-11-04T05:00:00Z,2026-11-04T05:00:00Z
STM-00890-202607,ACC-00890,2026-06-04,2026-07-03,481.67,2026-07-04T04:00:00Z,2026-07-04T04:00:00Z
STM-00890-202608,ACC-00890,2026-07-04,2026-08-03,909.93,2026-08-04T04:00:00Z,2026-08-04T04:00:00Z
STM-00890-202609,ACC-00890,2026-08-04,2026-09-03,272.49,2026-09-04T04:00:00Z,2026-09-04T04:00:00Z
STM-00890-202610,ACC-00890,2026-09-04,2026-10-03,619.29,2026-10-04T04:00:00Z,2026-10-04T04:00:00Z
STM-00890-202611,ACC-00890,2026-10-04,2026-11-03,715.38,2026-11-04T05:00:00Z,2026-11-04T05:00:00Z
STM-00891-202607,ACC-00891,2026-06-26,2026-07-25,2103.53,2026-07-26T04:00:00Z,2026-07-26T04:00:00Z
STM-00891-202608,ACC-00891,2026-07-26,2026-08-25,1911.37,2026-08-26T04:00:00Z,2026-08-26T04:00:00Z
STM-00891-202609,ACC-00891,2026-08-26,2026-09-25,2995.17,2026-09-26T04:00:00Z,2026-09-26T04:00:00Z
STM-00891-202610,ACC-00891,2026-09-26,2026-10-25,3528.38,2026-10-26T04:00:00Z,2026-10-26T04:00:00Z
STM-00892-202607,ACC-00892,2026-06-18,2026-07-17,870.29,2026-07-18T04:00:00Z,2026-07-18T04:00:00Z
STM-00892-202608,ACC-00892,2026-07-18,2026-08-17,2559.66,2026-08-18T04:00:00Z,2026-08-18T04:00:00Z
STM-00892-202609,ACC-00892,2026-08-18,2026-09-17,1719.02,2026-09-18T04:00:00Z,2026-09-18T04:00:00Z
STM-00892-202610,ACC-00892,2026-09-18,2026-10-17,2298.85,2026-10-18T04:00:00Z,2026-10-18T04:00:00Z
STM-00893-202607,ACC-00893,2026-06-21,2026-07-20,852.16,2026-07-21T04:00:00Z,2026-07-21T04:00:00Z
STM-00893-202608,ACC-00893,2026-07-21,2026-08-20,1027.22,2026-08-21T04:00:00Z,2026-08-21T04:00:00Z
STM-00893-202609,ACC-00893,2026-08-21,2026-09-20,1138.68,2026-09-21T04:00:00Z,2026-09-21T04:00:00Z
STM-00893-202610,ACC-00893,2026-09-21,2026-10-20,1281.93,2026-10-21T04:00:00Z,2026-10-21T04:00:00Z
STM-00894-202607,ACC-00894,2026-06-26,2026-07-25,2674.93,2026-07-26T04:00:00Z,2026-07-26T04:00:00Z
STM-00894-202608,ACC-00894,2026-07-26,2026-08-25,2028.47,2026-08-26T04:00:00Z,2026-08-26T04:00:00Z
STM-00894-202609,ACC-00894,2026-08-26,2026-09-25,1618.40,2026-09-26T04:00:00Z,2026-09-26T04:00:00Z
STM-00894-202610,ACC-00894,2026-09-26,2026-10-25,4260.03,2026-10-26T04:00:00Z,2026-10-26T04:00:00Z
STM-00895-202607,ACC-00895,2026-06-09,2026-07-08,4357.61,2026-07-09T04:00:00Z,2026-07-09T04:00:00Z
STM-00895-202608,ACC-00895,2026-07-09,2026-08-08,4325.56,2026-08-09T04:00:00Z,2026-08-09T04:00:00Z
STM-00895-202609,ACC-00895,2026-08-09,2026-09-08,6064.77,2026-09-09T04:00:00Z,2026-09-09T04:00:00Z
STM-00895-202610,ACC-00895,2026-09-09,2026-10-08,4213.11,2026-10-09T04:00:00Z,2026-10-09T04:00:00Z
STM-00895-202611,ACC-00895,2026-10-09,2026-11-08,6498.70,2026-11-09T05:00:00Z,2026-11-09T05:00:00Z
STM-00896-202608,ACC-00896,2026-07-04,2026-08-03,643.97,2026-08-04T04:00:00Z,2026-08-04T04:00:00Z
STM-00896-202609,ACC-00896,2026-08-04,2026-09-03,688.60,2026-09-04T04:00:00Z,2026-09-04T04:00:00Z
STM-00896-202610,ACC-00896,2026-09-04,2026-10-03,858.78,2026-10-04T04:00:00Z,2026-10-04T04:00:00Z
STM-00896-202611,ACC-00896,2026-10-04,2026-11-03,519.74,2026-11-04T05:00:00Z,2026-11-04T05:00:00Z
STM-00897-202607,ACC-00897,2026-06-26,2026-07-25,1966.85,2026-07-26T04:00:00Z,2026-07-26T04:00:00Z
STM-00897-202608,ACC-00897,2026-07-26,2026-08-25,1477.72,2026-08-26T04:00:00Z,2026-08-26T04:00:00Z
STM-00897-202609,ACC-00897,2026-08-26,2026-09-25,0.00,2026-09-26T04:00:00Z,2026-09-26T04:00:00Z
STM-00897-202610,ACC-00897,2026-09-26,2026-10-25,1984.62,2026-10-26T04:00:00Z,2026-10-26T04:00:00Z
STM-00898-202607,ACC-00898,2026-06-13,2026-07-12,382.43,2026-07-13T04:00:00Z,2026-07-13T04:00:00Z
STM-00898-202608,ACC-00898,2026-07-13,2026-08-12,387.71,2026-08-13T04:00:00Z,2026-08-13T04:00:00Z
STM-00898-202609,ACC-00898,2026-08-13,2026-09-12,380.00,2026-09-13T04:00:00Z,2026-09-13T04:00:00Z
STM-00898-202610,ACC-00898,2026-09-13,2026-10-12,410.11,2026-10-13T04:00:00Z,2026-10-13T04:00:00Z
STM-00898-202611,ACC-00898,2026-10-13,2026-11-12,585.39,2026-11-13T05:00:00Z,2026-11-13T05:00:00Z
STM-00899-202607,ACC-00899,2026-06-21,2026-07-20,1377.64,2026-07-21T04:00:00Z,2026-07-21T04:00:00Z
STM-00899-202608,ACC-00899,2026-07-21,2026-08-20,1107.91,2026-08-21T04:00:00Z,2026-08-21T04:00:00Z
STM-00899-202609,ACC-00899,2026-08-21,2026-09-20,2519.28,2026-09-21T04:00:00Z,2026-09-21T04:00:00Z
STM-00899-202610,ACC-00899,2026-09-21,2026-10-20,2814.86,2026-10-21T04:00:00Z,2026-10-21T04:00:00Z
STM-00900-202607,ACC-00900,2026-06-18,2026-07-17,3681.82,2026-07-18T04:00:00Z,2026-07-18T04:00:00Z
STM-00900-202608,ACC-00900,2026-07-18,2026-08-17,3576.23,2026-08-18T04:00:00Z,2026-08-18T04:00:00Z
STM-00900-202609,ACC-00900,2026-08-18,2026-09-17,2857.57,2026-09-18T04:00:00Z,2026-09-18T04:00:00Z
STM-00900-202610,ACC-00900,2026-09-18,2026-10-17,2611.56,2026-10-18T04:00:00Z,2026-10-18T04:00:00Z
STM-00901-202607,ACC-00901,2026-06-09,2026-07-08,4815.65,2026-07-09T04:00:00Z,2026-07-09T04:00:00Z
STM-00901-202608,ACC-00901,2026-07-09,2026-08-08,4991.88,2026-08-09T04:00:00Z,2026-08-09T04:00:00Z
STM-00901-202609,ACC-00901,2026-08-09,2026-09-08,1639.53,2026-09-09T04:00:00Z,2026-09-09T04:00:00Z
STM-00901-202610,ACC-00901,2026-09-09,2026-10-08,3006.03,2026-10-09T04:00:00Z,2026-10-09T04:00:00Z
STM-00901-202611,ACC-00901,2026-10-09,2026-11-08,3206.66,2026-11-09T05:00:00Z,2026-11-09T05:00:00Z
STM-00902-202607,ACC-00902,2026-06-09,2026-07-08,4166.70,2026-07-09T04:00:00Z,2026-07-09T04:00:00Z
STM-00902-202608,ACC-00902,2026-07-09,2026-08-08,4016.80,2026-08-09T04:00:00Z,2026-08-09T04:00:00Z
STM-00902-202609,ACC-00902,2026-08-09,2026-09-08,3135.20,2026-09-09T04:00:00Z,2026-09-09T04:00:00Z
STM-00902-202610,ACC-00902,2026-09-09,2026-10-08,4068.13,2026-10-09T04:00:00Z,2026-10-09T04:00:00Z
STM-00902-202611,ACC-00902,2026-10-09,2026-11-08,4465.09,2026-11-09T05:00:00Z,2026-11-09T05:00:00Z
STM-00903-202607,ACC-00903,2026-06-09,2026-07-08,838.80,2026-07-09T04:00:00Z,2026-07-09T04:00:00Z
STM-00903-202608,ACC-00903,2026-07-09,2026-08-08,0.00,2026-08-09T04:00:00Z,2026-08-09T04:00:00Z
STM-00903-202609,ACC-00903,2026-08-09,2026-09-08,1522.25,2026-09-09T04:00:00Z,2026-09-09T04:00:00Z
STM-00903-202610,ACC-00903,2026-09-09,2026-10-08,1749.00,2026-10-09T04:00:00Z,2026-10-09T04:00:00Z
STM-00903-202611,ACC-00903,2026-10-09,2026-11-08,1728.50,2026-11-09T05:00:00Z,2026-11-09T05:00:00Z
STM-00904-202607,ACC-00904,2026-06-04,2026-07-03,171.90,2026-07-04T04:00:00Z,2026-07-04T04:00:00Z
STM-00904-202608,ACC-00904,2026-07-04,2026-08-03,180.27,2026-08-04T04:00:00Z,2026-08-04T04:00:00Z
STM-00904-202609,ACC-00904,2026-08-04,2026-09-03,221.50,2026-09-04T04:00:00Z,2026-09-04T04:00:00Z
STM-00904-202610,ACC-00904,2026-09-04,2026-10-03,125.82,2026-10-04T04:00:00Z,2026-10-04T04:00:00Z
STM-00904-202611,ACC-00904,2026-10-04,2026-11-03,136.03,2026-11-04T05:00:00Z,2026-11-04T05:00:00Z
STM-00905-202607,ACC-00905,2026-06-18,2026-07-17,3880.99,2026-07-18T04:00:00Z,2026-07-18T04:00:00Z
STM-00905-202608,ACC-00905,2026-07-18,2026-08-17,4387.68,2026-08-18T04:00:00Z,2026-08-18T04:00:00Z
STM-00905-202609,ACC-00905,2026-08-18,2026-09-17,4480.08,2026-09-18T04:00:00Z,2026-09-18T04:00:00Z
STM-00905-202610,ACC-00905,2026-09-18,2026-10-17,5308.01,2026-10-18T04:00:00Z,2026-10-18T04:00:00Z
STM-00906-202607,ACC-00906,2026-06-26,2026-07-25,190.02,2026-07-26T04:00:00Z,2026-07-26T04:00:00Z
STM-00906-202608,ACC-00906,2026-07-26,2026-08-25,232.01,2026-08-26T04:00:00Z,2026-08-26T04:00:00Z
STM-00906-202609,ACC-00906,2026-08-26,2026-09-25,201.30,2026-09-26T04:00:00Z,2026-09-26T04:00:00Z
STM-00906-202610,ACC-00906,2026-09-26,2026-10-25,180.76,2026-10-26T04:00:00Z,2026-10-26T04:00:00Z
STM-00907-202610,ACC-00907,2026-09-04,2026-10-03,19.10,2026-10-04T04:00:00Z,2026-10-04T04:00:00Z
STM-00907-202611,ACC-00907,2026-10-04,2026-11-03,19.51,2026-11-04T05:00:00Z,2026-11-04T05:00:00Z
STM-00908-202607,ACC-00908,2026-06-26,2026-07-25,5035.40,2026-07-26T04:00:00Z,2026-07-26T04:00:00Z
STM-00908-202608,ACC-00908,2026-07-26,2026-08-25,4159.49,2026-08-26T04:00:00Z,2026-08-26T04:00:00Z
STM-00908-202609,ACC-00908,2026-08-26,2026-09-25,4302.62,2026-09-26T04:00:00Z,2026-09-26T04:00:00Z
STM-00908-202610,ACC-00908,2026-09-26,2026-10-25,2103.05,2026-10-26T04:00:00Z,2026-10-26T04:00:00Z
STM-00909-202607,ACC-00909,2026-06-13,2026-07-12,11331.52,2026-07-13T04:00:00Z,2026-07-13T04:00:00Z
STM-00909-202608,ACC-00909,2026-07-13,2026-08-12,10491.20,2026-08-13T04:00:00Z,2026-08-13T04:00:00Z
STM-00909-202609,ACC-00909,2026-08-13,2026-09-12,11008.46,2026-09-13T04:00:00Z,2026-09-13T04:00:00Z
STM-00909-202610,ACC-00909,2026-09-13,2026-10-12,14807.56,2026-10-13T04:00:00Z,2026-10-13T04:00:00Z
STM-00909-202611,ACC-00909,2026-10-13,2026-11-12,11596.86,2026-11-13T05:00:00Z,2026-11-13T05:00:00Z
STM-00910-202607,ACC-00910,2026-06-09,2026-07-08,566.71,2026-07-09T04:00:00Z,2026-07-09T04:00:00Z
STM-00910-202608,ACC-00910,2026-07-09,2026-08-08,487.49,2026-08-09T04:00:00Z,2026-08-09T04:00:00Z
STM-00910-202609,ACC-00910,2026-08-09,2026-09-08,391.25,2026-09-09T04:00:00Z,2026-09-09T04:00:00Z
STM-00910-202610,ACC-00910,2026-09-09,2026-10-08,594.74,2026-10-09T04:00:00Z,2026-10-09T04:00:00Z
STM-00910-202611,ACC-00910,2026-10-09,2026-11-08,548.55,2026-11-09T05:00:00Z,2026-11-09T05:00:00Z
STM-00911-202607,ACC-00911,2026-06-04,2026-07-03,2032.67,2026-07-04T04:00:00Z,2026-07-04T04:00:00Z
STM-00911-202608,ACC-00911,2026-07-04,2026-08-03,1199.88,2026-08-04T04:00:00Z,2026-08-04T04:00:00Z
STM-00911-202609,ACC-00911,2026-08-04,2026-09-03,1694.36,2026-09-04T04:00:00Z,2026-09-04T04:00:00Z
STM-00911-202610,ACC-00911,2026-09-04,2026-10-03,2392.37,2026-10-04T04:00:00Z,2026-10-04T04:00:00Z
STM-00911-202611,ACC-00911,2026-10-04,2026-11-03,2718.60,2026-11-04T05:00:00Z,2026-11-04T05:00:00Z
STM-00912-202607,ACC-00912,2026-06-09,2026-07-08,882.12,2026-07-09T04:00:00Z,2026-07-09T04:00:00Z
STM-00912-202608,ACC-00912,2026-07-09,2026-08-08,1556.72,2026-08-09T04:00:00Z,2026-08-09T04:00:00Z
STM-00912-202609,ACC-00912,2026-08-09,2026-09-08,1245.58,2026-09-09T04:00:00Z,2026-09-09T04:00:00Z
STM-00912-202610,ACC-00912,2026-09-09,2026-10-08,703.97,2026-10-09T04:00:00Z,2026-10-09T04:00:00Z
STM-00912-202611,ACC-00912,2026-10-09,2026-11-08,928.88,2026-11-09T05:00:00Z,2026-11-09T05:00:00Z
STM-00913-202607,ACC-00913,2026-06-09,2026-07-08,4120.81,2026-07-09T04:00:00Z,2026-07-09T04:00:00Z
STM-00913-202608,ACC-00913,2026-07-09,2026-08-08,1088.30,2026-08-09T04:00:00Z,2026-08-09T04:00:00Z
STM-00913-202609,ACC-00913,2026-08-09,2026-09-08,2663.58,2026-09-09T04:00:00Z,2026-09-09T04:00:00Z
STM-00913-202610,ACC-00913,2026-09-09,2026-10-08,2106.56,2026-10-09T04:00:00Z,2026-10-09T04:00:00Z
STM-00913-202611,ACC-00913,2026-10-09,2026-11-08,2365.39,2026-11-09T05:00:00Z,2026-11-09T05:00:00Z
STM-00914-202607,ACC-00914,2026-06-13,2026-07-12,383.85,2026-07-13T04:00:00Z,2026-07-13T04:00:00Z
STM-00914-202608,ACC-00914,2026-07-13,2026-08-12,265.77,2026-08-13T04:00:00Z,2026-08-13T04:00:00Z
STM-00914-202609,ACC-00914,2026-08-13,2026-09-12,430.18,2026-09-13T04:00:00Z,2026-09-13T04:00:00Z
STM-00914-202610,ACC-00914,2026-09-13,2026-10-12,0.00,2026-10-13T04:00:00Z,2026-10-13T04:00:00Z
STM-00914-202611,ACC-00914,2026-10-13,2026-11-12,330.94,2026-11-13T05:00:00Z,2026-11-13T05:00:00Z
STM-00915-202607,ACC-00915,2026-06-21,2026-07-20,1445.23,2026-07-21T04:00:00Z,2026-07-21T04:00:00Z
STM-00915-202608,ACC-00915,2026-07-21,2026-08-20,1747.93,2026-08-21T04:00:00Z,2026-08-21T04:00:00Z
STM-00915-202609,ACC-00915,2026-08-21,2026-09-20,1735.26,2026-09-21T04:00:00Z,2026-09-21T04:00:00Z
STM-00915-202610,ACC-00915,2026-09-21,2026-10-20,1362.90,2026-10-21T04:00:00Z,2026-10-21T04:00:00Z
STM-00916-202607,ACC-00916,2026-06-09,2026-07-08,1940.92,2026-07-09T04:00:00Z,2026-07-09T04:00:00Z
STM-00916-202608,ACC-00916,2026-07-09,2026-08-08,0.00,2026-08-09T04:00:00Z,2026-08-09T04:00:00Z
STM-00916-202609,ACC-00916,2026-08-09,2026-09-08,1739.33,2026-09-09T04:00:00Z,2026-09-09T04:00:00Z
STM-00916-202610,ACC-00916,2026-09-09,2026-10-08,941.58,2026-10-09T04:00:00Z,2026-10-09T04:00:00Z
STM-00916-202611,ACC-00916,2026-10-09,2026-11-08,1279.79,2026-11-09T05:00:00Z,2026-11-09T05:00:00Z
STM-00917-202607,ACC-00917,2026-06-04,2026-07-03,3370.03,2026-07-04T04:00:00Z,2026-07-04T04:00:00Z
STM-00917-202608,ACC-00917,2026-07-04,2026-08-03,4560.34,2026-08-04T04:00:00Z,2026-08-04T04:00:00Z
STM-00917-202609,ACC-00917,2026-08-04,2026-09-03,2459.53,2026-09-04T04:00:00Z,2026-09-04T04:00:00Z
STM-00917-202610,ACC-00917,2026-09-04,2026-10-03,1835.93,2026-10-04T04:00:00Z,2026-10-04T04:00:00Z
STM-00917-202611,ACC-00917,2026-10-04,2026-11-03,4990.35,2026-11-04T05:00:00Z,2026-11-04T05:00:00Z
STM-00918-202607,ACC-00918,2026-06-13,2026-07-12,11807.75,2026-07-13T04:00:00Z,2026-07-13T04:00:00Z
STM-00918-202608,ACC-00918,2026-07-13,2026-08-12,11186.15,2026-08-13T04:00:00Z,2026-08-13T04:00:00Z
STM-00918-202609,ACC-00918,2026-08-13,2026-09-12,11173.90,2026-09-13T04:00:00Z,2026-09-13T04:00:00Z
STM-00918-202610,ACC-00918,2026-09-13,2026-10-12,8011.54,2026-10-13T04:00:00Z,2026-10-13T04:00:00Z
STM-00918-202611,ACC-00918,2026-10-13,2026-11-12,8271.70,2026-11-13T05:00:00Z,2026-11-13T05:00:00Z
STM-00919-202607,ACC-00919,2026-06-13,2026-07-12,2552.33,2026-07-13T04:00:00Z,2026-07-13T04:00:00Z
STM-00919-202608,ACC-00919,2026-07-13,2026-08-12,0.00,2026-08-13T04:00:00Z,2026-08-13T04:00:00Z
STM-00919-202609,ACC-00919,2026-08-13,2026-09-12,2324.43,2026-09-13T04:00:00Z,2026-09-13T04:00:00Z
STM-00919-202610,ACC-00919,2026-09-13,2026-10-12,1698.58,2026-10-13T04:00:00Z,2026-10-13T04:00:00Z
STM-00919-202611,ACC-00919,2026-10-13,2026-11-12,2199.04,2026-11-13T05:00:00Z,2026-11-13T05:00:00Z
STM-00920-202607,ACC-00920,2026-06-21,2026-07-20,2958.69,2026-07-21T04:00:00Z,2026-07-21T04:00:00Z
STM-00920-202608,ACC-00920,2026-07-21,2026-08-20,2547.57,2026-08-21T04:00:00Z,2026-08-21T04:00:00Z
STM-00920-202609,ACC-00920,2026-08-21,2026-09-20,2595.36,2026-09-21T04:00:00Z,2026-09-21T04:00:00Z
STM-00920-202610,ACC-00920,2026-09-21,2026-10-20,2571.45,2026-10-21T04:00:00Z,2026-10-21T04:00:00Z
STM-00921-202607,ACC-00921,2026-06-18,2026-07-17,1206.74,2026-07-18T04:00:00Z,2026-07-18T04:00:00Z
STM-00921-202608,ACC-00921,2026-07-18,2026-08-17,1460.25,2026-08-18T04:00:00Z,2026-08-18T04:00:00Z
STM-00921-202609,ACC-00921,2026-08-18,2026-09-17,1673.43,2026-09-18T04:00:00Z,2026-09-18T04:00:00Z
STM-00921-202610,ACC-00921,2026-09-18,2026-10-17,1627.88,2026-10-18T04:00:00Z,2026-10-18T04:00:00Z
STM-00922-202607,ACC-00922,2026-06-18,2026-07-17,298.91,2026-07-18T04:00:00Z,2026-07-18T04:00:00Z
STM-00922-202608,ACC-00922,2026-07-18,2026-08-17,310.58,2026-08-18T04:00:00Z,2026-08-18T04:00:00Z
STM-00922-202609,ACC-00922,2026-08-18,2026-09-17,360.27,2026-09-18T04:00:00Z,2026-09-18T04:00:00Z
STM-00922-202610,ACC-00922,2026-09-18,2026-10-17,86.71,2026-10-18T04:00:00Z,2026-10-18T04:00:00Z
STM-00923-202607,ACC-00923,2026-06-13,2026-07-12,1183.44,2026-07-13T04:00:00Z,2026-07-13T04:00:00Z
STM-00923-202608,ACC-00923,2026-07-13,2026-08-12,774.24,2026-08-13T04:00:00Z,2026-08-13T04:00:00Z
STM-00923-202609,ACC-00923,2026-08-13,2026-09-12,1183.51,2026-09-13T04:00:00Z,2026-09-13T04:00:00Z
STM-00923-202610,ACC-00923,2026-09-13,2026-10-12,1114.27,2026-10-13T04:00:00Z,2026-10-13T04:00:00Z
STM-00923-202611,ACC-00923,2026-10-13,2026-11-12,1009.96,2026-11-13T05:00:00Z,2026-11-13T05:00:00Z
STM-00924-202607,ACC-00924,2026-06-18,2026-07-17,199.01,2026-07-18T04:00:00Z,2026-07-18T04:00:00Z
STM-00924-202608,ACC-00924,2026-07-18,2026-08-17,162.30,2026-08-18T04:00:00Z,2026-08-18T04:00:00Z
STM-00924-202609,ACC-00924,2026-08-18,2026-09-17,219.23,2026-09-18T04:00:00Z,2026-09-18T04:00:00Z
STM-00924-202610,ACC-00924,2026-09-18,2026-10-17,199.23,2026-10-18T04:00:00Z,2026-10-18T04:00:00Z
STM-00925-202607,ACC-00925,2026-06-13,2026-07-12,1663.41,2026-07-13T04:00:00Z,2026-07-13T04:00:00Z
STM-00925-202608,ACC-00925,2026-07-13,2026-08-12,1963.80,2026-08-13T04:00:00Z,2026-08-13T04:00:00Z
STM-00925-202609,ACC-00925,2026-08-13,2026-09-12,1624.59,2026-09-13T04:00:00Z,2026-09-13T04:00:00Z
STM-00925-202610,ACC-00925,2026-09-13,2026-10-12,1696.00,2026-10-13T04:00:00Z,2026-10-13T04:00:00Z
STM-00925-202611,ACC-00925,2026-10-13,2026-11-12,1681.28,2026-11-13T05:00:00Z,2026-11-13T05:00:00Z
STM-00926-202607,ACC-00926,2026-06-18,2026-07-17,428.15,2026-07-18T04:00:00Z,2026-07-18T04:00:00Z
STM-00926-202608,ACC-00926,2026-07-18,2026-08-17,449.02,2026-08-18T04:00:00Z,2026-08-18T04:00:00Z
STM-00926-202609,ACC-00926,2026-08-18,2026-09-17,504.90,2026-09-18T04:00:00Z,2026-09-18T04:00:00Z
STM-00926-202610,ACC-00926,2026-09-18,2026-10-17,526.06,2026-10-18T04:00:00Z,2026-10-18T04:00:00Z
STM-00927-202607,ACC-00927,2026-06-09,2026-07-08,2640.54,2026-07-09T04:00:00Z,2026-07-09T04:00:00Z
STM-00927-202608,ACC-00927,2026-07-09,2026-08-08,1828.86,2026-08-09T04:00:00Z,2026-08-09T04:00:00Z
STM-00927-202609,ACC-00927,2026-08-09,2026-09-08,2920.02,2026-09-09T04:00:00Z,2026-09-09T04:00:00Z
STM-00927-202610,ACC-00927,2026-09-09,2026-10-08,2089.39,2026-10-09T04:00:00Z,2026-10-09T04:00:00Z
STM-00927-202611,ACC-00927,2026-10-09,2026-11-08,2220.89,2026-11-09T05:00:00Z,2026-11-09T05:00:00Z
STM-00928-202607,ACC-00928,2026-06-18,2026-07-17,1757.23,2026-07-18T04:00:00Z,2026-07-18T04:00:00Z
STM-00928-202608,ACC-00928,2026-07-18,2026-08-17,877.78,2026-08-18T04:00:00Z,2026-08-18T04:00:00Z
STM-00928-202609,ACC-00928,2026-08-18,2026-09-17,1892.67,2026-09-18T04:00:00Z,2026-09-18T04:00:00Z
STM-00928-202610,ACC-00928,2026-09-18,2026-10-17,1705.33,2026-10-18T04:00:00Z,2026-10-18T04:00:00Z
STM-00929-202607,ACC-00929,2026-06-18,2026-07-17,2954.01,2026-07-18T04:00:00Z,2026-07-18T04:00:00Z
STM-00929-202608,ACC-00929,2026-07-18,2026-08-17,1359.81,2026-08-18T04:00:00Z,2026-08-18T04:00:00Z
STM-00929-202609,ACC-00929,2026-08-18,2026-09-17,1048.15,2026-09-18T04:00:00Z,2026-09-18T04:00:00Z
STM-00929-202610,ACC-00929,2026-09-18,2026-10-17,2927.66,2026-10-18T04:00:00Z,2026-10-18T04:00:00Z
STM-00930-202607,ACC-00930,2026-06-09,2026-07-08,1200.44,2026-07-09T04:00:00Z,2026-07-09T04:00:00Z
STM-00930-202608,ACC-00930,2026-07-09,2026-08-08,1333.43,2026-08-09T04:00:00Z,2026-08-09T04:00:00Z
STM-00930-202609,ACC-00930,2026-08-09,2026-09-08,1052.89,2026-09-09T04:00:00Z,2026-09-09T04:00:00Z
STM-00930-202610,ACC-00930,2026-09-09,2026-10-08,1367.55,2026-10-09T04:00:00Z,2026-10-09T04:00:00Z
STM-00930-202611,ACC-00930,2026-10-09,2026-11-08,1827.76,2026-11-09T05:00:00Z,2026-11-09T05:00:00Z
STM-00931-202607,ACC-00931,2026-06-04,2026-07-03,3663.44,2026-07-04T04:00:00Z,2026-07-04T04:00:00Z
STM-00931-202608,ACC-00931,2026-07-04,2026-08-03,2915.06,2026-08-04T04:00:00Z,2026-08-04T04:00:00Z
STM-00931-202609,ACC-00931,2026-08-04,2026-09-03,4011.61,2026-09-04T04:00:00Z,2026-09-04T04:00:00Z
STM-00931-202610,ACC-00931,2026-09-04,2026-10-03,4110.74,2026-10-04T04:00:00Z,2026-10-04T04:00:00Z
STM-00931-202611,ACC-00931,2026-10-04,2026-11-03,4303.05,2026-11-04T05:00:00Z,2026-11-04T05:00:00Z
STM-00932-202607,ACC-00932,2026-06-04,2026-07-03,362.34,2026-07-04T04:00:00Z,2026-07-04T04:00:00Z
STM-00932-202608,ACC-00932,2026-07-04,2026-08-03,225.98,2026-08-04T04:00:00Z,2026-08-04T04:00:00Z
STM-00932-202609,ACC-00932,2026-08-04,2026-09-03,0.00,2026-09-04T04:00:00Z,2026-09-04T04:00:00Z
STM-00932-202610,ACC-00932,2026-09-04,2026-10-03,535.36,2026-10-04T04:00:00Z,2026-10-04T04:00:00Z
STM-00932-202611,ACC-00932,2026-10-04,2026-11-03,228.56,2026-11-04T05:00:00Z,2026-11-04T05:00:00Z
STM-00933-202607,ACC-00933,2026-06-26,2026-07-25,237.67,2026-07-26T04:00:00Z,2026-07-26T04:00:00Z
STM-00933-202608,ACC-00933,2026-07-26,2026-08-25,315.48,2026-08-26T04:00:00Z,2026-08-26T04:00:00Z
STM-00933-202609,ACC-00933,2026-08-26,2026-09-25,247.25,2026-09-26T04:00:00Z,2026-09-26T04:00:00Z
STM-00933-202610,ACC-00933,2026-09-26,2026-10-25,261.53,2026-10-26T04:00:00Z,2026-10-26T04:00:00Z
STM-00934-202607,ACC-00934,2026-06-09,2026-07-08,11917.49,2026-07-09T04:00:00Z,2026-07-09T04:00:00Z
STM-00934-202608,ACC-00934,2026-07-09,2026-08-08,8256.46,2026-08-09T04:00:00Z,2026-08-09T04:00:00Z
STM-00934-202609,ACC-00934,2026-08-09,2026-09-08,11969.74,2026-09-09T04:00:00Z,2026-09-09T04:00:00Z
STM-00934-202610,ACC-00934,2026-09-09,2026-10-08,9793.92,2026-10-09T04:00:00Z,2026-10-09T04:00:00Z
STM-00934-202611,ACC-00934,2026-10-09,2026-11-08,7852.39,2026-11-09T05:00:00Z,2026-11-09T05:00:00Z
STM-00935-202607,ACC-00935,2026-06-09,2026-07-08,3404.91,2026-07-09T04:00:00Z,2026-07-09T04:00:00Z
STM-00935-202608,ACC-00935,2026-07-09,2026-08-08,3832.59,2026-08-09T04:00:00Z,2026-08-09T04:00:00Z
STM-00935-202609,ACC-00935,2026-08-09,2026-09-08,3894.16,2026-09-09T04:00:00Z,2026-09-09T04:00:00Z
STM-00935-202610,ACC-00935,2026-09-09,2026-10-08,6108.90,2026-10-09T04:00:00Z,2026-10-09T04:00:00Z
STM-00935-202611,ACC-00935,2026-10-09,2026-11-08,3522.17,2026-11-09T05:00:00Z,2026-11-09T05:00:00Z
STM-00936-202607,ACC-00936,2026-06-21,2026-07-20,948.22,2026-07-21T04:00:00Z,2026-07-21T04:00:00Z
STM-00936-202608,ACC-00936,2026-07-21,2026-08-20,1773.12,2026-08-21T04:00:00Z,2026-08-21T04:00:00Z
STM-00936-202609,ACC-00936,2026-08-21,2026-09-20,1296.39,2026-09-21T04:00:00Z,2026-09-21T04:00:00Z
STM-00936-202610,ACC-00936,2026-09-21,2026-10-20,1263.77,2026-10-21T04:00:00Z,2026-10-21T04:00:00Z
STM-00937-202607,ACC-00937,2026-06-21,2026-07-20,3670.63,2026-07-21T04:00:00Z,2026-07-21T04:00:00Z
STM-00937-202608,ACC-00937,2026-07-21,2026-08-20,4087.72,2026-08-21T04:00:00Z,2026-08-21T04:00:00Z
STM-00937-202609,ACC-00937,2026-08-21,2026-09-20,3058.51,2026-09-21T04:00:00Z,2026-09-21T04:00:00Z
STM-00937-202610,ACC-00937,2026-09-21,2026-10-20,3768.46,2026-10-21T04:00:00Z,2026-10-21T04:00:00Z
STM-00938-202607,ACC-00938,2026-06-09,2026-07-08,2208.97,2026-07-09T04:00:00Z,2026-07-09T04:00:00Z
STM-00938-202608,ACC-00938,2026-07-09,2026-08-08,0.00,2026-08-09T04:00:00Z,2026-08-09T04:00:00Z
STM-00938-202609,ACC-00938,2026-08-09,2026-09-08,0.00,2026-09-09T04:00:00Z,2026-09-09T04:00:00Z
STM-00938-202610,ACC-00938,2026-09-09,2026-10-08,1679.63,2026-10-09T04:00:00Z,2026-10-09T04:00:00Z
STM-00938-202611,ACC-00938,2026-10-09,2026-11-08,2782.85,2026-11-09T05:00:00Z,2026-11-09T05:00:00Z
STM-00939-202607,ACC-00939,2026-06-21,2026-07-20,365.35,2026-07-21T04:00:00Z,2026-07-21T04:00:00Z
STM-00939-202608,ACC-00939,2026-07-21,2026-08-20,176.17,2026-08-21T04:00:00Z,2026-08-21T04:00:00Z
STM-00939-202609,ACC-00939,2026-08-21,2026-09-20,228.34,2026-09-21T04:00:00Z,2026-09-21T04:00:00Z
STM-00939-202610,ACC-00939,2026-09-21,2026-10-20,269.99,2026-10-21T04:00:00Z,2026-10-21T04:00:00Z
STM-00940-202607,ACC-00940,2026-06-18,2026-07-17,34.02,2026-07-18T04:00:00Z,2026-07-18T04:00:00Z
STM-00940-202608,ACC-00940,2026-07-18,2026-08-17,33.40,2026-08-18T04:00:00Z,2026-08-18T04:00:00Z
STM-00940-202609,ACC-00940,2026-08-18,2026-09-17,29.43,2026-09-18T04:00:00Z,2026-09-18T04:00:00Z
STM-00940-202610,ACC-00940,2026-09-18,2026-10-17,27.11,2026-10-18T04:00:00Z,2026-10-18T04:00:00Z
STM-00941-202607,ACC-00941,2026-06-09,2026-07-08,2589.88,2026-07-09T04:00:00Z,2026-07-09T04:00:00Z
STM-00941-202608,ACC-00941,2026-07-09,2026-08-08,2264.51,2026-08-09T04:00:00Z,2026-08-09T04:00:00Z
STM-00941-202609,ACC-00941,2026-08-09,2026-09-08,0.00,2026-09-09T04:00:00Z,2026-09-09T04:00:00Z
STM-00941-202610,ACC-00941,2026-09-09,2026-10-08,2553.94,2026-10-09T04:00:00Z,2026-10-09T04:00:00Z
STM-00941-202611,ACC-00941,2026-10-09,2026-11-08,3584.96,2026-11-09T05:00:00Z,2026-11-09T05:00:00Z
STM-00942-202607,ACC-00942,2026-06-26,2026-07-25,1225.66,2026-07-26T04:00:00Z,2026-07-26T04:00:00Z
STM-00942-202608,ACC-00942,2026-07-26,2026-08-25,1151.88,2026-08-26T04:00:00Z,2026-08-26T04:00:00Z
STM-00942-202609,ACC-00942,2026-08-26,2026-09-25,688.37,2026-09-26T04:00:00Z,2026-09-26T04:00:00Z
STM-00942-202610,ACC-00942,2026-09-26,2026-10-25,1249.65,2026-10-26T04:00:00Z,2026-10-26T04:00:00Z
STM-00943-202607,ACC-00943,2026-06-04,2026-07-03,89.22,2026-07-04T04:00:00Z,2026-07-04T04:00:00Z
STM-00943-202608,ACC-00943,2026-07-04,2026-08-03,95.09,2026-08-04T04:00:00Z,2026-08-04T04:00:00Z
STM-00943-202609,ACC-00943,2026-08-04,2026-09-03,58.13,2026-09-04T04:00:00Z,2026-09-04T04:00:00Z
STM-00943-202610,ACC-00943,2026-09-04,2026-10-03,132.10,2026-10-04T04:00:00Z,2026-10-04T04:00:00Z
STM-00943-202611,ACC-00943,2026-10-04,2026-11-03,96.16,2026-11-04T05:00:00Z,2026-11-04T05:00:00Z
STM-00944-202607,ACC-00944,2026-06-13,2026-07-12,1729.41,2026-07-13T04:00:00Z,2026-07-13T04:00:00Z
STM-00944-202608,ACC-00944,2026-07-13,2026-08-12,1427.90,2026-08-13T04:00:00Z,2026-08-13T04:00:00Z
STM-00944-202609,ACC-00944,2026-08-13,2026-09-12,1326.37,2026-09-13T04:00:00Z,2026-09-13T04:00:00Z
STM-00944-202610,ACC-00944,2026-09-13,2026-10-12,1304.28,2026-10-13T04:00:00Z,2026-10-13T04:00:00Z
STM-00944-202611,ACC-00944,2026-10-13,2026-11-12,1375.18,2026-11-13T05:00:00Z,2026-11-13T05:00:00Z
STM-00945-202607,ACC-00945,2026-06-18,2026-07-17,648.73,2026-07-18T04:00:00Z,2026-07-18T04:00:00Z
STM-00945-202608,ACC-00945,2026-07-18,2026-08-17,676.90,2026-08-18T04:00:00Z,2026-08-18T04:00:00Z
STM-00945-202609,ACC-00945,2026-08-18,2026-09-17,572.44,2026-09-18T04:00:00Z,2026-09-18T04:00:00Z
STM-00945-202610,ACC-00945,2026-09-18,2026-10-17,748.56,2026-10-18T04:00:00Z,2026-10-18T04:00:00Z
STM-00946-202607,ACC-00946,2026-06-26,2026-07-25,218.63,2026-07-26T04:00:00Z,2026-07-26T04:00:00Z
STM-00946-202608,ACC-00946,2026-07-26,2026-08-25,0.00,2026-08-26T04:00:00Z,2026-08-26T04:00:00Z
STM-00946-202609,ACC-00946,2026-08-26,2026-09-25,200.13,2026-09-26T04:00:00Z,2026-09-26T04:00:00Z
STM-00946-202610,ACC-00946,2026-09-26,2026-10-25,233.82,2026-10-26T04:00:00Z,2026-10-26T04:00:00Z
STM-00947-202607,ACC-00947,2026-06-09,2026-07-08,2911.95,2026-07-09T04:00:00Z,2026-07-09T04:00:00Z
STM-00947-202608,ACC-00947,2026-07-09,2026-08-08,3328.21,2026-08-09T04:00:00Z,2026-08-09T04:00:00Z
STM-00947-202609,ACC-00947,2026-08-09,2026-09-08,2650.94,2026-09-09T04:00:00Z,2026-09-09T04:00:00Z
STM-00947-202610,ACC-00947,2026-09-09,2026-10-08,2286.62,2026-10-09T04:00:00Z,2026-10-09T04:00:00Z
STM-00947-202611,ACC-00947,2026-10-09,2026-11-08,3158.25,2026-11-09T05:00:00Z,2026-11-09T05:00:00Z
STM-00948-202607,ACC-00948,2026-06-04,2026-07-03,2791.11,2026-07-04T04:00:00Z,2026-07-04T04:00:00Z
STM-00948-202608,ACC-00948,2026-07-04,2026-08-03,2656.77,2026-08-04T04:00:00Z,2026-08-04T04:00:00Z
STM-00948-202609,ACC-00948,2026-08-04,2026-09-03,2585.45,2026-09-04T04:00:00Z,2026-09-04T04:00:00Z
STM-00948-202610,ACC-00948,2026-09-04,2026-10-03,2155.28,2026-10-04T04:00:00Z,2026-10-04T04:00:00Z
STM-00948-202611,ACC-00948,2026-10-04,2026-11-03,2999.75,2026-11-04T05:00:00Z,2026-11-04T05:00:00Z
STM-00949-202607,ACC-00949,2026-06-26,2026-07-25,3629.15,2026-07-26T04:00:00Z,2026-07-26T04:00:00Z
STM-00949-202608,ACC-00949,2026-07-26,2026-08-25,3193.04,2026-08-26T04:00:00Z,2026-08-26T04:00:00Z
STM-00949-202609,ACC-00949,2026-08-26,2026-09-25,2619.10,2026-09-26T04:00:00Z,2026-09-26T04:00:00Z
STM-00949-202610,ACC-00949,2026-09-26,2026-10-25,3806.40,2026-10-26T04:00:00Z,2026-10-26T04:00:00Z
STM-00950-202607,ACC-00950,2026-06-26,2026-07-25,2544.57,2026-07-26T04:00:00Z,2026-07-26T04:00:00Z
STM-00950-202608,ACC-00950,2026-07-26,2026-08-25,1377.14,2026-08-26T04:00:00Z,2026-08-26T04:00:00Z
STM-00950-202609,ACC-00950,2026-08-26,2026-09-25,1815.01,2026-09-26T04:00:00Z,2026-09-26T04:00:00Z
STM-00950-202610,ACC-00950,2026-09-26,2026-10-25,1906.08,2026-10-26T04:00:00Z,2026-10-26T04:00:00Z
STM-00951-202607,ACC-00951,2026-06-04,2026-07-03,5304.05,2026-07-04T04:00:00Z,2026-07-04T04:00:00Z
STM-00951-202608,ACC-00951,2026-07-04,2026-08-03,5507.36,2026-08-04T04:00:00Z,2026-08-04T04:00:00Z
STM-00951-202609,ACC-00951,2026-08-04,2026-09-03,7757.30,2026-09-04T04:00:00Z,2026-09-04T04:00:00Z
STM-00951-202610,ACC-00951,2026-09-04,2026-10-03,4831.62,2026-10-04T04:00:00Z,2026-10-04T04:00:00Z
STM-00951-202611,ACC-00951,2026-10-04,2026-11-03,4855.46,2026-11-04T05:00:00Z,2026-11-04T05:00:00Z
STM-00952-202607,ACC-00952,2026-06-18,2026-07-17,262.21,2026-07-18T04:00:00Z,2026-07-18T04:00:00Z
STM-00952-202608,ACC-00952,2026-07-18,2026-08-17,325.14,2026-08-18T04:00:00Z,2026-08-18T04:00:00Z
STM-00952-202609,ACC-00952,2026-08-18,2026-09-17,307.07,2026-09-18T04:00:00Z,2026-09-18T04:00:00Z
STM-00952-202610,ACC-00952,2026-09-18,2026-10-17,0.00,2026-10-18T04:00:00Z,2026-10-18T04:00:00Z
STM-00953-202607,ACC-00953,2026-06-26,2026-07-25,2299.88,2026-07-26T04:00:00Z,2026-07-26T04:00:00Z
STM-00953-202608,ACC-00953,2026-07-26,2026-08-25,4263.93,2026-08-26T04:00:00Z,2026-08-26T04:00:00Z
STM-00953-202609,ACC-00953,2026-08-26,2026-09-25,0.00,2026-09-26T04:00:00Z,2026-09-26T04:00:00Z
STM-00953-202610,ACC-00953,2026-09-26,2026-10-25,2436.08,2026-10-26T04:00:00Z,2026-10-26T04:00:00Z
STM-00954-202607,ACC-00954,2026-06-21,2026-07-20,607.31,2026-07-21T04:00:00Z,2026-07-21T04:00:00Z
STM-00954-202608,ACC-00954,2026-07-21,2026-08-20,255.25,2026-08-21T04:00:00Z,2026-08-21T04:00:00Z
STM-00954-202609,ACC-00954,2026-08-21,2026-09-20,350.66,2026-09-21T04:00:00Z,2026-09-21T04:00:00Z
STM-00954-202610,ACC-00954,2026-09-21,2026-10-20,508.94,2026-10-21T04:00:00Z,2026-10-21T04:00:00Z
STM-00955-202607,ACC-00955,2026-06-04,2026-07-03,5183.44,2026-07-04T04:00:00Z,2026-07-04T04:00:00Z
STM-00955-202608,ACC-00955,2026-07-04,2026-08-03,7299.98,2026-08-04T04:00:00Z,2026-08-04T04:00:00Z
STM-00955-202609,ACC-00955,2026-08-04,2026-09-03,8234.83,2026-09-04T04:00:00Z,2026-09-04T04:00:00Z
STM-00955-202610,ACC-00955,2026-09-04,2026-10-03,5177.67,2026-10-04T04:00:00Z,2026-10-04T04:00:00Z
STM-00955-202611,ACC-00955,2026-10-04,2026-11-03,8369.45,2026-11-04T05:00:00Z,2026-11-04T05:00:00Z
STM-00956-202609,ACC-00956,2026-08-04,2026-09-03,53.77,2026-09-04T04:00:00Z,2026-09-04T04:00:00Z
STM-00956-202610,ACC-00956,2026-09-04,2026-10-03,68.17,2026-10-04T04:00:00Z,2026-10-04T04:00:00Z
STM-00956-202611,ACC-00956,2026-10-04,2026-11-03,124.33,2026-11-04T05:00:00Z,2026-11-04T05:00:00Z
STM-00957-202607,ACC-00957,2026-06-13,2026-07-12,1417.85,2026-07-13T04:00:00Z,2026-07-13T04:00:00Z
STM-00957-202608,ACC-00957,2026-07-13,2026-08-12,1236.76,2026-08-13T04:00:00Z,2026-08-13T04:00:00Z
STM-00957-202609,ACC-00957,2026-08-13,2026-09-12,1373.91,2026-09-13T04:00:00Z,2026-09-13T04:00:00Z
STM-00957-202610,ACC-00957,2026-09-13,2026-10-12,1526.55,2026-10-13T04:00:00Z,2026-10-13T04:00:00Z
STM-00957-202611,ACC-00957,2026-10-13,2026-11-12,628.34,2026-11-13T05:00:00Z,2026-11-13T05:00:00Z
STM-00958-202607,ACC-00958,2026-06-09,2026-07-08,1823.87,2026-07-09T04:00:00Z,2026-07-09T04:00:00Z
STM-00958-202608,ACC-00958,2026-07-09,2026-08-08,2570.45,2026-08-09T04:00:00Z,2026-08-09T04:00:00Z
STM-00958-202609,ACC-00958,2026-08-09,2026-09-08,1244.83,2026-09-09T04:00:00Z,2026-09-09T04:00:00Z
STM-00958-202610,ACC-00958,2026-09-09,2026-10-08,1863.66,2026-10-09T04:00:00Z,2026-10-09T04:00:00Z
STM-00958-202611,ACC-00958,2026-10-09,2026-11-08,1836.14,2026-11-09T05:00:00Z,2026-11-09T05:00:00Z
STM-00959-202607,ACC-00959,2026-06-13,2026-07-12,2141.25,2026-07-13T04:00:00Z,2026-07-13T04:00:00Z
STM-00959-202608,ACC-00959,2026-07-13,2026-08-12,1577.96,2026-08-13T04:00:00Z,2026-08-13T04:00:00Z
STM-00959-202609,ACC-00959,2026-08-13,2026-09-12,1304.15,2026-09-13T04:00:00Z,2026-09-13T04:00:00Z
STM-00959-202610,ACC-00959,2026-09-13,2026-10-12,1999.44,2026-10-13T04:00:00Z,2026-10-13T04:00:00Z
STM-00959-202611,ACC-00959,2026-10-13,2026-11-12,1905.90,2026-11-13T05:00:00Z,2026-11-13T05:00:00Z
STM-00960-202607,ACC-00960,2026-06-13,2026-07-12,447.21,2026-07-13T04:00:00Z,2026-07-13T04:00:00Z
STM-00960-202608,ACC-00960,2026-07-13,2026-08-12,493.79,2026-08-13T04:00:00Z,2026-08-13T04:00:00Z
STM-00960-202609,ACC-00960,2026-08-13,2026-09-12,528.63,2026-09-13T04:00:00Z,2026-09-13T04:00:00Z
STM-00960-202610,ACC-00960,2026-09-13,2026-10-12,553.17,2026-10-13T04:00:00Z,2026-10-13T04:00:00Z
STM-00960-202611,ACC-00960,2026-10-13,2026-11-12,0.00,2026-11-13T05:00:00Z,2026-11-13T05:00:00Z
STM-00961-202607,ACC-00961,2026-06-09,2026-07-08,388.85,2026-07-09T04:00:00Z,2026-07-09T04:00:00Z
STM-00961-202608,ACC-00961,2026-07-09,2026-08-08,246.14,2026-08-09T04:00:00Z,2026-08-09T04:00:00Z
STM-00961-202609,ACC-00961,2026-08-09,2026-09-08,265.40,2026-09-09T04:00:00Z,2026-09-09T04:00:00Z
STM-00961-202610,ACC-00961,2026-09-09,2026-10-08,330.86,2026-10-09T04:00:00Z,2026-10-09T04:00:00Z
STM-00961-202611,ACC-00961,2026-10-09,2026-11-08,261.73,2026-11-09T05:00:00Z,2026-11-09T05:00:00Z
STM-00962-202607,ACC-00962,2026-06-09,2026-07-08,1734.68,2026-07-09T04:00:00Z,2026-07-09T04:00:00Z
STM-00962-202608,ACC-00962,2026-07-09,2026-08-08,1676.21,2026-08-09T04:00:00Z,2026-08-09T04:00:00Z
STM-00962-202609,ACC-00962,2026-08-09,2026-09-08,2017.37,2026-09-09T04:00:00Z,2026-09-09T04:00:00Z
STM-00962-202610,ACC-00962,2026-09-09,2026-10-08,2498.36,2026-10-09T04:00:00Z,2026-10-09T04:00:00Z
STM-00962-202611,ACC-00962,2026-10-09,2026-11-08,2631.61,2026-11-09T05:00:00Z,2026-11-09T05:00:00Z
STM-00963-202607,ACC-00963,2026-06-26,2026-07-25,3590.53,2026-07-26T04:00:00Z,2026-07-26T04:00:00Z
STM-00963-202608,ACC-00963,2026-07-26,2026-08-25,4246.51,2026-08-26T04:00:00Z,2026-08-26T04:00:00Z
STM-00963-202609,ACC-00963,2026-08-26,2026-09-25,4486.31,2026-09-26T04:00:00Z,2026-09-26T04:00:00Z
STM-00963-202610,ACC-00963,2026-09-26,2026-10-25,3542.50,2026-10-26T04:00:00Z,2026-10-26T04:00:00Z
STM-00964-202607,ACC-00964,2026-06-26,2026-07-25,1050.32,2026-07-26T04:00:00Z,2026-07-26T04:00:00Z
STM-00964-202608,ACC-00964,2026-07-26,2026-08-25,1503.62,2026-08-26T04:00:00Z,2026-08-26T04:00:00Z
STM-00964-202609,ACC-00964,2026-08-26,2026-09-25,1349.91,2026-09-26T04:00:00Z,2026-09-26T04:00:00Z
STM-00964-202610,ACC-00964,2026-09-26,2026-10-25,1068.27,2026-10-26T04:00:00Z,2026-10-26T04:00:00Z
STM-00965-202607,ACC-00965,2026-06-18,2026-07-17,807.05,2026-07-18T04:00:00Z,2026-07-18T04:00:00Z
STM-00965-202608,ACC-00965,2026-07-18,2026-08-17,986.61,2026-08-18T04:00:00Z,2026-08-18T04:00:00Z
STM-00965-202609,ACC-00965,2026-08-18,2026-09-17,818.99,2026-09-18T04:00:00Z,2026-09-18T04:00:00Z
STM-00965-202610,ACC-00965,2026-09-18,2026-10-17,933.95,2026-10-18T04:00:00Z,2026-10-18T04:00:00Z
STM-00966-202607,ACC-00966,2026-06-13,2026-07-12,1783.73,2026-07-13T04:00:00Z,2026-07-13T04:00:00Z
STM-00966-202608,ACC-00966,2026-07-13,2026-08-12,1132.43,2026-08-13T04:00:00Z,2026-08-13T04:00:00Z
STM-00966-202609,ACC-00966,2026-08-13,2026-09-12,1492.47,2026-09-13T04:00:00Z,2026-09-13T04:00:00Z
STM-00966-202610,ACC-00966,2026-09-13,2026-10-12,1174.03,2026-10-13T04:00:00Z,2026-10-13T04:00:00Z
STM-00966-202611,ACC-00966,2026-10-13,2026-11-12,1296.89,2026-11-13T05:00:00Z,2026-11-13T05:00:00Z
STM-00967-202607,ACC-00967,2026-06-26,2026-07-25,334.36,2026-07-26T04:00:00Z,2026-07-26T04:00:00Z
STM-00967-202608,ACC-00967,2026-07-26,2026-08-25,262.24,2026-08-26T04:00:00Z,2026-08-26T04:00:00Z
STM-00967-202609,ACC-00967,2026-08-26,2026-09-25,188.20,2026-09-26T04:00:00Z,2026-09-26T04:00:00Z
STM-00967-202610,ACC-00967,2026-09-26,2026-10-25,230.56,2026-10-26T04:00:00Z,2026-10-26T04:00:00Z
STM-00968-202607,ACC-00968,2026-06-26,2026-07-25,25.40,2026-07-26T04:00:00Z,2026-07-26T04:00:00Z
STM-00968-202608,ACC-00968,2026-07-26,2026-08-25,29.14,2026-08-26T04:00:00Z,2026-08-26T04:00:00Z
STM-00968-202609,ACC-00968,2026-08-26,2026-09-25,70.13,2026-09-26T04:00:00Z,2026-09-26T04:00:00Z
STM-00968-202610,ACC-00968,2026-09-26,2026-10-25,85.65,2026-10-26T04:00:00Z,2026-10-26T04:00:00Z
STM-00969-202607,ACC-00969,2026-06-04,2026-07-03,3135.41,2026-07-04T04:00:00Z,2026-07-04T04:00:00Z
STM-00969-202608,ACC-00969,2026-07-04,2026-08-03,3229.10,2026-08-04T04:00:00Z,2026-08-04T04:00:00Z
STM-00969-202609,ACC-00969,2026-08-04,2026-09-03,3539.99,2026-09-04T04:00:00Z,2026-09-04T04:00:00Z
STM-00969-202610,ACC-00969,2026-09-04,2026-10-03,2243.61,2026-10-04T04:00:00Z,2026-10-04T04:00:00Z
STM-00969-202611,ACC-00969,2026-10-04,2026-11-03,2559.74,2026-11-04T05:00:00Z,2026-11-04T05:00:00Z
STM-00970-202607,ACC-00970,2026-06-13,2026-07-12,2653.17,2026-07-13T04:00:00Z,2026-07-13T04:00:00Z
STM-00970-202608,ACC-00970,2026-07-13,2026-08-12,1686.32,2026-08-13T04:00:00Z,2026-08-13T04:00:00Z
STM-00970-202609,ACC-00970,2026-08-13,2026-09-12,1739.71,2026-09-13T04:00:00Z,2026-09-13T04:00:00Z
STM-00970-202610,ACC-00970,2026-09-13,2026-10-12,1448.91,2026-10-13T04:00:00Z,2026-10-13T04:00:00Z
STM-00970-202611,ACC-00970,2026-10-13,2026-11-12,1534.43,2026-11-13T05:00:00Z,2026-11-13T05:00:00Z
STM-00971-202607,ACC-00971,2026-06-04,2026-07-03,55.79,2026-07-04T04:00:00Z,2026-07-04T04:00:00Z
STM-00971-202608,ACC-00971,2026-07-04,2026-08-03,87.67,2026-08-04T04:00:00Z,2026-08-04T04:00:00Z
STM-00971-202609,ACC-00971,2026-08-04,2026-09-03,0.00,2026-09-04T04:00:00Z,2026-09-04T04:00:00Z
STM-00971-202610,ACC-00971,2026-09-04,2026-10-03,0.00,2026-10-04T04:00:00Z,2026-10-04T04:00:00Z
STM-00971-202611,ACC-00971,2026-10-04,2026-11-03,99.76,2026-11-04T05:00:00Z,2026-11-04T05:00:00Z
STM-00972-202607,ACC-00972,2026-06-04,2026-07-03,3639.10,2026-07-04T04:00:00Z,2026-07-04T04:00:00Z
STM-00972-202608,ACC-00972,2026-07-04,2026-08-03,5164.64,2026-08-04T04:00:00Z,2026-08-04T04:00:00Z
STM-00972-202609,ACC-00972,2026-08-04,2026-09-03,5667.50,2026-09-04T04:00:00Z,2026-09-04T04:00:00Z
STM-00972-202610,ACC-00972,2026-09-04,2026-10-03,6242.63,2026-10-04T04:00:00Z,2026-10-04T04:00:00Z
STM-00972-202611,ACC-00972,2026-10-04,2026-11-03,5599.47,2026-11-04T05:00:00Z,2026-11-04T05:00:00Z
STM-00973-202607,ACC-00973,2026-06-21,2026-07-20,2152.91,2026-07-21T04:00:00Z,2026-07-21T04:00:00Z
STM-00973-202608,ACC-00973,2026-07-21,2026-08-20,1755.26,2026-08-21T04:00:00Z,2026-08-21T04:00:00Z
STM-00973-202609,ACC-00973,2026-08-21,2026-09-20,1414.61,2026-09-21T04:00:00Z,2026-09-21T04:00:00Z
STM-00973-202610,ACC-00973,2026-09-21,2026-10-20,1582.95,2026-10-21T04:00:00Z,2026-10-21T04:00:00Z
STM-00974-202607,ACC-00974,2026-06-18,2026-07-17,3488.11,2026-07-18T04:00:00Z,2026-07-18T04:00:00Z
STM-00974-202608,ACC-00974,2026-07-18,2026-08-17,3796.21,2026-08-18T04:00:00Z,2026-08-18T04:00:00Z
STM-00974-202609,ACC-00974,2026-08-18,2026-09-17,2947.71,2026-09-18T04:00:00Z,2026-09-18T04:00:00Z
STM-00974-202610,ACC-00974,2026-09-18,2026-10-17,2377.48,2026-10-18T04:00:00Z,2026-10-18T04:00:00Z
STM-00975-202607,ACC-00975,2026-06-18,2026-07-17,1356.43,2026-07-18T04:00:00Z,2026-07-18T04:00:00Z
STM-00975-202608,ACC-00975,2026-07-18,2026-08-17,1839.69,2026-08-18T04:00:00Z,2026-08-18T04:00:00Z
STM-00975-202609,ACC-00975,2026-08-18,2026-09-17,1124.58,2026-09-18T04:00:00Z,2026-09-18T04:00:00Z
STM-00975-202610,ACC-00975,2026-09-18,2026-10-17,2028.49,2026-10-18T04:00:00Z,2026-10-18T04:00:00Z
STM-00976-202607,ACC-00976,2026-06-04,2026-07-03,1501.26,2026-07-04T04:00:00Z,2026-07-04T04:00:00Z
STM-00976-202608,ACC-00976,2026-07-04,2026-08-03,1272.29,2026-08-04T04:00:00Z,2026-08-04T04:00:00Z
STM-00976-202609,ACC-00976,2026-08-04,2026-09-03,647.01,2026-09-04T04:00:00Z,2026-09-04T04:00:00Z
STM-00976-202610,ACC-00976,2026-09-04,2026-10-03,1121.78,2026-10-04T04:00:00Z,2026-10-04T04:00:00Z
STM-00976-202611,ACC-00976,2026-10-04,2026-11-03,1302.02,2026-11-04T05:00:00Z,2026-11-04T05:00:00Z
STM-00977-202607,ACC-00977,2026-06-09,2026-07-08,2609.01,2026-07-09T04:00:00Z,2026-07-09T04:00:00Z
STM-00977-202608,ACC-00977,2026-07-09,2026-08-08,2593.43,2026-08-09T04:00:00Z,2026-08-09T04:00:00Z
STM-00977-202609,ACC-00977,2026-08-09,2026-09-08,3316.43,2026-09-09T04:00:00Z,2026-09-09T04:00:00Z
STM-00977-202610,ACC-00977,2026-09-09,2026-10-08,3146.50,2026-10-09T04:00:00Z,2026-10-09T04:00:00Z
STM-00977-202611,ACC-00977,2026-10-09,2026-11-08,3398.84,2026-11-09T05:00:00Z,2026-11-09T05:00:00Z
STM-00978-202607,ACC-00978,2026-06-04,2026-07-03,59.94,2026-07-04T04:00:00Z,2026-07-04T04:00:00Z
STM-00978-202608,ACC-00978,2026-07-04,2026-08-03,76.18,2026-08-04T04:00:00Z,2026-08-04T04:00:00Z
STM-00978-202609,ACC-00978,2026-08-04,2026-09-03,50.09,2026-09-04T04:00:00Z,2026-09-04T04:00:00Z
STM-00978-202610,ACC-00978,2026-09-04,2026-10-03,56.56,2026-10-04T04:00:00Z,2026-10-04T04:00:00Z
STM-00978-202611,ACC-00978,2026-10-04,2026-11-03,51.75,2026-11-04T05:00:00Z,2026-11-04T05:00:00Z
STM-00979-202607,ACC-00979,2026-06-21,2026-07-20,3282.97,2026-07-21T04:00:00Z,2026-07-21T04:00:00Z
STM-00979-202608,ACC-00979,2026-07-21,2026-08-20,7295.17,2026-08-21T04:00:00Z,2026-08-21T04:00:00Z
STM-00979-202609,ACC-00979,2026-08-21,2026-09-20,3743.14,2026-09-21T04:00:00Z,2026-09-21T04:00:00Z
STM-00979-202610,ACC-00979,2026-09-21,2026-10-20,3163.55,2026-10-21T04:00:00Z,2026-10-21T04:00:00Z
STM-00980-202607,ACC-00980,2026-06-26,2026-07-25,3231.40,2026-07-26T04:00:00Z,2026-07-26T04:00:00Z
STM-00980-202608,ACC-00980,2026-07-26,2026-08-25,3388.68,2026-08-26T04:00:00Z,2026-08-26T04:00:00Z
STM-00980-202609,ACC-00980,2026-08-26,2026-09-25,3343.55,2026-09-26T04:00:00Z,2026-09-26T04:00:00Z
STM-00980-202610,ACC-00980,2026-09-26,2026-10-25,2603.21,2026-10-26T04:00:00Z,2026-10-26T04:00:00Z
STM-00981-202607,ACC-00981,2026-06-13,2026-07-12,7275.05,2026-07-13T04:00:00Z,2026-07-13T04:00:00Z
STM-00981-202608,ACC-00981,2026-07-13,2026-08-12,3537.97,2026-08-13T04:00:00Z,2026-08-13T04:00:00Z
STM-00981-202609,ACC-00981,2026-08-13,2026-09-12,5151.46,2026-09-13T04:00:00Z,2026-09-13T04:00:00Z
STM-00981-202610,ACC-00981,2026-09-13,2026-10-12,6622.37,2026-10-13T04:00:00Z,2026-10-13T04:00:00Z
STM-00981-202611,ACC-00981,2026-10-13,2026-11-12,4306.67,2026-11-13T05:00:00Z,2026-11-13T05:00:00Z
STM-00982-202607,ACC-00982,2026-06-18,2026-07-17,725.17,2026-07-18T04:00:00Z,2026-07-18T04:00:00Z
STM-00982-202608,ACC-00982,2026-07-18,2026-08-17,828.72,2026-08-18T04:00:00Z,2026-08-18T04:00:00Z
STM-00982-202609,ACC-00982,2026-08-18,2026-09-17,788.86,2026-09-18T04:00:00Z,2026-09-18T04:00:00Z
STM-00982-202610,ACC-00982,2026-09-18,2026-10-17,838.46,2026-10-18T04:00:00Z,2026-10-18T04:00:00Z
STM-00983-202607,ACC-00983,2026-06-13,2026-07-12,2426.18,2026-07-13T04:00:00Z,2026-07-13T04:00:00Z
STM-00983-202608,ACC-00983,2026-07-13,2026-08-12,2211.24,2026-08-13T04:00:00Z,2026-08-13T04:00:00Z
STM-00983-202609,ACC-00983,2026-08-13,2026-09-12,2451.10,2026-09-13T04:00:00Z,2026-09-13T04:00:00Z
STM-00983-202610,ACC-00983,2026-09-13,2026-10-12,2330.45,2026-10-13T04:00:00Z,2026-10-13T04:00:00Z
STM-00983-202611,ACC-00983,2026-10-13,2026-11-12,3517.90,2026-11-13T05:00:00Z,2026-11-13T05:00:00Z
STM-00984-202607,ACC-00984,2026-06-04,2026-07-03,1417.28,2026-07-04T04:00:00Z,2026-07-04T04:00:00Z
STM-00984-202608,ACC-00984,2026-07-04,2026-08-03,2389.43,2026-08-04T04:00:00Z,2026-08-04T04:00:00Z
STM-00984-202609,ACC-00984,2026-08-04,2026-09-03,1373.50,2026-09-04T04:00:00Z,2026-09-04T04:00:00Z
STM-00984-202610,ACC-00984,2026-09-04,2026-10-03,1547.23,2026-10-04T04:00:00Z,2026-10-04T04:00:00Z
STM-00984-202611,ACC-00984,2026-10-04,2026-11-03,2838.20,2026-11-04T05:00:00Z,2026-11-04T05:00:00Z
STM-00985-202607,ACC-00985,2026-06-18,2026-07-17,3375.14,2026-07-18T04:00:00Z,2026-07-18T04:00:00Z
STM-00985-202608,ACC-00985,2026-07-18,2026-08-17,3339.97,2026-08-18T04:00:00Z,2026-08-18T04:00:00Z
STM-00985-202609,ACC-00985,2026-08-18,2026-09-17,3478.35,2026-09-18T04:00:00Z,2026-09-18T04:00:00Z
STM-00985-202610,ACC-00985,2026-09-18,2026-10-17,4144.87,2026-10-18T04:00:00Z,2026-10-18T04:00:00Z
STM-00986-202607,ACC-00986,2026-06-21,2026-07-20,77.65,2026-07-21T04:00:00Z,2026-07-21T04:00:00Z
STM-00986-202608,ACC-00986,2026-07-21,2026-08-20,201.75,2026-08-21T04:00:00Z,2026-08-21T04:00:00Z
STM-00986-202609,ACC-00986,2026-08-21,2026-09-20,203.93,2026-09-21T04:00:00Z,2026-09-21T04:00:00Z
STM-00986-202610,ACC-00986,2026-09-21,2026-10-20,133.76,2026-10-21T04:00:00Z,2026-10-21T04:00:00Z
STM-00987-202607,ACC-00987,2026-06-26,2026-07-25,566.53,2026-07-26T04:00:00Z,2026-07-26T04:00:00Z
STM-00987-202608,ACC-00987,2026-07-26,2026-08-25,1420.03,2026-08-26T04:00:00Z,2026-08-26T04:00:00Z
STM-00987-202609,ACC-00987,2026-08-26,2026-09-25,1279.30,2026-09-26T04:00:00Z,2026-09-26T04:00:00Z
STM-00987-202610,ACC-00987,2026-09-26,2026-10-25,914.25,2026-10-26T04:00:00Z,2026-10-26T04:00:00Z
STM-00988-202607,ACC-00988,2026-06-04,2026-07-03,600.74,2026-07-04T04:00:00Z,2026-07-04T04:00:00Z
STM-00988-202608,ACC-00988,2026-07-04,2026-08-03,913.53,2026-08-04T04:00:00Z,2026-08-04T04:00:00Z
STM-00988-202609,ACC-00988,2026-08-04,2026-09-03,1193.00,2026-09-04T04:00:00Z,2026-09-04T04:00:00Z
STM-00988-202610,ACC-00988,2026-09-04,2026-10-03,1248.28,2026-10-04T04:00:00Z,2026-10-04T04:00:00Z
STM-00988-202611,ACC-00988,2026-10-04,2026-11-03,1264.20,2026-11-04T05:00:00Z,2026-11-04T05:00:00Z
STM-00989-202607,ACC-00989,2026-06-18,2026-07-17,1806.37,2026-07-18T04:00:00Z,2026-07-18T04:00:00Z
STM-00989-202608,ACC-00989,2026-07-18,2026-08-17,1830.66,2026-08-18T04:00:00Z,2026-08-18T04:00:00Z
STM-00989-202609,ACC-00989,2026-08-18,2026-09-17,2016.33,2026-09-18T04:00:00Z,2026-09-18T04:00:00Z
STM-00989-202610,ACC-00989,2026-09-18,2026-10-17,1693.56,2026-10-18T04:00:00Z,2026-10-18T04:00:00Z
STM-00990-202607,ACC-00990,2026-06-18,2026-07-17,4317.02,2026-07-18T04:00:00Z,2026-07-18T04:00:00Z
STM-00990-202608,ACC-00990,2026-07-18,2026-08-17,7388.62,2026-08-18T04:00:00Z,2026-08-18T04:00:00Z
STM-00990-202609,ACC-00990,2026-08-18,2026-09-17,6435.35,2026-09-18T04:00:00Z,2026-09-18T04:00:00Z
STM-00990-202610,ACC-00990,2026-09-18,2026-10-17,4490.64,2026-10-18T04:00:00Z,2026-10-18T04:00:00Z
STM-00991-202607,ACC-00991,2026-06-13,2026-07-12,3070.21,2026-07-13T04:00:00Z,2026-07-13T04:00:00Z
STM-00991-202608,ACC-00991,2026-07-13,2026-08-12,3373.65,2026-08-13T04:00:00Z,2026-08-13T04:00:00Z
STM-00991-202609,ACC-00991,2026-08-13,2026-09-12,2903.71,2026-09-13T04:00:00Z,2026-09-13T04:00:00Z
STM-00991-202610,ACC-00991,2026-09-13,2026-10-12,2582.38,2026-10-13T04:00:00Z,2026-10-13T04:00:00Z
STM-00991-202611,ACC-00991,2026-10-13,2026-11-12,2098.43,2026-11-13T05:00:00Z,2026-11-13T05:00:00Z
STM-00992-202607,ACC-00992,2026-06-04,2026-07-03,441.62,2026-07-04T04:00:00Z,2026-07-04T04:00:00Z
STM-00992-202608,ACC-00992,2026-07-04,2026-08-03,718.32,2026-08-04T04:00:00Z,2026-08-04T04:00:00Z
STM-00992-202609,ACC-00992,2026-08-04,2026-09-03,625.51,2026-09-04T04:00:00Z,2026-09-04T04:00:00Z
STM-00992-202610,ACC-00992,2026-09-04,2026-10-03,395.92,2026-10-04T04:00:00Z,2026-10-04T04:00:00Z
STM-00992-202611,ACC-00992,2026-10-04,2026-11-03,524.03,2026-11-04T05:00:00Z,2026-11-04T05:00:00Z
STM-00993-202607,ACC-00993,2026-06-13,2026-07-12,2492.91,2026-07-13T04:00:00Z,2026-07-13T04:00:00Z
STM-00993-202608,ACC-00993,2026-07-13,2026-08-12,2400.13,2026-08-13T04:00:00Z,2026-08-13T04:00:00Z
STM-00993-202609,ACC-00993,2026-08-13,2026-09-12,3132.83,2026-09-13T04:00:00Z,2026-09-13T04:00:00Z
STM-00993-202610,ACC-00993,2026-09-13,2026-10-12,2184.82,2026-10-13T04:00:00Z,2026-10-13T04:00:00Z
STM-00993-202611,ACC-00993,2026-10-13,2026-11-12,2686.01,2026-11-13T05:00:00Z,2026-11-13T05:00:00Z
STM-00994-202608,ACC-00994,2026-07-21,2026-08-20,14593.62,2026-08-21T04:00:00Z,2026-08-21T04:00:00Z
STM-00994-202609,ACC-00994,2026-08-21,2026-09-20,10920.17,2026-09-21T04:00:00Z,2026-09-21T04:00:00Z
STM-00994-202610,ACC-00994,2026-09-21,2026-10-20,8595.01,2026-10-21T04:00:00Z,2026-10-21T04:00:00Z
STM-00995-202607,ACC-00995,2026-06-04,2026-07-03,0.00,2026-07-04T04:00:00Z,2026-07-04T04:00:00Z
STM-00995-202608,ACC-00995,2026-07-04,2026-08-03,2483.49,2026-08-04T04:00:00Z,2026-08-04T04:00:00Z
STM-00995-202609,ACC-00995,2026-08-04,2026-09-03,1709.35,2026-09-04T04:00:00Z,2026-09-04T04:00:00Z
STM-00995-202610,ACC-00995,2026-09-04,2026-10-03,2244.89,2026-10-04T04:00:00Z,2026-10-04T04:00:00Z
STM-00995-202611,ACC-00995,2026-10-04,2026-11-03,2307.64,2026-11-04T05:00:00Z,2026-11-04T05:00:00Z
STM-00996-202607,ACC-00996,2026-06-09,2026-07-08,2692.60,2026-07-09T04:00:00Z,2026-07-09T04:00:00Z
STM-00996-202608,ACC-00996,2026-07-09,2026-08-08,2200.19,2026-08-09T04:00:00Z,2026-08-09T04:00:00Z
STM-00996-202609,ACC-00996,2026-08-09,2026-09-08,1807.85,2026-09-09T04:00:00Z,2026-09-09T04:00:00Z
STM-00996-202610,ACC-00996,2026-09-09,2026-10-08,0.00,2026-10-09T04:00:00Z,2026-10-09T04:00:00Z
STM-00996-202611,ACC-00996,2026-10-09,2026-11-08,2571.92,2026-11-09T05:00:00Z,2026-11-09T05:00:00Z
STM-00997-202607,ACC-00997,2026-06-26,2026-07-25,800.82,2026-07-26T04:00:00Z,2026-07-26T04:00:00Z
STM-00997-202608,ACC-00997,2026-07-26,2026-08-25,764.20,2026-08-26T04:00:00Z,2026-08-26T04:00:00Z
STM-00997-202609,ACC-00997,2026-08-26,2026-09-25,740.54,2026-09-26T04:00:00Z,2026-09-26T04:00:00Z
STM-00997-202610,ACC-00997,2026-09-26,2026-10-25,585.10,2026-10-26T04:00:00Z,2026-10-26T04:00:00Z
STM-00998-202607,ACC-00998,2026-06-18,2026-07-17,1510.61,2026-07-18T04:00:00Z,2026-07-18T04:00:00Z
STM-00998-202608,ACC-00998,2026-07-18,2026-08-17,1462.17,2026-08-18T04:00:00Z,2026-08-18T04:00:00Z
STM-00998-202609,ACC-00998,2026-08-18,2026-09-17,2064.06,2026-09-18T04:00:00Z,2026-09-18T04:00:00Z
STM-00998-202610,ACC-00998,2026-09-18,2026-10-17,0.00,2026-10-18T04:00:00Z,2026-10-18T04:00:00Z
STM-00999-202607,ACC-00999,2026-06-09,2026-07-08,11442.40,2026-07-09T04:00:00Z,2026-07-09T04:00:00Z
STM-00999-202608,ACC-00999,2026-07-09,2026-08-08,10343.44,2026-08-09T04:00:00Z,2026-08-09T04:00:00Z
STM-00999-202609,ACC-00999,2026-08-09,2026-09-08,14610.23,2026-09-09T04:00:00Z,2026-09-09T04:00:00Z
STM-00999-202610,ACC-00999,2026-09-09,2026-10-08,10983.66,2026-10-09T04:00:00Z,2026-10-09T04:00:00Z
STM-00999-202611,ACC-00999,2026-10-09,2026-11-08,18604.10,2026-11-09T05:00:00Z,2026-11-09T05:00:00Z
STM-01000-202607,ACC-01000,2026-06-18,2026-07-17,322.05,2026-07-18T04:00:00Z,2026-07-18T04:00:00Z
STM-01000-202608,ACC-01000,2026-07-18,2026-08-17,254.36,2026-08-18T04:00:00Z,2026-08-18T04:00:00Z
STM-01000-202609,ACC-01000,2026-08-18,2026-09-17,123.92,2026-09-18T04:00:00Z,2026-09-18T04:00:00Z
STM-01000-202610,ACC-01000,2026-09-18,2026-10-17,330.57,2026-10-18T04:00:00Z,2026-10-18T04:00:00Z
STM-01001-202608,ACC-01001,2026-07-09,2026-08-08,142.82,2026-08-09T04:00:00Z,2026-08-09T04:00:00Z
STM-01001-202609,ACC-01001,2026-08-09,2026-09-08,266.59,2026-09-09T04:00:00Z,2026-09-09T04:00:00Z
STM-01001-202610,ACC-01001,2026-09-09,2026-10-08,116.33,2026-10-09T04:00:00Z,2026-10-09T04:00:00Z
STM-01001-202611,ACC-01001,2026-10-09,2026-11-08,195.45,2026-11-09T05:00:00Z,2026-11-09T05:00:00Z
STM-01002-202607,ACC-01002,2026-06-09,2026-07-08,4402.19,2026-07-09T04:00:00Z,2026-07-09T04:00:00Z
STM-01002-202608,ACC-01002,2026-07-09,2026-08-08,4250.66,2026-08-09T04:00:00Z,2026-08-09T04:00:00Z
STM-01002-202609,ACC-01002,2026-08-09,2026-09-08,4717.03,2026-09-09T04:00:00Z,2026-09-09T04:00:00Z
STM-01002-202610,ACC-01002,2026-09-09,2026-10-08,4844.29,2026-10-09T04:00:00Z,2026-10-09T04:00:00Z
STM-01002-202611,ACC-01002,2026-10-09,2026-11-08,3633.47,2026-11-09T05:00:00Z,2026-11-09T05:00:00Z
STM-01003-202607,ACC-01003,2026-06-13,2026-07-12,679.79,2026-07-13T04:00:00Z,2026-07-13T04:00:00Z
STM-01003-202608,ACC-01003,2026-07-13,2026-08-12,642.79,2026-08-13T04:00:00Z,2026-08-13T04:00:00Z
STM-01003-202609,ACC-01003,2026-08-13,2026-09-12,894.35,2026-09-13T04:00:00Z,2026-09-13T04:00:00Z
STM-01003-202610,ACC-01003,2026-09-13,2026-10-12,555.07,2026-10-13T04:00:00Z,2026-10-13T04:00:00Z
STM-01003-202611,ACC-01003,2026-10-13,2026-11-12,392.54,2026-11-13T05:00:00Z,2026-11-13T05:00:00Z
STM-01004-202607,ACC-01004,2026-06-26,2026-07-25,108.44,2026-07-26T04:00:00Z,2026-07-26T04:00:00Z
STM-01004-202608,ACC-01004,2026-07-26,2026-08-25,63.59,2026-08-26T04:00:00Z,2026-08-26T04:00:00Z
STM-01004-202609,ACC-01004,2026-08-26,2026-09-25,92.16,2026-09-26T04:00:00Z,2026-09-26T04:00:00Z
STM-01004-202610,ACC-01004,2026-09-26,2026-10-25,117.72,2026-10-26T04:00:00Z,2026-10-26T04:00:00Z
STM-01005-202607,ACC-01005,2026-06-21,2026-07-20,1516.75,2026-07-21T04:00:00Z,2026-07-21T04:00:00Z
STM-01005-202608,ACC-01005,2026-07-21,2026-08-20,920.80,2026-08-21T04:00:00Z,2026-08-21T04:00:00Z
STM-01005-202609,ACC-01005,2026-08-21,2026-09-20,704.42,2026-09-21T04:00:00Z,2026-09-21T04:00:00Z
STM-01005-202610,ACC-01005,2026-09-21,2026-10-20,926.40,2026-10-21T04:00:00Z,2026-10-21T04:00:00Z
STM-01006-202607,ACC-01006,2026-06-26,2026-07-25,2720.06,2026-07-26T04:00:00Z,2026-07-26T04:00:00Z
STM-01006-202608,ACC-01006,2026-07-26,2026-08-25,3139.50,2026-08-26T04:00:00Z,2026-08-26T04:00:00Z
STM-01006-202609,ACC-01006,2026-08-26,2026-09-25,0.00,2026-09-26T04:00:00Z,2026-09-26T04:00:00Z
STM-01006-202610,ACC-01006,2026-09-26,2026-10-25,2905.61,2026-10-26T04:00:00Z,2026-10-26T04:00:00Z
STM-01007-202607,ACC-01007,2026-06-13,2026-07-12,282.34,2026-07-13T04:00:00Z,2026-07-13T04:00:00Z
STM-01007-202608,ACC-01007,2026-07-13,2026-08-12,260.36,2026-08-13T04:00:00Z,2026-08-13T04:00:00Z
STM-01007-202609,ACC-01007,2026-08-13,2026-09-12,327.00,2026-09-13T04:00:00Z,2026-09-13T04:00:00Z
STM-01007-202610,ACC-01007,2026-09-13,2026-10-12,274.93,2026-10-13T04:00:00Z,2026-10-13T04:00:00Z
STM-01007-202611,ACC-01007,2026-10-13,2026-11-12,239.54,2026-11-13T05:00:00Z,2026-11-13T05:00:00Z
STM-01008-202607,ACC-01008,2026-06-04,2026-07-03,2145.23,2026-07-04T04:00:00Z,2026-07-04T04:00:00Z
STM-01008-202608,ACC-01008,2026-07-04,2026-08-03,1751.75,2026-08-04T04:00:00Z,2026-08-04T04:00:00Z
STM-01008-202609,ACC-01008,2026-08-04,2026-09-03,0.00,2026-09-04T04:00:00Z,2026-09-04T04:00:00Z
STM-01008-202610,ACC-01008,2026-09-04,2026-10-03,1817.58,2026-10-04T04:00:00Z,2026-10-04T04:00:00Z
STM-01008-202611,ACC-01008,2026-10-04,2026-11-03,1868.38,2026-11-04T05:00:00Z,2026-11-04T05:00:00Z
STM-01009-202607,ACC-01009,2026-06-13,2026-07-12,59.03,2026-07-13T04:00:00Z,2026-07-13T04:00:00Z
STM-01009-202608,ACC-01009,2026-07-13,2026-08-12,50.50,2026-08-13T04:00:00Z,2026-08-13T04:00:00Z
STM-01009-202609,ACC-01009,2026-08-13,2026-09-12,39.17,2026-09-13T04:00:00Z,2026-09-13T04:00:00Z
STM-01009-202610,ACC-01009,2026-09-13,2026-10-12,59.43,2026-10-13T04:00:00Z,2026-10-13T04:00:00Z
STM-01009-202611,ACC-01009,2026-10-13,2026-11-12,52.02,2026-11-13T05:00:00Z,2026-11-13T05:00:00Z
STM-01010-202607,ACC-01010,2026-06-21,2026-07-20,225.72,2026-07-21T04:00:00Z,2026-07-21T04:00:00Z
STM-01010-202608,ACC-01010,2026-07-21,2026-08-20,178.36,2026-08-21T04:00:00Z,2026-08-21T04:00:00Z
STM-01010-202609,ACC-01010,2026-08-21,2026-09-20,268.17,2026-09-21T04:00:00Z,2026-09-21T04:00:00Z
STM-01010-202610,ACC-01010,2026-09-21,2026-10-20,495.94,2026-10-21T04:00:00Z,2026-10-21T04:00:00Z
STM-01011-202607,ACC-01011,2026-06-13,2026-07-12,2608.73,2026-07-13T04:00:00Z,2026-07-13T04:00:00Z
STM-01011-202608,ACC-01011,2026-07-13,2026-08-12,3212.84,2026-08-13T04:00:00Z,2026-08-13T04:00:00Z
STM-01011-202609,ACC-01011,2026-08-13,2026-09-12,1944.79,2026-09-13T04:00:00Z,2026-09-13T04:00:00Z
STM-01011-202610,ACC-01011,2026-09-13,2026-10-12,1852.07,2026-10-13T04:00:00Z,2026-10-13T04:00:00Z
STM-01011-202611,ACC-01011,2026-10-13,2026-11-12,2523.11,2026-11-13T05:00:00Z,2026-11-13T05:00:00Z
STM-01012-202607,ACC-01012,2026-06-26,2026-07-25,528.56,2026-07-26T04:00:00Z,2026-07-26T04:00:00Z
STM-01012-202608,ACC-01012,2026-07-26,2026-08-25,515.77,2026-08-26T04:00:00Z,2026-08-26T04:00:00Z
STM-01012-202609,ACC-01012,2026-08-26,2026-09-25,480.39,2026-09-26T04:00:00Z,2026-09-26T04:00:00Z
STM-01012-202610,ACC-01012,2026-09-26,2026-10-25,0.00,2026-10-26T04:00:00Z,2026-10-26T04:00:00Z
STM-01013-202607,ACC-01013,2026-06-04,2026-07-03,7251.67,2026-07-04T04:00:00Z,2026-07-04T04:00:00Z
STM-01013-202608,ACC-01013,2026-07-04,2026-08-03,6699.64,2026-08-04T04:00:00Z,2026-08-04T04:00:00Z
STM-01013-202609,ACC-01013,2026-08-04,2026-09-03,6072.11,2026-09-04T04:00:00Z,2026-09-04T04:00:00Z
STM-01013-202610,ACC-01013,2026-09-04,2026-10-03,7995.54,2026-10-04T04:00:00Z,2026-10-04T04:00:00Z
STM-01013-202611,ACC-01013,2026-10-04,2026-11-03,6267.11,2026-11-04T05:00:00Z,2026-11-04T05:00:00Z
STM-01014-202607,ACC-01014,2026-06-18,2026-07-17,901.16,2026-07-18T04:00:00Z,2026-07-18T04:00:00Z
STM-01014-202608,ACC-01014,2026-07-18,2026-08-17,1098.31,2026-08-18T04:00:00Z,2026-08-18T04:00:00Z
STM-01014-202609,ACC-01014,2026-08-18,2026-09-17,1411.86,2026-09-18T04:00:00Z,2026-09-18T04:00:00Z
STM-01014-202610,ACC-01014,2026-09-18,2026-10-17,1367.39,2026-10-18T04:00:00Z,2026-10-18T04:00:00Z
STM-01015-202607,ACC-01015,2026-06-13,2026-07-12,0.00,2026-07-13T04:00:00Z,2026-07-13T04:00:00Z
STM-01015-202608,ACC-01015,2026-07-13,2026-08-12,570.07,2026-08-13T04:00:00Z,2026-08-13T04:00:00Z
STM-01015-202609,ACC-01015,2026-08-13,2026-09-12,998.34,2026-09-13T04:00:00Z,2026-09-13T04:00:00Z
STM-01015-202610,ACC-01015,2026-09-13,2026-10-12,756.67,2026-10-13T04:00:00Z,2026-10-13T04:00:00Z
STM-01015-202611,ACC-01015,2026-10-13,2026-11-12,907.75,2026-11-13T05:00:00Z,2026-11-13T05:00:00Z
STM-01016-202607,ACC-01016,2026-06-09,2026-07-08,106.99,2026-07-09T04:00:00Z,2026-07-09T04:00:00Z
STM-01016-202608,ACC-01016,2026-07-09,2026-08-08,37.59,2026-08-09T04:00:00Z,2026-08-09T04:00:00Z
STM-01016-202609,ACC-01016,2026-08-09,2026-09-08,109.27,2026-09-09T04:00:00Z,2026-09-09T04:00:00Z
STM-01016-202610,ACC-01016,2026-09-09,2026-10-08,103.11,2026-10-09T04:00:00Z,2026-10-09T04:00:00Z
STM-01016-202611,ACC-01016,2026-10-09,2026-11-08,86.23,2026-11-09T05:00:00Z,2026-11-09T05:00:00Z
STM-01017-202607,ACC-01017,2026-06-13,2026-07-12,8484.53,2026-07-13T04:00:00Z,2026-07-13T04:00:00Z
STM-01017-202608,ACC-01017,2026-07-13,2026-08-12,6946.72,2026-08-13T04:00:00Z,2026-08-13T04:00:00Z
STM-01017-202609,ACC-01017,2026-08-13,2026-09-12,8527.69,2026-09-13T04:00:00Z,2026-09-13T04:00:00Z
STM-01017-202610,ACC-01017,2026-09-13,2026-10-12,6386.35,2026-10-13T04:00:00Z,2026-10-13T04:00:00Z
STM-01017-202611,ACC-01017,2026-10-13,2026-11-12,6073.26,2026-11-13T05:00:00Z,2026-11-13T05:00:00Z
STM-01018-202607,ACC-01018,2026-06-09,2026-07-08,46.22,2026-07-09T04:00:00Z,2026-07-09T04:00:00Z
STM-01018-202608,ACC-01018,2026-07-09,2026-08-08,56.60,2026-08-09T04:00:00Z,2026-08-09T04:00:00Z
STM-01018-202609,ACC-01018,2026-08-09,2026-09-08,86.66,2026-09-09T04:00:00Z,2026-09-09T04:00:00Z
STM-01018-202610,ACC-01018,2026-09-09,2026-10-08,70.97,2026-10-09T04:00:00Z,2026-10-09T04:00:00Z
STM-01018-202611,ACC-01018,2026-10-09,2026-11-08,83.63,2026-11-09T05:00:00Z,2026-11-09T05:00:00Z
STM-01019-202607,ACC-01019,2026-06-13,2026-07-12,1367.84,2026-07-13T04:00:00Z,2026-07-13T04:00:00Z
STM-01019-202608,ACC-01019,2026-07-13,2026-08-12,884.18,2026-08-13T04:00:00Z,2026-08-13T04:00:00Z
STM-01019-202609,ACC-01019,2026-08-13,2026-09-12,826.72,2026-09-13T04:00:00Z,2026-09-13T04:00:00Z
STM-01019-202610,ACC-01019,2026-09-13,2026-10-12,1439.68,2026-10-13T04:00:00Z,2026-10-13T04:00:00Z
STM-01019-202611,ACC-01019,2026-10-13,2026-11-12,847.43,2026-11-13T05:00:00Z,2026-11-13T05:00:00Z
STM-01020-202607,ACC-01020,2026-06-09,2026-07-08,2723.30,2026-07-09T04:00:00Z,2026-07-09T04:00:00Z
STM-01020-202608,ACC-01020,2026-07-09,2026-08-08,3348.38,2026-08-09T04:00:00Z,2026-08-09T04:00:00Z
STM-01020-202609,ACC-01020,2026-08-09,2026-09-08,3773.64,2026-09-09T04:00:00Z,2026-09-09T04:00:00Z
STM-01020-202610,ACC-01020,2026-09-09,2026-10-08,3675.84,2026-10-09T04:00:00Z,2026-10-09T04:00:00Z
STM-01020-202611,ACC-01020,2026-10-09,2026-11-08,3482.95,2026-11-09T05:00:00Z,2026-11-09T05:00:00Z
STM-01021-202607,ACC-01021,2026-06-04,2026-07-03,1307.22,2026-07-04T04:00:00Z,2026-07-04T04:00:00Z
STM-01021-202608,ACC-01021,2026-07-04,2026-08-03,1093.63,2026-08-04T04:00:00Z,2026-08-04T04:00:00Z
STM-01021-202609,ACC-01021,2026-08-04,2026-09-03,1071.06,2026-09-04T04:00:00Z,2026-09-04T04:00:00Z
STM-01021-202610,ACC-01021,2026-09-04,2026-10-03,1091.63,2026-10-04T04:00:00Z,2026-10-04T04:00:00Z
STM-01021-202611,ACC-01021,2026-10-04,2026-11-03,925.57,2026-11-04T05:00:00Z,2026-11-04T05:00:00Z
STM-01022-202607,ACC-01022,2026-06-21,2026-07-20,0.00,2026-07-21T04:00:00Z,2026-07-21T04:00:00Z
STM-01022-202608,ACC-01022,2026-07-21,2026-08-20,893.34,2026-08-21T04:00:00Z,2026-08-21T04:00:00Z
STM-01022-202609,ACC-01022,2026-08-21,2026-09-20,925.85,2026-09-21T04:00:00Z,2026-09-21T04:00:00Z
STM-01022-202610,ACC-01022,2026-09-21,2026-10-20,1123.75,2026-10-21T04:00:00Z,2026-10-21T04:00:00Z
STM-01023-202607,ACC-01023,2026-06-26,2026-07-25,1286.18,2026-07-26T04:00:00Z,2026-07-26T04:00:00Z
STM-01023-202608,ACC-01023,2026-07-26,2026-08-25,818.98,2026-08-26T04:00:00Z,2026-08-26T04:00:00Z
STM-01023-202609,ACC-01023,2026-08-26,2026-09-25,1379.35,2026-09-26T04:00:00Z,2026-09-26T04:00:00Z
STM-01023-202610,ACC-01023,2026-09-26,2026-10-25,1113.74,2026-10-26T04:00:00Z,2026-10-26T04:00:00Z
STM-01024-202607,ACC-01024,2026-06-26,2026-07-25,2115.82,2026-07-26T04:00:00Z,2026-07-26T04:00:00Z
STM-01024-202608,ACC-01024,2026-07-26,2026-08-25,2583.71,2026-08-26T04:00:00Z,2026-08-26T04:00:00Z
STM-01024-202609,ACC-01024,2026-08-26,2026-09-25,2602.81,2026-09-26T04:00:00Z,2026-09-26T04:00:00Z
STM-01024-202610,ACC-01024,2026-09-26,2026-10-25,2346.18,2026-10-26T04:00:00Z,2026-10-26T04:00:00Z
STM-01025-202607,ACC-01025,2026-06-26,2026-07-25,63.97,2026-07-26T04:00:00Z,2026-07-26T04:00:00Z
STM-01025-202608,ACC-01025,2026-07-26,2026-08-25,43.48,2026-08-26T04:00:00Z,2026-08-26T04:00:00Z
STM-01025-202609,ACC-01025,2026-08-26,2026-09-25,45.96,2026-09-26T04:00:00Z,2026-09-26T04:00:00Z
STM-01025-202610,ACC-01025,2026-09-26,2026-10-25,53.83,2026-10-26T04:00:00Z,2026-10-26T04:00:00Z
STM-01026-202607,ACC-01026,2026-06-26,2026-07-25,2839.67,2026-07-26T04:00:00Z,2026-07-26T04:00:00Z
STM-01026-202608,ACC-01026,2026-07-26,2026-08-25,3170.86,2026-08-26T04:00:00Z,2026-08-26T04:00:00Z
STM-01026-202609,ACC-01026,2026-08-26,2026-09-25,1800.11,2026-09-26T04:00:00Z,2026-09-26T04:00:00Z
STM-01026-202610,ACC-01026,2026-09-26,2026-10-25,3677.66,2026-10-26T04:00:00Z,2026-10-26T04:00:00Z
STM-01027-202607,ACC-01027,2026-06-18,2026-07-17,2958.62,2026-07-18T04:00:00Z,2026-07-18T04:00:00Z
STM-01027-202608,ACC-01027,2026-07-18,2026-08-17,0.00,2026-08-18T04:00:00Z,2026-08-18T04:00:00Z
STM-01027-202609,ACC-01027,2026-08-18,2026-09-17,4678.97,2026-09-18T04:00:00Z,2026-09-18T04:00:00Z
STM-01027-202610,ACC-01027,2026-09-18,2026-10-17,1889.72,2026-10-18T04:00:00Z,2026-10-18T04:00:00Z
STM-01028-202607,ACC-01028,2026-06-21,2026-07-20,158.69,2026-07-21T04:00:00Z,2026-07-21T04:00:00Z
STM-01028-202608,ACC-01028,2026-07-21,2026-08-20,155.66,2026-08-21T04:00:00Z,2026-08-21T04:00:00Z
STM-01028-202609,ACC-01028,2026-08-21,2026-09-20,182.61,2026-09-21T04:00:00Z,2026-09-21T04:00:00Z
STM-01028-202610,ACC-01028,2026-09-21,2026-10-20,126.63,2026-10-21T04:00:00Z,2026-10-21T04:00:00Z
STM-01029-202607,ACC-01029,2026-06-26,2026-07-25,1598.64,2026-07-26T04:00:00Z,2026-07-26T04:00:00Z
STM-01029-202608,ACC-01029,2026-07-26,2026-08-25,525.76,2026-08-26T04:00:00Z,2026-08-26T04:00:00Z
STM-01029-202609,ACC-01029,2026-08-26,2026-09-25,1512.30,2026-09-26T04:00:00Z,2026-09-26T04:00:00Z
STM-01029-202610,ACC-01029,2026-09-26,2026-10-25,1450.49,2026-10-26T04:00:00Z,2026-10-26T04:00:00Z
STM-01030-202607,ACC-01030,2026-06-18,2026-07-17,1716.99,2026-07-18T04:00:00Z,2026-07-18T04:00:00Z
STM-01030-202608,ACC-01030,2026-07-18,2026-08-17,756.10,2026-08-18T04:00:00Z,2026-08-18T04:00:00Z
STM-01030-202609,ACC-01030,2026-08-18,2026-09-17,1623.74,2026-09-18T04:00:00Z,2026-09-18T04:00:00Z
STM-01030-202610,ACC-01030,2026-09-18,2026-10-17,1295.53,2026-10-18T04:00:00Z,2026-10-18T04:00:00Z
STM-01031-202607,ACC-01031,2026-06-21,2026-07-20,1835.76,2026-07-21T04:00:00Z,2026-07-21T04:00:00Z
STM-01031-202608,ACC-01031,2026-07-21,2026-08-20,1376.33,2026-08-21T04:00:00Z,2026-08-21T04:00:00Z
STM-01031-202609,ACC-01031,2026-08-21,2026-09-20,960.76,2026-09-21T04:00:00Z,2026-09-21T04:00:00Z
STM-01031-202610,ACC-01031,2026-09-21,2026-10-20,1139.19,2026-10-21T04:00:00Z,2026-10-21T04:00:00Z
STM-01032-202607,ACC-01032,2026-06-13,2026-07-12,1206.01,2026-07-13T04:00:00Z,2026-07-13T04:00:00Z
STM-01032-202608,ACC-01032,2026-07-13,2026-08-12,2137.10,2026-08-13T04:00:00Z,2026-08-13T04:00:00Z
STM-01032-202609,ACC-01032,2026-08-13,2026-09-12,2659.90,2026-09-13T04:00:00Z,2026-09-13T04:00:00Z
STM-01032-202610,ACC-01032,2026-09-13,2026-10-12,3034.61,2026-10-13T04:00:00Z,2026-10-13T04:00:00Z
STM-01032-202611,ACC-01032,2026-10-13,2026-11-12,1521.55,2026-11-13T05:00:00Z,2026-11-13T05:00:00Z
STM-01033-202607,ACC-01033,2026-06-18,2026-07-17,1555.23,2026-07-18T04:00:00Z,2026-07-18T04:00:00Z
STM-01033-202608,ACC-01033,2026-07-18,2026-08-17,1569.74,2026-08-18T04:00:00Z,2026-08-18T04:00:00Z
STM-01033-202609,ACC-01033,2026-08-18,2026-09-17,1578.17,2026-09-18T04:00:00Z,2026-09-18T04:00:00Z
STM-01033-202610,ACC-01033,2026-09-18,2026-10-17,1504.01,2026-10-18T04:00:00Z,2026-10-18T04:00:00Z
STM-01034-202607,ACC-01034,2026-06-21,2026-07-20,1053.25,2026-07-21T04:00:00Z,2026-07-21T04:00:00Z
STM-01034-202608,ACC-01034,2026-07-21,2026-08-20,1113.37,2026-08-21T04:00:00Z,2026-08-21T04:00:00Z
STM-01034-202609,ACC-01034,2026-08-21,2026-09-20,1488.02,2026-09-21T04:00:00Z,2026-09-21T04:00:00Z
STM-01034-202610,ACC-01034,2026-09-21,2026-10-20,1250.83,2026-10-21T04:00:00Z,2026-10-21T04:00:00Z
STM-01035-202607,ACC-01035,2026-06-04,2026-07-03,2397.70,2026-07-04T04:00:00Z,2026-07-04T04:00:00Z
STM-01035-202608,ACC-01035,2026-07-04,2026-08-03,2877.20,2026-08-04T04:00:00Z,2026-08-04T04:00:00Z
STM-01035-202609,ACC-01035,2026-08-04,2026-09-03,3611.59,2026-09-04T04:00:00Z,2026-09-04T04:00:00Z
STM-01035-202610,ACC-01035,2026-09-04,2026-10-03,2735.40,2026-10-04T04:00:00Z,2026-10-04T04:00:00Z
STM-01035-202611,ACC-01035,2026-10-04,2026-11-03,1367.20,2026-11-04T05:00:00Z,2026-11-04T05:00:00Z
STM-01036-202607,ACC-01036,2026-06-26,2026-07-25,5107.66,2026-07-26T04:00:00Z,2026-07-26T04:00:00Z
STM-01036-202608,ACC-01036,2026-07-26,2026-08-25,5207.10,2026-08-26T04:00:00Z,2026-08-26T04:00:00Z
STM-01036-202609,ACC-01036,2026-08-26,2026-09-25,7916.54,2026-09-26T04:00:00Z,2026-09-26T04:00:00Z
STM-01036-202610,ACC-01036,2026-09-26,2026-10-25,6129.01,2026-10-26T04:00:00Z,2026-10-26T04:00:00Z
STM-01037-202607,ACC-01037,2026-06-04,2026-07-03,1716.84,2026-07-04T04:00:00Z,2026-07-04T04:00:00Z
STM-01037-202608,ACC-01037,2026-07-04,2026-08-03,0.00,2026-08-04T04:00:00Z,2026-08-04T04:00:00Z
STM-01037-202609,ACC-01037,2026-08-04,2026-09-03,2115.93,2026-09-04T04:00:00Z,2026-09-04T04:00:00Z
STM-01037-202610,ACC-01037,2026-09-04,2026-10-03,1182.21,2026-10-04T04:00:00Z,2026-10-04T04:00:00Z
STM-01037-202611,ACC-01037,2026-10-04,2026-11-03,1694.56,2026-11-04T05:00:00Z,2026-11-04T05:00:00Z
STM-01038-202607,ACC-01038,2026-06-04,2026-07-03,7555.09,2026-07-04T04:00:00Z,2026-07-04T04:00:00Z
STM-01038-202608,ACC-01038,2026-07-04,2026-08-03,14788.92,2026-08-04T04:00:00Z,2026-08-04T04:00:00Z
STM-01038-202609,ACC-01038,2026-08-04,2026-09-03,15131.12,2026-09-04T04:00:00Z,2026-09-04T04:00:00Z
STM-01038-202610,ACC-01038,2026-09-04,2026-10-03,10842.11,2026-10-04T04:00:00Z,2026-10-04T04:00:00Z
STM-01038-202611,ACC-01038,2026-10-04,2026-11-03,11737.40,2026-11-04T05:00:00Z,2026-11-04T05:00:00Z
STM-01039-202607,ACC-01039,2026-06-04,2026-07-03,170.44,2026-07-04T04:00:00Z,2026-07-04T04:00:00Z
STM-01039-202608,ACC-01039,2026-07-04,2026-08-03,154.85,2026-08-04T04:00:00Z,2026-08-04T04:00:00Z
STM-01039-202609,ACC-01039,2026-08-04,2026-09-03,182.54,2026-09-04T04:00:00Z,2026-09-04T04:00:00Z
STM-01039-202610,ACC-01039,2026-09-04,2026-10-03,301.71,2026-10-04T04:00:00Z,2026-10-04T04:00:00Z
STM-01039-202611,ACC-01039,2026-10-04,2026-11-03,234.19,2026-11-04T05:00:00Z,2026-11-04T05:00:00Z
STM-01040-202607,ACC-01040,2026-06-13,2026-07-12,1081.23,2026-07-13T04:00:00Z,2026-07-13T04:00:00Z
STM-01040-202608,ACC-01040,2026-07-13,2026-08-12,0.00,2026-08-13T04:00:00Z,2026-08-13T04:00:00Z
STM-01040-202609,ACC-01040,2026-08-13,2026-09-12,950.10,2026-09-13T04:00:00Z,2026-09-13T04:00:00Z
STM-01040-202610,ACC-01040,2026-09-13,2026-10-12,777.74,2026-10-13T04:00:00Z,2026-10-13T04:00:00Z
STM-01040-202611,ACC-01040,2026-10-13,2026-11-12,929.56,2026-11-13T05:00:00Z,2026-11-13T05:00:00Z
STM-01041-202607,ACC-01041,2026-06-18,2026-07-17,0.00,2026-07-18T04:00:00Z,2026-07-18T04:00:00Z
STM-01041-202608,ACC-01041,2026-07-18,2026-08-17,969.39,2026-08-18T04:00:00Z,2026-08-18T04:00:00Z
STM-01041-202609,ACC-01041,2026-08-18,2026-09-17,972.11,2026-09-18T04:00:00Z,2026-09-18T04:00:00Z
STM-01041-202610,ACC-01041,2026-09-18,2026-10-17,891.45,2026-10-18T04:00:00Z,2026-10-18T04:00:00Z
STM-01042-202607,ACC-01042,2026-06-18,2026-07-17,205.60,2026-07-18T04:00:00Z,2026-07-18T04:00:00Z
STM-01042-202608,ACC-01042,2026-07-18,2026-08-17,325.25,2026-08-18T04:00:00Z,2026-08-18T04:00:00Z
STM-01042-202609,ACC-01042,2026-08-18,2026-09-17,0.00,2026-09-18T04:00:00Z,2026-09-18T04:00:00Z
STM-01042-202610,ACC-01042,2026-09-18,2026-10-17,332.26,2026-10-18T04:00:00Z,2026-10-18T04:00:00Z
STM-01043-202607,ACC-01043,2026-06-26,2026-07-25,346.10,2026-07-26T04:00:00Z,2026-07-26T04:00:00Z
STM-01043-202608,ACC-01043,2026-07-26,2026-08-25,454.37,2026-08-26T04:00:00Z,2026-08-26T04:00:00Z
STM-01043-202609,ACC-01043,2026-08-26,2026-09-25,0.00,2026-09-26T04:00:00Z,2026-09-26T04:00:00Z
STM-01043-202610,ACC-01043,2026-09-26,2026-10-25,0.00,2026-10-26T04:00:00Z,2026-10-26T04:00:00Z
STM-01044-202607,ACC-01044,2026-06-13,2026-07-12,1498.72,2026-07-13T04:00:00Z,2026-07-13T04:00:00Z
STM-01044-202608,ACC-01044,2026-07-13,2026-08-12,2343.58,2026-08-13T04:00:00Z,2026-08-13T04:00:00Z
STM-01044-202609,ACC-01044,2026-08-13,2026-09-12,2193.06,2026-09-13T04:00:00Z,2026-09-13T04:00:00Z
STM-01044-202610,ACC-01044,2026-09-13,2026-10-12,1639.84,2026-10-13T04:00:00Z,2026-10-13T04:00:00Z
STM-01044-202611,ACC-01044,2026-10-13,2026-11-12,2088.14,2026-11-13T05:00:00Z,2026-11-13T05:00:00Z
STM-01045-202607,ACC-01045,2026-06-04,2026-07-03,2831.29,2026-07-04T04:00:00Z,2026-07-04T04:00:00Z
STM-01045-202608,ACC-01045,2026-07-04,2026-08-03,2325.09,2026-08-04T04:00:00Z,2026-08-04T04:00:00Z
STM-01045-202609,ACC-01045,2026-08-04,2026-09-03,2603.37,2026-09-04T04:00:00Z,2026-09-04T04:00:00Z
STM-01045-202610,ACC-01045,2026-09-04,2026-10-03,1688.65,2026-10-04T04:00:00Z,2026-10-04T04:00:00Z
STM-01045-202611,ACC-01045,2026-10-04,2026-11-03,3251.94,2026-11-04T05:00:00Z,2026-11-04T05:00:00Z
STM-01046-202607,ACC-01046,2026-06-13,2026-07-12,0.00,2026-07-13T04:00:00Z,2026-07-13T04:00:00Z
STM-01046-202608,ACC-01046,2026-07-13,2026-08-12,3109.44,2026-08-13T04:00:00Z,2026-08-13T04:00:00Z
STM-01046-202609,ACC-01046,2026-08-13,2026-09-12,2244.05,2026-09-13T04:00:00Z,2026-09-13T04:00:00Z
STM-01046-202610,ACC-01046,2026-09-13,2026-10-12,1858.35,2026-10-13T04:00:00Z,2026-10-13T04:00:00Z
STM-01046-202611,ACC-01046,2026-10-13,2026-11-12,3036.40,2026-11-13T05:00:00Z,2026-11-13T05:00:00Z
STM-01047-202607,ACC-01047,2026-06-18,2026-07-17,2150.02,2026-07-18T04:00:00Z,2026-07-18T04:00:00Z
STM-01047-202608,ACC-01047,2026-07-18,2026-08-17,3296.86,2026-08-18T04:00:00Z,2026-08-18T04:00:00Z
STM-01047-202609,ACC-01047,2026-08-18,2026-09-17,2001.22,2026-09-18T04:00:00Z,2026-09-18T04:00:00Z
STM-01047-202610,ACC-01047,2026-09-18,2026-10-17,2557.87,2026-10-18T04:00:00Z,2026-10-18T04:00:00Z
STM-01048-202607,ACC-01048,2026-06-26,2026-07-25,3552.94,2026-07-26T04:00:00Z,2026-07-26T04:00:00Z
STM-01048-202608,ACC-01048,2026-07-26,2026-08-25,2965.42,2026-08-26T04:00:00Z,2026-08-26T04:00:00Z
STM-01048-202609,ACC-01048,2026-08-26,2026-09-25,4318.62,2026-09-26T04:00:00Z,2026-09-26T04:00:00Z
STM-01048-202610,ACC-01048,2026-09-26,2026-10-25,5880.83,2026-10-26T04:00:00Z,2026-10-26T04:00:00Z
STM-01049-202607,ACC-01049,2026-06-13,2026-07-12,1274.45,2026-07-13T04:00:00Z,2026-07-13T04:00:00Z
STM-01049-202608,ACC-01049,2026-07-13,2026-08-12,716.65,2026-08-13T04:00:00Z,2026-08-13T04:00:00Z
STM-01049-202609,ACC-01049,2026-08-13,2026-09-12,1649.01,2026-09-13T04:00:00Z,2026-09-13T04:00:00Z
STM-01049-202610,ACC-01049,2026-09-13,2026-10-12,1593.82,2026-10-13T04:00:00Z,2026-10-13T04:00:00Z
STM-01049-202611,ACC-01049,2026-10-13,2026-11-12,1482.31,2026-11-13T05:00:00Z,2026-11-13T05:00:00Z
STM-01050-202607,ACC-01050,2026-06-26,2026-07-25,376.96,2026-07-26T04:00:00Z,2026-07-26T04:00:00Z
STM-01050-202608,ACC-01050,2026-07-26,2026-08-25,143.85,2026-08-26T04:00:00Z,2026-08-26T04:00:00Z
STM-01050-202609,ACC-01050,2026-08-26,2026-09-25,415.82,2026-09-26T04:00:00Z,2026-09-26T04:00:00Z
STM-01050-202610,ACC-01050,2026-09-26,2026-10-25,435.17,2026-10-26T04:00:00Z,2026-10-26T04:00:00Z
STM-01051-202607,ACC-01051,2026-06-13,2026-07-12,851.93,2026-07-13T04:00:00Z,2026-07-13T04:00:00Z
STM-01051-202608,ACC-01051,2026-07-13,2026-08-12,745.44,2026-08-13T04:00:00Z,2026-08-13T04:00:00Z
STM-01051-202609,ACC-01051,2026-08-13,2026-09-12,836.29,2026-09-13T04:00:00Z,2026-09-13T04:00:00Z
STM-01051-202610,ACC-01051,2026-09-13,2026-10-12,910.86,2026-10-13T04:00:00Z,2026-10-13T04:00:00Z
STM-01051-202611,ACC-01051,2026-10-13,2026-11-12,836.97,2026-11-13T05:00:00Z,2026-11-13T05:00:00Z
STM-01052-202607,ACC-01052,2026-06-13,2026-07-12,4762.92,2026-07-13T04:00:00Z,2026-07-13T04:00:00Z
STM-01052-202608,ACC-01052,2026-07-13,2026-08-12,4622.10,2026-08-13T04:00:00Z,2026-08-13T04:00:00Z
STM-01052-202609,ACC-01052,2026-08-13,2026-09-12,4530.07,2026-09-13T04:00:00Z,2026-09-13T04:00:00Z
STM-01052-202610,ACC-01052,2026-09-13,2026-10-12,5393.78,2026-10-13T04:00:00Z,2026-10-13T04:00:00Z
STM-01052-202611,ACC-01052,2026-10-13,2026-11-12,6556.31,2026-11-13T05:00:00Z,2026-11-13T05:00:00Z
STM-01053-202607,ACC-01053,2026-06-13,2026-07-12,3030.97,2026-07-13T04:00:00Z,2026-07-13T04:00:00Z
STM-01053-202608,ACC-01053,2026-07-13,2026-08-12,4633.91,2026-08-13T04:00:00Z,2026-08-13T04:00:00Z
STM-01053-202609,ACC-01053,2026-08-13,2026-09-12,2399.05,2026-09-13T04:00:00Z,2026-09-13T04:00:00Z
STM-01053-202610,ACC-01053,2026-09-13,2026-10-12,2418.30,2026-10-13T04:00:00Z,2026-10-13T04:00:00Z
STM-01053-202611,ACC-01053,2026-10-13,2026-11-12,5461.39,2026-11-13T05:00:00Z,2026-11-13T05:00:00Z
STM-01054-202607,ACC-01054,2026-06-26,2026-07-25,1843.06,2026-07-26T04:00:00Z,2026-07-26T04:00:00Z
STM-01054-202608,ACC-01054,2026-07-26,2026-08-25,1222.00,2026-08-26T04:00:00Z,2026-08-26T04:00:00Z
STM-01054-202609,ACC-01054,2026-08-26,2026-09-25,1314.31,2026-09-26T04:00:00Z,2026-09-26T04:00:00Z
STM-01054-202610,ACC-01054,2026-09-26,2026-10-25,1585.82,2026-10-26T04:00:00Z,2026-10-26T04:00:00Z
STM-01055-202607,ACC-01055,2026-06-18,2026-07-17,2994.19,2026-07-18T04:00:00Z,2026-07-18T04:00:00Z
STM-01055-202608,ACC-01055,2026-07-18,2026-08-17,4203.31,2026-08-18T04:00:00Z,2026-08-18T04:00:00Z
STM-01055-202609,ACC-01055,2026-08-18,2026-09-17,2865.27,2026-09-18T04:00:00Z,2026-09-18T04:00:00Z
STM-01055-202610,ACC-01055,2026-09-18,2026-10-17,2959.90,2026-10-18T04:00:00Z,2026-10-18T04:00:00Z
STM-01056-202607,ACC-01056,2026-06-04,2026-07-03,2207.12,2026-07-04T04:00:00Z,2026-07-04T04:00:00Z
STM-01056-202608,ACC-01056,2026-07-04,2026-08-03,3495.25,2026-08-04T04:00:00Z,2026-08-04T04:00:00Z
STM-01056-202609,ACC-01056,2026-08-04,2026-09-03,2761.01,2026-09-04T04:00:00Z,2026-09-04T04:00:00Z
STM-01056-202610,ACC-01056,2026-09-04,2026-10-03,3128.87,2026-10-04T04:00:00Z,2026-10-04T04:00:00Z
STM-01056-202611,ACC-01056,2026-10-04,2026-11-03,2827.19,2026-11-04T05:00:00Z,2026-11-04T05:00:00Z
STM-01057-202607,ACC-01057,2026-06-04,2026-07-03,1650.66,2026-07-04T04:00:00Z,2026-07-04T04:00:00Z
STM-01057-202608,ACC-01057,2026-07-04,2026-08-03,2107.05,2026-08-04T04:00:00Z,2026-08-04T04:00:00Z
STM-01057-202609,ACC-01057,2026-08-04,2026-09-03,1335.48,2026-09-04T04:00:00Z,2026-09-04T04:00:00Z
STM-01057-202610,ACC-01057,2026-09-04,2026-10-03,1621.69,2026-10-04T04:00:00Z,2026-10-04T04:00:00Z
STM-01057-202611,ACC-01057,2026-10-04,2026-11-03,1493.71,2026-11-04T05:00:00Z,2026-11-04T05:00:00Z
STM-01058-202607,ACC-01058,2026-06-13,2026-07-12,1671.46,2026-07-13T04:00:00Z,2026-07-13T04:00:00Z
STM-01058-202608,ACC-01058,2026-07-13,2026-08-12,743.49,2026-08-13T04:00:00Z,2026-08-13T04:00:00Z
STM-01058-202609,ACC-01058,2026-08-13,2026-09-12,736.01,2026-09-13T04:00:00Z,2026-09-13T04:00:00Z
STM-01058-202610,ACC-01058,2026-09-13,2026-10-12,1604.03,2026-10-13T04:00:00Z,2026-10-13T04:00:00Z
STM-01058-202611,ACC-01058,2026-10-13,2026-11-12,1625.09,2026-11-13T05:00:00Z,2026-11-13T05:00:00Z
STM-01059-202607,ACC-01059,2026-06-26,2026-07-25,4375.23,2026-07-26T04:00:00Z,2026-07-26T04:00:00Z
STM-01059-202608,ACC-01059,2026-07-26,2026-08-25,3561.80,2026-08-26T04:00:00Z,2026-08-26T04:00:00Z
STM-01059-202609,ACC-01059,2026-08-26,2026-09-25,4716.41,2026-09-26T04:00:00Z,2026-09-26T04:00:00Z
STM-01059-202610,ACC-01059,2026-09-26,2026-10-25,4625.20,2026-10-26T04:00:00Z,2026-10-26T04:00:00Z
STM-01060-202607,ACC-01060,2026-06-04,2026-07-03,1133.21,2026-07-04T04:00:00Z,2026-07-04T04:00:00Z
STM-01060-202608,ACC-01060,2026-07-04,2026-08-03,2089.92,2026-08-04T04:00:00Z,2026-08-04T04:00:00Z
STM-01060-202609,ACC-01060,2026-08-04,2026-09-03,3320.04,2026-09-04T04:00:00Z,2026-09-04T04:00:00Z
STM-01060-202610,ACC-01060,2026-09-04,2026-10-03,2952.53,2026-10-04T04:00:00Z,2026-10-04T04:00:00Z
STM-01060-202611,ACC-01060,2026-10-04,2026-11-03,2724.34,2026-11-04T05:00:00Z,2026-11-04T05:00:00Z
STM-01061-202607,ACC-01061,2026-06-18,2026-07-17,1258.82,2026-07-18T04:00:00Z,2026-07-18T04:00:00Z
STM-01061-202608,ACC-01061,2026-07-18,2026-08-17,2824.21,2026-08-18T04:00:00Z,2026-08-18T04:00:00Z
STM-01061-202609,ACC-01061,2026-08-18,2026-09-17,3253.26,2026-09-18T04:00:00Z,2026-09-18T04:00:00Z
STM-01061-202610,ACC-01061,2026-09-18,2026-10-17,2827.16,2026-10-18T04:00:00Z,2026-10-18T04:00:00Z
STM-01062-202607,ACC-01062,2026-06-09,2026-07-08,7058.89,2026-07-09T04:00:00Z,2026-07-09T04:00:00Z
STM-01062-202608,ACC-01062,2026-07-09,2026-08-08,3572.44,2026-08-09T04:00:00Z,2026-08-09T04:00:00Z
STM-01062-202609,ACC-01062,2026-08-09,2026-09-08,4311.59,2026-09-09T04:00:00Z,2026-09-09T04:00:00Z
STM-01062-202610,ACC-01062,2026-09-09,2026-10-08,6875.23,2026-10-09T04:00:00Z,2026-10-09T04:00:00Z
STM-01062-202611,ACC-01062,2026-10-09,2026-11-08,6156.31,2026-11-09T05:00:00Z,2026-11-09T05:00:00Z
STM-01063-202607,ACC-01063,2026-06-04,2026-07-03,3612.11,2026-07-04T04:00:00Z,2026-07-04T04:00:00Z
STM-01063-202608,ACC-01063,2026-07-04,2026-08-03,3023.72,2026-08-04T04:00:00Z,2026-08-04T04:00:00Z
STM-01063-202609,ACC-01063,2026-08-04,2026-09-03,2652.53,2026-09-04T04:00:00Z,2026-09-04T04:00:00Z
STM-01063-202610,ACC-01063,2026-09-04,2026-10-03,2372.19,2026-10-04T04:00:00Z,2026-10-04T04:00:00Z
STM-01063-202611,ACC-01063,2026-10-04,2026-11-03,0.00,2026-11-04T05:00:00Z,2026-11-04T05:00:00Z
STM-01064-202607,ACC-01064,2026-06-13,2026-07-12,390.91,2026-07-13T04:00:00Z,2026-07-13T04:00:00Z
STM-01064-202608,ACC-01064,2026-07-13,2026-08-12,371.11,2026-08-13T04:00:00Z,2026-08-13T04:00:00Z
STM-01064-202609,ACC-01064,2026-08-13,2026-09-12,182.05,2026-09-13T04:00:00Z,2026-09-13T04:00:00Z
STM-01064-202610,ACC-01064,2026-09-13,2026-10-12,391.34,2026-10-13T04:00:00Z,2026-10-13T04:00:00Z
STM-01064-202611,ACC-01064,2026-10-13,2026-11-12,266.34,2026-11-13T05:00:00Z,2026-11-13T05:00:00Z
STM-01065-202607,ACC-01065,2026-06-21,2026-07-20,3451.45,2026-07-21T04:00:00Z,2026-07-21T04:00:00Z
STM-01065-202608,ACC-01065,2026-07-21,2026-08-20,2069.71,2026-08-21T04:00:00Z,2026-08-21T04:00:00Z
STM-01065-202609,ACC-01065,2026-08-21,2026-09-20,3385.88,2026-09-21T04:00:00Z,2026-09-21T04:00:00Z
STM-01065-202610,ACC-01065,2026-09-21,2026-10-20,3264.54,2026-10-21T04:00:00Z,2026-10-21T04:00:00Z
STM-01066-202607,ACC-01066,2026-06-21,2026-07-20,3895.77,2026-07-21T04:00:00Z,2026-07-21T04:00:00Z
STM-01066-202608,ACC-01066,2026-07-21,2026-08-20,5035.53,2026-08-21T04:00:00Z,2026-08-21T04:00:00Z
STM-01066-202609,ACC-01066,2026-08-21,2026-09-20,1844.73,2026-09-21T04:00:00Z,2026-09-21T04:00:00Z
STM-01066-202610,ACC-01066,2026-09-21,2026-10-20,0.00,2026-10-21T04:00:00Z,2026-10-21T04:00:00Z
STM-01067-202607,ACC-01067,2026-06-26,2026-07-25,352.51,2026-07-26T04:00:00Z,2026-07-26T04:00:00Z
STM-01067-202608,ACC-01067,2026-07-26,2026-08-25,360.92,2026-08-26T04:00:00Z,2026-08-26T04:00:00Z
STM-01067-202609,ACC-01067,2026-08-26,2026-09-25,456.52,2026-09-26T04:00:00Z,2026-09-26T04:00:00Z
STM-01067-202610,ACC-01067,2026-09-26,2026-10-25,277.73,2026-10-26T04:00:00Z,2026-10-26T04:00:00Z
STM-01068-202607,ACC-01068,2026-06-21,2026-07-20,915.40,2026-07-21T04:00:00Z,2026-07-21T04:00:00Z
STM-01068-202608,ACC-01068,2026-07-21,2026-08-20,1751.71,2026-08-21T04:00:00Z,2026-08-21T04:00:00Z
STM-01068-202609,ACC-01068,2026-08-21,2026-09-20,1773.62,2026-09-21T04:00:00Z,2026-09-21T04:00:00Z
STM-01068-202610,ACC-01068,2026-09-21,2026-10-20,2656.47,2026-10-21T04:00:00Z,2026-10-21T04:00:00Z
STM-01069-202607,ACC-01069,2026-06-21,2026-07-20,1853.25,2026-07-21T04:00:00Z,2026-07-21T04:00:00Z
STM-01069-202608,ACC-01069,2026-07-21,2026-08-20,790.09,2026-08-21T04:00:00Z,2026-08-21T04:00:00Z
STM-01069-202609,ACC-01069,2026-08-21,2026-09-20,1565.97,2026-09-21T04:00:00Z,2026-09-21T04:00:00Z
STM-01069-202610,ACC-01069,2026-09-21,2026-10-20,1708.07,2026-10-21T04:00:00Z,2026-10-21T04:00:00Z
STM-01070-202607,ACC-01070,2026-06-26,2026-07-25,1082.15,2026-07-26T04:00:00Z,2026-07-26T04:00:00Z
STM-01070-202608,ACC-01070,2026-07-26,2026-08-25,1030.41,2026-08-26T04:00:00Z,2026-08-26T04:00:00Z
STM-01070-202609,ACC-01070,2026-08-26,2026-09-25,1784.53,2026-09-26T04:00:00Z,2026-09-26T04:00:00Z
STM-01070-202610,ACC-01070,2026-09-26,2026-10-25,0.00,2026-10-26T04:00:00Z,2026-10-26T04:00:00Z
STM-01071-202607,ACC-01071,2026-06-26,2026-07-25,684.56,2026-07-26T04:00:00Z,2026-07-26T04:00:00Z
STM-01071-202608,ACC-01071,2026-07-26,2026-08-25,1404.29,2026-08-26T04:00:00Z,2026-08-26T04:00:00Z
STM-01071-202609,ACC-01071,2026-08-26,2026-09-25,893.74,2026-09-26T04:00:00Z,2026-09-26T04:00:00Z
STM-01071-202610,ACC-01071,2026-09-26,2026-10-25,1139.44,2026-10-26T04:00:00Z,2026-10-26T04:00:00Z
STM-01072-202607,ACC-01072,2026-06-26,2026-07-25,283.59,2026-07-26T04:00:00Z,2026-07-26T04:00:00Z
STM-01072-202608,ACC-01072,2026-07-26,2026-08-25,350.42,2026-08-26T04:00:00Z,2026-08-26T04:00:00Z
STM-01072-202609,ACC-01072,2026-08-26,2026-09-25,276.92,2026-09-26T04:00:00Z,2026-09-26T04:00:00Z
STM-01072-202610,ACC-01072,2026-09-26,2026-10-25,390.29,2026-10-26T04:00:00Z,2026-10-26T04:00:00Z
STM-01073-202607,ACC-01073,2026-06-04,2026-07-03,0.00,2026-07-04T04:00:00Z,2026-07-04T04:00:00Z
STM-01073-202608,ACC-01073,2026-07-04,2026-08-03,14050.83,2026-08-04T04:00:00Z,2026-08-04T04:00:00Z
STM-01073-202609,ACC-01073,2026-08-04,2026-09-03,10446.08,2026-09-04T04:00:00Z,2026-09-04T04:00:00Z
STM-01073-202610,ACC-01073,2026-09-04,2026-10-03,18888.60,2026-10-04T04:00:00Z,2026-10-04T04:00:00Z
STM-01073-202611,ACC-01073,2026-10-04,2026-11-03,14343.85,2026-11-04T05:00:00Z,2026-11-04T05:00:00Z
STM-01074-202607,ACC-01074,2026-06-21,2026-07-20,566.67,2026-07-21T04:00:00Z,2026-07-21T04:00:00Z
STM-01074-202608,ACC-01074,2026-07-21,2026-08-20,449.99,2026-08-21T04:00:00Z,2026-08-21T04:00:00Z
STM-01074-202609,ACC-01074,2026-08-21,2026-09-20,447.60,2026-09-21T04:00:00Z,2026-09-21T04:00:00Z
STM-01074-202610,ACC-01074,2026-09-21,2026-10-20,697.62,2026-10-21T04:00:00Z,2026-10-21T04:00:00Z
STM-01075-202607,ACC-01075,2026-06-18,2026-07-17,2403.87,2026-07-18T04:00:00Z,2026-07-18T04:00:00Z
STM-01075-202608,ACC-01075,2026-07-18,2026-08-17,1945.73,2026-08-18T04:00:00Z,2026-08-18T04:00:00Z
STM-01075-202609,ACC-01075,2026-08-18,2026-09-17,3303.07,2026-09-18T04:00:00Z,2026-09-18T04:00:00Z
STM-01075-202610,ACC-01075,2026-09-18,2026-10-17,2518.83,2026-10-18T04:00:00Z,2026-10-18T04:00:00Z
STM-01076-202607,ACC-01076,2026-06-18,2026-07-17,3133.18,2026-07-18T04:00:00Z,2026-07-18T04:00:00Z
STM-01076-202608,ACC-01076,2026-07-18,2026-08-17,2934.76,2026-08-18T04:00:00Z,2026-08-18T04:00:00Z
STM-01076-202609,ACC-01076,2026-08-18,2026-09-17,2634.45,2026-09-18T04:00:00Z,2026-09-18T04:00:00Z
STM-01076-202610,ACC-01076,2026-09-18,2026-10-17,2937.04,2026-10-18T04:00:00Z,2026-10-18T04:00:00Z
STM-01077-202607,ACC-01077,2026-06-13,2026-07-12,6372.89,2026-07-13T04:00:00Z,2026-07-13T04:00:00Z
STM-01077-202608,ACC-01077,2026-07-13,2026-08-12,6699.55,2026-08-13T04:00:00Z,2026-08-13T04:00:00Z
STM-01077-202609,ACC-01077,2026-08-13,2026-09-12,8400.92,2026-09-13T04:00:00Z,2026-09-13T04:00:00Z
STM-01077-202610,ACC-01077,2026-09-13,2026-10-12,8233.84,2026-10-13T04:00:00Z,2026-10-13T04:00:00Z
STM-01077-202611,ACC-01077,2026-10-13,2026-11-12,10038.26,2026-11-13T05:00:00Z,2026-11-13T05:00:00Z
STM-01078-202607,ACC-01078,2026-06-04,2026-07-03,1015.74,2026-07-04T04:00:00Z,2026-07-04T04:00:00Z
STM-01078-202608,ACC-01078,2026-07-04,2026-08-03,894.09,2026-08-04T04:00:00Z,2026-08-04T04:00:00Z
STM-01078-202609,ACC-01078,2026-08-04,2026-09-03,846.84,2026-09-04T04:00:00Z,2026-09-04T04:00:00Z
STM-01078-202610,ACC-01078,2026-09-04,2026-10-03,932.17,2026-10-04T04:00:00Z,2026-10-04T04:00:00Z
STM-01078-202611,ACC-01078,2026-10-04,2026-11-03,1042.13,2026-11-04T05:00:00Z,2026-11-04T05:00:00Z
STM-01079-202607,ACC-01079,2026-06-13,2026-07-12,1328.61,2026-07-13T04:00:00Z,2026-07-13T04:00:00Z
STM-01079-202608,ACC-01079,2026-07-13,2026-08-12,1920.02,2026-08-13T04:00:00Z,2026-08-13T04:00:00Z
STM-01079-202609,ACC-01079,2026-08-13,2026-09-12,1307.52,2026-09-13T04:00:00Z,2026-09-13T04:00:00Z
STM-01079-202610,ACC-01079,2026-09-13,2026-10-12,1055.77,2026-10-13T04:00:00Z,2026-10-13T04:00:00Z
STM-01079-202611,ACC-01079,2026-10-13,2026-11-12,1522.02,2026-11-13T05:00:00Z,2026-11-13T05:00:00Z
STM-01080-202607,ACC-01080,2026-06-13,2026-07-12,232.54,2026-07-13T04:00:00Z,2026-07-13T04:00:00Z
STM-01080-202608,ACC-01080,2026-07-13,2026-08-12,294.81,2026-08-13T04:00:00Z,2026-08-13T04:00:00Z
STM-01080-202609,ACC-01080,2026-08-13,2026-09-12,186.31,2026-09-13T04:00:00Z,2026-09-13T04:00:00Z
STM-01080-202610,ACC-01080,2026-09-13,2026-10-12,109.32,2026-10-13T04:00:00Z,2026-10-13T04:00:00Z
STM-01080-202611,ACC-01080,2026-10-13,2026-11-12,201.71,2026-11-13T05:00:00Z,2026-11-13T05:00:00Z
STM-01081-202607,ACC-01081,2026-06-09,2026-07-08,397.39,2026-07-09T04:00:00Z,2026-07-09T04:00:00Z
STM-01081-202608,ACC-01081,2026-07-09,2026-08-08,275.62,2026-08-09T04:00:00Z,2026-08-09T04:00:00Z
STM-01081-202609,ACC-01081,2026-08-09,2026-09-08,356.84,2026-09-09T04:00:00Z,2026-09-09T04:00:00Z
STM-01081-202610,ACC-01081,2026-09-09,2026-10-08,284.56,2026-10-09T04:00:00Z,2026-10-09T04:00:00Z
STM-01081-202611,ACC-01081,2026-10-09,2026-11-08,0.00,2026-11-09T05:00:00Z,2026-11-09T05:00:00Z
STM-01082-202607,ACC-01082,2026-06-26,2026-07-25,799.08,2026-07-26T04:00:00Z,2026-07-26T04:00:00Z
STM-01082-202608,ACC-01082,2026-07-26,2026-08-25,1079.30,2026-08-26T04:00:00Z,2026-08-26T04:00:00Z
STM-01082-202609,ACC-01082,2026-08-26,2026-09-25,566.94,2026-09-26T04:00:00Z,2026-09-26T04:00:00Z
STM-01082-202610,ACC-01082,2026-09-26,2026-10-25,618.59,2026-10-26T04:00:00Z,2026-10-26T04:00:00Z
STM-01083-202607,ACC-01083,2026-06-18,2026-07-17,1518.43,2026-07-18T04:00:00Z,2026-07-18T04:00:00Z
STM-01083-202608,ACC-01083,2026-07-18,2026-08-17,2127.92,2026-08-18T04:00:00Z,2026-08-18T04:00:00Z
STM-01083-202609,ACC-01083,2026-08-18,2026-09-17,2111.67,2026-09-18T04:00:00Z,2026-09-18T04:00:00Z
STM-01083-202610,ACC-01083,2026-09-18,2026-10-17,1512.09,2026-10-18T04:00:00Z,2026-10-18T04:00:00Z
STM-01084-202607,ACC-01084,2026-06-13,2026-07-12,9590.36,2026-07-13T04:00:00Z,2026-07-13T04:00:00Z
STM-01084-202608,ACC-01084,2026-07-13,2026-08-12,9466.02,2026-08-13T04:00:00Z,2026-08-13T04:00:00Z
STM-01084-202609,ACC-01084,2026-08-13,2026-09-12,6978.03,2026-09-13T04:00:00Z,2026-09-13T04:00:00Z
STM-01084-202610,ACC-01084,2026-09-13,2026-10-12,4696.10,2026-10-13T04:00:00Z,2026-10-13T04:00:00Z
STM-01084-202611,ACC-01084,2026-10-13,2026-11-12,8125.42,2026-11-13T05:00:00Z,2026-11-13T05:00:00Z
STM-01085-202607,ACC-01085,2026-06-26,2026-07-25,92.52,2026-07-26T04:00:00Z,2026-07-26T04:00:00Z
STM-01085-202608,ACC-01085,2026-07-26,2026-08-25,105.80,2026-08-26T04:00:00Z,2026-08-26T04:00:00Z
STM-01085-202609,ACC-01085,2026-08-26,2026-09-25,132.80,2026-09-26T04:00:00Z,2026-09-26T04:00:00Z
STM-01085-202610,ACC-01085,2026-09-26,2026-10-25,77.00,2026-10-26T04:00:00Z,2026-10-26T04:00:00Z
STM-01086-202607,ACC-01086,2026-06-18,2026-07-17,656.88,2026-07-18T04:00:00Z,2026-07-18T04:00:00Z
STM-01086-202608,ACC-01086,2026-07-18,2026-08-17,425.11,2026-08-18T04:00:00Z,2026-08-18T04:00:00Z
STM-01086-202609,ACC-01086,2026-08-18,2026-09-17,937.64,2026-09-18T04:00:00Z,2026-09-18T04:00:00Z
STM-01086-202610,ACC-01086,2026-09-18,2026-10-17,925.97,2026-10-18T04:00:00Z,2026-10-18T04:00:00Z
STM-01087-202607,ACC-01087,2026-06-26,2026-07-25,416.59,2026-07-26T04:00:00Z,2026-07-26T04:00:00Z
STM-01087-202608,ACC-01087,2026-07-26,2026-08-25,244.31,2026-08-26T04:00:00Z,2026-08-26T04:00:00Z
STM-01087-202609,ACC-01087,2026-08-26,2026-09-25,508.44,2026-09-26T04:00:00Z,2026-09-26T04:00:00Z
STM-01087-202610,ACC-01087,2026-09-26,2026-10-25,394.90,2026-10-26T04:00:00Z,2026-10-26T04:00:00Z
STM-01088-202607,ACC-01088,2026-06-09,2026-07-08,4630.16,2026-07-09T04:00:00Z,2026-07-09T04:00:00Z
STM-01088-202608,ACC-01088,2026-07-09,2026-08-08,2619.77,2026-08-09T04:00:00Z,2026-08-09T04:00:00Z
STM-01088-202609,ACC-01088,2026-08-09,2026-09-08,4321.64,2026-09-09T04:00:00Z,2026-09-09T04:00:00Z
STM-01088-202610,ACC-01088,2026-09-09,2026-10-08,4971.47,2026-10-09T04:00:00Z,2026-10-09T04:00:00Z
STM-01088-202611,ACC-01088,2026-10-09,2026-11-08,0.00,2026-11-09T05:00:00Z,2026-11-09T05:00:00Z
STM-01089-202607,ACC-01089,2026-06-04,2026-07-03,877.89,2026-07-04T04:00:00Z,2026-07-04T04:00:00Z
STM-01089-202608,ACC-01089,2026-07-04,2026-08-03,874.20,2026-08-04T04:00:00Z,2026-08-04T04:00:00Z
STM-01089-202609,ACC-01089,2026-08-04,2026-09-03,761.70,2026-09-04T04:00:00Z,2026-09-04T04:00:00Z
STM-01089-202610,ACC-01089,2026-09-04,2026-10-03,705.19,2026-10-04T04:00:00Z,2026-10-04T04:00:00Z
STM-01089-202611,ACC-01089,2026-10-04,2026-11-03,1126.99,2026-11-04T05:00:00Z,2026-11-04T05:00:00Z
STM-01090-202607,ACC-01090,2026-06-21,2026-07-20,2000.46,2026-07-21T04:00:00Z,2026-07-21T04:00:00Z
STM-01090-202608,ACC-01090,2026-07-21,2026-08-20,1238.84,2026-08-21T04:00:00Z,2026-08-21T04:00:00Z
STM-01090-202609,ACC-01090,2026-08-21,2026-09-20,1685.81,2026-09-21T04:00:00Z,2026-09-21T04:00:00Z
STM-01090-202610,ACC-01090,2026-09-21,2026-10-20,863.02,2026-10-21T04:00:00Z,2026-10-21T04:00:00Z
STM-01091-202607,ACC-01091,2026-06-26,2026-07-25,1350.81,2026-07-26T04:00:00Z,2026-07-26T04:00:00Z
STM-01091-202608,ACC-01091,2026-07-26,2026-08-25,948.60,2026-08-26T04:00:00Z,2026-08-26T04:00:00Z
STM-01091-202609,ACC-01091,2026-08-26,2026-09-25,1416.46,2026-09-26T04:00:00Z,2026-09-26T04:00:00Z
STM-01091-202610,ACC-01091,2026-09-26,2026-10-25,1211.23,2026-10-26T04:00:00Z,2026-10-26T04:00:00Z
STM-01092-202607,ACC-01092,2026-06-04,2026-07-03,3719.51,2026-07-04T04:00:00Z,2026-07-04T04:00:00Z
STM-01092-202608,ACC-01092,2026-07-04,2026-08-03,3381.50,2026-08-04T04:00:00Z,2026-08-04T04:00:00Z
STM-01092-202609,ACC-01092,2026-08-04,2026-09-03,4105.96,2026-09-04T04:00:00Z,2026-09-04T04:00:00Z
STM-01092-202610,ACC-01092,2026-09-04,2026-10-03,2129.16,2026-10-04T04:00:00Z,2026-10-04T04:00:00Z
STM-01092-202611,ACC-01092,2026-10-04,2026-11-03,2840.75,2026-11-04T05:00:00Z,2026-11-04T05:00:00Z
STM-01093-202607,ACC-01093,2026-06-04,2026-07-03,384.54,2026-07-04T04:00:00Z,2026-07-04T04:00:00Z
STM-01093-202608,ACC-01093,2026-07-04,2026-08-03,355.05,2026-08-04T04:00:00Z,2026-08-04T04:00:00Z
STM-01093-202609,ACC-01093,2026-08-04,2026-09-03,271.95,2026-09-04T04:00:00Z,2026-09-04T04:00:00Z
STM-01093-202610,ACC-01093,2026-09-04,2026-10-03,219.40,2026-10-04T04:00:00Z,2026-10-04T04:00:00Z
STM-01093-202611,ACC-01093,2026-10-04,2026-11-03,279.52,2026-11-04T05:00:00Z,2026-11-04T05:00:00Z
STM-01094-202607,ACC-01094,2026-06-21,2026-07-20,1343.06,2026-07-21T04:00:00Z,2026-07-21T04:00:00Z
STM-01094-202608,ACC-01094,2026-07-21,2026-08-20,892.77,2026-08-21T04:00:00Z,2026-08-21T04:00:00Z
STM-01094-202609,ACC-01094,2026-08-21,2026-09-20,1501.61,2026-09-21T04:00:00Z,2026-09-21T04:00:00Z
STM-01094-202610,ACC-01094,2026-09-21,2026-10-20,1130.58,2026-10-21T04:00:00Z,2026-10-21T04:00:00Z
STM-01095-202607,ACC-01095,2026-06-04,2026-07-03,780.66,2026-07-04T04:00:00Z,2026-07-04T04:00:00Z
STM-01095-202608,ACC-01095,2026-07-04,2026-08-03,684.09,2026-08-04T04:00:00Z,2026-08-04T04:00:00Z
STM-01095-202609,ACC-01095,2026-08-04,2026-09-03,856.86,2026-09-04T04:00:00Z,2026-09-04T04:00:00Z
STM-01095-202610,ACC-01095,2026-09-04,2026-10-03,893.74,2026-10-04T04:00:00Z,2026-10-04T04:00:00Z
STM-01095-202611,ACC-01095,2026-10-04,2026-11-03,930.50,2026-11-04T05:00:00Z,2026-11-04T05:00:00Z
STM-01096-202607,ACC-01096,2026-06-09,2026-07-08,1309.60,2026-07-09T04:00:00Z,2026-07-09T04:00:00Z
STM-01096-202608,ACC-01096,2026-07-09,2026-08-08,1208.17,2026-08-09T04:00:00Z,2026-08-09T04:00:00Z
STM-01096-202609,ACC-01096,2026-08-09,2026-09-08,909.38,2026-09-09T04:00:00Z,2026-09-09T04:00:00Z
STM-01096-202610,ACC-01096,2026-09-09,2026-10-08,1148.09,2026-10-09T04:00:00Z,2026-10-09T04:00:00Z
STM-01096-202611,ACC-01096,2026-10-09,2026-11-08,1027.63,2026-11-09T05:00:00Z,2026-11-09T05:00:00Z
STM-01097-202607,ACC-01097,2026-06-09,2026-07-08,439.97,2026-07-09T04:00:00Z,2026-07-09T04:00:00Z
STM-01097-202608,ACC-01097,2026-07-09,2026-08-08,308.86,2026-08-09T04:00:00Z,2026-08-09T04:00:00Z
STM-01097-202609,ACC-01097,2026-08-09,2026-09-08,596.03,2026-09-09T04:00:00Z,2026-09-09T04:00:00Z
STM-01097-202610,ACC-01097,2026-09-09,2026-10-08,401.04,2026-10-09T04:00:00Z,2026-10-09T04:00:00Z
STM-01097-202611,ACC-01097,2026-10-09,2026-11-08,447.03,2026-11-09T05:00:00Z,2026-11-09T05:00:00Z
STM-01098-202607,ACC-01098,2026-06-18,2026-07-17,4668.99,2026-07-18T04:00:00Z,2026-07-18T04:00:00Z
STM-01098-202608,ACC-01098,2026-07-18,2026-08-17,3323.43,2026-08-18T04:00:00Z,2026-08-18T04:00:00Z
STM-01098-202609,ACC-01098,2026-08-18,2026-09-17,6949.81,2026-09-18T04:00:00Z,2026-09-18T04:00:00Z
STM-01098-202610,ACC-01098,2026-09-18,2026-10-17,5696.36,2026-10-18T04:00:00Z,2026-10-18T04:00:00Z
STM-01099-202607,ACC-01099,2026-06-26,2026-07-25,959.79,2026-07-26T04:00:00Z,2026-07-26T04:00:00Z
STM-01099-202608,ACC-01099,2026-07-26,2026-08-25,999.94,2026-08-26T04:00:00Z,2026-08-26T04:00:00Z
STM-01099-202609,ACC-01099,2026-08-26,2026-09-25,1316.41,2026-09-26T04:00:00Z,2026-09-26T04:00:00Z
STM-01099-202610,ACC-01099,2026-09-26,2026-10-25,754.81,2026-10-26T04:00:00Z,2026-10-26T04:00:00Z
STM-01100-202607,ACC-01100,2026-06-09,2026-07-08,221.87,2026-07-09T04:00:00Z,2026-07-09T04:00:00Z
STM-01100-202608,ACC-01100,2026-07-09,2026-08-08,409.17,2026-08-09T04:00:00Z,2026-08-09T04:00:00Z
STM-01100-202609,ACC-01100,2026-08-09,2026-09-08,197.95,2026-09-09T04:00:00Z,2026-09-09T04:00:00Z
STM-01100-202610,ACC-01100,2026-09-09,2026-10-08,331.32,2026-10-09T04:00:00Z,2026-10-09T04:00:00Z
STM-01100-202611,ACC-01100,2026-10-09,2026-11-08,460.68,2026-11-09T05:00:00Z,2026-11-09T05:00:00Z
STM-01101-202607,ACC-01101,2026-06-13,2026-07-12,1966.44,2026-07-13T04:00:00Z,2026-07-13T04:00:00Z
STM-01101-202608,ACC-01101,2026-07-13,2026-08-12,846.12,2026-08-13T04:00:00Z,2026-08-13T04:00:00Z
STM-01101-202609,ACC-01101,2026-08-13,2026-09-12,2361.07,2026-09-13T04:00:00Z,2026-09-13T04:00:00Z
STM-01101-202610,ACC-01101,2026-09-13,2026-10-12,2645.33,2026-10-13T04:00:00Z,2026-10-13T04:00:00Z
STM-01101-202611,ACC-01101,2026-10-13,2026-11-12,1525.59,2026-11-13T05:00:00Z,2026-11-13T05:00:00Z
STM-01102-202607,ACC-01102,2026-06-13,2026-07-12,3849.48,2026-07-13T04:00:00Z,2026-07-13T04:00:00Z
STM-01102-202608,ACC-01102,2026-07-13,2026-08-12,6192.95,2026-08-13T04:00:00Z,2026-08-13T04:00:00Z
STM-01102-202609,ACC-01102,2026-08-13,2026-09-12,6492.55,2026-09-13T04:00:00Z,2026-09-13T04:00:00Z
STM-01102-202610,ACC-01102,2026-09-13,2026-10-12,4717.99,2026-10-13T04:00:00Z,2026-10-13T04:00:00Z
STM-01102-202611,ACC-01102,2026-10-13,2026-11-12,4089.92,2026-11-13T05:00:00Z,2026-11-13T05:00:00Z
STM-01103-202607,ACC-01103,2026-06-18,2026-07-17,2269.97,2026-07-18T04:00:00Z,2026-07-18T04:00:00Z
STM-01103-202608,ACC-01103,2026-07-18,2026-08-17,1667.87,2026-08-18T04:00:00Z,2026-08-18T04:00:00Z
STM-01103-202609,ACC-01103,2026-08-18,2026-09-17,2121.37,2026-09-18T04:00:00Z,2026-09-18T04:00:00Z
STM-01103-202610,ACC-01103,2026-09-18,2026-10-17,1931.86,2026-10-18T04:00:00Z,2026-10-18T04:00:00Z
STM-01104-202607,ACC-01104,2026-06-21,2026-07-20,3231.75,2026-07-21T04:00:00Z,2026-07-21T04:00:00Z
STM-01104-202608,ACC-01104,2026-07-21,2026-08-20,3224.82,2026-08-21T04:00:00Z,2026-08-21T04:00:00Z
STM-01104-202609,ACC-01104,2026-08-21,2026-09-20,3434.17,2026-09-21T04:00:00Z,2026-09-21T04:00:00Z
STM-01104-202610,ACC-01104,2026-09-21,2026-10-20,2745.23,2026-10-21T04:00:00Z,2026-10-21T04:00:00Z
STM-01105-202607,ACC-01105,2026-06-18,2026-07-17,4627.51,2026-07-18T04:00:00Z,2026-07-18T04:00:00Z
STM-01105-202608,ACC-01105,2026-07-18,2026-08-17,4630.03,2026-08-18T04:00:00Z,2026-08-18T04:00:00Z
STM-01105-202609,ACC-01105,2026-08-18,2026-09-17,3839.73,2026-09-18T04:00:00Z,2026-09-18T04:00:00Z
STM-01105-202610,ACC-01105,2026-09-18,2026-10-17,5983.10,2026-10-18T04:00:00Z,2026-10-18T04:00:00Z
STM-01106-202607,ACC-01106,2026-06-18,2026-07-17,19006.75,2026-07-18T04:00:00Z,2026-07-18T04:00:00Z
STM-01106-202608,ACC-01106,2026-07-18,2026-08-17,10540.37,2026-08-18T04:00:00Z,2026-08-18T04:00:00Z
STM-01106-202609,ACC-01106,2026-08-18,2026-09-17,0.00,2026-09-18T04:00:00Z,2026-09-18T04:00:00Z
STM-01106-202610,ACC-01106,2026-09-18,2026-10-17,13008.03,2026-10-18T04:00:00Z,2026-10-18T04:00:00Z
STM-01107-202607,ACC-01107,2026-06-21,2026-07-20,136.64,2026-07-21T04:00:00Z,2026-07-21T04:00:00Z
STM-01107-202608,ACC-01107,2026-07-21,2026-08-20,174.90,2026-08-21T04:00:00Z,2026-08-21T04:00:00Z
STM-01107-202609,ACC-01107,2026-08-21,2026-09-20,131.25,2026-09-21T04:00:00Z,2026-09-21T04:00:00Z
STM-01107-202610,ACC-01107,2026-09-21,2026-10-20,89.77,2026-10-21T04:00:00Z,2026-10-21T04:00:00Z
STM-01108-202607,ACC-01108,2026-06-04,2026-07-03,878.75,2026-07-04T04:00:00Z,2026-07-04T04:00:00Z
STM-01108-202608,ACC-01108,2026-07-04,2026-08-03,957.91,2026-08-04T04:00:00Z,2026-08-04T04:00:00Z
STM-01108-202609,ACC-01108,2026-08-04,2026-09-03,684.82,2026-09-04T04:00:00Z,2026-09-04T04:00:00Z
STM-01108-202610,ACC-01108,2026-09-04,2026-10-03,850.53,2026-10-04T04:00:00Z,2026-10-04T04:00:00Z
STM-01108-202611,ACC-01108,2026-10-04,2026-11-03,1186.68,2026-11-04T05:00:00Z,2026-11-04T05:00:00Z
STM-01109-202607,ACC-01109,2026-06-18,2026-07-17,539.60,2026-07-18T04:00:00Z,2026-07-18T04:00:00Z
STM-01109-202608,ACC-01109,2026-07-18,2026-08-17,338.44,2026-08-18T04:00:00Z,2026-08-18T04:00:00Z
STM-01109-202609,ACC-01109,2026-08-18,2026-09-17,457.76,2026-09-18T04:00:00Z,2026-09-18T04:00:00Z
STM-01109-202610,ACC-01109,2026-09-18,2026-10-17,674.77,2026-10-18T04:00:00Z,2026-10-18T04:00:00Z
STM-01110-202607,ACC-01110,2026-06-13,2026-07-12,384.17,2026-07-13T04:00:00Z,2026-07-13T04:00:00Z
STM-01110-202608,ACC-01110,2026-07-13,2026-08-12,607.67,2026-08-13T04:00:00Z,2026-08-13T04:00:00Z
STM-01110-202609,ACC-01110,2026-08-13,2026-09-12,384.85,2026-09-13T04:00:00Z,2026-09-13T04:00:00Z
STM-01110-202610,ACC-01110,2026-09-13,2026-10-12,966.21,2026-10-13T04:00:00Z,2026-10-13T04:00:00Z
STM-01110-202611,ACC-01110,2026-10-13,2026-11-12,802.21,2026-11-13T05:00:00Z,2026-11-13T05:00:00Z
STM-01111-202607,ACC-01111,2026-06-04,2026-07-03,4901.16,2026-07-04T04:00:00Z,2026-07-04T04:00:00Z
STM-01111-202608,ACC-01111,2026-07-04,2026-08-03,4247.78,2026-08-04T04:00:00Z,2026-08-04T04:00:00Z
STM-01111-202609,ACC-01111,2026-08-04,2026-09-03,5539.63,2026-09-04T04:00:00Z,2026-09-04T04:00:00Z
STM-01111-202610,ACC-01111,2026-09-04,2026-10-03,5015.17,2026-10-04T04:00:00Z,2026-10-04T04:00:00Z
STM-01111-202611,ACC-01111,2026-10-04,2026-11-03,7316.28,2026-11-04T05:00:00Z,2026-11-04T05:00:00Z
STM-01112-202607,ACC-01112,2026-06-18,2026-07-17,758.90,2026-07-18T04:00:00Z,2026-07-18T04:00:00Z
STM-01112-202608,ACC-01112,2026-07-18,2026-08-17,813.00,2026-08-18T04:00:00Z,2026-08-18T04:00:00Z
STM-01112-202609,ACC-01112,2026-08-18,2026-09-17,731.92,2026-09-18T04:00:00Z,2026-09-18T04:00:00Z
STM-01112-202610,ACC-01112,2026-09-18,2026-10-17,426.23,2026-10-18T04:00:00Z,2026-10-18T04:00:00Z
STM-01113-202609,ACC-01113,2026-08-13,2026-09-12,432.00,2026-09-13T04:00:00Z,2026-09-13T04:00:00Z
STM-01113-202610,ACC-01113,2026-09-13,2026-10-12,187.07,2026-10-13T04:00:00Z,2026-10-13T04:00:00Z
STM-01113-202611,ACC-01113,2026-10-13,2026-11-12,338.73,2026-11-13T05:00:00Z,2026-11-13T05:00:00Z
STM-01114-202608,ACC-01114,2026-07-26,2026-08-25,1502.06,2026-08-26T04:00:00Z,2026-08-26T04:00:00Z
STM-01114-202609,ACC-01114,2026-08-26,2026-09-25,3525.31,2026-09-26T04:00:00Z,2026-09-26T04:00:00Z
STM-01114-202610,ACC-01114,2026-09-26,2026-10-25,1864.41,2026-10-26T04:00:00Z,2026-10-26T04:00:00Z
STM-01115-202607,ACC-01115,2026-06-09,2026-07-08,1054.08,2026-07-09T04:00:00Z,2026-07-09T04:00:00Z
STM-01115-202608,ACC-01115,2026-07-09,2026-08-08,1846.33,2026-08-09T04:00:00Z,2026-08-09T04:00:00Z
STM-01115-202609,ACC-01115,2026-08-09,2026-09-08,1201.43,2026-09-09T04:00:00Z,2026-09-09T04:00:00Z
STM-01115-202610,ACC-01115,2026-09-09,2026-10-08,1787.25,2026-10-09T04:00:00Z,2026-10-09T04:00:00Z
STM-01115-202611,ACC-01115,2026-10-09,2026-11-08,1877.44,2026-11-09T05:00:00Z,2026-11-09T05:00:00Z
STM-01116-202607,ACC-01116,2026-06-04,2026-07-03,5173.75,2026-07-04T04:00:00Z,2026-07-04T04:00:00Z
STM-01116-202608,ACC-01116,2026-07-04,2026-08-03,2827.06,2026-08-04T04:00:00Z,2026-08-04T04:00:00Z
STM-01116-202609,ACC-01116,2026-08-04,2026-09-03,3533.85,2026-09-04T04:00:00Z,2026-09-04T04:00:00Z
STM-01116-202610,ACC-01116,2026-09-04,2026-10-03,4508.92,2026-10-04T04:00:00Z,2026-10-04T04:00:00Z
STM-01116-202611,ACC-01116,2026-10-04,2026-11-03,4035.75,2026-11-04T05:00:00Z,2026-11-04T05:00:00Z
STM-01117-202607,ACC-01117,2026-06-26,2026-07-25,1285.90,2026-07-26T04:00:00Z,2026-07-26T04:00:00Z
STM-01117-202608,ACC-01117,2026-07-26,2026-08-25,1816.90,2026-08-26T04:00:00Z,2026-08-26T04:00:00Z
STM-01117-202609,ACC-01117,2026-08-26,2026-09-25,2283.69,2026-09-26T04:00:00Z,2026-09-26T04:00:00Z
STM-01117-202610,ACC-01117,2026-09-26,2026-10-25,2738.42,2026-10-26T04:00:00Z,2026-10-26T04:00:00Z
STM-01118-202607,ACC-01118,2026-06-26,2026-07-25,1478.95,2026-07-26T04:00:00Z,2026-07-26T04:00:00Z
STM-01118-202608,ACC-01118,2026-07-26,2026-08-25,1272.08,2026-08-26T04:00:00Z,2026-08-26T04:00:00Z
STM-01118-202609,ACC-01118,2026-08-26,2026-09-25,1386.53,2026-09-26T04:00:00Z,2026-09-26T04:00:00Z
STM-01118-202610,ACC-01118,2026-09-26,2026-10-25,1479.07,2026-10-26T04:00:00Z,2026-10-26T04:00:00Z
STM-01119-202607,ACC-01119,2026-06-21,2026-07-20,0.00,2026-07-21T04:00:00Z,2026-07-21T04:00:00Z
STM-01119-202608,ACC-01119,2026-07-21,2026-08-20,1439.48,2026-08-21T04:00:00Z,2026-08-21T04:00:00Z
STM-01119-202609,ACC-01119,2026-08-21,2026-09-20,1855.98,2026-09-21T04:00:00Z,2026-09-21T04:00:00Z
STM-01119-202610,ACC-01119,2026-09-21,2026-10-20,2080.92,2026-10-21T04:00:00Z,2026-10-21T04:00:00Z
STM-01120-202607,ACC-01120,2026-06-13,2026-07-12,7425.75,2026-07-13T04:00:00Z,2026-07-13T04:00:00Z
STM-01120-202608,ACC-01120,2026-07-13,2026-08-12,11300.22,2026-08-13T04:00:00Z,2026-08-13T04:00:00Z
STM-01120-202609,ACC-01120,2026-08-13,2026-09-12,7730.80,2026-09-13T04:00:00Z,2026-09-13T04:00:00Z
STM-01120-202610,ACC-01120,2026-09-13,2026-10-12,7776.69,2026-10-13T04:00:00Z,2026-10-13T04:00:00Z
STM-01120-202611,ACC-01120,2026-10-13,2026-11-12,0.00,2026-11-13T05:00:00Z,2026-11-13T05:00:00Z
STM-01121-202607,ACC-01121,2026-06-21,2026-07-20,5712.73,2026-07-21T04:00:00Z,2026-07-21T04:00:00Z
STM-01121-202608,ACC-01121,2026-07-21,2026-08-20,8310.34,2026-08-21T04:00:00Z,2026-08-21T04:00:00Z
STM-01121-202609,ACC-01121,2026-08-21,2026-09-20,7017.84,2026-09-21T04:00:00Z,2026-09-21T04:00:00Z
STM-01121-202610,ACC-01121,2026-09-21,2026-10-20,7188.11,2026-10-21T04:00:00Z,2026-10-21T04:00:00Z
STM-01122-202607,ACC-01122,2026-06-04,2026-07-03,645.37,2026-07-04T04:00:00Z,2026-07-04T04:00:00Z
STM-01122-202608,ACC-01122,2026-07-04,2026-08-03,709.94,2026-08-04T04:00:00Z,2026-08-04T04:00:00Z
STM-01122-202609,ACC-01122,2026-08-04,2026-09-03,0.00,2026-09-04T04:00:00Z,2026-09-04T04:00:00Z
STM-01122-202610,ACC-01122,2026-09-04,2026-10-03,753.58,2026-10-04T04:00:00Z,2026-10-04T04:00:00Z
STM-01122-202611,ACC-01122,2026-10-04,2026-11-03,656.23,2026-11-04T05:00:00Z,2026-11-04T05:00:00Z
STM-01123-202607,ACC-01123,2026-06-04,2026-07-03,1132.53,2026-07-04T04:00:00Z,2026-07-04T04:00:00Z
STM-01123-202608,ACC-01123,2026-07-04,2026-08-03,1858.20,2026-08-04T04:00:00Z,2026-08-04T04:00:00Z
STM-01123-202609,ACC-01123,2026-08-04,2026-09-03,1418.39,2026-09-04T04:00:00Z,2026-09-04T04:00:00Z
STM-01123-202610,ACC-01123,2026-09-04,2026-10-03,1959.28,2026-10-04T04:00:00Z,2026-10-04T04:00:00Z
STM-01123-202611,ACC-01123,2026-10-04,2026-11-03,912.93,2026-11-04T05:00:00Z,2026-11-04T05:00:00Z
STM-01124-202607,ACC-01124,2026-06-21,2026-07-20,130.13,2026-07-21T04:00:00Z,2026-07-21T04:00:00Z
STM-01124-202608,ACC-01124,2026-07-21,2026-08-20,179.00,2026-08-21T04:00:00Z,2026-08-21T04:00:00Z
STM-01124-202609,ACC-01124,2026-08-21,2026-09-20,190.96,2026-09-21T04:00:00Z,2026-09-21T04:00:00Z
STM-01124-202610,ACC-01124,2026-09-21,2026-10-20,289.02,2026-10-21T04:00:00Z,2026-10-21T04:00:00Z
STM-01125-202608,ACC-01125,2026-07-18,2026-08-17,20507.40,2026-08-18T04:00:00Z,2026-08-18T04:00:00Z
STM-01125-202609,ACC-01125,2026-08-18,2026-09-17,21102.99,2026-09-18T04:00:00Z,2026-09-18T04:00:00Z
STM-01125-202610,ACC-01125,2026-09-18,2026-10-17,0.00,2026-10-18T04:00:00Z,2026-10-18T04:00:00Z
STM-01126-202607,ACC-01126,2026-06-04,2026-07-03,127.99,2026-07-04T04:00:00Z,2026-07-04T04:00:00Z
STM-01126-202608,ACC-01126,2026-07-04,2026-08-03,0.00,2026-08-04T04:00:00Z,2026-08-04T04:00:00Z
STM-01126-202609,ACC-01126,2026-08-04,2026-09-03,163.48,2026-09-04T04:00:00Z,2026-09-04T04:00:00Z
STM-01126-202610,ACC-01126,2026-09-04,2026-10-03,0.00,2026-10-04T04:00:00Z,2026-10-04T04:00:00Z
STM-01126-202611,ACC-01126,2026-10-04,2026-11-03,348.09,2026-11-04T05:00:00Z,2026-11-04T05:00:00Z
STM-01127-202607,ACC-01127,2026-06-09,2026-07-08,483.26,2026-07-09T04:00:00Z,2026-07-09T04:00:00Z
STM-01127-202608,ACC-01127,2026-07-09,2026-08-08,475.37,2026-08-09T04:00:00Z,2026-08-09T04:00:00Z
STM-01127-202609,ACC-01127,2026-08-09,2026-09-08,373.20,2026-09-09T04:00:00Z,2026-09-09T04:00:00Z
STM-01127-202610,ACC-01127,2026-09-09,2026-10-08,427.99,2026-10-09T04:00:00Z,2026-10-09T04:00:00Z
STM-01127-202611,ACC-01127,2026-10-09,2026-11-08,410.61,2026-11-09T05:00:00Z,2026-11-09T05:00:00Z
STM-01128-202607,ACC-01128,2026-06-13,2026-07-12,1985.46,2026-07-13T04:00:00Z,2026-07-13T04:00:00Z
STM-01128-202608,ACC-01128,2026-07-13,2026-08-12,3746.68,2026-08-13T04:00:00Z,2026-08-13T04:00:00Z
STM-01128-202609,ACC-01128,2026-08-13,2026-09-12,2864.47,2026-09-13T04:00:00Z,2026-09-13T04:00:00Z
STM-01128-202610,ACC-01128,2026-09-13,2026-10-12,2801.78,2026-10-13T04:00:00Z,2026-10-13T04:00:00Z
STM-01128-202611,ACC-01128,2026-10-13,2026-11-12,2806.77,2026-11-13T05:00:00Z,2026-11-13T05:00:00Z
STM-01129-202607,ACC-01129,2026-06-04,2026-07-03,3753.63,2026-07-04T04:00:00Z,2026-07-04T04:00:00Z
STM-01129-202608,ACC-01129,2026-07-04,2026-08-03,3932.68,2026-08-04T04:00:00Z,2026-08-04T04:00:00Z
STM-01129-202609,ACC-01129,2026-08-04,2026-09-03,2357.19,2026-09-04T04:00:00Z,2026-09-04T04:00:00Z
STM-01129-202610,ACC-01129,2026-09-04,2026-10-03,4684.79,2026-10-04T04:00:00Z,2026-10-04T04:00:00Z
STM-01129-202611,ACC-01129,2026-10-04,2026-11-03,4524.65,2026-11-04T05:00:00Z,2026-11-04T05:00:00Z
STM-01130-202607,ACC-01130,2026-06-18,2026-07-17,698.59,2026-07-18T04:00:00Z,2026-07-18T04:00:00Z
STM-01130-202608,ACC-01130,2026-07-18,2026-08-17,1305.09,2026-08-18T04:00:00Z,2026-08-18T04:00:00Z
STM-01130-202609,ACC-01130,2026-08-18,2026-09-17,925.43,2026-09-18T04:00:00Z,2026-09-18T04:00:00Z
STM-01130-202610,ACC-01130,2026-09-18,2026-10-17,1157.15,2026-10-18T04:00:00Z,2026-10-18T04:00:00Z
STM-01131-202607,ACC-01131,2026-06-09,2026-07-08,503.82,2026-07-09T04:00:00Z,2026-07-09T04:00:00Z
STM-01131-202608,ACC-01131,2026-07-09,2026-08-08,574.09,2026-08-09T04:00:00Z,2026-08-09T04:00:00Z
STM-01131-202609,ACC-01131,2026-08-09,2026-09-08,529.72,2026-09-09T04:00:00Z,2026-09-09T04:00:00Z
STM-01131-202610,ACC-01131,2026-09-09,2026-10-08,186.96,2026-10-09T04:00:00Z,2026-10-09T04:00:00Z
STM-01131-202611,ACC-01131,2026-10-09,2026-11-08,0.00,2026-11-09T05:00:00Z,2026-11-09T05:00:00Z
STM-01132-202607,ACC-01132,2026-06-04,2026-07-03,5493.40,2026-07-04T04:00:00Z,2026-07-04T04:00:00Z
STM-01132-202608,ACC-01132,2026-07-04,2026-08-03,3970.36,2026-08-04T04:00:00Z,2026-08-04T04:00:00Z
STM-01132-202609,ACC-01132,2026-08-04,2026-09-03,5313.82,2026-09-04T04:00:00Z,2026-09-04T04:00:00Z
STM-01132-202610,ACC-01132,2026-09-04,2026-10-03,5185.03,2026-10-04T04:00:00Z,2026-10-04T04:00:00Z
STM-01132-202611,ACC-01132,2026-10-04,2026-11-03,6190.20,2026-11-04T05:00:00Z,2026-11-04T05:00:00Z
STM-01133-202607,ACC-01133,2026-06-26,2026-07-25,2053.13,2026-07-26T04:00:00Z,2026-07-26T04:00:00Z
STM-01133-202608,ACC-01133,2026-07-26,2026-08-25,2618.11,2026-08-26T04:00:00Z,2026-08-26T04:00:00Z
STM-01133-202609,ACC-01133,2026-08-26,2026-09-25,1455.46,2026-09-26T04:00:00Z,2026-09-26T04:00:00Z
STM-01133-202610,ACC-01133,2026-09-26,2026-10-25,2225.83,2026-10-26T04:00:00Z,2026-10-26T04:00:00Z
STM-01134-202607,ACC-01134,2026-06-09,2026-07-08,3303.22,2026-07-09T04:00:00Z,2026-07-09T04:00:00Z
STM-01134-202608,ACC-01134,2026-07-09,2026-08-08,3950.32,2026-08-09T04:00:00Z,2026-08-09T04:00:00Z
STM-01134-202609,ACC-01134,2026-08-09,2026-09-08,4147.16,2026-09-09T04:00:00Z,2026-09-09T04:00:00Z
STM-01134-202610,ACC-01134,2026-09-09,2026-10-08,3916.34,2026-10-09T04:00:00Z,2026-10-09T04:00:00Z
STM-01134-202611,ACC-01134,2026-10-09,2026-11-08,4100.42,2026-11-09T05:00:00Z,2026-11-09T05:00:00Z
STM-01135-202607,ACC-01135,2026-06-21,2026-07-20,1238.77,2026-07-21T04:00:00Z,2026-07-21T04:00:00Z
STM-01135-202608,ACC-01135,2026-07-21,2026-08-20,1057.97,2026-08-21T04:00:00Z,2026-08-21T04:00:00Z
STM-01135-202609,ACC-01135,2026-08-21,2026-09-20,0.00,2026-09-21T04:00:00Z,2026-09-21T04:00:00Z
STM-01135-202610,ACC-01135,2026-09-21,2026-10-20,1494.56,2026-10-21T04:00:00Z,2026-10-21T04:00:00Z
STM-01136-202607,ACC-01136,2026-06-09,2026-07-08,2734.95,2026-07-09T04:00:00Z,2026-07-09T04:00:00Z
STM-01136-202608,ACC-01136,2026-07-09,2026-08-08,1976.90,2026-08-09T04:00:00Z,2026-08-09T04:00:00Z
STM-01136-202609,ACC-01136,2026-08-09,2026-09-08,2360.46,2026-09-09T04:00:00Z,2026-09-09T04:00:00Z
STM-01136-202610,ACC-01136,2026-09-09,2026-10-08,3161.27,2026-10-09T04:00:00Z,2026-10-09T04:00:00Z
STM-01136-202611,ACC-01136,2026-10-09,2026-11-08,3565.46,2026-11-09T05:00:00Z,2026-11-09T05:00:00Z
STM-01137-202607,ACC-01137,2026-06-04,2026-07-03,17100.15,2026-07-04T04:00:00Z,2026-07-04T04:00:00Z
STM-01137-202608,ACC-01137,2026-07-04,2026-08-03,15558.52,2026-08-04T04:00:00Z,2026-08-04T04:00:00Z
STM-01137-202609,ACC-01137,2026-08-04,2026-09-03,10628.95,2026-09-04T04:00:00Z,2026-09-04T04:00:00Z
STM-01137-202610,ACC-01137,2026-09-04,2026-10-03,17699.33,2026-10-04T04:00:00Z,2026-10-04T04:00:00Z
STM-01137-202611,ACC-01137,2026-10-04,2026-11-03,9530.25,2026-11-04T05:00:00Z,2026-11-04T05:00:00Z
STM-01138-202607,ACC-01138,2026-06-18,2026-07-17,82.35,2026-07-18T04:00:00Z,2026-07-18T04:00:00Z
STM-01138-202608,ACC-01138,2026-07-18,2026-08-17,197.89,2026-08-18T04:00:00Z,2026-08-18T04:00:00Z
STM-01138-202609,ACC-01138,2026-08-18,2026-09-17,232.72,2026-09-18T04:00:00Z,2026-09-18T04:00:00Z
STM-01138-202610,ACC-01138,2026-09-18,2026-10-17,169.60,2026-10-18T04:00:00Z,2026-10-18T04:00:00Z
STM-01139-202607,ACC-01139,2026-06-13,2026-07-12,4407.23,2026-07-13T04:00:00Z,2026-07-13T04:00:00Z
STM-01139-202608,ACC-01139,2026-07-13,2026-08-12,7461.20,2026-08-13T04:00:00Z,2026-08-13T04:00:00Z
STM-01139-202609,ACC-01139,2026-08-13,2026-09-12,5342.43,2026-09-13T04:00:00Z,2026-09-13T04:00:00Z
STM-01139-202610,ACC-01139,2026-09-13,2026-10-12,3714.62,2026-10-13T04:00:00Z,2026-10-13T04:00:00Z
STM-01139-202611,ACC-01139,2026-10-13,2026-11-12,5483.75,2026-11-13T05:00:00Z,2026-11-13T05:00:00Z
STM-01140-202607,ACC-01140,2026-06-04,2026-07-03,3198.64,2026-07-04T04:00:00Z,2026-07-04T04:00:00Z
STM-01140-202608,ACC-01140,2026-07-04,2026-08-03,4652.00,2026-08-04T04:00:00Z,2026-08-04T04:00:00Z
STM-01140-202609,ACC-01140,2026-08-04,2026-09-03,5092.99,2026-09-04T04:00:00Z,2026-09-04T04:00:00Z
STM-01140-202610,ACC-01140,2026-09-04,2026-10-03,3279.53,2026-10-04T04:00:00Z,2026-10-04T04:00:00Z
STM-01140-202611,ACC-01140,2026-10-04,2026-11-03,3009.36,2026-11-04T05:00:00Z,2026-11-04T05:00:00Z
STM-01141-202607,ACC-01141,2026-06-04,2026-07-03,151.97,2026-07-04T04:00:00Z,2026-07-04T04:00:00Z
STM-01141-202608,ACC-01141,2026-07-04,2026-08-03,145.03,2026-08-04T04:00:00Z,2026-08-04T04:00:00Z
STM-01141-202609,ACC-01141,2026-08-04,2026-09-03,127.38,2026-09-04T04:00:00Z,2026-09-04T04:00:00Z
STM-01141-202610,ACC-01141,2026-09-04,2026-10-03,110.48,2026-10-04T04:00:00Z,2026-10-04T04:00:00Z
STM-01141-202611,ACC-01141,2026-10-04,2026-11-03,0.00,2026-11-04T05:00:00Z,2026-11-04T05:00:00Z
STM-01142-202607,ACC-01142,2026-06-09,2026-07-08,1145.22,2026-07-09T04:00:00Z,2026-07-09T04:00:00Z
STM-01142-202608,ACC-01142,2026-07-09,2026-08-08,1413.84,2026-08-09T04:00:00Z,2026-08-09T04:00:00Z
STM-01142-202609,ACC-01142,2026-08-09,2026-09-08,438.52,2026-09-09T04:00:00Z,2026-09-09T04:00:00Z
STM-01142-202610,ACC-01142,2026-09-09,2026-10-08,1630.42,2026-10-09T04:00:00Z,2026-10-09T04:00:00Z
STM-01142-202611,ACC-01142,2026-10-09,2026-11-08,1464.21,2026-11-09T05:00:00Z,2026-11-09T05:00:00Z
STM-01143-202607,ACC-01143,2026-06-26,2026-07-25,0.00,2026-07-26T04:00:00Z,2026-07-26T04:00:00Z
STM-01143-202608,ACC-01143,2026-07-26,2026-08-25,500.86,2026-08-26T04:00:00Z,2026-08-26T04:00:00Z
STM-01143-202609,ACC-01143,2026-08-26,2026-09-25,613.88,2026-09-26T04:00:00Z,2026-09-26T04:00:00Z
STM-01143-202610,ACC-01143,2026-09-26,2026-10-25,428.81,2026-10-26T04:00:00Z,2026-10-26T04:00:00Z
STM-01144-202607,ACC-01144,2026-06-26,2026-07-25,2371.96,2026-07-26T04:00:00Z,2026-07-26T04:00:00Z
STM-01144-202608,ACC-01144,2026-07-26,2026-08-25,2312.14,2026-08-26T04:00:00Z,2026-08-26T04:00:00Z
STM-01144-202609,ACC-01144,2026-08-26,2026-09-25,0.00,2026-09-26T04:00:00Z,2026-09-26T04:00:00Z
STM-01144-202610,ACC-01144,2026-09-26,2026-10-25,1890.42,2026-10-26T04:00:00Z,2026-10-26T04:00:00Z
STM-01145-202607,ACC-01145,2026-06-26,2026-07-25,2180.87,2026-07-26T04:00:00Z,2026-07-26T04:00:00Z
STM-01145-202608,ACC-01145,2026-07-26,2026-08-25,1324.72,2026-08-26T04:00:00Z,2026-08-26T04:00:00Z
STM-01145-202609,ACC-01145,2026-08-26,2026-09-25,0.00,2026-09-26T04:00:00Z,2026-09-26T04:00:00Z
STM-01145-202610,ACC-01145,2026-09-26,2026-10-25,2378.34,2026-10-26T04:00:00Z,2026-10-26T04:00:00Z
STM-01146-202607,ACC-01146,2026-06-26,2026-07-25,1647.52,2026-07-26T04:00:00Z,2026-07-26T04:00:00Z
STM-01146-202608,ACC-01146,2026-07-26,2026-08-25,1763.60,2026-08-26T04:00:00Z,2026-08-26T04:00:00Z
STM-01146-202609,ACC-01146,2026-08-26,2026-09-25,1722.67,2026-09-26T04:00:00Z,2026-09-26T04:00:00Z
STM-01146-202610,ACC-01146,2026-09-26,2026-10-25,1246.74,2026-10-26T04:00:00Z,2026-10-26T04:00:00Z
STM-01147-202607,ACC-01147,2026-06-21,2026-07-20,16.03,2026-07-21T04:00:00Z,2026-07-21T04:00:00Z
STM-01147-202608,ACC-01147,2026-07-21,2026-08-20,11.97,2026-08-21T04:00:00Z,2026-08-21T04:00:00Z
STM-01147-202609,ACC-01147,2026-08-21,2026-09-20,26.35,2026-09-21T04:00:00Z,2026-09-21T04:00:00Z
STM-01147-202610,ACC-01147,2026-09-21,2026-10-20,24.04,2026-10-21T04:00:00Z,2026-10-21T04:00:00Z
STM-01148-202607,ACC-01148,2026-06-13,2026-07-12,3797.12,2026-07-13T04:00:00Z,2026-07-13T04:00:00Z
STM-01148-202608,ACC-01148,2026-07-13,2026-08-12,2558.97,2026-08-13T04:00:00Z,2026-08-13T04:00:00Z
STM-01148-202609,ACC-01148,2026-08-13,2026-09-12,5499.81,2026-09-13T04:00:00Z,2026-09-13T04:00:00Z
STM-01148-202610,ACC-01148,2026-09-13,2026-10-12,4963.21,2026-10-13T04:00:00Z,2026-10-13T04:00:00Z
STM-01148-202611,ACC-01148,2026-10-13,2026-11-12,6031.51,2026-11-13T05:00:00Z,2026-11-13T05:00:00Z
STM-01149-202607,ACC-01149,2026-06-09,2026-07-08,9819.78,2026-07-09T04:00:00Z,2026-07-09T04:00:00Z
STM-01149-202608,ACC-01149,2026-07-09,2026-08-08,6394.96,2026-08-09T04:00:00Z,2026-08-09T04:00:00Z
STM-01149-202609,ACC-01149,2026-08-09,2026-09-08,7133.39,2026-09-09T04:00:00Z,2026-09-09T04:00:00Z
STM-01149-202610,ACC-01149,2026-09-09,2026-10-08,5795.89,2026-10-09T04:00:00Z,2026-10-09T04:00:00Z
STM-01149-202611,ACC-01149,2026-10-09,2026-11-08,10997.70,2026-11-09T05:00:00Z,2026-11-09T05:00:00Z
STM-01150-202607,ACC-01150,2026-06-13,2026-07-12,827.56,2026-07-13T04:00:00Z,2026-07-13T04:00:00Z
STM-01150-202608,ACC-01150,2026-07-13,2026-08-12,757.31,2026-08-13T04:00:00Z,2026-08-13T04:00:00Z
STM-01150-202609,ACC-01150,2026-08-13,2026-09-12,1192.87,2026-09-13T04:00:00Z,2026-09-13T04:00:00Z
STM-01150-202610,ACC-01150,2026-09-13,2026-10-12,983.40,2026-10-13T04:00:00Z,2026-10-13T04:00:00Z
STM-01150-202611,ACC-01150,2026-10-13,2026-11-12,879.42,2026-11-13T05:00:00Z,2026-11-13T05:00:00Z
